quarter,state,city,kind,total,opened,closed,median_monthly_usd,priced_n
2026-Q4,AK,Anchorage,glp1,86,,0,,0
2026-Q4,AK,Anchorage,trt,9,,0,,0
2026-Q4,AK,Bethel,glp1,2,,0,,0
2026-Q4,AK,Cordova,trt,1,,0,,0
2026-Q4,AK,Craig,glp1,1,,0,,0
2026-Q4,AK,Eagle River,glp1,5,,0,,0
2026-Q4,AK,Fairbanks,glp1,20,,0,,0
2026-Q4,AK,Fairbanks,trt,2,,0,,0
2026-Q4,AK,Fort Greely,glp1,1,,0,,0
2026-Q4,AK,Homer,glp1,5,,0,,0
2026-Q4,AK,Jber,glp1,3,,0,,0
2026-Q4,AK,Juneau,glp1,3,,0,,0
2026-Q4,AK,Kenai,glp1,3,,0,,0
2026-Q4,AK,Kotzebue,glp1,1,,0,,0
2026-Q4,AK,Ninilchik,glp1,2,,0,,0
2026-Q4,AK,North Pole,glp1,1,,0,,0
2026-Q4,AK,Palmer,glp1,9,,0,,0
2026-Q4,AK,Seward,glp1,1,,0,,0
2026-Q4,AK,Sitka,trt,1,,0,,0
2026-Q4,AK,Soldotna,glp1,3,,0,,0
2026-Q4,AK,Soldotna,trt,1,,0,,0
2026-Q4,AK,Talkeetna,glp1,1,,0,,0
2026-Q4,AK,Wasilla,glp1,24,,0,,0
2026-Q4,AK,Wasilla,trt,3,,0,,0
2026-Q4,AL,Abbeville,glp1,1,,0,,0
2026-Q4,AL,Adamsville,glp1,2,,0,,0
2026-Q4,AL,Addison,glp1,1,,0,,0
2026-Q4,AL,Alabaster,glp1,14,,0,,0
2026-Q4,AL,Alabaster,trt,1,,0,,0
2026-Q4,AL,Albertville,glp1,6,,0,,0
2026-Q4,AL,Alexander City,glp1,16,,0,,0
2026-Q4,AL,Alexander City,trt,1,,0,,0
2026-Q4,AL,Alexandria,glp1,1,,0,,0
2026-Q4,AL,Aliceville,glp1,4,,0,,0
2026-Q4,AL,Altoona,glp1,2,,0,,0
2026-Q4,AL,Andalusia,glp1,17,,0,,0
2026-Q4,AL,Anniston,glp1,21,,0,,0
2026-Q4,AL,Anniston,trt,2,,0,,0
2026-Q4,AL,Arab,glp1,3,,0,,0
2026-Q4,AL,Arley,glp1,1,,0,,0
2026-Q4,AL,Ashford,glp1,1,,0,,0
2026-Q4,AL,Ashland,glp1,2,,0,,0
2026-Q4,AL,Athens,glp1,22,,0,,0
2026-Q4,AL,Atmore,glp1,8,,0,,0
2026-Q4,AL,Attalla,glp1,3,,0,,0
2026-Q4,AL,Auburn,glp1,21,,0,,0
2026-Q4,AL,Auburn,trt,1,,0,,0
2026-Q4,AL,Auburn University,glp1,1,,0,,0
2026-Q4,AL,Autaugaville,glp1,2,,0,,0
2026-Q4,AL,Baileyton,glp1,1,,0,,0
2026-Q4,AL,Bankston,glp1,1,,0,,0
2026-Q4,AL,Bay Minette,glp1,9,,0,,0
2026-Q4,AL,Berry,glp1,1,,0,,0
2026-Q4,AL,Bessemer,glp1,20,,0,,0
2026-Q4,AL,Bessemer,trt,1,,0,,0
2026-Q4,AL,Birmingham,glp1,242,,0,,0
2026-Q4,AL,Birmingham,pharmacy,2,,0,,0
2026-Q4,AL,Birmingham,trt,34,,0,,0
2026-Q4,AL,Blountsville,glp1,1,,0,,0
2026-Q4,AL,Boaz,glp1,5,,0,,0
2026-Q4,AL,Brewton,glp1,1,,0,,0
2026-Q4,AL,Brownsboro,glp1,1,,0,,0
2026-Q4,AL,Brundidge,glp1,1,,0,,0
2026-Q4,AL,Calera,glp1,2,,0,,0
2026-Q4,AL,Camden,glp1,1,,0,,0
2026-Q4,AL,Carbon Hill,glp1,2,,0,,0
2026-Q4,AL,Carrollton,glp1,2,,0,,0
2026-Q4,AL,Centre,glp1,6,,0,,0
2026-Q4,AL,Centreville,glp1,4,,0,,0
2026-Q4,AL,Chatom,glp1,3,,0,,0
2026-Q4,AL,Chelsea,glp1,2,,0,,0
2026-Q4,AL,Childersburg,glp1,2,,0,,0
2026-Q4,AL,Citronelle,glp1,1,,0,,0
2026-Q4,AL,Clanton,glp1,7,,0,,0
2026-Q4,AL,Collinsville,glp1,3,,0,,0
2026-Q4,AL,Columbiana,glp1,2,,0,,0
2026-Q4,AL,Cordova,glp1,1,,0,,0
2026-Q4,AL,Crossville,glp1,2,,0,,0
2026-Q4,AL,Cullman,glp1,32,,0,,0
2026-Q4,AL,Dadeville,glp1,6,,0,,0
2026-Q4,AL,Daleville,glp1,1,,0,,0
2026-Q4,AL,Daphne,glp1,12,,0,,0
2026-Q4,AL,Daphne,trt,3,,0,,0
2026-Q4,AL,Deatsville,glp1,2,,0,,0
2026-Q4,AL,Decatur,glp1,41,,0,,0
2026-Q4,AL,Decatur,trt,2,,0,,0
2026-Q4,AL,Demopolis,glp1,6,,0,,0
2026-Q4,AL,Dora,glp1,1,,0,,0
2026-Q4,AL,Dothan,glp1,54,,0,,0
2026-Q4,AL,Dothan,trt,2,,0,,0
2026-Q4,AL,Double Springs,glp1,2,,0,,0
2026-Q4,AL,Dozier,glp1,1,,0,,0
2026-Q4,AL,Elba,glp1,2,,0,,0
2026-Q4,AL,Elberta,glp1,2,,0,,0
2026-Q4,AL,Elkmont,glp1,2,,0,,0
2026-Q4,AL,Elmore,glp1,1,,0,,0
2026-Q4,AL,Enterprise,glp1,10,,0,,0
2026-Q4,AL,Eufaula,glp1,3,,0,,0
2026-Q4,AL,Eva,glp1,1,,0,,0
2026-Q4,AL,Evergreen,glp1,4,,0,,0
2026-Q4,AL,Fairfield,glp1,2,,0,,0
2026-Q4,AL,Fairhope,glp1,32,,0,,0
2026-Q4,AL,Fairhope,trt,3,,0,,0
2026-Q4,AL,Falkville,glp1,1,,0,,0
2026-Q4,AL,Fayette,glp1,6,,0,,0
2026-Q4,AL,Flomaton,glp1,1,,0,,0
2026-Q4,AL,Florence,glp1,44,,0,,0
2026-Q4,AL,Florence,trt,4,,0,,0
2026-Q4,AL,Foley,glp1,21,,0,,0
2026-Q4,AL,Foley,trt,1,,0,,0
2026-Q4,AL,Fort Payne,glp1,14,,0,,0
2026-Q4,AL,Fort Payne,trt,1,,0,,0
2026-Q4,AL,Fort Rucker,glp1,1,,0,,0
2026-Q4,AL,Fulton,glp1,1,,0,,0
2026-Q4,AL,Fultondale,glp1,2,,0,,0
2026-Q4,AL,Fyffe,glp1,1,,0,,0
2026-Q4,AL,Gadsden,glp1,24,,0,,0
2026-Q4,AL,Gadsden,trt,4,,0,,0
2026-Q4,AL,Gardendale,glp1,14,,0,,0
2026-Q4,AL,Geneva,glp1,2,,0,,0
2026-Q4,AL,Georgiana,glp1,1,,0,,0
2026-Q4,AL,Glenwood,glp1,1,,0,,0
2026-Q4,AL,Grand Bay,glp1,2,,0,,0
2026-Q4,AL,Greensboro,glp1,3,,0,,0
2026-Q4,AL,Greenville,glp1,5,,0,,0
2026-Q4,AL,Grove Hill,glp1,4,,0,,0
2026-Q4,AL,Guin,glp1,1,,0,,0
2026-Q4,AL,Gulf Shores,glp1,9,,0,,0
2026-Q4,AL,Guntersville,glp1,12,,0,,0
2026-Q4,AL,Gurley,glp1,2,,0,,0
2026-Q4,AL,Hackleburg,glp1,1,,0,,0
2026-Q4,AL,Haleyville,glp1,6,,0,,0
2026-Q4,AL,Hamilton,glp1,3,,0,,0
2026-Q4,AL,Hanceville,glp1,2,,0,,0
2026-Q4,AL,Hartford,glp1,1,,0,,0
2026-Q4,AL,Hartselle,glp1,15,,0,,0
2026-Q4,AL,Harvest,glp1,3,,0,,0
2026-Q4,AL,Hazel Green,glp1,4,,0,,0
2026-Q4,AL,Headland,glp1,1,,0,,0
2026-Q4,AL,Heflin,glp1,1,,0,,0
2026-Q4,AL,Helena,glp1,4,,0,,0
2026-Q4,AL,Henagar,glp1,2,,0,,0
2026-Q4,AL,Huntsville,glp1,135,,0,,0
2026-Q4,AL,Huntsville,trt,12,,0,,0
2026-Q4,AL,Hurtsboro,glp1,1,,0,,0
2026-Q4,AL,Irvington,glp1,1,,0,,0
2026-Q4,AL,Jack,glp1,1,,0,,0
2026-Q4,AL,Jackson,glp1,2,,0,,0
2026-Q4,AL,Jacksonville,glp1,4,,0,,0
2026-Q4,AL,Jasper,glp1,15,,0,,0
2026-Q4,AL,Jemison,glp1,1,,0,,0
2026-Q4,AL,Killen,glp1,3,,0,,0
2026-Q4,AL,Lafayette,glp1,1,,0,,0
2026-Q4,AL,Leeds,glp1,2,,0,,0
2026-Q4,AL,Leesburg,glp1,1,,0,,0
2026-Q4,AL,Leighton,glp1,1,,0,,0
2026-Q4,AL,Lillian,glp1,1,,0,,0
2026-Q4,AL,Lincoln,glp1,3,,0,,0
2026-Q4,AL,Linden,glp1,1,,0,,0
2026-Q4,AL,Lineville,glp1,1,,0,,0
2026-Q4,AL,Loxley,glp1,2,,0,,0
2026-Q4,AL,Luverne,glp1,2,,0,,0
2026-Q4,AL,Madison,glp1,40,,0,,0
2026-Q4,AL,Maplesville,glp1,1,,0,,0
2026-Q4,AL,Marion,glp1,4,,0,,0
2026-Q4,AL,Maylene,trt,1,,0,,0
2026-Q4,AL,Mc Calla,glp1,1,,0,,0
2026-Q4,AL,Mc Calla,trt,1,,0,,0
2026-Q4,AL,Mc Intosh,glp1,1,,0,,0
2026-Q4,AL,Millbrook,glp1,1,,0,,0
2026-Q4,AL,Mobile,glp1,91,,0,,0
2026-Q4,AL,Mobile,trt,23,,0,,0
2026-Q4,AL,Monroeville,glp1,5,,0,,0
2026-Q4,AL,Montgomery,glp1,103,,0,,0
2026-Q4,AL,Montgomery,trt,13,,0,,0
2026-Q4,AL,Moody,glp1,2,,0,,0
2026-Q4,AL,Moulton,glp1,5,,0,,0
2026-Q4,AL,Moulton,trt,1,,0,,0
2026-Q4,AL,Moundville,glp1,5,,0,,0
2026-Q4,AL,Mount Olive,glp1,1,,0,,0
2026-Q4,AL,Muscle Shoals,glp1,17,,0,,0
2026-Q4,AL,Muscle Shoals,trt,1,,0,,0
2026-Q4,AL,Northport,glp1,22,,0,,0
2026-Q4,AL,Northport,trt,1,,0,,0
2026-Q4,AL,Odenville,glp1,1,,0,,0
2026-Q4,AL,Oneonta,glp1,6,,0,,0
2026-Q4,AL,Opelika,glp1,24,,0,,0
2026-Q4,AL,Opelika,trt,2,,0,,0
2026-Q4,AL,Opp,glp1,5,,0,,0
2026-Q4,AL,Orange Beach,glp1,7,,0,,0
2026-Q4,AL,Owens Cross Roads,glp1,3,,0,,0
2026-Q4,AL,Oxford,glp1,12,,0,,0
2026-Q4,AL,Oxford,trt,2,,0,,0
2026-Q4,AL,Ozark,glp1,5,,0,,0
2026-Q4,AL,Parrish,glp1,1,,0,,0
2026-Q4,AL,Pelham,glp1,9,,0,,0
2026-Q4,AL,Pell City,glp1,12,,0,,0
2026-Q4,AL,Phenix City,glp1,9,,0,,0
2026-Q4,AL,Phenix City,trt,1,,0,,0
2026-Q4,AL,Piedmont,glp1,2,,0,,0
2026-Q4,AL,Pike Road,glp1,5,,0,,0
2026-Q4,AL,Pine Hill,glp1,1,,0,,0
2026-Q4,AL,Pinson,glp1,1,,0,,0
2026-Q4,AL,Pisgah,glp1,1,,0,,0
2026-Q4,AL,Prattville,glp1,12,,0,,0
2026-Q4,AL,Rainbow City,glp1,4,,0,,0
2026-Q4,AL,Rainsville,glp1,6,,0,,0
2026-Q4,AL,Ranburne,glp1,2,,0,,0
2026-Q4,AL,Red Bay,glp1,4,,0,,0
2026-Q4,AL,Reform,glp1,2,,0,,0
2026-Q4,AL,Roanoke,glp1,5,,0,,0
2026-Q4,AL,Robertsdale,glp1,7,,0,,0
2026-Q4,AL,Rogersville,glp1,2,,0,,0
2026-Q4,AL,Russellville,glp1,12,,0,,0
2026-Q4,AL,Samson,glp1,1,,0,,0
2026-Q4,AL,Saraland,glp1,7,,0,,0
2026-Q4,AL,Saraland,trt,1,,0,,0
2026-Q4,AL,Scottsboro,glp1,12,,0,,0
2026-Q4,AL,Scottsboro,trt,1,,0,,0
2026-Q4,AL,Section,glp1,1,,0,,0
2026-Q4,AL,Selma,glp1,8,,0,,0
2026-Q4,AL,Semmes,glp1,2,,0,,0
2026-Q4,AL,Sheffield,glp1,8,,0,,0
2026-Q4,AL,Smiths Station,glp1,1,,0,,0
2026-Q4,AL,Spanish Fort,glp1,6,,0,,0
2026-Q4,AL,Spanish Fort,trt,1,,0,,0
2026-Q4,AL,Springville,glp1,4,,0,,0
2026-Q4,AL,Stevenson,glp1,3,,0,,0
2026-Q4,AL,Summerdale,glp1,1,,0,,0
2026-Q4,AL,Sylacauga,glp1,3,,0,,0
2026-Q4,AL,Talladega,glp1,4,,0,,0
2026-Q4,AL,Tallassee,glp1,3,,0,,0
2026-Q4,AL,Tanner,glp1,2,,0,,0
2026-Q4,AL,Thomasville,glp1,4,,0,,0
2026-Q4,AL,Toxey,glp1,1,,0,,0
2026-Q4,AL,Troy,glp1,11,,0,,0
2026-Q4,AL,Trussville,glp1,7,,0,,0
2026-Q4,AL,Tuscaloosa,glp1,61,,0,,0
2026-Q4,AL,Tuscaloosa,trt,3,,0,,0
2026-Q4,AL,Tuscumbia,glp1,3,,0,,0
2026-Q4,AL,Tuskegee,glp1,3,,0,,0
2026-Q4,AL,Union Springs,glp1,2,,0,,0
2026-Q4,AL,Valley,glp1,6,,0,,0
2026-Q4,AL,Vernon,glp1,2,,0,,0
2026-Q4,AL,Vincent,glp1,2,,0,,0
2026-Q4,AL,Vinemont,glp1,1,,0,,0
2026-Q4,AL,Warrior,glp1,1,,0,,0
2026-Q4,AL,Wedowee,glp1,1,,0,,0
2026-Q4,AL,Wetumpka,glp1,5,,0,,0
2026-Q4,AL,Wilmer,glp1,1,,0,,0
2026-Q4,AL,Winfield,glp1,4,,0,,0
2026-Q4,AL,Woodstock,glp1,1,,0,,0
2026-Q4,AL,Woodville,glp1,1,,0,,0
2026-Q4,AL,York,glp1,2,,0,,0
2026-Q4,AR,Alma,glp1,1,,0,,0
2026-Q4,AR,Arkadelphia,glp1,5,,0,,0
2026-Q4,AR,Ashdown,glp1,5,,0,,0
2026-Q4,AR,Augusta,glp1,2,,0,,0
2026-Q4,AR,Bald Knob,glp1,3,,0,,0
2026-Q4,AR,Barling,glp1,1,,0,,0
2026-Q4,AR,Batesville,glp1,13,,0,,0
2026-Q4,AR,Bearden,glp1,1,,0,,0
2026-Q4,AR,Beebe,glp1,6,,0,,0
2026-Q4,AR,Bella Vista,glp1,5,,0,,0
2026-Q4,AR,Benton,glp1,12,,0,,0
2026-Q4,AR,Bentonville,glp1,28,,0,,0
2026-Q4,AR,Berryville,glp1,2,,0,,0
2026-Q4,AR,Berryville,trt,1,,0,,0
2026-Q4,AR,Blytheville,glp1,5,,0,,0
2026-Q4,AR,Booneville,glp1,4,,0,,0
2026-Q4,AR,Bradford,glp1,1,,0,,0
2026-Q4,AR,Brinkley,glp1,1,,0,,0
2026-Q4,AR,Brookland,glp1,3,,0,,0
2026-Q4,AR,Bryant,glp1,12,,0,,0
2026-Q4,AR,Cabot,glp1,10,,0,,0
2026-Q4,AR,Calico Rock,glp1,2,,0,,0
2026-Q4,AR,Camden,glp1,8,,0,,0
2026-Q4,AR,Canehill,glp1,1,,0,,0
2026-Q4,AR,Carlisle,glp1,1,,0,,0
2026-Q4,AR,Cave City,glp1,2,,0,,0
2026-Q4,AR,Centerton,glp1,2,,0,,0
2026-Q4,AR,Charleston,glp1,3,,0,,0
2026-Q4,AR,Clarendon,glp1,2,,0,,0
2026-Q4,AR,Clarksville,glp1,7,,0,,0
2026-Q4,AR,Clinton,glp1,4,,0,,0
2026-Q4,AR,Conway,glp1,42,,0,,0
2026-Q4,AR,Conway,pharmacy,1,,0,,0
2026-Q4,AR,Conway,trt,3,,0,,0
2026-Q4,AR,Corning,glp1,1,,0,,0
2026-Q4,AR,Dardanelle,glp1,5,,0,,0
2026-Q4,AR,De Queen,glp1,3,,0,,0
2026-Q4,AR,De Witt,glp1,4,,0,,0
2026-Q4,AR,Decatur,glp1,1,,0,,0
2026-Q4,AR,Dermott,glp1,1,,0,,0
2026-Q4,AR,Dover,glp1,1,,0,,0
2026-Q4,AR,Drasco,glp1,1,,0,,0
2026-Q4,AR,Dumas,glp1,1,,0,,0
2026-Q4,AR,El Dorado,glp1,15,,0,,0
2026-Q4,AR,England,glp1,1,,0,,0
2026-Q4,AR,Farmington,glp1,5,,0,,0
2026-Q4,AR,Fayetteville,glp1,32,,0,,0
2026-Q4,AR,Fayetteville,pharmacy,1,,0,,0
2026-Q4,AR,Fayetteville,trt,3,,0,,0
2026-Q4,AR,Fordyce,glp1,1,,0,,0
2026-Q4,AR,Fort Smith,glp1,52,,0,,0
2026-Q4,AR,Fort Smith,trt,11,,0,,0
2026-Q4,AR,Gentry,glp1,1,,0,,0
2026-Q4,AR,Gould,glp1,1,,0,,0
2026-Q4,AR,Gravette,glp1,3,,0,,0
2026-Q4,AR,Greenbrier,glp1,4,,0,,0
2026-Q4,AR,Greenwood,glp1,4,,0,,0
2026-Q4,AR,Gurdon,glp1,1,,0,,0
2026-Q4,AR,Hackett,glp1,1,,0,,0
2026-Q4,AR,Hamburg,glp1,1,,0,,0
2026-Q4,AR,Hampton,glp1,2,,0,,0
2026-Q4,AR,Harrisburg,glp1,2,,0,,0
2026-Q4,AR,Harrison,glp1,13,,0,,0
2026-Q4,AR,Harrison,trt,1,,0,,0
2026-Q4,AR,Heber Springs,glp1,3,,0,,0
2026-Q4,AR,Hector,glp1,1,,0,,0
2026-Q4,AR,Helena,glp1,3,,0,,0
2026-Q4,AR,Hensley,glp1,6,,0,,0
2026-Q4,AR,Higden,glp1,1,,0,,0
2026-Q4,AR,Hope,glp1,5,,0,,0
2026-Q4,AR,Hot Springs National Park,glp1,58,,0,,0
2026-Q4,AR,Hot Springs National Park,trt,4,,0,,0
2026-Q4,AR,Hot Springs Village,glp1,7,,0,,0
2026-Q4,AR,Jacksonville,glp1,5,,0,,0
2026-Q4,AR,Jonesboro,glp1,49,,0,,0
2026-Q4,AR,Jonesboro,trt,4,,0,,0
2026-Q4,AR,Kensett,glp1,1,,0,,0
2026-Q4,AR,Lake Village,glp1,2,,0,,0
2026-Q4,AR,Lamar,glp1,1,,0,,0
2026-Q4,AR,Lavaca,glp1,2,,0,,0
2026-Q4,AR,Lepanto,glp1,2,,0,,0
2026-Q4,AR,Lewisville,glp1,2,,0,,0
2026-Q4,AR,Lincoln,glp1,1,,0,,0
2026-Q4,AR,Little Rock,glp1,125,,0,,0
2026-Q4,AR,Little Rock,pharmacy,1,,0,,0
2026-Q4,AR,Little Rock,trt,25,,0,,0
2026-Q4,AR,Little Rock Air Force Base,glp1,1,,0,,0
2026-Q4,AR,Lockesburg,glp1,1,,0,,0
2026-Q4,AR,Lonoke,glp1,1,,0,,0
2026-Q4,AR,Lowell,glp1,9,,0,,0
2026-Q4,AR,Magnolia,glp1,6,,0,,0
2026-Q4,AR,Malvern,glp1,9,,0,,0
2026-Q4,AR,Manila,glp1,5,,0,,0
2026-Q4,AR,Mansfield,glp1,1,,0,,0
2026-Q4,AR,Marianna,glp1,1,,0,,0
2026-Q4,AR,Marion,glp1,7,,0,,0
2026-Q4,AR,Marked Tree,glp1,1,,0,,0
2026-Q4,AR,Marshall,glp1,1,,0,,0
2026-Q4,AR,Marvell,glp1,1,,0,,0
2026-Q4,AR,Maumelle,glp1,11,,0,,0
2026-Q4,AR,Mayflower,glp1,6,,0,,0
2026-Q4,AR,Mc Crory,glp1,2,,0,,0
2026-Q4,AR,Mc Gehee,glp1,3,,0,,0
2026-Q4,AR,Melbourne,glp1,2,,0,,0
2026-Q4,AR,Mena,glp1,1,,0,,0
2026-Q4,AR,Monette,glp1,2,,0,,0
2026-Q4,AR,Monticello,glp1,8,,0,,0
2026-Q4,AR,Morrilton,glp1,2,,0,,0
2026-Q4,AR,Mount Ida,glp1,1,,0,,0
2026-Q4,AR,Mountain Home,glp1,9,,0,,0
2026-Q4,AR,Mountain View,glp1,3,,0,,0
2026-Q4,AR,Mountainburg,glp1,2,,0,,0
2026-Q4,AR,Murfreesboro,glp1,1,,0,,0
2026-Q4,AR,Nashville,glp1,2,,0,,0
2026-Q4,AR,Newport,glp1,5,,0,,0
2026-Q4,AR,North Little Rock,glp1,21,,0,,0
2026-Q4,AR,North Little Rock,trt,3,,0,,0
2026-Q4,AR,Osceola,glp1,4,,0,,0
2026-Q4,AR,Ozark,glp1,3,,0,,0
2026-Q4,AR,Paragould,glp1,21,,0,,0
2026-Q4,AR,Pea Ridge,glp1,2,,0,,0
2026-Q4,AR,Pearcy,glp1,1,,0,,0
2026-Q4,AR,Perryville,glp1,2,,0,,0
2026-Q4,AR,Pine Bluff,glp1,19,,0,,0
2026-Q4,AR,Pine Bluff,trt,1,,0,,0
2026-Q4,AR,Pocahontas,glp1,5,,0,,0
2026-Q4,AR,Pottsville,glp1,1,,0,,0
2026-Q4,AR,Prairie Grove,glp1,3,,0,,0
2026-Q4,AR,Prescott,glp1,4,,0,,0
2026-Q4,AR,Ratcliff,glp1,2,,0,,0
2026-Q4,AR,Rison,glp1,1,,0,,0
2026-Q4,AR,Rogers,glp1,41,,0,,0
2026-Q4,AR,Rogers,trt,4,,0,,0
2026-Q4,AR,Rose Bud,glp1,1,,0,,0
2026-Q4,AR,Royal,glp1,1,,0,,0
2026-Q4,AR,Russellville,glp1,15,,0,,0
2026-Q4,AR,Salem,glp1,2,,0,,0
2026-Q4,AR,Scott,glp1,2,,0,,0
2026-Q4,AR,Searcy,glp1,9,,0,,0
2026-Q4,AR,Sheridan,glp1,4,,0,,0
2026-Q4,AR,Sherwood,glp1,4,,0,,0
2026-Q4,AR,Sherwood,trt,2,,0,,0
2026-Q4,AR,Siloam Springs,glp1,2,,0,,0
2026-Q4,AR,Siloam Springs,trt,1,,0,,0
2026-Q4,AR,Smackover,glp1,1,,0,,0
2026-Q4,AR,Springdale,glp1,28,,0,,0
2026-Q4,AR,Springdale,trt,2,,0,,0
2026-Q4,AR,Star City,glp1,1,,0,,0
2026-Q4,AR,Stuttgart,glp1,1,,0,,0
2026-Q4,AR,Texarkana,glp1,5,,0,,0
2026-Q4,AR,Texarkana,trt,1,,0,,0
2026-Q4,AR,Trumann,glp1,4,,0,,0
2026-Q4,AR,Van Buren,glp1,4,,0,,0
2026-Q4,AR,Vilonia,glp1,3,,0,,0
2026-Q4,AR,Waldron,glp1,3,,0,,0
2026-Q4,AR,Walnut Ridge,glp1,3,,0,,0
2026-Q4,AR,Ward,glp1,1,,0,,0
2026-Q4,AR,Warm Springs,glp1,1,,0,,0
2026-Q4,AR,Warren,glp1,3,,0,,0
2026-Q4,AR,West Memphis,glp1,5,,0,,0
2026-Q4,AR,White Hall,glp1,10,,0,,0
2026-Q4,AR,White Hall,trt,1,,0,,0
2026-Q4,AR,Wynne,glp1,2,,0,,0
2026-Q4,AZ,Apache Junction,glp1,5,,0,,0
2026-Q4,AZ,Apache Junction,gym,3,,0,,0
2026-Q4,AZ,Avondale,glp1,22,,0,,0
2026-Q4,AZ,Avondale,gym,2,,0,,0
2026-Q4,AZ,Bagdad,glp1,2,,0,,0
2026-Q4,AZ,Benson,glp1,4,,0,,0
2026-Q4,AZ,Benson,trt,1,,0,,0
2026-Q4,AZ,Bisbee,glp1,2,,0,,0
2026-Q4,AZ,Black Canyon City,glp1,1,,0,,0
2026-Q4,AZ,Buckeye,glp1,8,,0,,0
2026-Q4,AZ,Bullhead City,glp1,13,,0,,0
2026-Q4,AZ,Bullhead City,trt,1,,0,,0
2026-Q4,AZ,Camp Verde,glp1,2,,0,,0
2026-Q4,AZ,Casa Grande,glp1,18,,0,,0
2026-Q4,AZ,Cave Creek,gym,1,,0,,0
2026-Q4,AZ,Cave Creek,trt,1,,0,,0
2026-Q4,AZ,Chandler,glp1,110,,0,,0
2026-Q4,AZ,Chandler,gym,17,,0,,0
2026-Q4,AZ,Chandler,pharmacy,1,,0,,0
2026-Q4,AZ,Chandler,trt,12,,0,,0
2026-Q4,AZ,Chino Valley,glp1,4,,0,,0
2026-Q4,AZ,Cottonwood,glp1,6,,0,,0
2026-Q4,AZ,Cottonwood,trt,1,,0,,0
2026-Q4,AZ,Dewey,glp1,5,,0,,0
2026-Q4,AZ,Douglas,glp1,3,,0,,0
2026-Q4,AZ,El Mirage,glp1,1,,0,,0
2026-Q4,AZ,Flagstaff,glp1,19,,0,,0
2026-Q4,AZ,Flagstaff,trt,2,,0,,0
2026-Q4,AZ,Florence,glp1,3,,0,,0
2026-Q4,AZ,Fort Defiance,glp1,1,,0,,0
2026-Q4,AZ,Fort Defiance,trt,1,,0,,0
2026-Q4,AZ,Fort Mohave,glp1,6,,0,,0
2026-Q4,AZ,Fountain Hills,glp1,5,,0,,0
2026-Q4,AZ,Gadsden,trt,1,,0,,0
2026-Q4,AZ,Gilbert,glp1,85,,0,,0
2026-Q4,AZ,Gilbert,gym,16,,0,,0
2026-Q4,AZ,Gilbert,pharmacy,1,,0,,0
2026-Q4,AZ,Gilbert,trt,4,,0,,0
2026-Q4,AZ,Glendale,glp1,89,,0,,0
2026-Q4,AZ,Glendale,gym,15,,0,,0
2026-Q4,AZ,Glendale,trt,8,,0,,0
2026-Q4,AZ,Globe,glp1,7,,0,,0
2026-Q4,AZ,Gold Canyon,glp1,7,,0,,0
2026-Q4,AZ,Goodyear,glp1,26,,0,,0
2026-Q4,AZ,Goodyear,gym,1,,0,,0
2026-Q4,AZ,Goodyear,trt,3,,0,,0
2026-Q4,AZ,Green Valley,glp1,8,,0,,0
2026-Q4,AZ,Kingman,glp1,13,,0,,0
2026-Q4,AZ,Lake Havasu City,glp1,15,,0,,0
2026-Q4,AZ,Laveen,glp1,5,,0,,0
2026-Q4,AZ,Laveen,gym,1,,0,,0
2026-Q4,AZ,Litchfield Park,glp1,3,,0,,0
2026-Q4,AZ,Luke Air Force Base,gym,1,,0,,0
2026-Q4,AZ,Marana,glp1,1,,0,,0
2026-Q4,AZ,Maricopa,glp1,5,,0,,0
2026-Q4,AZ,Mayer,glp1,1,,0,,0
2026-Q4,AZ,Mesa,glp1,131,,0,,0
2026-Q4,AZ,Mesa,gym,33,,0,,0
2026-Q4,AZ,Mesa,pharmacy,2,,0,,0
2026-Q4,AZ,Mesa,trt,11,,0,,0
2026-Q4,AZ,Mohave Valley,glp1,2,,0,,0
2026-Q4,AZ,Morenci,glp1,1,,0,,0
2026-Q4,AZ,Munds Park,glp1,2,,0,,0
2026-Q4,AZ,Nogales,glp1,2,,0,,0
2026-Q4,AZ,Overgaard,glp1,1,,0,,0
2026-Q4,AZ,Paradise Valley,glp1,10,,0,,0
2026-Q4,AZ,Parker,glp1,2,,0,,0
2026-Q4,AZ,Payson,glp1,2,,0,,0
2026-Q4,AZ,Peoria,glp1,44,,0,,0
2026-Q4,AZ,Peoria,gym,7,,0,,0
2026-Q4,AZ,Peoria,trt,8,,0,,0
2026-Q4,AZ,Peridot,glp1,1,,0,,0
2026-Q4,AZ,Phoenix,glp1,326,,0,,0
2026-Q4,AZ,Phoenix,gym,40,,0,,0
2026-Q4,AZ,Phoenix,pharmacy,3,,0,,0
2026-Q4,AZ,Phoenix,trt,56,,0,,0
2026-Q4,AZ,Pima,glp1,1,,0,,0
2026-Q4,AZ,Prescott,glp1,26,,0,,0
2026-Q4,AZ,Prescott,trt,3,,0,,0
2026-Q4,AZ,Prescott Valley,glp1,10,,0,,0
2026-Q4,AZ,Queen Creek,glp1,14,,0,,0
2026-Q4,AZ,Queen Creek,gym,6,,0,,0
2026-Q4,AZ,Queen Creek,pharmacy,1,,0,,0
2026-Q4,AZ,Sacaton,glp1,2,,0,,0
2026-Q4,AZ,Safford,glp1,4,,0,,0
2026-Q4,AZ,Sahuarita,glp1,3,,0,,0
2026-Q4,AZ,San Tan Valley,glp1,6,,0,,0
2026-Q4,AZ,San Tan Valley,trt,1,,0,,0
2026-Q4,AZ,Scottsdale,glp1,125,,0,,0
2026-Q4,AZ,Scottsdale,gym,32,,0,,0
2026-Q4,AZ,Scottsdale,pharmacy,1,,0,,0
2026-Q4,AZ,Scottsdale,trt,17,,0,,0
2026-Q4,AZ,Sedona,glp1,4,,0,,0
2026-Q4,AZ,Sells,trt,1,,0,,0
2026-Q4,AZ,Show Low,glp1,8,,0,,0
2026-Q4,AZ,Show Low,trt,2,,0,,0
2026-Q4,AZ,Sierra Vista,glp1,12,,0,,0
2026-Q4,AZ,Snowflake,glp1,2,,0,,0
2026-Q4,AZ,Springerville,glp1,1,,0,,0
2026-Q4,AZ,Sun City,glp1,17,,0,,0
2026-Q4,AZ,Sun City,gym,1,,0,,0
2026-Q4,AZ,Sun City,trt,2,,0,,0
2026-Q4,AZ,Sun City West,glp1,11,,0,,0
2026-Q4,AZ,Sun City West,trt,1,,0,,0
2026-Q4,AZ,Surprise,glp1,45,,0,,0
2026-Q4,AZ,Surprise,gym,4,,0,,0
2026-Q4,AZ,Surprise,trt,4,,0,,0
2026-Q4,AZ,Tempe,glp1,47,,0,,0
2026-Q4,AZ,Tempe,gym,8,,0,,0
2026-Q4,AZ,Tempe,trt,5,,0,,0
2026-Q4,AZ,Tolleson,glp1,2,,0,,0
2026-Q4,AZ,Tsaile,trt,1,,0,,0
2026-Q4,AZ,Tuba City,trt,1,,0,,0
2026-Q4,AZ,Tucson,glp1,200,,0,,0
2026-Q4,AZ,Tucson,trt,30,,0,,0
2026-Q4,AZ,Vail,glp1,1,,0,,0
2026-Q4,AZ,Wickenburg,glp1,2,,0,,0
2026-Q4,AZ,Willcox,glp1,1,,0,,0
2026-Q4,AZ,Winslow,glp1,2,,0,,0
2026-Q4,AZ,Yuma,glp1,32,,0,,0
2026-Q4,AZ,Yuma,trt,6,,0,,0
2026-Q4,CA,Adelanto,glp1,3,,0,,0
2026-Q4,CA,Adelanto,trt,1,,0,,0
2026-Q4,CA,Agoura Hills,glp1,6,,0,,0
2026-Q4,CA,Alameda,glp1,8,,0,,0
2026-Q4,CA,Alameda,gym,2,,0,,0
2026-Q4,CA,Alameda,pharmacy,1,,0,,0
2026-Q4,CA,Alamo,glp1,3,,0,,0
2026-Q4,CA,Alamo,gym,2,,0,,0
2026-Q4,CA,Albany,glp1,3,,0,,0
2026-Q4,CA,Alhambra,glp1,36,,0,,0
2026-Q4,CA,Alhambra,gym,2,,0,,0
2026-Q4,CA,Aliso Viejo,glp1,9,,0,,0
2026-Q4,CA,Alpine,glp1,4,,0,,0
2026-Q4,CA,American Canyon,glp1,3,,0,,0
2026-Q4,CA,Anaheim,glp1,69,,0,,0
2026-Q4,CA,Anaheim,gym,4,,0,,0
2026-Q4,CA,Anaheim,trt,15,,0,,0
2026-Q4,CA,Anderson,glp1,2,,0,,0
2026-Q4,CA,Angels Camp,glp1,1,,0,,0
2026-Q4,CA,Angwin,glp1,1,,0,,0
2026-Q4,CA,Antioch,glp1,12,,0,,0
2026-Q4,CA,Antioch,trt,3,,0,,0
2026-Q4,CA,Apple Valley,glp1,44,,0,,0
2026-Q4,CA,Apple Valley,trt,2,,0,,0
2026-Q4,CA,Aptos,glp1,2,,0,,0
2026-Q4,CA,Arbuckle,glp1,1,,0,,0
2026-Q4,CA,Arcadia,glp1,44,,0,,0
2026-Q4,CA,Arcadia,gym,1,,0,,0
2026-Q4,CA,Arcadia,trt,6,,0,,0
2026-Q4,CA,Arcata,glp1,5,,0,,0
2026-Q4,CA,Arnold,glp1,2,,0,,0
2026-Q4,CA,Arroyo Grande,glp1,5,,0,,0
2026-Q4,CA,Artesia,glp1,4,,0,,0
2026-Q4,CA,Artesia,trt,1,,0,,0
2026-Q4,CA,Arvin,glp1,4,,0,,0
2026-Q4,CA,Atascadero,glp1,8,,0,,0
2026-Q4,CA,Atherton,glp1,2,,0,,0
2026-Q4,CA,Atherton,trt,1,,0,,0
2026-Q4,CA,Atwater,glp1,7,,0,,0
2026-Q4,CA,Auburn,glp1,8,,0,,0
2026-Q4,CA,Auburn,trt,1,,0,,0
2026-Q4,CA,Avenal,glp1,1,,0,,0
2026-Q4,CA,Azusa,glp1,7,,0,,0
2026-Q4,CA,Azusa,trt,2,,0,,0
2026-Q4,CA,Bakersfield,glp1,189,,0,,0
2026-Q4,CA,Bakersfield,trt,24,,0,,0
2026-Q4,CA,Baldwin Park,glp1,6,,0,,0
2026-Q4,CA,Baldwin Park,gym,1,,0,,0
2026-Q4,CA,Baldwin Park,trt,1,,0,,0
2026-Q4,CA,Banning,glp1,15,,0,,0
2026-Q4,CA,Barstow,glp1,9,,0,,0
2026-Q4,CA,Barstow,trt,1,,0,,0
2026-Q4,CA,Beale Afb,glp1,1,,0,,0
2026-Q4,CA,Beaumont,glp1,7,,0,,0
2026-Q4,CA,Bell Gardens,glp1,14,,0,,0
2026-Q4,CA,Bell Gardens,trt,1,,0,,0
2026-Q4,CA,Bellflower,glp1,14,,0,,0
2026-Q4,CA,Bellflower,trt,2,,0,,0
2026-Q4,CA,Belmont,glp1,3,,0,,0
2026-Q4,CA,Benicia,trt,1,,0,,0
2026-Q4,CA,Berkeley,glp1,17,,0,,0
2026-Q4,CA,Berkeley,gym,6,,0,,0
2026-Q4,CA,Berkeley,pharmacy,1,,0,,0
2026-Q4,CA,Berkeley,trt,8,,0,,0
2026-Q4,CA,Beverly Hills,glp1,105,,0,,0
2026-Q4,CA,Beverly Hills,pharmacy,1,,0,,0
2026-Q4,CA,Beverly Hills,trt,17,,0,,0
2026-Q4,CA,Bieber,glp1,2,,0,,0
2026-Q4,CA,Big Bear Lake,glp1,1,,0,,0
2026-Q4,CA,Bishop,glp1,2,,0,,0
2026-Q4,CA,Bloomington,glp1,3,,0,,0
2026-Q4,CA,Blythe,glp1,1,,0,,0
2026-Q4,CA,Bonita,glp1,4,,0,,0
2026-Q4,CA,Bonsall,glp1,1,,0,,0
2026-Q4,CA,Brawley,glp1,17,,0,,0
2026-Q4,CA,Brawley,trt,1,,0,,0
2026-Q4,CA,Brea,glp1,12,,0,,0
2026-Q4,CA,Brea,trt,1,,0,,0
2026-Q4,CA,Brentwood,glp1,9,,0,,0
2026-Q4,CA,Brentwood,gym,1,,0,,0
2026-Q4,CA,Brentwood,trt,1,,0,,0
2026-Q4,CA,Bridgeville,glp1,1,,0,,0
2026-Q4,CA,Brisbane,trt,1,,0,,0
2026-Q4,CA,Buena Park,glp1,16,,0,,0
2026-Q4,CA,Buena Park,gym,1,,0,,0
2026-Q4,CA,Burbank,glp1,57,,0,,0
2026-Q4,CA,Burbank,gym,4,,0,,0
2026-Q4,CA,Burbank,pharmacy,1,,0,,0
2026-Q4,CA,Burbank,trt,10,,0,,0
2026-Q4,CA,Burlingame,glp1,28,,0,,0
2026-Q4,CA,Burlingame,gym,1,,0,,0
2026-Q4,CA,Burlingame,trt,7,,0,,0
2026-Q4,CA,Burney,glp1,1,,0,,0
2026-Q4,CA,Calabasas,glp1,6,,0,,0
2026-Q4,CA,Calabasas,trt,1,,0,,0
2026-Q4,CA,Calexico,glp1,10,,0,,0
2026-Q4,CA,California City,glp1,2,,0,,0
2026-Q4,CA,California City,trt,1,,0,,0
2026-Q4,CA,Calistoga,glp1,1,,0,,0
2026-Q4,CA,Camarillo,glp1,24,,0,,0
2026-Q4,CA,Camarillo,trt,8,,0,,0
2026-Q4,CA,Camp Pendleton,glp1,3,,0,,0
2026-Q4,CA,Campbell,glp1,9,,0,,0
2026-Q4,CA,Campbell,gym,5,,0,,0
2026-Q4,CA,Campbell,trt,1,,0,,0
2026-Q4,CA,Canoga Park,glp1,10,,0,,0
2026-Q4,CA,Canoga Park,trt,3,,0,,0
2026-Q4,CA,Canyon Country,glp1,3,,0,,0
2026-Q4,CA,Capistrano Beach,glp1,1,,0,,0
2026-Q4,CA,Capitola,glp1,1,,0,,0
2026-Q4,CA,Capitola,trt,2,,0,,0
2026-Q4,CA,Cardiff By The Sea,glp1,1,,0,,0
2026-Q4,CA,Carlsbad,glp1,21,,0,,0
2026-Q4,CA,Carlsbad,trt,4,,0,,0
2026-Q4,CA,Carmel,glp1,1,,0,,0
2026-Q4,CA,Carmel Valley,glp1,1,,0,,0
2026-Q4,CA,Carmichael,glp1,25,,0,,0
2026-Q4,CA,Carmichael,trt,1,,0,,0
2026-Q4,CA,Carpinteria,glp1,1,,0,,0
2026-Q4,CA,Carson,glp1,11,,0,,0
2026-Q4,CA,Carson,trt,1,,0,,0
2026-Q4,CA,Castaic,glp1,1,,0,,0
2026-Q4,CA,Castro Valley,glp1,8,,0,,0
2026-Q4,CA,Castro Valley,trt,6,,0,,0
2026-Q4,CA,Castroville,glp1,1,,0,,0
2026-Q4,CA,Cathedral City,glp1,7,,0,,0
2026-Q4,CA,Ceres,glp1,4,,0,,0
2026-Q4,CA,Cerritos,glp1,10,,0,,0
2026-Q4,CA,Cerritos,pharmacy,1,,0,,0
2026-Q4,CA,Cerritos,trt,3,,0,,0
2026-Q4,CA,Chatsworth,glp1,1,,0,,0
2026-Q4,CA,Chatsworth,gym,1,,0,,0
2026-Q4,CA,Chatsworth,trt,1,,0,,0
2026-Q4,CA,Chico,glp1,33,,0,,0
2026-Q4,CA,Chico,trt,3,,0,,0
2026-Q4,CA,Chino,glp1,28,,0,,0
2026-Q4,CA,Chino,trt,6,,0,,0
2026-Q4,CA,Chino Hills,glp1,10,,0,,0
2026-Q4,CA,Chino Hills,trt,2,,0,,0
2026-Q4,CA,Chowchilla,glp1,4,,0,,0
2026-Q4,CA,Chula Vista,glp1,69,,0,,0
2026-Q4,CA,Chula Vista,trt,6,,0,,0
2026-Q4,CA,Citrus Heights,glp1,7,,0,,0
2026-Q4,CA,Citrus Heights,trt,2,,0,,0
2026-Q4,CA,Claremont,glp1,9,,0,,0
2026-Q4,CA,Claremont,gym,2,,0,,0
2026-Q4,CA,Claremont,trt,4,,0,,0
2026-Q4,CA,Clayton,glp1,1,,0,,0
2026-Q4,CA,Clearlake,glp1,4,,0,,0
2026-Q4,CA,Cloverdale,glp1,1,,0,,0
2026-Q4,CA,Clovis,glp1,42,,0,,0
2026-Q4,CA,Clovis,trt,2,,0,,0
2026-Q4,CA,Coachella,glp1,7,,0,,0
2026-Q4,CA,Coalinga,glp1,5,,0,,0
2026-Q4,CA,Colton,glp1,9,,0,,0
2026-Q4,CA,Colton,trt,1,,0,,0
2026-Q4,CA,Colusa,glp1,6,,0,,0
2026-Q4,CA,Compton,glp1,8,,0,,0
2026-Q4,CA,Compton,trt,2,,0,,0
2026-Q4,CA,Concord,glp1,21,,0,,0
2026-Q4,CA,Concord,gym,2,,0,,0
2026-Q4,CA,Concord,trt,7,,0,,0
2026-Q4,CA,Corcoran,glp1,2,,0,,0
2026-Q4,CA,Corning,glp1,4,,0,,0
2026-Q4,CA,Corona,glp1,52,,0,,0
2026-Q4,CA,Corona,gym,1,,0,,0
2026-Q4,CA,Corona,trt,8,,0,,0
2026-Q4,CA,Corona Del Mar,gym,1,,0,,0
2026-Q4,CA,Corona Del Mar,trt,1,,0,,0
2026-Q4,CA,Coronado,glp1,7,,0,,0
2026-Q4,CA,Corte Madera,glp1,4,,0,,0
2026-Q4,CA,Corte Madera,gym,2,,0,,0
2026-Q4,CA,Costa Mesa,glp1,24,,0,,0
2026-Q4,CA,Costa Mesa,gym,4,,0,,0
2026-Q4,CA,Costa Mesa,trt,4,,0,,0
2026-Q4,CA,Cottonwood,glp1,1,,0,,0
2026-Q4,CA,Covina,glp1,22,,0,,0
2026-Q4,CA,Covina,gym,1,,0,,0
2026-Q4,CA,Covina,pharmacy,1,,0,,0
2026-Q4,CA,Covina,trt,1,,0,,0
2026-Q4,CA,Crescent City,glp1,3,,0,,0
2026-Q4,CA,Crestline,glp1,1,,0,,0
2026-Q4,CA,Culver City,glp1,10,,0,,0
2026-Q4,CA,Culver City,gym,1,,0,,0
2026-Q4,CA,Culver City,trt,1,,0,,0
2026-Q4,CA,Cupertino,glp1,1,,0,,0
2026-Q4,CA,Cupertino,gym,2,,0,,0
2026-Q4,CA,Cupertino,trt,1,,0,,0
2026-Q4,CA,Cutler,glp1,2,,0,,0
2026-Q4,CA,Cypress,glp1,3,,0,,0
2026-Q4,CA,Cypress,trt,1,,0,,0
2026-Q4,CA,Daly City,glp1,27,,0,,0
2026-Q4,CA,Daly City,gym,1,,0,,0
2026-Q4,CA,Daly City,trt,2,,0,,0
2026-Q4,CA,Dana Point,glp1,2,,0,,0
2026-Q4,CA,Danville,glp1,11,,0,,0
2026-Q4,CA,Danville,gym,5,,0,,0
2026-Q4,CA,Danville,trt,1,,0,,0
2026-Q4,CA,Davis,glp1,5,,0,,0
2026-Q4,CA,Davis,trt,2,,0,,0
2026-Q4,CA,Del Mar,glp1,3,,0,,0
2026-Q4,CA,Delano,glp1,10,,0,,0
2026-Q4,CA,Delhi,glp1,1,,0,,0
2026-Q4,CA,Desert Hot Springs,glp1,1,,0,,0
2026-Q4,CA,Diamond Bar,glp1,4,,0,,0
2026-Q4,CA,Diamond Bar,trt,1,,0,,0
2026-Q4,CA,Dinuba,glp1,3,,0,,0
2026-Q4,CA,Dixon,glp1,1,,0,,0
2026-Q4,CA,Dos Palos,glp1,2,,0,,0
2026-Q4,CA,Downey,glp1,25,,0,,0
2026-Q4,CA,Downey,gym,1,,0,,0
2026-Q4,CA,Downey,trt,6,,0,,0
2026-Q4,CA,Downieville,glp1,1,,0,,0
2026-Q4,CA,Duarte,glp1,7,,0,,0
2026-Q4,CA,Duarte,gym,1,,0,,0
2026-Q4,CA,Duarte,trt,3,,0,,0
2026-Q4,CA,Dublin,glp1,7,,0,,0
2026-Q4,CA,Dublin,gym,1,,0,,0
2026-Q4,CA,Dublin,trt,3,,0,,0
2026-Q4,CA,Dunsmuir,glp1,1,,0,,0
2026-Q4,CA,Earlimart,glp1,2,,0,,0
2026-Q4,CA,El Cajon,glp1,34,,0,,0
2026-Q4,CA,El Cajon,trt,2,,0,,0
2026-Q4,CA,El Centro,glp1,43,,0,,0
2026-Q4,CA,El Centro,trt,1,,0,,0
2026-Q4,CA,El Dorado Hills,glp1,5,,0,,0
2026-Q4,CA,El Monte,glp1,17,,0,,0
2026-Q4,CA,El Monte,trt,1,,0,,0
2026-Q4,CA,El Segundo,glp1,10,,0,,0
2026-Q4,CA,El Segundo,gym,1,,0,,0
2026-Q4,CA,El Segundo,trt,2,,0,,0
2026-Q4,CA,Elk Grove,glp1,13,,0,,0
2026-Q4,CA,Elk Grove,trt,1,,0,,0
2026-Q4,CA,Emeryville,glp1,1,,0,,0
2026-Q4,CA,Emeryville,gym,1,,0,,0
2026-Q4,CA,Emeryville,trt,1,,0,,0
2026-Q4,CA,Encinitas,glp1,33,,0,,0
2026-Q4,CA,Encinitas,trt,9,,0,,0
2026-Q4,CA,Encino,glp1,26,,0,,0
2026-Q4,CA,Encino,gym,1,,0,,0
2026-Q4,CA,Encino,trt,12,,0,,0
2026-Q4,CA,Escalon,glp1,3,,0,,0
2026-Q4,CA,Escondido,glp1,32,,0,,0
2026-Q4,CA,Escondido,trt,7,,0,,0
2026-Q4,CA,Eureka,glp1,8,,0,,0
2026-Q4,CA,Exeter,glp1,3,,0,,0
2026-Q4,CA,Fair Oaks,glp1,6,,0,,0
2026-Q4,CA,Fair Oaks,trt,1,,0,,0
2026-Q4,CA,Fairfield,glp1,24,,0,,0
2026-Q4,CA,Fairfield,trt,3,,0,,0
2026-Q4,CA,Fallbrook,glp1,4,,0,,0
2026-Q4,CA,Farmersville,glp1,2,,0,,0
2026-Q4,CA,Ferndale,glp1,1,,0,,0
2026-Q4,CA,Fillmore,glp1,5,,0,,0
2026-Q4,CA,Firebaugh,glp1,2,,0,,0
2026-Q4,CA,Folsom,glp1,24,,0,,0
2026-Q4,CA,Folsom,trt,4,,0,,0
2026-Q4,CA,Fontana,glp1,24,,0,,0
2026-Q4,CA,Fontana,gym,2,,0,,0
2026-Q4,CA,Fontana,trt,3,,0,,0
2026-Q4,CA,Foothill Ranch,glp1,6,,0,,0
2026-Q4,CA,Foresthill,glp1,1,,0,,0
2026-Q4,CA,Fort Bragg,glp1,2,,0,,0
2026-Q4,CA,Fortuna,glp1,9,,0,,0
2026-Q4,CA,Fountain Valley,glp1,39,,0,,0
2026-Q4,CA,Fountain Valley,trt,9,,0,,0
2026-Q4,CA,Fowler,glp1,4,,0,,0
2026-Q4,CA,Freedom,glp1,5,,0,,0
2026-Q4,CA,Fremont,glp1,44,,0,,0
2026-Q4,CA,Fremont,gym,7,,0,,0
2026-Q4,CA,Fremont,trt,10,,0,,0
2026-Q4,CA,French Camp,glp1,2,,0,,0
2026-Q4,CA,French Camp,trt,1,,0,,0
2026-Q4,CA,Fresno,glp1,210,,0,,0
2026-Q4,CA,Fresno,trt,25,,0,,0
2026-Q4,CA,Friant,glp1,2,,0,,0
2026-Q4,CA,Fullerton,glp1,29,,0,,0
2026-Q4,CA,Fullerton,gym,1,,0,,0
2026-Q4,CA,Fullerton,trt,4,,0,,0
2026-Q4,CA,Galt,glp1,2,,0,,0
2026-Q4,CA,Garberville,glp1,1,,0,,0
2026-Q4,CA,Garden Grove,glp1,47,,0,,0
2026-Q4,CA,Garden Grove,gym,1,,0,,0
2026-Q4,CA,Garden Grove,trt,2,,0,,0
2026-Q4,CA,Gardena,glp1,12,,0,,0
2026-Q4,CA,Gardena,trt,4,,0,,0
2026-Q4,CA,Gilroy,glp1,10,,0,,0
2026-Q4,CA,Gilroy,trt,1,,0,,0
2026-Q4,CA,Glendale,glp1,115,,0,,0
2026-Q4,CA,Glendale,gym,1,,0,,0
2026-Q4,CA,Glendale,trt,16,,0,,0
2026-Q4,CA,Glendora,glp1,17,,0,,0
2026-Q4,CA,Glendora,trt,2,,0,,0
2026-Q4,CA,Goleta,glp1,1,,0,,0
2026-Q4,CA,Gonzales,glp1,3,,0,,0
2026-Q4,CA,Granada Hills,glp1,7,,0,,0
2026-Q4,CA,Granada Hills,trt,1,,0,,0
2026-Q4,CA,Grand Terrace,glp1,1,,0,,0
2026-Q4,CA,Granite Bay,glp1,1,,0,,0
2026-Q4,CA,Grass Valley,glp1,13,,0,,0
2026-Q4,CA,Greenbrae,glp1,15,,0,,0
2026-Q4,CA,Greenbrae,gym,1,,0,,0
2026-Q4,CA,Greenbrae,trt,7,,0,,0
2026-Q4,CA,Greenfield,glp1,2,,0,,0
2026-Q4,CA,Gridley,glp1,4,,0,,0
2026-Q4,CA,Groveland,glp1,1,,0,,0
2026-Q4,CA,Guadalupe,glp1,2,,0,,0
2026-Q4,CA,Gualala,glp1,3,,0,,0
2026-Q4,CA,Guerneville,glp1,1,,0,,0
2026-Q4,CA,Gustine,glp1,1,,0,,0
2026-Q4,CA,Hacienda Heights,glp1,11,,0,,0
2026-Q4,CA,Hacienda Heights,gym,1,,0,,0
2026-Q4,CA,Hacienda Heights,trt,1,,0,,0
2026-Q4,CA,Half Moon Bay,glp1,1,,0,,0
2026-Q4,CA,Hamilton City,glp1,1,,0,,0
2026-Q4,CA,Hanford,glp1,28,,0,,0
2026-Q4,CA,Hanford,trt,4,,0,,0
2026-Q4,CA,Harbor City,glp1,6,,0,,0
2026-Q4,CA,Harbor City,trt,1,,0,,0
2026-Q4,CA,Hawaiian Gardens,glp1,4,,0,,0
2026-Q4,CA,Hawaiian Gardens,gym,1,,0,,0
2026-Q4,CA,Hawthorne,glp1,14,,0,,0
2026-Q4,CA,Hawthorne,trt,1,,0,,0
2026-Q4,CA,Hayfork,glp1,1,,0,,0
2026-Q4,CA,Hayward,glp1,13,,0,,0
2026-Q4,CA,Hayward,gym,1,,0,,0
2026-Q4,CA,Hayward,trt,1,,0,,0
2026-Q4,CA,Healdsburg,glp1,3,,0,,0
2026-Q4,CA,Hemet,glp1,39,,0,,0
2026-Q4,CA,Hemet,trt,3,,0,,0
2026-Q4,CA,Hermosa Beach,glp1,2,,0,,0
2026-Q4,CA,Hesperia,glp1,11,,0,,0
2026-Q4,CA,Hidden Valley Lake,glp1,2,,0,,0
2026-Q4,CA,Highland,glp1,6,,0,,0
2026-Q4,CA,Highland,trt,1,,0,,0
2026-Q4,CA,Hilmar,glp1,2,,0,,0
2026-Q4,CA,Hollister,glp1,12,,0,,0
2026-Q4,CA,Holtville,glp1,1,,0,,0
2026-Q4,CA,Hoopa,glp1,1,,0,,0
2026-Q4,CA,Hughson,glp1,1,,0,,0
2026-Q4,CA,Huntington Beach,glp1,42,,0,,0
2026-Q4,CA,Huntington Beach,gym,1,,0,,0
2026-Q4,CA,Huntington Beach,trt,10,,0,,0
2026-Q4,CA,Huntington Park,glp1,26,,0,,0
2026-Q4,CA,Idyllwild,trt,1,,0,,0
2026-Q4,CA,Imperial,glp1,3,,0,,0
2026-Q4,CA,Imperial Beach,glp1,2,,0,,0
2026-Q4,CA,Indian Wells,glp1,2,,0,,0
2026-Q4,CA,Indio,glp1,27,,0,,0
2026-Q4,CA,Indio,trt,1,,0,,0
2026-Q4,CA,Inglewood,glp1,27,,0,,0
2026-Q4,CA,Inglewood,gym,1,,0,,0
2026-Q4,CA,Inglewood,trt,2,,0,,0
2026-Q4,CA,Ione,glp1,1,,0,,0
2026-Q4,CA,Irvine,glp1,73,,0,,0
2026-Q4,CA,Irvine,gym,7,,0,,0
2026-Q4,CA,Irvine,pharmacy,1,,0,,0
2026-Q4,CA,Irvine,trt,19,,0,,0
2026-Q4,CA,Ivanhoe,glp1,1,,0,,0
2026-Q4,CA,Jackson,glp1,5,,0,,0
2026-Q4,CA,Jamestown,glp1,1,,0,,0
2026-Q4,CA,Kerman,glp1,4,,0,,0
2026-Q4,CA,Kettleman City,glp1,1,,0,,0
2026-Q4,CA,King City,glp1,2,,0,,0
2026-Q4,CA,Kingsburg,glp1,7,,0,,0
2026-Q4,CA,La Canada Flintridge,glp1,5,,0,,0
2026-Q4,CA,La Canada Flintridge,trt,2,,0,,0
2026-Q4,CA,La Crescenta,glp1,1,,0,,0
2026-Q4,CA,La Crescenta,gym,1,,0,,0
2026-Q4,CA,La Habra,glp1,6,,0,,0
2026-Q4,CA,La Habra,gym,1,,0,,0
2026-Q4,CA,La Habra,trt,1,,0,,0
2026-Q4,CA,La Jolla,glp1,55,,0,,0
2026-Q4,CA,La Jolla,trt,19,,0,,0
2026-Q4,CA,La Mesa,glp1,37,,0,,0
2026-Q4,CA,La Mesa,trt,6,,0,,0
2026-Q4,CA,La Mirada,glp1,8,,0,,0
2026-Q4,CA,La Palma,glp1,10,,0,,0
2026-Q4,CA,La Palma,trt,1,,0,,0
2026-Q4,CA,La Puente,glp1,9,,0,,0
2026-Q4,CA,La Puente,trt,1,,0,,0
2026-Q4,CA,La Quinta,glp1,9,,0,,0
2026-Q4,CA,La Verne,glp1,4,,0,,0
2026-Q4,CA,La Verne,trt,2,,0,,0
2026-Q4,CA,Ladera Ranch,glp1,1,,0,,0
2026-Q4,CA,Lafayette,glp1,8,,0,,0
2026-Q4,CA,Lafayette,trt,2,,0,,0
2026-Q4,CA,Laguna Beach,glp1,3,,0,,0
2026-Q4,CA,Laguna Beach,gym,1,,0,,0
2026-Q4,CA,Laguna Beach,pharmacy,1,,0,,0
2026-Q4,CA,Laguna Beach,trt,2,,0,,0
2026-Q4,CA,Laguna Hills,glp1,31,,0,,0
2026-Q4,CA,Laguna Hills,gym,1,,0,,0
2026-Q4,CA,Laguna Hills,trt,9,,0,,0
2026-Q4,CA,Laguna Niguel,glp1,13,,0,,0
2026-Q4,CA,Laguna Niguel,gym,2,,0,,0
2026-Q4,CA,Laguna Niguel,trt,1,,0,,0
2026-Q4,CA,Laguna Woods,glp1,2,,0,,0
2026-Q4,CA,Lake Elsinore,glp1,10,,0,,0
2026-Q4,CA,Lake Forest,glp1,11,,0,,0
2026-Q4,CA,Lake Forest,gym,1,,0,,0
2026-Q4,CA,Lake Forest,trt,5,,0,,0
2026-Q4,CA,Lakeport,glp1,6,,0,,0
2026-Q4,CA,Lakeside,glp1,2,,0,,0
2026-Q4,CA,Lakewood,glp1,22,,0,,0
2026-Q4,CA,Lakewood,trt,1,,0,,0
2026-Q4,CA,Lamont,glp1,2,,0,,0
2026-Q4,CA,Lancaster,glp1,35,,0,,0
2026-Q4,CA,Lancaster,trt,6,,0,,0
2026-Q4,CA,Larkspur,glp1,4,,0,,0
2026-Q4,CA,Larkspur,trt,1,,0,,0
2026-Q4,CA,Lawndale,glp1,3,,0,,0
2026-Q4,CA,Lawndale,trt,1,,0,,0
2026-Q4,CA,Lemon Grove,glp1,1,,0,,0
2026-Q4,CA,Lemoore,glp1,5,,0,,0
2026-Q4,CA,Lincoln,glp1,11,,0,,0
2026-Q4,CA,Lindsay,glp1,8,,0,,0
2026-Q4,CA,Live Oak,glp1,2,,0,,0
2026-Q4,CA,Livermore,glp1,5,,0,,0
2026-Q4,CA,Livermore,gym,2,,0,,0
2026-Q4,CA,Livermore,trt,1,,0,,0
2026-Q4,CA,Livingston,glp1,3,,0,,0
2026-Q4,CA,Lockeford,glp1,1,,0,,0
2026-Q4,CA,Lodi,glp1,22,,0,,0
2026-Q4,CA,Lodi,trt,2,,0,,0
2026-Q4,CA,Loma Linda,glp1,29,,0,,0
2026-Q4,CA,Loma Linda,trt,13,,0,,0
2026-Q4,CA,Lomita,glp1,4,,0,,0
2026-Q4,CA,Lomita,trt,2,,0,,0
2026-Q4,CA,Lompoc,glp1,9,,0,,0
2026-Q4,CA,Long Beach,glp1,116,,0,,0
2026-Q4,CA,Long Beach,gym,6,,0,,0
2026-Q4,CA,Long Beach,trt,23,,0,,0
2026-Q4,CA,Loomis,glp1,2,,0,,0
2026-Q4,CA,Los Alamitos,glp1,24,,0,,0
2026-Q4,CA,Los Alamitos,gym,1,,0,,0
2026-Q4,CA,Los Alamitos,pharmacy,1,,0,,0
2026-Q4,CA,Los Alamitos,trt,5,,0,,0
2026-Q4,CA,Los Altos,glp1,4,,0,,0
2026-Q4,CA,Los Altos,gym,1,,0,,0
2026-Q4,CA,Los Altos,trt,1,,0,,0
2026-Q4,CA,Los Angeles,glp1,558,,0,,0
2026-Q4,CA,Los Angeles,gym,31,,0,,0
2026-Q4,CA,Los Angeles,pharmacy,4,,0,,0
2026-Q4,CA,Los Angeles,trt,119,,0,,0
2026-Q4,CA,Los Banos,glp1,5,,0,,0
2026-Q4,CA,Los Banos,trt,1,,0,,0
2026-Q4,CA,Los Gatos,glp1,23,,0,,0
2026-Q4,CA,Los Gatos,gym,3,,0,,0
2026-Q4,CA,Los Gatos,trt,4,,0,,0
2026-Q4,CA,Los Molinos,glp1,1,,0,,0
2026-Q4,CA,Lost Hills,glp1,1,,0,,0
2026-Q4,CA,Lynwood,glp1,10,,0,,0
2026-Q4,CA,Lynwood,trt,2,,0,,0
2026-Q4,CA,Madera,glp1,24,,0,,0
2026-Q4,CA,Madera,trt,1,,0,,0
2026-Q4,CA,Magalia,glp1,1,,0,,0
2026-Q4,CA,Malibu,trt,2,,0,,0
2026-Q4,CA,Mammoth Lakes,glp1,1,,0,,0
2026-Q4,CA,Manhattan Beach,glp1,5,,0,,0
2026-Q4,CA,Manhattan Beach,trt,2,,0,,0
2026-Q4,CA,Manteca,glp1,21,,0,,0
2026-Q4,CA,Manteca,trt,1,,0,,0
2026-Q4,CA,Marina,glp1,1,,0,,0
2026-Q4,CA,Marina Del Rey,glp1,4,,0,,0
2026-Q4,CA,Marina Del Rey,gym,1,,0,,0
2026-Q4,CA,Marina Del Rey,trt,1,,0,,0
2026-Q4,CA,Mariposa,glp1,1,,0,,0
2026-Q4,CA,Mariposa,trt,1,,0,,0
2026-Q4,CA,Martinez,glp1,5,,0,,0
2026-Q4,CA,Martinez,trt,2,,0,,0
2026-Q4,CA,Marysville,glp1,9,,0,,0
2026-Q4,CA,Mather,trt,1,,0,,0
2026-Q4,CA,Maywood,glp1,6,,0,,0
2026-Q4,CA,Mc Farland,glp1,1,,0,,0
2026-Q4,CA,McClellan,glp1,1,,0,,0
2026-Q4,CA,McCloud,glp1,2,,0,,0
2026-Q4,CA,McKinleyville,glp1,2,,0,,0
2026-Q4,CA,Mecca,glp1,5,,0,,0
2026-Q4,CA,Mendota,glp1,2,,0,,0
2026-Q4,CA,Menifee,glp1,3,,0,,0
2026-Q4,CA,Menlo Park,glp1,5,,0,,0
2026-Q4,CA,Menlo Park,gym,2,,0,,0
2026-Q4,CA,Menlo Park,trt,1,,0,,0
2026-Q4,CA,Merced,glp1,47,,0,,0
2026-Q4,CA,Merced,trt,2,,0,,0
2026-Q4,CA,Mill Valley,glp1,3,,0,,0
2026-Q4,CA,Mill Valley,gym,1,,0,,0
2026-Q4,CA,Mill Valley,trt,1,,0,,0
2026-Q4,CA,Millbrae,glp1,2,,0,,0
2026-Q4,CA,Millbrae,gym,2,,0,,0
2026-Q4,CA,Milpitas,glp1,12,,0,,0
2026-Q4,CA,Milpitas,gym,3,,0,,0
2026-Q4,CA,Milpitas,trt,1,,0,,0
2026-Q4,CA,Mira Loma,glp1,4,,0,,0
2026-Q4,CA,Mira Loma,gym,1,,0,,0
2026-Q4,CA,Mission Hills,glp1,12,,0,,0
2026-Q4,CA,Mission Hills,trt,3,,0,,0
2026-Q4,CA,Mission Viejo,glp1,44,,0,,0
2026-Q4,CA,Mission Viejo,gym,2,,0,,0
2026-Q4,CA,Mission Viejo,trt,7,,0,,0
2026-Q4,CA,Modesto,glp1,65,,0,,0
2026-Q4,CA,Modesto,trt,7,,0,,0
2026-Q4,CA,Monrovia,glp1,2,,0,,0
2026-Q4,CA,Monrovia,gym,3,,0,,0
2026-Q4,CA,Montclair,glp1,14,,0,,0
2026-Q4,CA,Montclair,gym,1,,0,,0
2026-Q4,CA,Montebello,glp1,24,,0,,0
2026-Q4,CA,Montebello,trt,1,,0,,0
2026-Q4,CA,Monterey,glp1,17,,0,,0
2026-Q4,CA,Monterey,trt,6,,0,,0
2026-Q4,CA,Monterey Park,glp1,29,,0,,0
2026-Q4,CA,Monterey Park,trt,2,,0,,0
2026-Q4,CA,Montrose,glp1,3,,0,,0
2026-Q4,CA,Montrose,gym,3,,0,,0
2026-Q4,CA,Moorpark,glp1,6,,0,,0
2026-Q4,CA,Moreno Valley,glp1,28,,0,,0
2026-Q4,CA,Moreno Valley,trt,6,,0,,0
2026-Q4,CA,Morgan Hill,glp1,7,,0,,0
2026-Q4,CA,Morgan Hill,gym,1,,0,,0
2026-Q4,CA,Mount Shasta,glp1,4,,0,,0
2026-Q4,CA,Mount Shasta,trt,1,,0,,0
2026-Q4,CA,Mountain View,glp1,29,,0,,0
2026-Q4,CA,Mountain View,gym,4,,0,,0
2026-Q4,CA,Mountain View,trt,8,,0,,0
2026-Q4,CA,Murrieta,glp1,41,,0,,0
2026-Q4,CA,Murrieta,trt,6,,0,,0
2026-Q4,CA,Napa,glp1,21,,0,,0
2026-Q4,CA,Napa,trt,3,,0,,0
2026-Q4,CA,National City,glp1,22,,0,,0
2026-Q4,CA,National City,trt,2,,0,,0
2026-Q4,CA,Nevada City,glp1,1,,0,,0
2026-Q4,CA,Newark,gym,1,,0,,0
2026-Q4,CA,Newark,trt,1,,0,,0
2026-Q4,CA,Newbury Park,glp1,9,,0,,0
2026-Q4,CA,Newbury Park,trt,1,,0,,0
2026-Q4,CA,Newhall,glp1,6,,0,,0
2026-Q4,CA,Newhall,trt,6,,0,,0
2026-Q4,CA,Newman,glp1,2,,0,,0
2026-Q4,CA,Newport Beach,glp1,77,,0,,0
2026-Q4,CA,Newport Beach,gym,3,,0,,0
2026-Q4,CA,Newport Beach,pharmacy,2,,0,,0
2026-Q4,CA,Newport Beach,trt,24,,0,,0
2026-Q4,CA,Newport Coast,gym,1,,0,,0
2026-Q4,CA,Nipomo,glp1,5,,0,,0
2026-Q4,CA,Nipomo,trt,1,,0,,0
2026-Q4,CA,Norco,glp1,5,,0,,0
2026-Q4,CA,Norco,trt,1,,0,,0
2026-Q4,CA,North Highlands,glp1,1,,0,,0
2026-Q4,CA,North Hills,glp1,3,,0,,0
2026-Q4,CA,North Hills,gym,1,,0,,0
2026-Q4,CA,North Hollywood,glp1,21,,0,,0
2026-Q4,CA,North Hollywood,trt,7,,0,,0
2026-Q4,CA,Northridge,glp1,39,,0,,0
2026-Q4,CA,Northridge,gym,3,,0,,0
2026-Q4,CA,Northridge,trt,2,,0,,0
2026-Q4,CA,Norwalk,glp1,11,,0,,0
2026-Q4,CA,Norwalk,gym,1,,0,,0
2026-Q4,CA,Novato,glp1,5,,0,,0
2026-Q4,CA,Novato,gym,2,,0,,0
2026-Q4,CA,Novato,pharmacy,1,,0,,0
2026-Q4,CA,Novato,trt,1,,0,,0
2026-Q4,CA,Oak View,glp1,1,,0,,0
2026-Q4,CA,Oakdale,glp1,12,,0,,0
2026-Q4,CA,Oakhurst,glp1,1,,0,,0
2026-Q4,CA,Oakland,glp1,42,,0,,0
2026-Q4,CA,Oakland,gym,12,,0,,0
2026-Q4,CA,Oakland,pharmacy,1,,0,,0
2026-Q4,CA,Oakland,trt,5,,0,,0
2026-Q4,CA,Oakley,gym,1,,0,,0
2026-Q4,CA,Oceanside,glp1,27,,0,,0
2026-Q4,CA,Oceanside,trt,5,,0,,0
2026-Q4,CA,Ojai,glp1,6,,0,,0
2026-Q4,CA,Olema,gym,1,,0,,0
2026-Q4,CA,Olivehurst,glp1,1,,0,,0
2026-Q4,CA,Ontario,glp1,12,,0,,0
2026-Q4,CA,Ontario,gym,1,,0,,0
2026-Q4,CA,Ontario,trt,3,,0,,0
2026-Q4,CA,Orange,glp1,71,,0,,0
2026-Q4,CA,Orange,gym,5,,0,,0
2026-Q4,CA,Orange,trt,17,,0,,0
2026-Q4,CA,Orange Cove,glp1,3,,0,,0
2026-Q4,CA,Orangevale,glp1,2,,0,,0
2026-Q4,CA,Orinda,glp1,6,,0,,0
2026-Q4,CA,Orinda,trt,4,,0,,0
2026-Q4,CA,Orland,glp1,3,,0,,0
2026-Q4,CA,Orosi,glp1,3,,0,,0
2026-Q4,CA,Oroville,glp1,18,,0,,0
2026-Q4,CA,Oroville,trt,1,,0,,0
2026-Q4,CA,Oxnard,glp1,59,,0,,0
2026-Q4,CA,Oxnard,trt,2,,0,,0
2026-Q4,CA,Pacific Palisades,glp1,5,,0,,0
2026-Q4,CA,Pacifica,glp1,1,,0,,0
2026-Q4,CA,Pacoima,glp1,4,,0,,0
2026-Q4,CA,Pacoima,trt,1,,0,,0
2026-Q4,CA,Palm Desert,glp1,21,,0,,0
2026-Q4,CA,Palm Springs,glp1,32,,0,,0
2026-Q4,CA,Palm Springs,trt,5,,0,,0
2026-Q4,CA,Palmdale,glp1,37,,0,,0
2026-Q4,CA,Palmdale,trt,2,,0,,0
2026-Q4,CA,Palo Alto,glp1,18,,0,,0
2026-Q4,CA,Palo Alto,gym,3,,0,,0
2026-Q4,CA,Palo Alto,trt,15,,0,,0
2026-Q4,CA,Palo Cedro,glp1,1,,0,,0
2026-Q4,CA,Palos Verdes Peninsula,glp1,7,,0,,0
2026-Q4,CA,Panorama City,glp1,15,,0,,0
2026-Q4,CA,Panorama City,trt,3,,0,,0
2026-Q4,CA,Paradise,glp1,5,,0,,0
2026-Q4,CA,Paramount,glp1,8,,0,,0
2026-Q4,CA,Parlier,glp1,4,,0,,0
2026-Q4,CA,Pasadena,glp1,86,,0,,0
2026-Q4,CA,Pasadena,gym,1,,0,,0
2026-Q4,CA,Pasadena,trt,13,,0,,0
2026-Q4,CA,Paso Robles,glp1,6,,0,,0
2026-Q4,CA,Paso Robles,trt,1,,0,,0
2026-Q4,CA,Patterson,glp1,6,,0,,0
2026-Q4,CA,Patton,glp1,1,,0,,0
2026-Q4,CA,Penn Valley,glp1,2,,0,,0
2026-Q4,CA,Penn Valley,trt,1,,0,,0
2026-Q4,CA,Perris,glp1,7,,0,,0
2026-Q4,CA,Petaluma,glp1,9,,0,,0
2026-Q4,CA,Petaluma,trt,1,,0,,0
2026-Q4,CA,Phelan,glp1,4,,0,,0
2026-Q4,CA,Pico Rivera,glp1,8,,0,,0
2026-Q4,CA,Pico Rivera,trt,1,,0,,0
2026-Q4,CA,Pinole,glp1,2,,0,,0
2026-Q4,CA,Pinole,gym,1,,0,,0
2026-Q4,CA,Pinole,trt,1,,0,,0
2026-Q4,CA,Pismo Beach,glp1,5,,0,,0
2026-Q4,CA,Pismo Beach,trt,1,,0,,0
2026-Q4,CA,Pittsburg,glp1,4,,0,,0
2026-Q4,CA,Pittsburg,trt,1,,0,,0
2026-Q4,CA,Pixley,glp1,1,,0,,0
2026-Q4,CA,Placentia,glp1,7,,0,,0
2026-Q4,CA,Placentia,gym,1,,0,,0
2026-Q4,CA,Placerville,glp1,7,,0,,0
2026-Q4,CA,Playa Del Rey,gym,1,,0,,0
2026-Q4,CA,Playa Vista,glp1,2,,0,,0
2026-Q4,CA,Pleasant Hill,glp1,5,,0,,0
2026-Q4,CA,Pleasant Hill,gym,1,,0,,0
2026-Q4,CA,Pleasanton,glp1,18,,0,,0
2026-Q4,CA,Pleasanton,gym,5,,0,,0
2026-Q4,CA,Pleasanton,trt,7,,0,,0
2026-Q4,CA,Point Arena,glp1,1,,0,,0
2026-Q4,CA,Point Reyes Station,glp1,1,,0,,0
2026-Q4,CA,Pomona,glp1,50,,0,,0
2026-Q4,CA,Pomona,gym,1,,0,,0
2026-Q4,CA,Pomona,trt,17,,0,,0
2026-Q4,CA,Port Hueneme,glp1,2,,0,,0
2026-Q4,CA,Porter Ranch,glp1,2,,0,,0
2026-Q4,CA,Porter Ranch,trt,2,,0,,0
2026-Q4,CA,Porterville,glp1,18,,0,,0
2026-Q4,CA,Portola Valley,glp1,1,,0,,0
2026-Q4,CA,Portola Valley,trt,2,,0,,0
2026-Q4,CA,Poway,glp1,21,,0,,0
2026-Q4,CA,Poway,trt,3,,0,,0
2026-Q4,CA,Quail Valley,glp1,2,,0,,0
2026-Q4,CA,Ramona,glp1,4,,0,,0
2026-Q4,CA,Ramona,trt,1,,0,,0
2026-Q4,CA,Rancho Cordova,glp1,6,,0,,0
2026-Q4,CA,Rancho Cordova,trt,2,,0,,0
2026-Q4,CA,Rancho Cucamonga,glp1,46,,0,,0
2026-Q4,CA,Rancho Cucamonga,gym,3,,0,,0
2026-Q4,CA,Rancho Cucamonga,trt,7,,0,,0
2026-Q4,CA,Rancho Mirage,glp1,33,,0,,0
2026-Q4,CA,Rancho Mirage,trt,6,,0,,0
2026-Q4,CA,Rancho Palos Verdes,glp1,2,,0,,0
2026-Q4,CA,Rancho Palos Verdes,trt,3,,0,,0
2026-Q4,CA,Rancho Santa Fe,glp1,1,,0,,0
2026-Q4,CA,Rancho Santa Margarita,glp1,4,,0,,0
2026-Q4,CA,Rancho Santa Margarita,trt,1,,0,,0
2026-Q4,CA,Red Bluff,glp1,12,,0,,0
2026-Q4,CA,Redding,glp1,45,,0,,0
2026-Q4,CA,Redding,trt,6,,0,,0
2026-Q4,CA,Redlands,glp1,25,,0,,0
2026-Q4,CA,Redlands,trt,4,,0,,0
2026-Q4,CA,Redondo Beach,glp1,9,,0,,0
2026-Q4,CA,Redondo Beach,gym,6,,0,,0
2026-Q4,CA,Redondo Beach,trt,4,,0,,0
2026-Q4,CA,Redway,glp1,3,,0,,0
2026-Q4,CA,Redwood City,glp1,11,,0,,0
2026-Q4,CA,Redwood City,gym,4,,0,,0
2026-Q4,CA,Redwood City,trt,3,,0,,0
2026-Q4,CA,Reedley,glp1,11,,0,,0
2026-Q4,CA,Reedley,trt,1,,0,,0
2026-Q4,CA,Reseda,glp1,6,,0,,0
2026-Q4,CA,Reseda,gym,1,,0,,0
2026-Q4,CA,Rialto,glp1,14,,0,,0
2026-Q4,CA,Richmond,glp1,2,,0,,0
2026-Q4,CA,Richmond,gym,1,,0,,0
2026-Q4,CA,Ridgecrest,glp1,4,,0,,0
2026-Q4,CA,Ripon,glp1,1,,0,,0
2026-Q4,CA,Riverbank,glp1,4,,0,,0
2026-Q4,CA,Riverdale,glp1,4,,0,,0
2026-Q4,CA,Riverside,glp1,100,,0,,0
2026-Q4,CA,Riverside,gym,6,,0,,0
2026-Q4,CA,Riverside,trt,12,,0,,0
2026-Q4,CA,Rocklin,glp1,9,,0,,0
2026-Q4,CA,Rocklin,trt,3,,0,,0
2026-Q4,CA,Rosemead,glp1,14,,0,,0
2026-Q4,CA,Rosemead,trt,1,,0,,0
2026-Q4,CA,Roseville,glp1,52,,0,,0
2026-Q4,CA,Roseville,trt,15,,0,,0
2026-Q4,CA,Round Mountain,glp1,2,,0,,0
2026-Q4,CA,Rowland Heights,glp1,10,,0,,0
2026-Q4,CA,Sacramento,glp1,163,,0,,0
2026-Q4,CA,Sacramento,pharmacy,1,,0,,0
2026-Q4,CA,Sacramento,trt,39,,0,,0
2026-Q4,CA,Saint Helena,glp1,6,,0,,0
2026-Q4,CA,Saint Helena,trt,2,,0,,0
2026-Q4,CA,Salida,glp1,1,,0,,0
2026-Q4,CA,Salinas,glp1,37,,0,,0
2026-Q4,CA,Salinas,trt,6,,0,,0
2026-Q4,CA,San Andreas,glp1,5,,0,,0
2026-Q4,CA,San Anselmo,glp1,2,,0,,0
2026-Q4,CA,San Bernardino,glp1,47,,0,,0
2026-Q4,CA,San Bernardino,trt,8,,0,,0
2026-Q4,CA,San Bruno,glp1,2,,0,,0
2026-Q4,CA,San Bruno,gym,1,,0,,0
2026-Q4,CA,San Carlos,glp1,5,,0,,0
2026-Q4,CA,San Carlos,trt,4,,0,,0
2026-Q4,CA,San Clemente,glp1,16,,0,,0
2026-Q4,CA,San Diego,glp1,305,,0,,0
2026-Q4,CA,San Diego,pharmacy,1,,0,,0
2026-Q4,CA,San Diego,trt,65,,0,,0
2026-Q4,CA,San Dimas,glp1,13,,0,,0
2026-Q4,CA,San Dimas,trt,5,,0,,0
2026-Q4,CA,San Fernando,glp1,10,,0,,0
2026-Q4,CA,San Fernando,gym,3,,0,,0
2026-Q4,CA,San Fernando,trt,2,,0,,0
2026-Q4,CA,San Francisco,glp1,166,,0,,0
2026-Q4,CA,San Francisco,gym,32,,0,,0
2026-Q4,CA,San Francisco,pharmacy,4,,0,,0
2026-Q4,CA,San Francisco,trt,78,,0,,0
2026-Q4,CA,San Gabriel,glp1,29,,0,,0
2026-Q4,CA,San Gabriel,trt,4,,0,,0
2026-Q4,CA,San Jacinto,glp1,4,,0,,0
2026-Q4,CA,San Joaquin,glp1,5,,0,,0
2026-Q4,CA,San Jose,glp1,137,,0,,0
2026-Q4,CA,San Jose,gym,17,,0,,0
2026-Q4,CA,San Jose,pharmacy,4,,0,,0
2026-Q4,CA,San Jose,trt,21,,0,,0
2026-Q4,CA,San Juan Bautista,glp1,1,,0,,0
2026-Q4,CA,San Juan Capistrano,glp1,6,,0,,0
2026-Q4,CA,San Juan Capistrano,trt,1,,0,,0
2026-Q4,CA,San Leandro,glp1,17,,0,,0
2026-Q4,CA,San Leandro,trt,5,,0,,0
2026-Q4,CA,San Luis Obispo,glp1,33,,0,,0
2026-Q4,CA,San Luis Obispo,trt,4,,0,,0
2026-Q4,CA,San Marcos,glp1,21,,0,,0
2026-Q4,CA,San Marcos,trt,1,,0,,0
2026-Q4,CA,San Marino,glp1,4,,0,,0
2026-Q4,CA,San Marino,gym,1,,0,,0
2026-Q4,CA,San Mateo,glp1,16,,0,,0
2026-Q4,CA,San Mateo,gym,4,,0,,0
2026-Q4,CA,San Mateo,trt,2,,0,,0
2026-Q4,CA,San Pablo,glp1,6,,0,,0
2026-Q4,CA,San Pablo,trt,1,,0,,0
2026-Q4,CA,San Pedro,glp1,12,,0,,0
2026-Q4,CA,San Pedro,gym,1,,0,,0
2026-Q4,CA,San Pedro,trt,3,,0,,0
2026-Q4,CA,San Rafael,glp1,12,,0,,0
2026-Q4,CA,San Rafael,gym,2,,0,,0
2026-Q4,CA,San Rafael,trt,1,,0,,0
2026-Q4,CA,San Ramon,glp1,25,,0,,0
2026-Q4,CA,San Ramon,gym,5,,0,,0
2026-Q4,CA,San Ramon,pharmacy,1,,0,,0
2026-Q4,CA,San Ramon,trt,4,,0,,0
2026-Q4,CA,San Ysidro,glp1,1,,0,,0
2026-Q4,CA,Sanger,glp1,5,,0,,0
2026-Q4,CA,Santa Ana,glp1,79,,0,,0
2026-Q4,CA,Santa Ana,pharmacy,2,,0,,0
2026-Q4,CA,Santa Ana,trt,12,,0,,0
2026-Q4,CA,Santa Barbara,glp1,50,,0,,0
2026-Q4,CA,Santa Barbara,trt,8,,0,,0
2026-Q4,CA,Santa Clara,glp1,6,,0,,0
2026-Q4,CA,Santa Clara,gym,2,,0,,0
2026-Q4,CA,Santa Clara,trt,3,,0,,0
2026-Q4,CA,Santa Clarita,glp1,2,,0,,0
2026-Q4,CA,Santa Clarita,trt,1,,0,,0
2026-Q4,CA,Santa Cruz,glp1,10,,0,,0
2026-Q4,CA,Santa Cruz,trt,3,,0,,0
2026-Q4,CA,Santa Fe Springs,glp1,2,,0,,0
2026-Q4,CA,Santa Fe Springs,trt,1,,0,,0
2026-Q4,CA,Santa Maria,glp1,43,,0,,0
2026-Q4,CA,Santa Maria,trt,3,,0,,0
2026-Q4,CA,Santa Monica,glp1,70,,0,,0
2026-Q4,CA,Santa Monica,gym,3,,0,,0
2026-Q4,CA,Santa Monica,trt,21,,0,,0
2026-Q4,CA,Santa Paula,glp1,14,,0,,0
2026-Q4,CA,Santa Rosa,glp1,34,,0,,0
2026-Q4,CA,Santa Rosa,trt,14,,0,,0
2026-Q4,CA,Santee,glp1,14,,0,,0
2026-Q4,CA,Santee,trt,1,,0,,0
2026-Q4,CA,Sausalito,glp1,2,,0,,0
2026-Q4,CA,Scotia,glp1,1,,0,,0
2026-Q4,CA,Seal Beach,glp1,4,,0,,0
2026-Q4,CA,Seal Beach,trt,1,,0,,0
2026-Q4,CA,Sebastopol,glp1,2,,0,,0
2026-Q4,CA,Selma,glp1,8,,0,,0
2026-Q4,CA,Selma,trt,1,,0,,0
2026-Q4,CA,Shafter,glp1,8,,0,,0
2026-Q4,CA,Sherman Oaks,glp1,24,,0,,0
2026-Q4,CA,Sherman Oaks,gym,2,,0,,0
2026-Q4,CA,Sherman Oaks,pharmacy,1,,0,,0
2026-Q4,CA,Sherman Oaks,trt,1,,0,,0
2026-Q4,CA,Shingle Springs,glp1,2,,0,,0
2026-Q4,CA,Shingletown,glp1,1,,0,,0
2026-Q4,CA,Sierra Madre,glp1,2,,0,,0
2026-Q4,CA,Simi Valley,glp1,26,,0,,0
2026-Q4,CA,Simi Valley,gym,5,,0,,0
2026-Q4,CA,Simi Valley,trt,2,,0,,0
2026-Q4,CA,Solana Beach,glp1,7,,0,,0
2026-Q4,CA,Solana Beach,trt,2,,0,,0
2026-Q4,CA,Soledad,glp1,3,,0,,0
2026-Q4,CA,Solvang,glp1,1,,0,,0
2026-Q4,CA,Sonoma,glp1,8,,0,,0
2026-Q4,CA,Sonora,glp1,19,,0,,0
2026-Q4,CA,Sonora,trt,2,,0,,0
2026-Q4,CA,South El Monte,glp1,5,,0,,0
2026-Q4,CA,South Gate,glp1,16,,0,,0
2026-Q4,CA,South Gate,trt,1,,0,,0
2026-Q4,CA,South Lake Tahoe,glp1,7,,0,,0
2026-Q4,CA,South Lake Tahoe,trt,1,,0,,0
2026-Q4,CA,South Pasadena,glp1,2,,0,,0
2026-Q4,CA,South Pasadena,trt,1,,0,,0
2026-Q4,CA,South San Francisco,glp1,8,,0,,0
2026-Q4,CA,South San Francisco,trt,4,,0,,0
2026-Q4,CA,Spring Valley,glp1,8,,0,,0
2026-Q4,CA,Spring Valley,trt,1,,0,,0
2026-Q4,CA,Stanford,glp1,10,,0,,0
2026-Q4,CA,Stanford,trt,4,,0,,0
2026-Q4,CA,Stanton,glp1,4,,0,,0
2026-Q4,CA,Stockton,glp1,67,,0,,0
2026-Q4,CA,Stockton,trt,11,,0,,0
2026-Q4,CA,Stratford,glp1,1,,0,,0
2026-Q4,CA,Studio City,glp1,2,,0,,0
2026-Q4,CA,Studio City,pharmacy,1,,0,,0
2026-Q4,CA,Sun City,glp1,20,,0,,0
2026-Q4,CA,Sun Valley,glp1,8,,0,,0
2026-Q4,CA,Sunland,glp1,2,,0,,0
2026-Q4,CA,Sunnyvale,glp1,7,,0,,0
2026-Q4,CA,Sunnyvale,gym,3,,0,,0
2026-Q4,CA,Sunnyvale,trt,4,,0,,0
2026-Q4,CA,Sunol,glp1,1,,0,,0
2026-Q4,CA,Sunset Beach,glp1,1,,0,,0
2026-Q4,CA,Susanville,glp1,1,,0,,0
2026-Q4,CA,Sylmar,glp1,4,,0,,0
2026-Q4,CA,Sylmar,trt,3,,0,,0
2026-Q4,CA,Taft,glp1,4,,0,,0
2026-Q4,CA,Tahoe City,glp1,1,,0,,0
2026-Q4,CA,Tarzana,glp1,31,,0,,0
2026-Q4,CA,Tarzana,trt,8,,0,,0
2026-Q4,CA,Tehachapi,glp1,4,,0,,0
2026-Q4,CA,Temecula,glp1,56,,0,,0
2026-Q4,CA,Temecula,trt,5,,0,,0
2026-Q4,CA,Temple City,glp1,2,,0,,0
2026-Q4,CA,Temple City,gym,1,,0,,0
2026-Q4,CA,Templeton,glp1,10,,0,,0
2026-Q4,CA,Templeton,trt,2,,0,,0
2026-Q4,CA,Terra Bella,glp1,2,,0,,0
2026-Q4,CA,Thousand Oaks,glp1,31,,0,,0
2026-Q4,CA,Thousand Oaks,trt,10,,0,,0
2026-Q4,CA,Three Rivers,glp1,1,,0,,0
2026-Q4,CA,Tipton,glp1,1,,0,,0
2026-Q4,CA,Torrance,glp1,90,,0,,0
2026-Q4,CA,Torrance,gym,4,,0,,0
2026-Q4,CA,Torrance,pharmacy,1,,0,,0
2026-Q4,CA,Torrance,trt,30,,0,,0
2026-Q4,CA,Trabuco Canyon,glp1,1,,0,,0
2026-Q4,CA,Tracy,glp1,15,,0,,0
2026-Q4,CA,Tracy,trt,1,,0,,0
2026-Q4,CA,Tranquillity,glp1,1,,0,,0
2026-Q4,CA,Travis Afb,glp1,2,,0,,0
2026-Q4,CA,Travis Afb,trt,2,,0,,0
2026-Q4,CA,Truckee,glp1,3,,0,,0
2026-Q4,CA,Truckee,trt,1,,0,,0
2026-Q4,CA,Tujunga,glp1,2,,0,,0
2026-Q4,CA,Tujunga,gym,1,,0,,0
2026-Q4,CA,Tulare,glp1,20,,0,,0
2026-Q4,CA,Tulare,trt,2,,0,,0
2026-Q4,CA,Tuolumne,glp1,1,,0,,0
2026-Q4,CA,Turlock,glp1,25,,0,,0
2026-Q4,CA,Tustin,glp1,17,,0,,0
2026-Q4,CA,Tustin,gym,1,,0,,0
2026-Q4,CA,Tustin,trt,3,,0,,0
2026-Q4,CA,Twentynine Palms,glp1,3,,0,,0
2026-Q4,CA,Ukiah,glp1,9,,0,,0
2026-Q4,CA,Ukiah,trt,2,,0,,0
2026-Q4,CA,Union City,glp1,2,,0,,0
2026-Q4,CA,Union City,gym,1,,0,,0
2026-Q4,CA,Union City,trt,2,,0,,0
2026-Q4,CA,Upland,glp1,42,,0,,0
2026-Q4,CA,Upland,gym,1,,0,,0
2026-Q4,CA,Upland,trt,3,,0,,0
2026-Q4,CA,Vacaville,glp1,9,,0,,0
2026-Q4,CA,Vacaville,trt,3,,0,,0
2026-Q4,CA,Valencia,glp1,29,,0,,0
2026-Q4,CA,Valencia,trt,7,,0,,0
2026-Q4,CA,Vallejo,glp1,12,,0,,0
2026-Q4,CA,Vallejo,gym,2,,0,,0
2026-Q4,CA,Vallejo,trt,1,,0,,0
2026-Q4,CA,Valley Center,glp1,3,,0,,0
2026-Q4,CA,Valley Springs,glp1,1,,0,,0
2026-Q4,CA,Valley Village,glp1,7,,0,,0
2026-Q4,CA,Valley Village,trt,1,,0,,0
2026-Q4,CA,Van Nuys,glp1,33,,0,,0
2026-Q4,CA,Van Nuys,gym,3,,0,,0
2026-Q4,CA,Van Nuys,trt,2,,0,,0
2026-Q4,CA,Venice,glp1,2,,0,,0
2026-Q4,CA,Venice,gym,2,,0,,0
2026-Q4,CA,Venice,trt,1,,0,,0
2026-Q4,CA,Ventura,glp1,48,,0,,0
2026-Q4,CA,Ventura,trt,9,,0,,0
2026-Q4,CA,Victorville,glp1,51,,0,,0
2026-Q4,CA,Victorville,trt,2,,0,,0
2026-Q4,CA,Villa Park,glp1,1,,0,,0
2026-Q4,CA,Visalia,glp1,65,,0,,0
2026-Q4,CA,Visalia,trt,5,,0,,0
2026-Q4,CA,Vista,glp1,35,,0,,0
2026-Q4,CA,Vista,trt,2,,0,,0
2026-Q4,CA,Walnut,glp1,7,,0,,0
2026-Q4,CA,Walnut,trt,1,,0,,0
2026-Q4,CA,Walnut Creek,glp1,61,,0,,0
2026-Q4,CA,Walnut Creek,gym,4,,0,,0
2026-Q4,CA,Walnut Creek,trt,13,,0,,0
2026-Q4,CA,Wasco,glp1,5,,0,,0
2026-Q4,CA,Waterford,glp1,2,,0,,0
2026-Q4,CA,Watsonville,glp1,9,,0,,0
2026-Q4,CA,Weaverville,glp1,1,,0,,0
2026-Q4,CA,Weimar,glp1,2,,0,,0
2026-Q4,CA,West Covina,glp1,28,,0,,0
2026-Q4,CA,West Covina,gym,1,,0,,0
2026-Q4,CA,West Covina,trt,5,,0,,0
2026-Q4,CA,West Hills,glp1,29,,0,,0
2026-Q4,CA,West Hills,trt,3,,0,,0
2026-Q4,CA,West Hollywood,glp1,6,,0,,0
2026-Q4,CA,West Sacramento,glp1,8,,0,,0
2026-Q4,CA,West Sacramento,trt,1,,0,,0
2026-Q4,CA,Westlake Village,glp1,8,,0,,0
2026-Q4,CA,Westlake Village,trt,1,,0,,0
2026-Q4,CA,Westminster,glp1,34,,0,,0
2026-Q4,CA,Westminster,trt,5,,0,,0
2026-Q4,CA,Whittier,glp1,31,,0,,0
2026-Q4,CA,Whittier,gym,2,,0,,0
2026-Q4,CA,Whittier,trt,4,,0,,0
2026-Q4,CA,Wildomar,glp1,8,,0,,0
2026-Q4,CA,Williams,glp1,3,,0,,0
2026-Q4,CA,Willits,glp1,4,,0,,0
2026-Q4,CA,Willows,glp1,1,,0,,0
2026-Q4,CA,Wilmington,glp1,6,,0,,0
2026-Q4,CA,Wilmington,pharmacy,1,,0,,0
2026-Q4,CA,Winchester,glp1,2,,0,,0
2026-Q4,CA,Windsor,glp1,1,,0,,0
2026-Q4,CA,Winnetka,glp1,2,,0,,0
2026-Q4,CA,Winterhaven,glp1,1,,0,,0
2026-Q4,CA,Winters,glp1,1,,0,,0
2026-Q4,CA,Winton,glp1,2,,0,,0
2026-Q4,CA,Wofford Heights,glp1,1,,0,,0
2026-Q4,CA,Woodlake,glp1,2,,0,,0
2026-Q4,CA,Woodland,glp1,1,,0,,0
2026-Q4,CA,Woodland,trt,1,,0,,0
2026-Q4,CA,Woodland Hills,glp1,17,,0,,0
2026-Q4,CA,Woodland Hills,gym,4,,0,,0
2026-Q4,CA,Woodland Hills,trt,7,,0,,0
2026-Q4,CA,Wrightwood,trt,1,,0,,0
2026-Q4,CA,Yorba Linda,glp1,14,,0,,0
2026-Q4,CA,Yorba Linda,gym,1,,0,,0
2026-Q4,CA,Yorba Linda,pharmacy,1,,0,,0
2026-Q4,CA,Yorba Linda,trt,1,,0,,0
2026-Q4,CA,Yreka,glp1,8,,0,,0
2026-Q4,CA,Yuba City,glp1,23,,0,,0
2026-Q4,CA,Yuba City,trt,4,,0,,0
2026-Q4,CA,Yucaipa,glp1,4,,0,,0
2026-Q4,CA,Yucaipa,trt,1,,0,,0
2026-Q4,CA,Yucca Valley,glp1,10,,0,,0
2026-Q4,CA,Yucca Valley,trt,3,,0,,0
2026-Q4,CO,Alamosa,glp1,4,,0,,0
2026-Q4,CO,Arvada,glp1,15,,0,,0
2026-Q4,CO,Arvada,gym,2,,0,,0
2026-Q4,CO,Arvada,trt,2,,0,,0
2026-Q4,CO,Aspen,glp1,2,,0,,0
2026-Q4,CO,Aspen,trt,1,,0,,0
2026-Q4,CO,Aurora,glp1,59,,0,,0
2026-Q4,CO,Aurora,gym,16,,0,,0
2026-Q4,CO,Aurora,trt,17,,0,,0
2026-Q4,CO,Avon,trt,1,,0,,0
2026-Q4,CO,Basalt,glp1,6,,0,,0
2026-Q4,CO,Berthoud,glp1,2,,0,,0
2026-Q4,CO,Boulder,glp1,22,,0,,0
2026-Q4,CO,Boulder,gym,6,,0,,0
2026-Q4,CO,Boulder,trt,8,,0,,0
2026-Q4,CO,Breckenridge,glp1,1,,0,,0
2026-Q4,CO,Brighton,glp1,12,,0,,0
2026-Q4,CO,Brighton,trt,2,,0,,0
2026-Q4,CO,Broomfield,glp1,30,,0,,0
2026-Q4,CO,Broomfield,gym,8,,0,,0
2026-Q4,CO,Broomfield,trt,4,,0,,0
2026-Q4,CO,Canon City,glp1,8,,0,,0
2026-Q4,CO,Canon City,trt,1,,0,,0
2026-Q4,CO,Carbondale,glp1,1,,0,,0
2026-Q4,CO,Castle Rock,glp1,25,,0,,0
2026-Q4,CO,Castle Rock,gym,2,,0,,0
2026-Q4,CO,Castle Rock,trt,1,,0,,0
2026-Q4,CO,Collbran,glp1,1,,0,,0
2026-Q4,CO,Colorado Springs,glp1,128,,0,,0
2026-Q4,CO,Colorado Springs,trt,18,,0,,0
2026-Q4,CO,Conifer,glp1,1,,0,,0
2026-Q4,CO,Conifer,trt,1,,0,,0
2026-Q4,CO,Dacono,glp1,1,,0,,0
2026-Q4,CO,Dacono,gym,2,,0,,0
2026-Q4,CO,Deer Trail,glp1,1,,0,,0
2026-Q4,CO,Delta,glp1,7,,0,,0
2026-Q4,CO,Denver,glp1,178,,0,,0
2026-Q4,CO,Denver,gym,24,,0,,0
2026-Q4,CO,Denver,pharmacy,5,,0,,0
2026-Q4,CO,Denver,trt,64,,0,,0
2026-Q4,CO,Dillon,glp1,1,,0,,0
2026-Q4,CO,Divide,glp1,1,,0,,0
2026-Q4,CO,Durango,glp1,6,,0,,0
2026-Q4,CO,Durango,trt,6,,0,,0
2026-Q4,CO,Eastlake,gym,1,,0,,0
2026-Q4,CO,Eaton,glp1,1,,0,,0
2026-Q4,CO,Edwards,trt,2,,0,,0
2026-Q4,CO,Englewood,glp1,61,,0,,0
2026-Q4,CO,Englewood,gym,4,,0,,0
2026-Q4,CO,Englewood,pharmacy,2,,0,,0
2026-Q4,CO,Englewood,trt,12,,0,,0
2026-Q4,CO,Erie,glp1,4,,0,,0
2026-Q4,CO,Erie,gym,1,,0,,0
2026-Q4,CO,Evans,trt,1,,0,,0
2026-Q4,CO,Evergreen,glp1,1,,0,,0
2026-Q4,CO,Fort Collins,glp1,37,,0,,0
2026-Q4,CO,Fort Collins,trt,6,,0,,0
2026-Q4,CO,Fort Lupton,glp1,1,,0,,0
2026-Q4,CO,Fort Morgan,glp1,1,,0,,0
2026-Q4,CO,Fountain,glp1,1,,0,,0
2026-Q4,CO,Franktown,glp1,1,,0,,0
2026-Q4,CO,Frisco,trt,4,,0,,0
2026-Q4,CO,Fruita,glp1,5,,0,,0
2026-Q4,CO,Fruita,trt,2,,0,,0
2026-Q4,CO,Glenwood Springs,glp1,4,,0,,0
2026-Q4,CO,Golden,glp1,12,,0,,0
2026-Q4,CO,Golden,gym,3,,0,,0
2026-Q4,CO,Golden,pharmacy,1,,0,,0
2026-Q4,CO,Golden,trt,5,,0,,0
2026-Q4,CO,Grand Junction,glp1,15,,0,,0
2026-Q4,CO,Grand Junction,trt,8,,0,,0
2026-Q4,CO,Greeley,glp1,19,,0,,0
2026-Q4,CO,Greeley,trt,4,,0,,0
2026-Q4,CO,Haxtun,glp1,2,,0,,0
2026-Q4,CO,Hotchkiss,glp1,2,,0,,0
2026-Q4,CO,Johnstown,glp1,4,,0,,0
2026-Q4,CO,Julesburg,glp1,2,,0,,0
2026-Q4,CO,Keenesburg,glp1,2,,0,,0
2026-Q4,CO,La Jara,glp1,2,,0,,0
2026-Q4,CO,La Junta,glp1,7,,0,,0
2026-Q4,CO,Lafayette,glp1,9,,0,,0
2026-Q4,CO,Lafayette,gym,5,,0,,0
2026-Q4,CO,Lafayette,pharmacy,1,,0,,0
2026-Q4,CO,Lafayette,trt,2,,0,,0
2026-Q4,CO,Lamar,glp1,1,,0,,0
2026-Q4,CO,Littleton,glp1,56,,0,,0
2026-Q4,CO,Littleton,gym,7,,0,,0
2026-Q4,CO,Littleton,trt,7,,0,,0
2026-Q4,CO,Lone Tree,glp1,34,,0,,0
2026-Q4,CO,Lone Tree,trt,3,,0,,0
2026-Q4,CO,Longmont,glp1,13,,0,,0
2026-Q4,CO,Longmont,gym,4,,0,,0
2026-Q4,CO,Longmont,pharmacy,1,,0,,0
2026-Q4,CO,Longmont,trt,7,,0,,0
2026-Q4,CO,Louisville,glp1,14,,0,,0
2026-Q4,CO,Louisville,gym,1,,0,,0
2026-Q4,CO,Louisville,trt,3,,0,,0
2026-Q4,CO,Loveland,glp1,14,,0,,0
2026-Q4,CO,Loveland,trt,4,,0,,0
2026-Q4,CO,Monte Vista,glp1,1,,0,,0
2026-Q4,CO,Montrose,glp1,4,,0,,0
2026-Q4,CO,Monument,glp1,3,,0,,0
2026-Q4,CO,Morrison,glp1,2,,0,,0
2026-Q4,CO,New Castle,glp1,1,,0,,0
2026-Q4,CO,Niwot,gym,1,,0,,0
2026-Q4,CO,Oak Creek,glp1,2,,0,,0
2026-Q4,CO,Palisade,glp1,2,,0,,0
2026-Q4,CO,Parachute,glp1,1,,0,,0
2026-Q4,CO,Parker,glp1,27,,0,,0
2026-Q4,CO,Parker,gym,3,,0,,0
2026-Q4,CO,Parker,trt,2,,0,,0
2026-Q4,CO,Peyton,glp1,1,,0,,0
2026-Q4,CO,Pine,gym,1,,0,,0
2026-Q4,CO,Pueblo,glp1,70,,0,,0
2026-Q4,CO,Pueblo,trt,6,,0,,0
2026-Q4,CO,Rifle,glp1,1,,0,,0
2026-Q4,CO,Rocky Ford,glp1,2,,0,,0
2026-Q4,CO,Salida,glp1,1,,0,,0
2026-Q4,CO,Silt,glp1,1,,0,,0
2026-Q4,CO,Steamboat Springs,glp1,4,,0,,0
2026-Q4,CO,Steamboat Springs,trt,4,,0,,0
2026-Q4,CO,Sterling,glp1,4,,0,,0
2026-Q4,CO,Strasburg,glp1,1,,0,,0
2026-Q4,CO,Thornton,glp1,2,,0,,0
2026-Q4,CO,Timnath,glp1,1,,0,,0
2026-Q4,CO,Trinidad,glp1,4,,0,,0
2026-Q4,CO,Vail,glp1,2,,0,,0
2026-Q4,CO,Walsenburg,glp1,1,,0,,0
2026-Q4,CO,Wellington,glp1,1,,0,,0
2026-Q4,CO,Westminster,glp1,12,,0,,0
2026-Q4,CO,Westminster,gym,2,,0,,0
2026-Q4,CO,Westminster,trt,1,,0,,0
2026-Q4,CO,Wheat Ridge,glp1,5,,0,,0
2026-Q4,CO,Wheat Ridge,gym,2,,0,,0
2026-Q4,CO,Wheat Ridge,trt,4,,0,,0
2026-Q4,CO,Woodland Park,glp1,3,,0,,0
2026-Q4,CT,Abington,glp1,1,,0,,0
2026-Q4,CT,Ansonia,glp1,11,,0,,0
2026-Q4,CT,Ansonia,trt,4,,0,,0
2026-Q4,CT,Avon,glp1,13,,0,,0
2026-Q4,CT,Avon,trt,1,,0,,0
2026-Q4,CT,Berlin,glp1,3,,0,,0
2026-Q4,CT,Bethany,glp1,1,,0,,0
2026-Q4,CT,Bethel,glp1,1,,0,,0
2026-Q4,CT,Bethel,trt,1,,0,,0
2026-Q4,CT,Bloomfield,glp1,25,,0,,0
2026-Q4,CT,Bloomfield,trt,2,,0,,0
2026-Q4,CT,Bolton,glp1,3,,0,,0
2026-Q4,CT,Branford,glp1,12,,0,,0
2026-Q4,CT,Branford,trt,4,,0,,0
2026-Q4,CT,Bridgeport,glp1,26,,0,,0
2026-Q4,CT,Bridgeport,trt,5,,0,,0
2026-Q4,CT,Bristol,glp1,12,,0,,0
2026-Q4,CT,Bristol,trt,3,,0,,0
2026-Q4,CT,Brookfield,glp1,4,,0,,0
2026-Q4,CT,Brookfield,pharmacy,1,,0,,0
2026-Q4,CT,Brooklyn,glp1,1,,0,,0
2026-Q4,CT,Burlington,glp1,1,,0,,0
2026-Q4,CT,Canterbury,glp1,1,,0,,0
2026-Q4,CT,Canton,glp1,2,,0,,0
2026-Q4,CT,Cheshire,glp1,4,,0,,0
2026-Q4,CT,Cheshire,trt,3,,0,,0
2026-Q4,CT,Clinton,glp1,1,,0,,0
2026-Q4,CT,Colchester,glp1,1,,0,,0
2026-Q4,CT,Cos Cob,glp1,4,,0,,0
2026-Q4,CT,Cromwell,glp1,3,,0,,0
2026-Q4,CT,Danbury,glp1,16,,0,,0
2026-Q4,CT,Danbury,trt,4,,0,,0
2026-Q4,CT,Danielson,glp1,4,,0,,0
2026-Q4,CT,Darien,glp1,6,,0,,0
2026-Q4,CT,Darien,trt,1,,0,,0
2026-Q4,CT,Dayville,glp1,4,,0,,0
2026-Q4,CT,Derby,glp1,7,,0,,0
2026-Q4,CT,Derby,trt,1,,0,,0
2026-Q4,CT,East Granby,glp1,3,,0,,0
2026-Q4,CT,East Hampton,glp1,1,,0,,0
2026-Q4,CT,East Hartford,glp1,11,,0,,0
2026-Q4,CT,East Hartford,trt,2,,0,,0
2026-Q4,CT,East Windsor,glp1,1,,0,,0
2026-Q4,CT,Ellington,glp1,6,,0,,0
2026-Q4,CT,Enfield,glp1,14,,0,,0
2026-Q4,CT,Enfield,trt,3,,0,,0
2026-Q4,CT,Essex,glp1,1,,0,,0
2026-Q4,CT,Essex,trt,1,,0,,0
2026-Q4,CT,Fairfield,glp1,21,,0,,0
2026-Q4,CT,Fairfield,trt,5,,0,,0
2026-Q4,CT,Farmington,glp1,11,,0,,0
2026-Q4,CT,Farmington,trt,7,,0,,0
2026-Q4,CT,Gales Ferry,glp1,3,,0,,0
2026-Q4,CT,Glastonbury,glp1,15,,0,,0
2026-Q4,CT,Granby,glp1,1,,0,,0
2026-Q4,CT,Greenwich,glp1,21,,0,,0
2026-Q4,CT,Greenwich,gym,2,,0,,0
2026-Q4,CT,Greenwich,trt,9,,0,,0
2026-Q4,CT,Groton,glp1,4,,0,,0
2026-Q4,CT,Groton,trt,3,,0,,0
2026-Q4,CT,Guilford,glp1,6,,0,,0
2026-Q4,CT,Guilford,trt,2,,0,,0
2026-Q4,CT,Hamden,glp1,24,,0,,0
2026-Q4,CT,Hamden,trt,3,,0,,0
2026-Q4,CT,Hartford,glp1,63,,0,,0
2026-Q4,CT,Hartford,trt,19,,0,,0
2026-Q4,CT,Hebron,glp1,2,,0,,0
2026-Q4,CT,Higganum,glp1,1,,0,,0
2026-Q4,CT,Jewett City,glp1,3,,0,,0
2026-Q4,CT,Madison,glp1,4,,0,,0
2026-Q4,CT,Manchester,glp1,22,,0,,0
2026-Q4,CT,Manchester,trt,3,,0,,0
2026-Q4,CT,Mansfield Center,glp1,3,,0,,0
2026-Q4,CT,Meriden,glp1,8,,0,,0
2026-Q4,CT,Middlebury,glp1,7,,0,,0
2026-Q4,CT,Middlebury,trt,3,,0,,0
2026-Q4,CT,Middlefield,glp1,1,,0,,0
2026-Q4,CT,Middletown,glp1,9,,0,,0
2026-Q4,CT,Middletown,trt,6,,0,,0
2026-Q4,CT,Milford,glp1,19,,0,,0
2026-Q4,CT,Milford,trt,2,,0,,0
2026-Q4,CT,Milldale,glp1,2,,0,,0
2026-Q4,CT,Monroe,glp1,1,,0,,0
2026-Q4,CT,Moodus,trt,1,,0,,0
2026-Q4,CT,Moosup,glp1,2,,0,,0
2026-Q4,CT,Mystic,glp1,6,,0,,0
2026-Q4,CT,Naugatuck,glp1,5,,0,,0
2026-Q4,CT,New Britain,glp1,22,,0,,0
2026-Q4,CT,New Britain,trt,5,,0,,0
2026-Q4,CT,New Canaan,glp1,6,,0,,0
2026-Q4,CT,New Fairfield,glp1,3,,0,,0
2026-Q4,CT,New Haven,glp1,39,,0,,0
2026-Q4,CT,New Haven,trt,37,,0,,0
2026-Q4,CT,New London,glp1,8,,0,,0
2026-Q4,CT,New London,trt,5,,0,,0
2026-Q4,CT,New Milford,glp1,4,,0,,0
2026-Q4,CT,Newington,glp1,6,,0,,0
2026-Q4,CT,Newington,trt,1,,0,,0
2026-Q4,CT,Newtown,glp1,4,,0,,0
2026-Q4,CT,Niantic,glp1,1,,0,,0
2026-Q4,CT,North Grosvenordale,glp1,2,,0,,0
2026-Q4,CT,North Haven,glp1,12,,0,,0
2026-Q4,CT,North Haven,trt,2,,0,,0
2026-Q4,CT,North Stonington,glp1,3,,0,,0
2026-Q4,CT,Norwalk,glp1,14,,0,,0
2026-Q4,CT,Norwalk,trt,5,,0,,0
2026-Q4,CT,Norwich,glp1,23,,0,,0
2026-Q4,CT,Norwich,trt,3,,0,,0
2026-Q4,CT,Old Greenwich,glp1,1,,0,,0
2026-Q4,CT,Old Greenwich,gym,1,,0,,0
2026-Q4,CT,Old Saybrook,trt,1,,0,,0
2026-Q4,CT,Orange,glp1,6,,0,,0
2026-Q4,CT,Orange,trt,2,,0,,0
2026-Q4,CT,Oxford,glp1,2,,0,,0
2026-Q4,CT,Pawcatuck,glp1,2,,0,,0
2026-Q4,CT,Pawcatuck,trt,1,,0,,0
2026-Q4,CT,Plainfield,glp1,5,,0,,0
2026-Q4,CT,Plainville,glp1,6,,0,,0
2026-Q4,CT,Plainville,trt,1,,0,,0
2026-Q4,CT,Plantsville,glp1,5,,0,,0
2026-Q4,CT,Plantsville,trt,1,,0,,0
2026-Q4,CT,Pomfret Center,glp1,1,,0,,0
2026-Q4,CT,Prospect,glp1,4,,0,,0
2026-Q4,CT,Prospect,trt,2,,0,,0
2026-Q4,CT,Putnam,glp1,8,,0,,0
2026-Q4,CT,Putnam,trt,1,,0,,0
2026-Q4,CT,Ridgefield,glp1,5,,0,,0
2026-Q4,CT,Ridgefield,trt,1,,0,,0
2026-Q4,CT,Riverside,glp1,1,,0,,0
2026-Q4,CT,Riverside,gym,1,,0,,0
2026-Q4,CT,Rocky Hill,glp1,13,,0,,0
2026-Q4,CT,Rocky Hill,trt,1,,0,,0
2026-Q4,CT,Salem,glp1,1,,0,,0
2026-Q4,CT,Seymour,glp1,1,,0,,0
2026-Q4,CT,Sharon,glp1,2,,0,,0
2026-Q4,CT,Shelton,glp1,9,,0,,0
2026-Q4,CT,Shelton,trt,2,,0,,0
2026-Q4,CT,Simsbury,glp1,2,,0,,0
2026-Q4,CT,Somers,glp1,2,,0,,0
2026-Q4,CT,South Windsor,glp1,17,,0,,0
2026-Q4,CT,South Windsor,trt,2,,0,,0
2026-Q4,CT,Southbury,glp1,6,,0,,0
2026-Q4,CT,Southbury,trt,1,,0,,0
2026-Q4,CT,Southington,glp1,8,,0,,0
2026-Q4,CT,Southington,trt,1,,0,,0
2026-Q4,CT,Stafford Springs,glp1,3,,0,,0
2026-Q4,CT,Stafford Springs,trt,1,,0,,0
2026-Q4,CT,Stamford,glp1,28,,0,,0
2026-Q4,CT,Stamford,trt,11,,0,,0
2026-Q4,CT,Storrs Mansfield,glp1,5,,0,,0
2026-Q4,CT,Storrs Mansfield,trt,1,,0,,0
2026-Q4,CT,Stratford,glp1,10,,0,,0
2026-Q4,CT,Stratford,trt,1,,0,,0
2026-Q4,CT,Suffield,glp1,4,,0,,0
2026-Q4,CT,Taftville,glp1,1,,0,,0
2026-Q4,CT,Thomaston,glp1,2,,0,,0
2026-Q4,CT,Tolland,glp1,2,,0,,0
2026-Q4,CT,Torrington,glp1,16,,0,,0
2026-Q4,CT,Torrington,trt,1,,0,,0
2026-Q4,CT,Trumbull,glp1,22,,0,,0
2026-Q4,CT,Trumbull,trt,6,,0,,0
2026-Q4,CT,Uncasville,glp1,3,,0,,0
2026-Q4,CT,Vernon Rockville,glp1,16,,0,,0
2026-Q4,CT,Vernon Rockville,trt,2,,0,,0
2026-Q4,CT,Wallingford,glp1,19,,0,,0
2026-Q4,CT,Wallingford,trt,2,,0,,0
2026-Q4,CT,Waterbury,glp1,39,,0,,0
2026-Q4,CT,Waterbury,trt,6,,0,,0
2026-Q4,CT,Waterford,glp1,2,,0,,0
2026-Q4,CT,Watertown,glp1,1,,0,,0
2026-Q4,CT,West Hartford,glp1,29,,0,,0
2026-Q4,CT,West Hartford,trt,1,,0,,0
2026-Q4,CT,West Haven,glp1,8,,0,,0
2026-Q4,CT,West Haven,trt,3,,0,,0
2026-Q4,CT,Westbrook,trt,1,,0,,0
2026-Q4,CT,Westport,glp1,14,,0,,0
2026-Q4,CT,Westport,trt,2,,0,,0
2026-Q4,CT,Wethersfield,glp1,16,,0,,0
2026-Q4,CT,Wethersfield,trt,2,,0,,0
2026-Q4,CT,Willimantic,glp1,2,,0,,0
2026-Q4,CT,Willimantic,trt,1,,0,,0
2026-Q4,CT,Wilton,glp1,3,,0,,0
2026-Q4,CT,Wilton,trt,3,,0,,0
2026-Q4,CT,Windsor,glp1,2,,0,,0
2026-Q4,CT,Windsor,pharmacy,1,,0,,0
2026-Q4,CT,Windsor,trt,1,,0,,0
2026-Q4,CT,Windsor Locks,glp1,1,,0,,0
2026-Q4,CT,Wolcott,glp1,5,,0,,0
2026-Q4,CT,Woodbury,glp1,1,,0,,0
2026-Q4,CT,Woodstock,glp1,1,,0,,0
2026-Q4,DC,Bethesda,gym,1,,0,,0
2026-Q4,DC,Washington,glp1,176,,0,,0
2026-Q4,DC,Washington,gym,39,,0,,0
2026-Q4,DC,Washington,pharmacy,1,,0,,0
2026-Q4,DC,Washington,trt,53,,0,,0
2026-Q4,DE,Bear,glp1,8,,0,,0
2026-Q4,DE,Bear,trt,1,,0,,0
2026-Q4,DE,Bethany Beach,glp1,3,,0,,0
2026-Q4,DE,Bridgeville,glp1,4,,0,,0
2026-Q4,DE,Camden Wyoming,glp1,2,,0,,0
2026-Q4,DE,Claymont,glp1,1,,0,,0
2026-Q4,DE,Claymont,trt,1,,0,,0
2026-Q4,DE,Dagsboro,glp1,2,,0,,0
2026-Q4,DE,Delmar,glp1,5,,0,,0
2026-Q4,DE,Dover,glp1,49,,0,,0
2026-Q4,DE,Dover,trt,8,,0,,0
2026-Q4,DE,Felton,glp1,1,,0,,0
2026-Q4,DE,Frankford,glp1,3,,0,,0
2026-Q4,DE,Georgetown,glp1,18,,0,,0
2026-Q4,DE,Harrington,glp1,3,,0,,0
2026-Q4,DE,Hockessin,glp1,8,,0,,0
2026-Q4,DE,Hockessin,trt,1,,0,,0
2026-Q4,DE,Laurel,glp1,4,,0,,0
2026-Q4,DE,Lewes,glp1,49,,0,,0
2026-Q4,DE,Lewes,trt,2,,0,,0
2026-Q4,DE,Middletown,glp1,15,,0,,0
2026-Q4,DE,Middletown,trt,1,,0,,0
2026-Q4,DE,Milford,glp1,26,,0,,0
2026-Q4,DE,Milford,trt,2,,0,,0
2026-Q4,DE,Millsboro,glp1,27,,0,,0
2026-Q4,DE,Millsboro,trt,2,,0,,0
2026-Q4,DE,Millville,glp1,8,,0,,0
2026-Q4,DE,Millville,trt,1,,0,,0
2026-Q4,DE,Milton,glp1,5,,0,,0
2026-Q4,DE,New Castle,glp1,8,,0,,0
2026-Q4,DE,Newark,glp1,77,,0,,0
2026-Q4,DE,Newark,trt,9,,0,,0
2026-Q4,DE,Ocean View,glp1,4,,0,,0
2026-Q4,DE,Odessa,glp1,4,,0,,0
2026-Q4,DE,Rehoboth Beach,glp1,5,,0,,0
2026-Q4,DE,Rehoboth Beach,trt,1,,0,,0
2026-Q4,DE,Seaford,glp1,17,,0,,0
2026-Q4,DE,Seaford,trt,3,,0,,0
2026-Q4,DE,Selbyville,glp1,6,,0,,0
2026-Q4,DE,Selbyville,trt,1,,0,,0
2026-Q4,DE,Smyrna,glp1,9,,0,,0
2026-Q4,DE,Smyrna,trt,1,,0,,0
2026-Q4,DE,Townsend,glp1,1,,0,,0
2026-Q4,DE,Wilmington,glp1,96,,0,,0
2026-Q4,DE,Wilmington,trt,9,,0,,0
2026-Q4,FL,Alachua,glp1,3,,0,,0
2026-Q4,FL,Altamonte Springs,glp1,33,,0,,0
2026-Q4,FL,Altamonte Springs,trt,3,,0,,0
2026-Q4,FL,Apalachicola,glp1,3,,0,,0
2026-Q4,FL,Apollo Beach,glp1,6,,0,,0
2026-Q4,FL,Apollo Beach,trt,1,,0,,0
2026-Q4,FL,Apopka,glp1,26,,0,,0
2026-Q4,FL,Apopka,trt,1,,0,,0
2026-Q4,FL,Arcadia,glp1,8,,0,,0
2026-Q4,FL,Arcadia,trt,1,,0,,0
2026-Q4,FL,Atlantic Beach,glp1,3,,0,,0
2026-Q4,FL,Auburndale,glp1,6,,0,,0
2026-Q4,FL,Avon Park,glp1,6,,0,,0
2026-Q4,FL,Babson Park,glp1,1,,0,,0
2026-Q4,FL,Baker,glp1,1,,0,,0
2026-Q4,FL,Bartow,glp1,11,,0,,0
2026-Q4,FL,Bartow,pharmacy,1,,0,,0
2026-Q4,FL,Bartow,trt,1,,0,,0
2026-Q4,FL,Bay Pines,glp1,1,,0,,0
2026-Q4,FL,Bay Pines,trt,3,,0,,0
2026-Q4,FL,Bell,glp1,2,,0,,0
2026-Q4,FL,Belle Glade,glp1,4,,0,,0
2026-Q4,FL,Belleview,glp1,7,,0,,0
2026-Q4,FL,Beverly Hills,glp1,8,,0,,0
2026-Q4,FL,Blountstown,glp1,6,,0,,0
2026-Q4,FL,Boca Raton,glp1,163,,0,,0
2026-Q4,FL,Boca Raton,gym,3,,0,,0
2026-Q4,FL,Boca Raton,pharmacy,1,,0,,0
2026-Q4,FL,Boca Raton,trt,20,,0,,0
2026-Q4,FL,Bokeelia,glp1,1,,0,,0
2026-Q4,FL,Bonifay,glp1,10,,0,,0
2026-Q4,FL,Bonita Springs,glp1,26,,0,,0
2026-Q4,FL,Bonita Springs,trt,5,,0,,0
2026-Q4,FL,Boynton Beach,glp1,96,,0,,0
2026-Q4,FL,Boynton Beach,gym,2,,0,,0
2026-Q4,FL,Boynton Beach,trt,8,,0,,0
2026-Q4,FL,Bradenton,glp1,90,,0,,0
2026-Q4,FL,Bradenton,trt,9,,0,,0
2026-Q4,FL,Bradenton Beach,gym,1,,0,,0
2026-Q4,FL,Brandon,glp1,51,,0,,0
2026-Q4,FL,Brandon,gym,3,,0,,0
2026-Q4,FL,Brandon,trt,6,,0,,0
2026-Q4,FL,Branford,glp1,6,,0,,0
2026-Q4,FL,Bristol,glp1,2,,0,,0
2026-Q4,FL,Brooksville,glp1,17,,0,,0
2026-Q4,FL,Brooksville,pharmacy,1,,0,,0
2026-Q4,FL,Brooksville,trt,1,,0,,0
2026-Q4,FL,Bunnell,glp1,1,,0,,0
2026-Q4,FL,Bushnell,glp1,1,,0,,0
2026-Q4,FL,Callahan,glp1,1,,0,,0
2026-Q4,FL,Canal Point,glp1,1,,0,,0
2026-Q4,FL,Cantonment,glp1,5,,0,,0
2026-Q4,FL,Cape Coral,glp1,56,,0,,0
2026-Q4,FL,Cape Coral,trt,2,,0,,0
2026-Q4,FL,Carrabelle,glp1,2,,0,,0
2026-Q4,FL,Casselberry,glp1,14,,0,,0
2026-Q4,FL,Cedar Key,glp1,1,,0,,0
2026-Q4,FL,Century,glp1,2,,0,,0
2026-Q4,FL,Chattahoochee,glp1,1,,0,,0
2026-Q4,FL,Chiefland,glp1,9,,0,,0
2026-Q4,FL,Chipley,glp1,4,,0,,0
2026-Q4,FL,Clearwater,glp1,99,,0,,0
2026-Q4,FL,Clearwater,gym,2,,0,,0
2026-Q4,FL,Clearwater,trt,10,,0,,0
2026-Q4,FL,Clermont,glp1,75,,0,,0
2026-Q4,FL,Clermont,trt,3,,0,,0
2026-Q4,FL,Clewiston,glp1,4,,0,,0
2026-Q4,FL,Cocoa,glp1,11,,0,,0
2026-Q4,FL,Cocoa,trt,2,,0,,0
2026-Q4,FL,Cocoa Beach,glp1,9,,0,,0
2026-Q4,FL,Crawfordville,glp1,9,,0,,0
2026-Q4,FL,Crescent City,glp1,3,,0,,0
2026-Q4,FL,Crestview,glp1,20,,0,,0
2026-Q4,FL,Cross City,glp1,2,,0,,0
2026-Q4,FL,Crystal River,glp1,12,,0,,0
2026-Q4,FL,Crystal River,trt,1,,0,,0
2026-Q4,FL,Dade City,glp1,16,,0,,0
2026-Q4,FL,Dania,glp1,4,,0,,0
2026-Q4,FL,Davenport,glp1,31,,0,,0
2026-Q4,FL,Davenport,trt,3,,0,,0
2026-Q4,FL,Daytona Beach,glp1,49,,0,,0
2026-Q4,FL,Daytona Beach,trt,10,,0,,0
2026-Q4,FL,Debary,glp1,6,,0,,0
2026-Q4,FL,Deerfield Beach,glp1,16,,0,,0
2026-Q4,FL,Deerfield Beach,trt,2,,0,,0
2026-Q4,FL,Defuniak Springs,glp1,6,,0,,0
2026-Q4,FL,Deland,glp1,27,,0,,0
2026-Q4,FL,Deland,trt,1,,0,,0
2026-Q4,FL,Delray Beach,glp1,92,,0,,0
2026-Q4,FL,Delray Beach,gym,1,,0,,0
2026-Q4,FL,Delray Beach,pharmacy,1,,0,,0
2026-Q4,FL,Delray Beach,trt,7,,0,,0
2026-Q4,FL,Deltona,glp1,21,,0,,0
2026-Q4,FL,Destin,glp1,7,,0,,0
2026-Q4,FL,Destin,trt,1,,0,,0
2026-Q4,FL,Dundee,glp1,5,,0,,0
2026-Q4,FL,Dunedin,glp1,13,,0,,0
2026-Q4,FL,Dunedin,trt,2,,0,,0
2026-Q4,FL,Dunnellon,glp1,13,,0,,0
2026-Q4,FL,East Palatka,glp1,1,,0,,0
2026-Q4,FL,Eastpoint,glp1,1,,0,,0
2026-Q4,FL,Edgewater,glp1,5,,0,,0
2026-Q4,FL,Eglin Afb,glp1,3,,0,,0
2026-Q4,FL,Elkton,glp1,1,,0,,0
2026-Q4,FL,Ellenton,glp1,4,,0,,0
2026-Q4,FL,Englewood,glp1,12,,0,,0
2026-Q4,FL,Englewood,trt,2,,0,,0
2026-Q4,FL,Estero,glp1,4,,0,,0
2026-Q4,FL,Eustis,glp1,9,,0,,0
2026-Q4,FL,Fellsmere,glp1,1,,0,,0
2026-Q4,FL,Fernandina Beach,glp1,12,,0,,0
2026-Q4,FL,Fleming Island,glp1,22,,0,,0
2026-Q4,FL,Fleming Island,trt,1,,0,,0
2026-Q4,FL,Floral City,glp1,2,,0,,0
2026-Q4,FL,Fort Lauderdale,glp1,322,,0,,0
2026-Q4,FL,Fort Lauderdale,gym,7,,0,,0
2026-Q4,FL,Fort Lauderdale,trt,50,,0,,0
2026-Q4,FL,Fort Mc Coy,glp1,2,,0,,0
2026-Q4,FL,Fort Myers,glp1,119,,0,,0
2026-Q4,FL,Fort Myers,pharmacy,1,,0,,0
2026-Q4,FL,Fort Myers,trt,14,,0,,0
2026-Q4,FL,Fort Pierce,glp1,33,,0,,0
2026-Q4,FL,Fort Pierce,trt,2,,0,,0
2026-Q4,FL,Fort Walton Beach,glp1,21,,0,,0
2026-Q4,FL,Fort Walton Beach,trt,1,,0,,0
2026-Q4,FL,Freeport,glp1,2,,0,,0
2026-Q4,FL,Frostproof,glp1,1,,0,,0
2026-Q4,FL,Gainesville,glp1,63,,0,,0
2026-Q4,FL,Gainesville,trt,21,,0,,0
2026-Q4,FL,Geneva,trt,1,,0,,0
2026-Q4,FL,Graceville,glp1,2,,0,,0
2026-Q4,FL,Graceville,trt,1,,0,,0
2026-Q4,FL,Grandin,glp1,1,,0,,0
2026-Q4,FL,Green Cove Springs,glp1,6,,0,,0
2026-Q4,FL,Groveland,glp1,1,,0,,0
2026-Q4,FL,Gulf Breeze,glp1,13,,0,,0
2026-Q4,FL,Gulf Breeze,trt,1,,0,,0
2026-Q4,FL,Haines City,glp1,16,,0,,0
2026-Q4,FL,Hallandale,glp1,15,,0,,0
2026-Q4,FL,Hallandale,gym,1,,0,,0
2026-Q4,FL,Hallandale,trt,2,,0,,0
2026-Q4,FL,Hastings,glp1,1,,0,,0
2026-Q4,FL,Havana,glp1,1,,0,,0
2026-Q4,FL,Hawthorne,glp1,1,,0,,0
2026-Q4,FL,Hernando,glp1,3,,0,,0
2026-Q4,FL,Hialeah,glp1,145,,0,,0
2026-Q4,FL,Hialeah,trt,13,,0,,0
2026-Q4,FL,High Springs,glp1,5,,0,,0
2026-Q4,FL,Hilliard,glp1,1,,0,,0
2026-Q4,FL,Hobe Sound,glp1,4,,0,,0
2026-Q4,FL,Holiday,glp1,4,,0,,0
2026-Q4,FL,Hollywood,glp1,185,,0,,0
2026-Q4,FL,Hollywood,gym,2,,0,,0
2026-Q4,FL,Hollywood,trt,32,,0,,0
2026-Q4,FL,Homestead,glp1,29,,0,,0
2026-Q4,FL,Homestead,gym,1,,0,,0
2026-Q4,FL,Homestead,trt,1,,0,,0
2026-Q4,FL,Homosassa,glp1,4,,0,,0
2026-Q4,FL,Howey In The Hills,glp1,1,,0,,0
2026-Q4,FL,Hudson,glp1,20,,0,,0
2026-Q4,FL,Hudson,gym,1,,0,,0
2026-Q4,FL,Hudson,trt,6,,0,,0
2026-Q4,FL,Immokalee,glp1,3,,0,,0
2026-Q4,FL,Indialantic,glp1,7,,0,,0
2026-Q4,FL,Indiantown,glp1,1,,0,,0
2026-Q4,FL,Inglis,glp1,2,,0,,0
2026-Q4,FL,Interlachen,glp1,2,,0,,0
2026-Q4,FL,Inverness,glp1,21,,0,,0
2026-Q4,FL,Jacksonville,glp1,283,,0,,0
2026-Q4,FL,Jacksonville,trt,39,,0,,0
2026-Q4,FL,Jacksonville Beach,glp1,26,,0,,0
2026-Q4,FL,Jasper,glp1,1,,0,,0
2026-Q4,FL,Jay,glp1,3,,0,,0
2026-Q4,FL,Jensen Beach,glp1,4,,0,,0
2026-Q4,FL,Jensen Beach,trt,1,,0,,0
2026-Q4,FL,Jupiter,glp1,59,,0,,0
2026-Q4,FL,Jupiter,trt,15,,0,,0
2026-Q4,FL,Key Biscayne,glp1,2,,0,,0
2026-Q4,FL,Key Largo,glp1,1,,0,,0
2026-Q4,FL,Key West,glp1,5,,0,,0
2026-Q4,FL,Key West,trt,1,,0,,0
2026-Q4,FL,Keystone Heights,glp1,3,,0,,0
2026-Q4,FL,Kissimmee,glp1,125,,0,,0
2026-Q4,FL,Kissimmee,trt,12,,0,,0
2026-Q4,FL,Labelle,glp1,2,,0,,0
2026-Q4,FL,Lady Lake,glp1,38,,0,,0
2026-Q4,FL,Lady Lake,trt,5,,0,,0
2026-Q4,FL,Lake Butler,glp1,4,,0,,0
2026-Q4,FL,Lake City,glp1,34,,0,,0
2026-Q4,FL,Lake Mary,glp1,41,,0,,0
2026-Q4,FL,Lake Mary,trt,4,,0,,0
2026-Q4,FL,Lake Monroe,glp1,1,,0,,0
2026-Q4,FL,Lake Placid,glp1,7,,0,,0
2026-Q4,FL,Lake Wales,glp1,14,,0,,0
2026-Q4,FL,Lake Worth,glp1,81,,0,,0
2026-Q4,FL,Lake Worth,trt,3,,0,,0
2026-Q4,FL,Lakeland,glp1,72,,0,,0
2026-Q4,FL,Lakeland,trt,11,,0,,0
2026-Q4,FL,Land O Lakes,glp1,14,,0,,0
2026-Q4,FL,Land O Lakes,gym,2,,0,,0
2026-Q4,FL,Largo,glp1,35,,0,,0
2026-Q4,FL,Largo,gym,4,,0,,0
2026-Q4,FL,Largo,pharmacy,2,,0,,0
2026-Q4,FL,Largo,trt,6,,0,,0
2026-Q4,FL,Lecanto,glp1,6,,0,,0
2026-Q4,FL,Leesburg,glp1,42,,0,,0
2026-Q4,FL,Leesburg,trt,4,,0,,0
2026-Q4,FL,Lehigh Acres,glp1,22,,0,,0
2026-Q4,FL,Lithia,glp1,1,,0,,0
2026-Q4,FL,Lithia,gym,1,,0,,0
2026-Q4,FL,Live Oak,glp1,8,,0,,0
2026-Q4,FL,Longwood,glp1,27,,0,,0
2026-Q4,FL,Loxahatchee,glp1,32,,0,,0
2026-Q4,FL,Loxahatchee,trt,3,,0,,0
2026-Q4,FL,Lutz,glp1,35,,0,,0
2026-Q4,FL,Lutz,gym,1,,0,,0
2026-Q4,FL,Lutz,pharmacy,1,,0,,0
2026-Q4,FL,Lutz,trt,3,,0,,0
2026-Q4,FL,Lynn Haven,glp1,7,,0,,0
2026-Q4,FL,Macclenny,glp1,4,,0,,0
2026-Q4,FL,Madison,glp1,3,,0,,0
2026-Q4,FL,Maitland,glp1,22,,0,,0
2026-Q4,FL,Maitland,trt,2,,0,,0
2026-Q4,FL,Malabar,glp1,2,,0,,0
2026-Q4,FL,Marathon,glp1,3,,0,,0
2026-Q4,FL,Marco Island,glp1,7,,0,,0
2026-Q4,FL,Marco Island,trt,1,,0,,0
2026-Q4,FL,Marianna,glp1,18,,0,,0
2026-Q4,FL,Marianna,trt,1,,0,,0
2026-Q4,FL,Mary Esther,trt,1,,0,,0
2026-Q4,FL,Mayo,glp1,2,,0,,0
2026-Q4,FL,Melbourne,glp1,122,,0,,0
2026-Q4,FL,Melbourne,trt,7,,0,,0
2026-Q4,FL,Melrose,glp1,1,,0,,0
2026-Q4,FL,Merritt Island,glp1,20,,0,,0
2026-Q4,FL,Merritt Island,trt,1,,0,,0
2026-Q4,FL,Miami,glp1,773,,0,,0
2026-Q4,FL,Miami,gym,22,,0,,0
2026-Q4,FL,Miami,trt,130,,0,,0
2026-Q4,FL,Miami Beach,glp1,62,,0,,0
2026-Q4,FL,Miami Beach,gym,5,,0,,0
2026-Q4,FL,Miami Beach,trt,12,,0,,0
2026-Q4,FL,Middleburg,glp1,8,,0,,0
2026-Q4,FL,Milton,glp1,29,,0,,0
2026-Q4,FL,Milton,trt,4,,0,,0
2026-Q4,FL,Miramar Beach,glp1,3,,0,,0
2026-Q4,FL,Miramar Beach,trt,2,,0,,0
2026-Q4,FL,Monticello,glp1,4,,0,,0
2026-Q4,FL,Montverde,glp1,1,,0,,0
2026-Q4,FL,Moore Haven,glp1,1,,0,,0
2026-Q4,FL,Mount Dora,glp1,14,,0,,0
2026-Q4,FL,Mulberry,glp1,1,,0,,0
2026-Q4,FL,Mulberry,trt,1,,0,,0
2026-Q4,FL,Naples,glp1,172,,0,,0
2026-Q4,FL,Naples,trt,16,,0,,0
2026-Q4,FL,Navarre,glp1,10,,0,,0
2026-Q4,FL,Neptune Beach,glp1,1,,0,,0
2026-Q4,FL,New Port Richey,glp1,68,,0,,0
2026-Q4,FL,New Port Richey,gym,1,,0,,0
2026-Q4,FL,New Port Richey,trt,1,,0,,0
2026-Q4,FL,New Smyrna Beach,glp1,18,,0,,0
2026-Q4,FL,Newberry,glp1,4,,0,,0
2026-Q4,FL,Niceville,glp1,15,,0,,0
2026-Q4,FL,Nokomis,glp1,10,,0,,0
2026-Q4,FL,North Fort Myers,glp1,2,,0,,0
2026-Q4,FL,North Miami Beach,glp1,13,,0,,0
2026-Q4,FL,North Miami Beach,gym,2,,0,,0
2026-Q4,FL,North Miami Beach,trt,4,,0,,0
2026-Q4,FL,North Palm Beach,glp1,6,,0,,0
2026-Q4,FL,North Palm Beach,trt,1,,0,,0
2026-Q4,FL,North Port,glp1,14,,0,,0
2026-Q4,FL,North Port,trt,1,,0,,0
2026-Q4,FL,Ocala,glp1,112,,0,,0
2026-Q4,FL,Ocala,trt,18,,0,,0
2026-Q4,FL,Ocoee,glp1,30,,0,,0
2026-Q4,FL,Ocoee,trt,2,,0,,0
2026-Q4,FL,Odessa,glp1,2,,0,,0
2026-Q4,FL,Okahumpka,glp1,2,,0,,0
2026-Q4,FL,Okeechobee,glp1,12,,0,,0
2026-Q4,FL,Oldsmar,glp1,7,,0,,0
2026-Q4,FL,Opa Locka,glp1,2,,0,,0
2026-Q4,FL,Orange City,glp1,27,,0,,0
2026-Q4,FL,Orange City,trt,3,,0,,0
2026-Q4,FL,Orange Park,glp1,44,,0,,0
2026-Q4,FL,Orange Park,trt,1,,0,,0
2026-Q4,FL,Orlando,glp1,342,,0,,0
2026-Q4,FL,Orlando,pharmacy,2,,0,,0
2026-Q4,FL,Orlando,trt,39,,0,,0
2026-Q4,FL,Ormond Beach,glp1,31,,0,,0
2026-Q4,FL,Ormond Beach,trt,2,,0,,0
2026-Q4,FL,Osprey,glp1,3,,0,,0
2026-Q4,FL,Oviedo,glp1,31,,0,,0
2026-Q4,FL,Oxford,glp1,1,,0,,0
2026-Q4,FL,Palatka,glp1,15,,0,,0
2026-Q4,FL,Palatka,trt,1,,0,,0
2026-Q4,FL,Palm Bay,glp1,36,,0,,0
2026-Q4,FL,Palm Bay,trt,3,,0,,0
2026-Q4,FL,Palm Beach,glp1,1,,0,,0
2026-Q4,FL,Palm Beach Gardens,glp1,49,,0,,0
2026-Q4,FL,Palm Beach Gardens,trt,3,,0,,0
2026-Q4,FL,Palm City,glp1,9,,0,,0
2026-Q4,FL,Palm Coast,glp1,31,,0,,0
2026-Q4,FL,Palm Coast,trt,4,,0,,0
2026-Q4,FL,Palm Harbor,glp1,28,,0,,0
2026-Q4,FL,Palm Harbor,gym,1,,0,,0
2026-Q4,FL,Palm Harbor,trt,6,,0,,0
2026-Q4,FL,Palmetto,glp1,7,,0,,0
2026-Q4,FL,Palmetto,gym,1,,0,,0
2026-Q4,FL,Panacea,glp1,2,,0,,0
2026-Q4,FL,Panama City,glp1,71,,0,,0
2026-Q4,FL,Panama City,trt,3,,0,,0
2026-Q4,FL,Panama City Beach,glp1,19,,0,,0
2026-Q4,FL,Parrish,glp1,6,,0,,0
2026-Q4,FL,Pembroke Pines,glp1,22,,0,,0
2026-Q4,FL,Pensacola,glp1,129,,0,,0
2026-Q4,FL,Pensacola,trt,13,,0,,0
2026-Q4,FL,Perry,glp1,3,,0,,0
2026-Q4,FL,Pinellas Park,glp1,18,,0,,0
2026-Q4,FL,Pinellas Park,gym,1,,0,,0
2026-Q4,FL,Pinellas Park,trt,1,,0,,0
2026-Q4,FL,Plant City,glp1,17,,0,,0
2026-Q4,FL,Plant City,trt,2,,0,,0
2026-Q4,FL,Pompano Beach,glp1,128,,0,,0
2026-Q4,FL,Pompano Beach,gym,3,,0,,0
2026-Q4,FL,Pompano Beach,pharmacy,1,,0,,0
2026-Q4,FL,Pompano Beach,trt,15,,0,,0
2026-Q4,FL,Ponte Vedra,glp1,5,,0,,0
2026-Q4,FL,Ponte Vedra Beach,glp1,5,,0,,0
2026-Q4,FL,Port Charlotte,glp1,60,,0,,0
2026-Q4,FL,Port Charlotte,trt,8,,0,,0
2026-Q4,FL,Port Orange,glp1,22,,0,,0
2026-Q4,FL,Port Orange,trt,2,,0,,0
2026-Q4,FL,Port Richey,glp1,6,,0,,0
2026-Q4,FL,Port Saint Joe,glp1,6,,0,,0
2026-Q4,FL,Port Saint Lucie,glp1,81,,0,,0
2026-Q4,FL,Port Saint Lucie,trt,7,,0,,0
2026-Q4,FL,Punta Gorda,glp1,28,,0,,0
2026-Q4,FL,Punta Gorda,trt,2,,0,,0
2026-Q4,FL,Quincy,glp1,5,,0,,0
2026-Q4,FL,Riverview,glp1,36,,0,,0
2026-Q4,FL,Riverview,gym,1,,0,,0
2026-Q4,FL,Riverview,trt,1,,0,,0
2026-Q4,FL,Rockledge,glp1,36,,0,,0
2026-Q4,FL,Rockledge,trt,7,,0,,0
2026-Q4,FL,Rosemary Beach,glp1,4,,0,,0
2026-Q4,FL,Ruskin,glp1,1,,0,,0
2026-Q4,FL,Safety Harbor,glp1,10,,0,,0
2026-Q4,FL,Safety Harbor,trt,2,,0,,0
2026-Q4,FL,Saint Augustine,glp1,68,,0,,0
2026-Q4,FL,Saint Augustine,trt,4,,0,,0
2026-Q4,FL,Saint Cloud,glp1,21,,0,,0
2026-Q4,FL,Saint Cloud,trt,1,,0,,0
2026-Q4,FL,Saint Johns,glp1,16,,0,,0
2026-Q4,FL,Saint Petersburg,glp1,147,,0,,0
2026-Q4,FL,Saint Petersburg,gym,12,,0,,0
2026-Q4,FL,Saint Petersburg,trt,17,,0,,0
2026-Q4,FL,San Antonio,glp1,3,,0,,0
2026-Q4,FL,Sanford,glp1,21,,0,,0
2026-Q4,FL,Sanford,trt,1,,0,,0
2026-Q4,FL,Santa Rosa Beach,glp1,7,,0,,0
2026-Q4,FL,Sarasota,glp1,98,,0,,0
2026-Q4,FL,Sarasota,trt,16,,0,,0
2026-Q4,FL,Satellite Beach,glp1,4,,0,,0
2026-Q4,FL,Sebastian,glp1,27,,0,,0
2026-Q4,FL,Sebring,glp1,40,,0,,0
2026-Q4,FL,Sebring,trt,1,,0,,0
2026-Q4,FL,Seffner,glp1,2,,0,,0
2026-Q4,FL,Seminole,glp1,27,,0,,0
2026-Q4,FL,Seminole,gym,1,,0,,0
2026-Q4,FL,Seminole,trt,1,,0,,0
2026-Q4,FL,Silver Springs,glp1,2,,0,,0
2026-Q4,FL,Spring Hill,glp1,27,,0,,0
2026-Q4,FL,Spring Hill,trt,2,,0,,0
2026-Q4,FL,Starke,glp1,7,,0,,0
2026-Q4,FL,Steinhatchee,glp1,1,,0,,0
2026-Q4,FL,Stuart,glp1,45,,0,,0
2026-Q4,FL,Stuart,trt,5,,0,,0
2026-Q4,FL,Summerfield,glp1,11,,0,,0
2026-Q4,FL,Summerfield,trt,2,,0,,0
2026-Q4,FL,Sun City Center,glp1,17,,0,,0
2026-Q4,FL,Sun City Center,trt,1,,0,,0
2026-Q4,FL,Tallahassee,glp1,93,,0,,0
2026-Q4,FL,Tallahassee,trt,7,,0,,0
2026-Q4,FL,Tampa,glp1,354,,0,,0
2026-Q4,FL,Tampa,gym,13,,0,,0
2026-Q4,FL,Tampa,pharmacy,2,,0,,0
2026-Q4,FL,Tampa,trt,60,,0,,0
2026-Q4,FL,Tarpon Springs,glp1,4,,0,,0
2026-Q4,FL,Tavares,glp1,15,,0,,0
2026-Q4,FL,Tavares,trt,1,,0,,0
2026-Q4,FL,Tavernier,glp1,2,,0,,0
2026-Q4,FL,The Villages,glp1,20,,0,,0
2026-Q4,FL,The Villages,trt,2,,0,,0
2026-Q4,FL,Titusville,glp1,24,,0,,0
2026-Q4,FL,Trenton,glp1,4,,0,,0
2026-Q4,FL,Umatilla,glp1,3,,0,,0
2026-Q4,FL,Valparaiso,glp1,1,,0,,0
2026-Q4,FL,Valrico,glp1,7,,0,,0
2026-Q4,FL,Valrico,gym,1,,0,,0
2026-Q4,FL,Valrico,trt,1,,0,,0
2026-Q4,FL,Venice,glp1,34,,0,,0
2026-Q4,FL,Venice,trt,9,,0,,0
2026-Q4,FL,Vero Beach,glp1,78,,0,,0
2026-Q4,FL,Vero Beach,trt,4,,0,,0
2026-Q4,FL,Wauchula,glp1,3,,0,,0
2026-Q4,FL,Wellington,glp1,34,,0,,0
2026-Q4,FL,Wellington,trt,5,,0,,0
2026-Q4,FL,Wesley Chapel,glp1,61,,0,,0
2026-Q4,FL,Wesley Chapel,trt,5,,0,,0
2026-Q4,FL,West Palm Beach,glp1,145,,0,,0
2026-Q4,FL,West Palm Beach,pharmacy,1,,0,,0
2026-Q4,FL,West Palm Beach,trt,8,,0,,0
2026-Q4,FL,Wildwood,glp1,11,,0,,0
2026-Q4,FL,Williston,glp1,1,,0,,0
2026-Q4,FL,Wimauma,glp1,4,,0,,0
2026-Q4,FL,Wimauma,trt,1,,0,,0
2026-Q4,FL,Windermere,glp1,10,,0,,0
2026-Q4,FL,Windermere,trt,1,,0,,0
2026-Q4,FL,Winter Garden,glp1,42,,0,,0
2026-Q4,FL,Winter Garden,trt,8,,0,,0
2026-Q4,FL,Winter Haven,glp1,42,,0,,0
2026-Q4,FL,Winter Haven,trt,5,,0,,0
2026-Q4,FL,Winter Park,glp1,36,,0,,0
2026-Q4,FL,Winter Park,trt,5,,0,,0
2026-Q4,FL,Winter Springs,glp1,5,,0,,0
2026-Q4,FL,Yulee,glp1,6,,0,,0
2026-Q4,FL,Zephyrhills,glp1,37,,0,,0
2026-Q4,FL,Zephyrhills,trt,4,,0,,0
2026-Q4,GA,Abbeville,glp1,1,,0,,0
2026-Q4,GA,Acworth,glp1,19,,0,,0
2026-Q4,GA,Acworth,trt,1,,0,,0
2026-Q4,GA,Adairsville,glp1,2,,0,,0
2026-Q4,GA,Adel,glp1,2,,0,,0
2026-Q4,GA,Albany,glp1,39,,0,,0
2026-Q4,GA,Albany,trt,2,,0,,0
2026-Q4,GA,Alma,glp1,4,,0,,0
2026-Q4,GA,Alpharetta,glp1,83,,0,,0
2026-Q4,GA,Alpharetta,gym,5,,0,,0
2026-Q4,GA,Alpharetta,trt,8,,0,,0
2026-Q4,GA,Americus,glp1,10,,0,,0
2026-Q4,GA,Arlington,glp1,1,,0,,0
2026-Q4,GA,Armuchee,glp1,1,,0,,0
2026-Q4,GA,Ashburn,glp1,3,,0,,0
2026-Q4,GA,Athens,glp1,66,,0,,0
2026-Q4,GA,Athens,trt,8,,0,,0
2026-Q4,GA,Atlanta,glp1,367,,0,,0
2026-Q4,GA,Atlanta,gym,23,,0,,0
2026-Q4,GA,Atlanta,pharmacy,3,,0,,0
2026-Q4,GA,Atlanta,trt,72,,0,,0
2026-Q4,GA,Auburn,glp1,1,,0,,0
2026-Q4,GA,Augusta,glp1,131,,0,,0
2026-Q4,GA,Augusta,trt,19,,0,,0
2026-Q4,GA,Austell,glp1,23,,0,,0
2026-Q4,GA,Austell,trt,5,,0,,0
2026-Q4,GA,Bainbridge,glp1,11,,0,,0
2026-Q4,GA,Bainbridge,trt,1,,0,,0
2026-Q4,GA,Baldwin,glp1,1,,0,,0
2026-Q4,GA,Ball Ground,glp1,2,,0,,0
2026-Q4,GA,Barnesville,glp1,7,,0,,0
2026-Q4,GA,Baxley,glp1,10,,0,,0
2026-Q4,GA,Baxley,trt,1,,0,,0
2026-Q4,GA,Bethlehem,glp1,7,,0,,0
2026-Q4,GA,Blackshear,glp1,4,,0,,0
2026-Q4,GA,Blackshear,trt,2,,0,,0
2026-Q4,GA,Blairsville,glp1,17,,0,,0
2026-Q4,GA,Blakely,glp1,4,,0,,0
2026-Q4,GA,Blue Ridge,glp1,10,,0,,0
2026-Q4,GA,Bogart,glp1,3,,0,,0
2026-Q4,GA,Bonaire,glp1,5,,0,,0
2026-Q4,GA,Bowdon,glp1,1,,0,,0
2026-Q4,GA,Bowman,glp1,2,,0,,0
2026-Q4,GA,Braselton,glp1,18,,0,,0
2026-Q4,GA,Braselton,trt,1,,0,,0
2026-Q4,GA,Bremen,glp1,4,,0,,0
2026-Q4,GA,Brooklet,glp1,5,,0,,0
2026-Q4,GA,Brunswick,glp1,25,,0,,0
2026-Q4,GA,Brunswick,trt,4,,0,,0
2026-Q4,GA,Buena Vista,glp1,4,,0,,0
2026-Q4,GA,Buford,glp1,33,,0,,0
2026-Q4,GA,Buford,gym,3,,0,,0
2026-Q4,GA,Buford,trt,1,,0,,0
2026-Q4,GA,Butler,glp1,1,,0,,0
2026-Q4,GA,Byron,glp1,11,,0,,0
2026-Q4,GA,Cairo,glp1,9,,0,,0
2026-Q4,GA,Calhoun,glp1,21,,0,,0
2026-Q4,GA,Calhoun,trt,2,,0,,0
2026-Q4,GA,Camilla,glp1,6,,0,,0
2026-Q4,GA,Canton,glp1,49,,0,,0
2026-Q4,GA,Canton,trt,5,,0,,0
2026-Q4,GA,Carrollton,glp1,25,,0,,0
2026-Q4,GA,Carrollton,trt,1,,0,,0
2026-Q4,GA,Cartersville,glp1,20,,0,,0
2026-Q4,GA,Cartersville,trt,4,,0,,0
2026-Q4,GA,Cave Spring,glp1,1,,0,,0
2026-Q4,GA,Cedartown,glp1,4,,0,,0
2026-Q4,GA,Chatsworth,glp1,11,,0,,0
2026-Q4,GA,Chickamauga,glp1,2,,0,,0
2026-Q4,GA,Clarkesville,glp1,2,,0,,0
2026-Q4,GA,Clarkston,glp1,4,,0,,0
2026-Q4,GA,Claxton,glp1,2,,0,,0
2026-Q4,GA,Clayton,glp1,6,,0,,0
2026-Q4,GA,Clermont,glp1,1,,0,,0
2026-Q4,GA,Cleveland,glp1,6,,0,,0
2026-Q4,GA,Cochran,glp1,2,,0,,0
2026-Q4,GA,Colbert,glp1,1,,0,,0
2026-Q4,GA,Collins,glp1,1,,0,,0
2026-Q4,GA,Colquitt,glp1,7,,0,,0
2026-Q4,GA,Colquitt,trt,2,,0,,0
2026-Q4,GA,Columbus,glp1,113,,0,,0
2026-Q4,GA,Columbus,trt,9,,0,,0
2026-Q4,GA,Commerce,glp1,8,,0,,0
2026-Q4,GA,Conley,glp1,1,,0,,0
2026-Q4,GA,Conyers,glp1,35,,0,,0
2026-Q4,GA,Conyers,trt,3,,0,,0
2026-Q4,GA,Cordele,glp1,17,,0,,0
2026-Q4,GA,Covington,glp1,21,,0,,0
2026-Q4,GA,Covington,trt,2,,0,,0
2026-Q4,GA,Cumming,glp1,65,,0,,0
2026-Q4,GA,Cumming,gym,2,,0,,0
2026-Q4,GA,Cumming,trt,5,,0,,0
2026-Q4,GA,Cusseta,glp1,1,,0,,0
2026-Q4,GA,Cuthbert,glp1,1,,0,,0
2026-Q4,GA,Dacula,glp1,19,,0,,0
2026-Q4,GA,Dacula,gym,1,,0,,0
2026-Q4,GA,Dacula,pharmacy,1,,0,,0
2026-Q4,GA,Dahlonega,glp1,6,,0,,0
2026-Q4,GA,Dallas,glp1,7,,0,,0
2026-Q4,GA,Dallas,gym,1,,0,,0
2026-Q4,GA,Dalton,glp1,33,,0,,0
2026-Q4,GA,Dalton,trt,3,,0,,0
2026-Q4,GA,Danielsville,glp1,1,,0,,0
2026-Q4,GA,Darien,glp1,1,,0,,0
2026-Q4,GA,Dawson,glp1,3,,0,,0
2026-Q4,GA,Dawsonville,glp1,15,,0,,0
2026-Q4,GA,Decatur,glp1,50,,0,,0
2026-Q4,GA,Decatur,gym,3,,0,,0
2026-Q4,GA,Decatur,trt,12,,0,,0
2026-Q4,GA,Demorest,glp1,22,,0,,0
2026-Q4,GA,Donalsonville,glp1,3,,0,,0
2026-Q4,GA,Douglas,glp1,24,,0,,0
2026-Q4,GA,Douglasville,glp1,28,,0,,0
2026-Q4,GA,Douglasville,gym,1,,0,,0
2026-Q4,GA,Dublin,glp1,14,,0,,0
2026-Q4,GA,Duluth,glp1,57,,0,,0
2026-Q4,GA,Duluth,trt,5,,0,,0
2026-Q4,GA,East Dublin,glp1,1,,0,,0
2026-Q4,GA,Eastman,glp1,10,,0,,0
2026-Q4,GA,Eatonton,glp1,8,,0,,0
2026-Q4,GA,Eatonton,trt,1,,0,,0
2026-Q4,GA,Elberton,glp1,1,,0,,0
2026-Q4,GA,Ellaville,glp1,5,,0,,0
2026-Q4,GA,Ellenwood,glp1,2,,0,,0
2026-Q4,GA,Ellijay,glp1,10,,0,,0
2026-Q4,GA,Evans,glp1,30,,0,,0
2026-Q4,GA,Evans,trt,2,,0,,0
2026-Q4,GA,Fairburn,glp1,1,,0,,0
2026-Q4,GA,Fayetteville,glp1,34,,0,,0
2026-Q4,GA,Fayetteville,gym,5,,0,,0
2026-Q4,GA,Fayetteville,trt,1,,0,,0
2026-Q4,GA,Fitzgerald,glp1,7,,0,,0
2026-Q4,GA,Flintstone,glp1,2,,0,,0
2026-Q4,GA,Flowery Branch,glp1,5,,0,,0
2026-Q4,GA,Folkston,glp1,2,,0,,0
2026-Q4,GA,Forest Park,glp1,6,,0,,0
2026-Q4,GA,Forsyth,glp1,5,,0,,0
2026-Q4,GA,Fort Benning,glp1,3,,0,,0
2026-Q4,GA,Fort Gaines,glp1,1,,0,,0
2026-Q4,GA,Fort Oglethorpe,glp1,2,,0,,0
2026-Q4,GA,Fort Oglethorpe,trt,2,,0,,0
2026-Q4,GA,Fort Stewart,glp1,1,,0,,0
2026-Q4,GA,Fort Valley,glp1,3,,0,,0
2026-Q4,GA,Fort Valley,trt,1,,0,,0
2026-Q4,GA,Fortson,glp1,1,,0,,0
2026-Q4,GA,Gainesville,glp1,53,,0,,0
2026-Q4,GA,Gainesville,trt,6,,0,,0
2026-Q4,GA,Georgetown,glp1,1,,0,,0
2026-Q4,GA,Glennville,glp1,1,,0,,0
2026-Q4,GA,Good Hope,glp1,1,,0,,0
2026-Q4,GA,Gordon,glp1,1,,0,,0
2026-Q4,GA,Grantville,glp1,1,,0,,0
2026-Q4,GA,Gray,glp1,4,,0,,0
2026-Q4,GA,Grayson,glp1,3,,0,,0
2026-Q4,GA,Grayson,gym,1,,0,,0
2026-Q4,GA,Greensboro,glp1,6,,0,,0
2026-Q4,GA,Griffin,glp1,23,,0,,0
2026-Q4,GA,Griffin,trt,1,,0,,0
2026-Q4,GA,Grovetown,glp1,8,,0,,0
2026-Q4,GA,Guyton,glp1,1,,0,,0
2026-Q4,GA,Hahira,glp1,2,,0,,0
2026-Q4,GA,Hamilton,glp1,1,,0,,0
2026-Q4,GA,Hampton,glp1,2,,0,,0
2026-Q4,GA,Harlem,glp1,1,,0,,0
2026-Q4,GA,Hartwell,glp1,6,,0,,0
2026-Q4,GA,Hawkinsville,glp1,1,,0,,0
2026-Q4,GA,Hazlehurst,glp1,4,,0,,0
2026-Q4,GA,Hiawassee,glp1,4,,0,,0
2026-Q4,GA,Hinesville,glp1,19,,0,,0
2026-Q4,GA,Hiram,glp1,14,,0,,0
2026-Q4,GA,Hogansville,glp1,2,,0,,0
2026-Q4,GA,Homer,glp1,4,,0,,0
2026-Q4,GA,Homerville,glp1,1,,0,,0
2026-Q4,GA,Hoschton,glp1,1,,0,,0
2026-Q4,GA,Irwinton,glp1,1,,0,,0
2026-Q4,GA,Jackson,glp1,5,,0,,0
2026-Q4,GA,Jasper,glp1,16,,0,,0
2026-Q4,GA,Jasper,trt,1,,0,,0
2026-Q4,GA,Jefferson,glp1,6,,0,,0
2026-Q4,GA,Jesup,glp1,7,,0,,0
2026-Q4,GA,Jonesboro,glp1,8,,0,,0
2026-Q4,GA,Jonesboro,trt,4,,0,,0
2026-Q4,GA,Kennesaw,glp1,22,,0,,0
2026-Q4,GA,Kennesaw,gym,7,,0,,0
2026-Q4,GA,Keysville,glp1,1,,0,,0
2026-Q4,GA,Kings Bay,glp1,2,,0,,0
2026-Q4,GA,Kingsland,glp1,3,,0,,0
2026-Q4,GA,La Fayette,glp1,6,,0,,0
2026-Q4,GA,Lagrange,glp1,19,,0,,0
2026-Q4,GA,Lagrange,trt,3,,0,,0
2026-Q4,GA,Lakeland,glp1,2,,0,,0
2026-Q4,GA,Lavonia,glp1,2,,0,,0
2026-Q4,GA,Lavonia,trt,1,,0,,0
2026-Q4,GA,Lawrenceville,glp1,89,,0,,0
2026-Q4,GA,Lawrenceville,gym,6,,0,,0
2026-Q4,GA,Lawrenceville,trt,4,,0,,0
2026-Q4,GA,Leesburg,glp1,6,,0,,0
2026-Q4,GA,Lexington,glp1,2,,0,,0
2026-Q4,GA,Lilburn,glp1,13,,0,,0
2026-Q4,GA,Lilburn,gym,3,,0,,0
2026-Q4,GA,Lilburn,trt,1,,0,,0
2026-Q4,GA,Lincolnton,glp1,4,,0,,0
2026-Q4,GA,Lithia Springs,glp1,4,,0,,0
2026-Q4,GA,Lithonia,glp1,14,,0,,0
2026-Q4,GA,Lizella,glp1,1,,0,,0
2026-Q4,GA,Locust Grove,glp1,13,,0,,0
2026-Q4,GA,Locust Grove,trt,1,,0,,0
2026-Q4,GA,Loganville,glp1,10,,0,,0
2026-Q4,GA,Lookout Mountain,glp1,1,,0,,0
2026-Q4,GA,Louisville,glp1,1,,0,,0
2026-Q4,GA,Ludowici,glp1,1,,0,,0
2026-Q4,GA,Lula,glp1,1,,0,,0
2026-Q4,GA,Lumpkin,glp1,1,,0,,0
2026-Q4,GA,Mableton,glp1,3,,0,,0
2026-Q4,GA,Macon,glp1,125,,0,,0
2026-Q4,GA,Macon,trt,9,,0,,0
2026-Q4,GA,Madison,glp1,9,,0,,0
2026-Q4,GA,Manchester,glp1,2,,0,,0
2026-Q4,GA,Marietta,glp1,113,,0,,0
2026-Q4,GA,Marietta,gym,11,,0,,0
2026-Q4,GA,Marietta,trt,10,,0,,0
2026-Q4,GA,Mc Rae Helena,glp1,1,,0,,0
2026-Q4,GA,McDonough,glp1,25,,0,,0
2026-Q4,GA,McDonough,trt,1,,0,,0
2026-Q4,GA,Metter,glp1,6,,0,,0
2026-Q4,GA,Midway,glp1,1,,0,,0
2026-Q4,GA,Milledgeville,glp1,8,,0,,0
2026-Q4,GA,Millen,glp1,2,,0,,0
2026-Q4,GA,Monroe,glp1,13,,0,,0
2026-Q4,GA,Monroe,trt,1,,0,,0
2026-Q4,GA,Montezuma,glp1,1,,0,,0
2026-Q4,GA,Monticello,glp1,3,,0,,0
2026-Q4,GA,Morrow,glp1,7,,0,,0
2026-Q4,GA,Morrow,trt,1,,0,,0
2026-Q4,GA,Moultrie,glp1,16,,0,,0
2026-Q4,GA,Nahunta,glp1,2,,0,,0
2026-Q4,GA,Nashville,glp1,5,,0,,0
2026-Q4,GA,Newnan,glp1,36,,0,,0
2026-Q4,GA,Newnan,trt,8,,0,,0
2026-Q4,GA,Newton,glp1,1,,0,,0
2026-Q4,GA,Nicholls,glp1,1,,0,,0
2026-Q4,GA,Norcross,glp1,13,,0,,0
2026-Q4,GA,Norcross,trt,5,,0,,0
2026-Q4,GA,Oakwood,glp1,4,,0,,0
2026-Q4,GA,Ocilla,glp1,4,,0,,0
2026-Q4,GA,Oglethorpe,glp1,2,,0,,0
2026-Q4,GA,Palmetto,glp1,1,,0,,0
2026-Q4,GA,Peachtree City,glp1,22,,0,,0
2026-Q4,GA,Peachtree City,gym,1,,0,,0
2026-Q4,GA,Peachtree City,trt,3,,0,,0
2026-Q4,GA,Peachtree Corners,glp1,15,,0,,0
2026-Q4,GA,Peachtree Corners,gym,2,,0,,0
2026-Q4,GA,Pelham,glp1,2,,0,,0
2026-Q4,GA,Pembroke,glp1,1,,0,,0
2026-Q4,GA,Perry,glp1,16,,0,,0
2026-Q4,GA,Pooler,glp1,15,,0,,0
2026-Q4,GA,Port Wentworth,glp1,3,,0,,0
2026-Q4,GA,Port Wentworth,trt,1,,0,,0
2026-Q4,GA,Powder Springs,glp1,7,,0,,0
2026-Q4,GA,Quitman,glp1,3,,0,,0
2026-Q4,GA,Reidsville,glp1,2,,0,,0
2026-Q4,GA,Richland,glp1,2,,0,,0
2026-Q4,GA,Richmond Hill,glp1,11,,0,,0
2026-Q4,GA,Rincon,glp1,9,,0,,0
2026-Q4,GA,Rincon,trt,1,,0,,0
2026-Q4,GA,Ringgold,glp1,19,,0,,0
2026-Q4,GA,Ringgold,trt,1,,0,,0
2026-Q4,GA,Riverdale,glp1,18,,0,,0
2026-Q4,GA,Riverdale,trt,2,,0,,0
2026-Q4,GA,Roberta,glp1,2,,0,,0
2026-Q4,GA,Rock Spring,glp1,1,,0,,0
2026-Q4,GA,Rockmart,glp1,2,,0,,0
2026-Q4,GA,Rocky Face,glp1,1,,0,,0
2026-Q4,GA,Rome,glp1,22,,0,,0
2026-Q4,GA,Rome,trt,1,,0,,0
2026-Q4,GA,Rossville,glp1,1,,0,,0
2026-Q4,GA,Roswell,glp1,48,,0,,0
2026-Q4,GA,Roswell,gym,3,,0,,0
2026-Q4,GA,Roswell,trt,5,,0,,0
2026-Q4,GA,Royston,glp1,5,,0,,0
2026-Q4,GA,Rutledge,glp1,1,,0,,0
2026-Q4,GA,Saint Marys,glp1,8,,0,,0
2026-Q4,GA,Saint Marys,trt,1,,0,,0
2026-Q4,GA,Saint Simons Island,glp1,6,,0,,0
2026-Q4,GA,Sandersville,glp1,6,,0,,0
2026-Q4,GA,Savannah,glp1,98,,0,,0
2026-Q4,GA,Savannah,trt,12,,0,,0
2026-Q4,GA,Senoia,glp1,1,,0,,0
2026-Q4,GA,Sharpsburg,glp1,6,,0,,0
2026-Q4,GA,Smyrna,glp1,33,,0,,0
2026-Q4,GA,Smyrna,gym,2,,0,,0
2026-Q4,GA,Smyrna,trt,2,,0,,0
2026-Q4,GA,Snellville,glp1,34,,0,,0
2026-Q4,GA,Snellville,trt,6,,0,,0
2026-Q4,GA,Social Circle,glp1,1,,0,,0
2026-Q4,GA,Soperton,glp1,1,,0,,0
2026-Q4,GA,Sparta,glp1,1,,0,,0
2026-Q4,GA,Springfield,glp1,6,,0,,0
2026-Q4,GA,Statesboro,glp1,37,,0,,0
2026-Q4,GA,Stockbridge,glp1,37,,0,,0
2026-Q4,GA,Stockbridge,trt,5,,0,,0
2026-Q4,GA,Stone Mountain,glp1,14,,0,,0
2026-Q4,GA,Stone Mountain,pharmacy,1,,0,,0
2026-Q4,GA,Summerville,glp1,1,,0,,0
2026-Q4,GA,Suwanee,glp1,66,,0,,0
2026-Q4,GA,Suwanee,trt,4,,0,,0
2026-Q4,GA,Swainsboro,glp1,7,,0,,0
2026-Q4,GA,Sylvania,glp1,5,,0,,0
2026-Q4,GA,Sylvester,glp1,2,,0,,0
2026-Q4,GA,Tallapoosa,glp1,2,,0,,0
2026-Q4,GA,Taylorsville,glp1,2,,0,,0
2026-Q4,GA,Taylorsville,trt,1,,0,,0
2026-Q4,GA,Tennille,glp1,1,,0,,0
2026-Q4,GA,Thomaston,glp1,12,,0,,0
2026-Q4,GA,Thomasville,glp1,19,,0,,0
2026-Q4,GA,Thomson,glp1,9,,0,,0
2026-Q4,GA,Tifton,glp1,19,,0,,0
2026-Q4,GA,Tifton,trt,1,,0,,0
2026-Q4,GA,Toccoa,glp1,7,,0,,0
2026-Q4,GA,Toccoa,trt,1,,0,,0
2026-Q4,GA,Trenton,glp1,1,,0,,0
2026-Q4,GA,Trion,glp1,1,,0,,0
2026-Q4,GA,Tucker,glp1,23,,0,,0
2026-Q4,GA,Tucker,trt,1,,0,,0
2026-Q4,GA,Tunnel Hill,glp1,1,,0,,0
2026-Q4,GA,Tyrone,glp1,5,,0,,0
2026-Q4,GA,Unadilla,glp1,1,,0,,0
2026-Q4,GA,Union City,glp1,2,,0,,0
2026-Q4,GA,Valdosta,glp1,49,,0,,0
2026-Q4,GA,Valdosta,trt,5,,0,,0
2026-Q4,GA,Vidalia,glp1,9,,0,,0
2026-Q4,GA,Villa Rica,glp1,10,,0,,0
2026-Q4,GA,Warner Robins,glp1,49,,0,,0
2026-Q4,GA,Warner Robins,trt,4,,0,,0
2026-Q4,GA,Washington,glp1,3,,0,,0
2026-Q4,GA,Watkinsville,glp1,30,,0,,0
2026-Q4,GA,Watkinsville,trt,1,,0,,0
2026-Q4,GA,Waycross,glp1,28,,0,,0
2026-Q4,GA,Waycross,trt,2,,0,,0
2026-Q4,GA,Waynesboro,glp1,4,,0,,0
2026-Q4,GA,Waynesville,glp1,1,,0,,0
2026-Q4,GA,West Point,glp1,1,,0,,0
2026-Q4,GA,Whitesburg,glp1,1,,0,,0
2026-Q4,GA,Willacoochee,glp1,1,,0,,0
2026-Q4,GA,Winder,glp1,10,,0,,0
2026-Q4,GA,Woodstock,glp1,39,,0,,0
2026-Q4,GA,Woodstock,gym,2,,0,,0
2026-Q4,GA,Woodstock,trt,1,,0,,0
2026-Q4,GA,Wray,glp1,1,,0,,0
2026-Q4,GA,Wrens,glp1,3,,0,,0
2026-Q4,GA,Wrightsville,glp1,2,,0,,0
2026-Q4,GA,Young Harris,glp1,1,,0,,0
2026-Q4,GA,Zebulon,glp1,3,,0,,0
2026-Q4,HI,Aiea,glp1,29,,0,,0
2026-Q4,HI,Aiea,trt,1,,0,,0
2026-Q4,HI,Eleele,glp1,1,,0,,0
2026-Q4,HI,Ewa Beach,glp1,20,,0,,0
2026-Q4,HI,Hilo,glp1,17,,0,,0
2026-Q4,HI,Hilo,trt,1,,0,,0
2026-Q4,HI,Honolulu,glp1,141,,0,,0
2026-Q4,HI,Honolulu,trt,25,,0,,0
2026-Q4,HI,Honomu,glp1,1,,0,,0
2026-Q4,HI,Jbphh,glp1,1,,0,,0
2026-Q4,HI,Jbphh,trt,2,,0,,0
2026-Q4,HI,Kahuku,glp1,1,,0,,0
2026-Q4,HI,Kahului,glp1,5,,0,,0
2026-Q4,HI,Kahului,trt,2,,0,,0
2026-Q4,HI,Kailua,glp1,16,,0,,0
2026-Q4,HI,Kailua Kona,glp1,11,,0,,0
2026-Q4,HI,Kailua Kona,trt,1,,0,,0
2026-Q4,HI,Kamuela,glp1,6,,0,,0
2026-Q4,HI,Kaneohe,glp1,7,,0,,0
2026-Q4,HI,Kapaa,glp1,1,,0,,0
2026-Q4,HI,Kapolei,glp1,15,,0,,0
2026-Q4,HI,Kapolei,trt,2,,0,,0
2026-Q4,HI,Keaau,glp1,2,,0,,0
2026-Q4,HI,Kealakekua,glp1,2,,0,,0
2026-Q4,HI,Kihei,glp1,7,,0,,0
2026-Q4,HI,Kilauea,glp1,2,,0,,0
2026-Q4,HI,Lahaina,glp1,4,,0,,0
2026-Q4,HI,Lahaina,trt,1,,0,,0
2026-Q4,HI,Lihue,glp1,4,,0,,0
2026-Q4,HI,Lihue,trt,1,,0,,0
2026-Q4,HI,Makawao,glp1,1,,0,,0
2026-Q4,HI,Mililani,glp1,2,,0,,0
2026-Q4,HI,Mililani,trt,1,,0,,0
2026-Q4,HI,Pearl City,glp1,2,,0,,0
2026-Q4,HI,Schofield Barracks,glp1,1,,0,,0
2026-Q4,HI,Tripler Army Medical Center,glp1,2,,0,,0
2026-Q4,HI,Tripler Army Medical Center,trt,2,,0,,0
2026-Q4,HI,Wahiawa,glp1,5,,0,,0
2026-Q4,HI,Waianae,glp1,9,,0,,0
2026-Q4,HI,Waianae,trt,1,,0,,0
2026-Q4,HI,Wailuku,glp1,7,,0,,0
2026-Q4,HI,Wailuku,trt,3,,0,,0
2026-Q4,HI,Waipahu,glp1,17,,0,,0
2026-Q4,IA,Ackley,glp1,1,,0,,0
2026-Q4,IA,Akron,glp1,1,,0,,0
2026-Q4,IA,Albia,glp1,1,,0,,0
2026-Q4,IA,Altoona,glp1,1,,0,,0
2026-Q4,IA,Amana,glp1,1,,0,,0
2026-Q4,IA,Ames,glp1,4,,0,,0
2026-Q4,IA,Ames,trt,4,,0,,0
2026-Q4,IA,Ankeny,glp1,8,,0,,0
2026-Q4,IA,Ankeny,trt,2,,0,,0
2026-Q4,IA,Atkins,glp1,1,,0,,0
2026-Q4,IA,Atlantic,glp1,1,,0,,0
2026-Q4,IA,Avoca,glp1,1,,0,,0
2026-Q4,IA,Baxter,glp1,1,,0,,0
2026-Q4,IA,Bedford,glp1,1,,0,,0
2026-Q4,IA,Belle Plaine,glp1,1,,0,,0
2026-Q4,IA,Bellevue,glp1,1,,0,,0
2026-Q4,IA,Belmond,glp1,1,,0,,0
2026-Q4,IA,Bettendorf,glp1,17,,0,,0
2026-Q4,IA,Bettendorf,trt,2,,0,,0
2026-Q4,IA,Birmingham,glp1,1,,0,,0
2026-Q4,IA,Bloomfield,glp1,2,,0,,0
2026-Q4,IA,Britt,glp1,1,,0,,0
2026-Q4,IA,Brooklyn,glp1,2,,0,,0
2026-Q4,IA,Burlington,glp1,2,,0,,0
2026-Q4,IA,Bussey,glp1,1,,0,,0
2026-Q4,IA,Carroll,glp1,2,,0,,0
2026-Q4,IA,Cascade,glp1,1,,0,,0
2026-Q4,IA,Cedar Falls,glp1,2,,0,,0
2026-Q4,IA,Cedar Rapids,glp1,33,,0,,0
2026-Q4,IA,Cedar Rapids,trt,8,,0,,0
2026-Q4,IA,Center Point,glp1,1,,0,,0
2026-Q4,IA,Centerville,glp1,3,,0,,0
2026-Q4,IA,Cherokee,glp1,1,,0,,0
2026-Q4,IA,Clarinda,glp1,1,,0,,0
2026-Q4,IA,Clarion,glp1,1,,0,,0
2026-Q4,IA,Clear Lake,glp1,3,,0,,0
2026-Q4,IA,Clinton,glp1,5,,0,,0
2026-Q4,IA,Clive,glp1,6,,0,,0
2026-Q4,IA,Clive,trt,3,,0,,0
2026-Q4,IA,Columbus City,glp1,1,,0,,0
2026-Q4,IA,Conrad,glp1,1,,0,,0
2026-Q4,IA,Coralville,glp1,4,,0,,0
2026-Q4,IA,Coralville,trt,2,,0,,0
2026-Q4,IA,Corning,glp1,2,,0,,0
2026-Q4,IA,Corydon,glp1,2,,0,,0
2026-Q4,IA,Council Bluffs,glp1,25,,0,,0
2026-Q4,IA,Cresco,glp1,1,,0,,0
2026-Q4,IA,Creston,glp1,3,,0,,0
2026-Q4,IA,Dallas Center,glp1,1,,0,,0
2026-Q4,IA,Davenport,glp1,21,,0,,0
2026-Q4,IA,Davenport,trt,4,,0,,0
2026-Q4,IA,Dayton,glp1,1,,0,,0
2026-Q4,IA,De Witt,glp1,3,,0,,0
2026-Q4,IA,DeSoto,glp1,1,,0,,0
2026-Q4,IA,Denver,glp1,1,,0,,0
2026-Q4,IA,Des Moines,glp1,41,,0,,0
2026-Q4,IA,Des Moines,trt,5,,0,,0
2026-Q4,IA,Dubuque,glp1,12,,0,,0
2026-Q4,IA,Dubuque,trt,3,,0,,0
2026-Q4,IA,Dunlap,glp1,3,,0,,0
2026-Q4,IA,Durant,glp1,1,,0,,0
2026-Q4,IA,Dysart,glp1,1,,0,,0
2026-Q4,IA,Eddyville,glp1,1,,0,,0
2026-Q4,IA,Edgewood,glp1,1,,0,,0
2026-Q4,IA,Eldridge,glp1,1,,0,,0
2026-Q4,IA,Emmetsburg,glp1,1,,0,,0
2026-Q4,IA,Estherville,glp1,1,,0,,0
2026-Q4,IA,Evansdale,glp1,1,,0,,0
2026-Q4,IA,Fairbank,glp1,1,,0,,0
2026-Q4,IA,Fairfield,glp1,1,,0,,0
2026-Q4,IA,Forest City,glp1,2,,0,,0
2026-Q4,IA,Fort Dodge,glp1,6,,0,,0
2026-Q4,IA,Fort Madison,glp1,1,,0,,0
2026-Q4,IA,Garner,glp1,4,,0,,0
2026-Q4,IA,Glenwood,glp1,1,,0,,0
2026-Q4,IA,Gowrie,glp1,1,,0,,0
2026-Q4,IA,Graettinger,glp1,1,,0,,0
2026-Q4,IA,Grinnell,glp1,4,,0,,0
2026-Q4,IA,Grinnell,trt,1,,0,,0
2026-Q4,IA,Guttenberg,glp1,1,,0,,0
2026-Q4,IA,Harlan,glp1,3,,0,,0
2026-Q4,IA,Hawarden,glp1,1,,0,,0
2026-Q4,IA,Hedrick,glp1,1,,0,,0
2026-Q4,IA,Hiawatha,glp1,5,,0,,0
2026-Q4,IA,Hubbard,glp1,1,,0,,0
2026-Q4,IA,Humboldt,glp1,1,,0,,0
2026-Q4,IA,Ida Grove,glp1,1,,0,,0
2026-Q4,IA,Independence,glp1,1,,0,,0
2026-Q4,IA,Indianola,glp1,3,,0,,0
2026-Q4,IA,Inwood,glp1,1,,0,,0
2026-Q4,IA,Iowa City,glp1,4,,0,,0
2026-Q4,IA,Iowa City,trt,8,,0,,0
2026-Q4,IA,Iowa Falls,glp1,1,,0,,0
2026-Q4,IA,Jefferson,glp1,4,,0,,0
2026-Q4,IA,Jesup,glp1,2,,0,,0
2026-Q4,IA,Johnston,glp1,2,,0,,0
2026-Q4,IA,Keokuk,glp1,3,,0,,0
2026-Q4,IA,Keosauqua,glp1,1,,0,,0
2026-Q4,IA,Keystone,glp1,1,,0,,0
2026-Q4,IA,Knoxville,glp1,1,,0,,0
2026-Q4,IA,Lake City,glp1,2,,0,,0
2026-Q4,IA,Lake View,glp1,1,,0,,0
2026-Q4,IA,Le Mars,glp1,1,,0,,0
2026-Q4,IA,Lenox,glp1,2,,0,,0
2026-Q4,IA,Leon,glp1,1,,0,,0
2026-Q4,IA,Logan,glp1,2,,0,,0
2026-Q4,IA,Manchester,glp1,1,,0,,0
2026-Q4,IA,Manning,glp1,1,,0,,0
2026-Q4,IA,Maquoketa,glp1,7,,0,,0
2026-Q4,IA,Marcus,glp1,1,,0,,0
2026-Q4,IA,Marion,glp1,4,,0,,0
2026-Q4,IA,Marshalltown,glp1,2,,0,,0
2026-Q4,IA,Mason City,glp1,11,,0,,0
2026-Q4,IA,Mason City,trt,2,,0,,0
2026-Q4,IA,Milford,glp1,1,,0,,0
2026-Q4,IA,Missouri Valley,glp1,1,,0,,0
2026-Q4,IA,Montezuma,glp1,1,,0,,0
2026-Q4,IA,Monticello,glp1,2,,0,,0
2026-Q4,IA,Mount Ayr,glp1,4,,0,,0
2026-Q4,IA,Mount Pleasant,glp1,3,,0,,0
2026-Q4,IA,Muscatine,glp1,4,,0,,0
2026-Q4,IA,Muscatine,trt,2,,0,,0
2026-Q4,IA,Nevada,glp1,2,,0,,0
2026-Q4,IA,New London,glp1,1,,0,,0
2026-Q4,IA,Newton,glp1,6,,0,,0
2026-Q4,IA,North Liberty,glp1,3,,0,,0
2026-Q4,IA,Northwood,glp1,1,,0,,0
2026-Q4,IA,Oakland,glp1,1,,0,,0
2026-Q4,IA,Oelwein,glp1,1,,0,,0
2026-Q4,IA,Ogden,glp1,1,,0,,0
2026-Q4,IA,Onawa,glp1,2,,0,,0
2026-Q4,IA,Osceola,glp1,2,,0,,0
2026-Q4,IA,Oskaloosa,glp1,1,,0,,0
2026-Q4,IA,Ottumwa,glp1,8,,0,,0
2026-Q4,IA,Panora,glp1,1,,0,,0
2026-Q4,IA,Parkersburg,glp1,3,,0,,0
2026-Q4,IA,Pella,glp1,4,,0,,0
2026-Q4,IA,Peosta,glp1,3,,0,,0
2026-Q4,IA,Perry,glp1,1,,0,,0
2026-Q4,IA,Pleasant Hill,glp1,1,,0,,0
2026-Q4,IA,Pleasantville,glp1,1,,0,,0
2026-Q4,IA,Polk City,glp1,2,,0,,0
2026-Q4,IA,Prairie City,glp1,2,,0,,0
2026-Q4,IA,Preston,glp1,1,,0,,0
2026-Q4,IA,Red Oak,glp1,4,,0,,0
2026-Q4,IA,Redfield,glp1,2,,0,,0
2026-Q4,IA,Reinbeck,glp1,1,,0,,0
2026-Q4,IA,Rockford,glp1,1,,0,,0
2026-Q4,IA,Rockwell City,glp1,2,,0,,0
2026-Q4,IA,Sheffield,glp1,2,,0,,0
2026-Q4,IA,Shelby,glp1,1,,0,,0
2026-Q4,IA,Sheldon,glp1,1,,0,,0
2026-Q4,IA,Sheldon,trt,1,,0,,0
2026-Q4,IA,Shenandoah,glp1,1,,0,,0
2026-Q4,IA,Sibley,glp1,1,,0,,0
2026-Q4,IA,Sidney,glp1,2,,0,,0
2026-Q4,IA,Sigourney,glp1,1,,0,,0
2026-Q4,IA,Sioux Center,glp1,1,,0,,0
2026-Q4,IA,Sioux City,glp1,13,,0,,0
2026-Q4,IA,Sioux City,trt,3,,0,,0
2026-Q4,IA,Slater,glp1,1,,0,,0
2026-Q4,IA,Spencer,glp1,1,,0,,0
2026-Q4,IA,Sperry,glp1,2,,0,,0
2026-Q4,IA,Storm Lake,glp1,1,,0,,0
2026-Q4,IA,Storm Lake,trt,1,,0,,0
2026-Q4,IA,Tabor,glp1,1,,0,,0
2026-Q4,IA,Tama,glp1,1,,0,,0
2026-Q4,IA,Toledo,glp1,2,,0,,0
2026-Q4,IA,Tripoli,glp1,1,,0,,0
2026-Q4,IA,Urbandale,glp1,3,,0,,0
2026-Q4,IA,Van Horne,glp1,1,,0,,0
2026-Q4,IA,Villisca,glp1,1,,0,,0
2026-Q4,IA,Vinton,glp1,2,,0,,0
2026-Q4,IA,Washington,glp1,2,,0,,0
2026-Q4,IA,Washington,trt,1,,0,,0
2026-Q4,IA,Waterloo,glp1,26,,0,,0
2026-Q4,IA,Waterloo,trt,2,,0,,0
2026-Q4,IA,Waukee,glp1,2,,0,,0
2026-Q4,IA,Waukee,trt,1,,0,,0
2026-Q4,IA,Waverly,glp1,3,,0,,0
2026-Q4,IA,Webster City,glp1,2,,0,,0
2026-Q4,IA,West Bend,glp1,1,,0,,0
2026-Q4,IA,West Burlington,glp1,3,,0,,0
2026-Q4,IA,West Des Moines,glp1,27,,0,,0
2026-Q4,IA,West Des Moines,trt,5,,0,,0
2026-Q4,IA,Woodbine,glp1,1,,0,,0
2026-Q4,IA,Zearing,glp1,1,,0,,0
2026-Q4,ID,American Falls,glp1,3,,0,,0
2026-Q4,ID,Arco,glp1,1,,0,,0
2026-Q4,ID,Ashton,glp1,1,,0,,0
2026-Q4,ID,Athol,glp1,2,,0,,0
2026-Q4,ID,Bellevue,glp1,1,,0,,0
2026-Q4,ID,Blackfoot,glp1,10,,0,,0
2026-Q4,ID,Blackfoot,trt,1,,0,,0
2026-Q4,ID,Boise,glp1,72,,0,,0
2026-Q4,ID,Boise,trt,15,,0,,0
2026-Q4,ID,Bonners Ferry,glp1,3,,0,,0
2026-Q4,ID,Buhl,glp1,1,,0,,0
2026-Q4,ID,Burley,glp1,6,,0,,0
2026-Q4,ID,Caldwell,glp1,14,,0,,0
2026-Q4,ID,Cascade,glp1,1,,0,,0
2026-Q4,ID,Coeur d'Alene,glp1,23,,0,,0
2026-Q4,ID,Coeur d'Alene,trt,1,,0,,0
2026-Q4,ID,Driggs,glp1,2,,0,,0
2026-Q4,ID,Eagle,glp1,18,,0,,0
2026-Q4,ID,Eagle,trt,2,,0,,0
2026-Q4,ID,Emmett,glp1,10,,0,,0
2026-Q4,ID,Fairfield,glp1,1,,0,,0
2026-Q4,ID,Firth,glp1,1,,0,,0
2026-Q4,ID,Fruitland,glp1,1,,0,,0
2026-Q4,ID,Garden City,glp1,4,,0,,0
2026-Q4,ID,Glenns Ferry,glp1,2,,0,,0
2026-Q4,ID,Gooding,glp1,1,,0,,0
2026-Q4,ID,Hayden,glp1,6,,0,,0
2026-Q4,ID,Idaho Falls,glp1,65,,0,,0
2026-Q4,ID,Idaho Falls,trt,4,,0,,0
2026-Q4,ID,Jerome,glp1,10,,0,,0
2026-Q4,ID,Kellogg,glp1,4,,0,,0
2026-Q4,ID,Ketchum,glp1,1,,0,,0
2026-Q4,ID,Ketchum,trt,1,,0,,0
2026-Q4,ID,Kimberly,glp1,1,,0,,0
2026-Q4,ID,Kuna,glp1,3,,0,,0
2026-Q4,ID,Lava Hot Springs,glp1,1,,0,,0
2026-Q4,ID,Lewiston,glp1,6,,0,,0
2026-Q4,ID,Malad City,glp1,1,,0,,0
2026-Q4,ID,Meridian,glp1,45,,0,,0
2026-Q4,ID,Meridian,trt,5,,0,,0
2026-Q4,ID,Middleton,glp1,3,,0,,0
2026-Q4,ID,Montpelier,glp1,4,,0,,0
2026-Q4,ID,Moscow,glp1,2,,0,,0
2026-Q4,ID,Mountain Home,glp1,3,,0,,0
2026-Q4,ID,Mountain Home Afb,glp1,1,,0,,0
2026-Q4,ID,Nampa,glp1,29,,0,,0
2026-Q4,ID,Nampa,trt,1,,0,,0
2026-Q4,ID,Orofino,glp1,1,,0,,0
2026-Q4,ID,Payette,glp1,1,,0,,0
2026-Q4,ID,Pocatello,glp1,53,,0,,0
2026-Q4,ID,Pocatello,trt,1,,0,,0
2026-Q4,ID,Ponderay,glp1,1,,0,,0
2026-Q4,ID,Post Falls,glp1,13,,0,,0
2026-Q4,ID,Post Falls,trt,4,,0,,0
2026-Q4,ID,Preston,glp1,9,,0,,0
2026-Q4,ID,Priest River,glp1,1,,0,,0
2026-Q4,ID,Rathdrum,glp1,2,,0,,0
2026-Q4,ID,Rexburg,glp1,10,,0,,0
2026-Q4,ID,Rigby,glp1,10,,0,,0
2026-Q4,ID,Rupert,glp1,3,,0,,0
2026-Q4,ID,Saint Maries,glp1,5,,0,,0
2026-Q4,ID,Saint Maries,trt,1,,0,,0
2026-Q4,ID,Sandpoint,glp1,7,,0,,0
2026-Q4,ID,Shelley,glp1,3,,0,,0
2026-Q4,ID,Shoshone,glp1,1,,0,,0
2026-Q4,ID,Shoshone,trt,1,,0,,0
2026-Q4,ID,Soda Springs,glp1,1,,0,,0
2026-Q4,ID,Star,glp1,2,,0,,0
2026-Q4,ID,Terreton,glp1,1,,0,,0
2026-Q4,ID,Twin Falls,glp1,32,,0,,0
2026-Q4,ID,Twin Falls,trt,2,,0,,0
2026-Q4,ID,Victor,glp1,1,,0,,0
2026-Q4,ID,Weiser,glp1,1,,0,,0
2026-Q4,ID,Wilder,glp1,2,,0,,0
2026-Q4,IL,Addison,glp1,10,,0,,0
2026-Q4,IL,Addison,trt,1,,0,,0
2026-Q4,IL,Albion,glp1,2,,0,,0
2026-Q4,IL,Aledo,glp1,2,,0,,0
2026-Q4,IL,Algonquin,glp1,10,,0,,0
2026-Q4,IL,Algonquin,gym,2,,0,,0
2026-Q4,IL,Alpha,glp1,1,,0,,0
2026-Q4,IL,Alsip,glp1,5,,0,,0
2026-Q4,IL,Alsip,gym,1,,0,,0
2026-Q4,IL,Alsip,trt,3,,0,,0
2026-Q4,IL,Altamont,glp1,2,,0,,0
2026-Q4,IL,Alton,glp1,20,,0,,0
2026-Q4,IL,Alton,trt,2,,0,,0
2026-Q4,IL,Anna,glp1,2,,0,,0
2026-Q4,IL,Antioch,glp1,1,,0,,0
2026-Q4,IL,Arlington Heights,glp1,45,,0,,0
2026-Q4,IL,Arlington Heights,gym,2,,0,,0
2026-Q4,IL,Arlington Heights,trt,9,,0,,0
2026-Q4,IL,Arthur,glp1,3,,0,,0
2026-Q4,IL,Ashley,glp1,1,,0,,0
2026-Q4,IL,Astoria,glp1,1,,0,,0
2026-Q4,IL,Atwood,glp1,1,,0,,0
2026-Q4,IL,Aurora,glp1,29,,0,,0
2026-Q4,IL,Aurora,gym,1,,0,,0
2026-Q4,IL,Aurora,trt,5,,0,,0
2026-Q4,IL,Barrington,glp1,31,,0,,0
2026-Q4,IL,Barrington,trt,1,,0,,0
2026-Q4,IL,Barry,glp1,1,,0,,0
2026-Q4,IL,Bartlett,glp1,8,,0,,0
2026-Q4,IL,Batavia,glp1,2,,0,,0
2026-Q4,IL,Beardstown,glp1,1,,0,,0
2026-Q4,IL,Beecher,glp1,1,,0,,0
2026-Q4,IL,Belleville,glp1,40,,0,,0
2026-Q4,IL,Belleville,trt,4,,0,,0
2026-Q4,IL,Bellwood,trt,1,,0,,0
2026-Q4,IL,Belvidere,glp1,7,,0,,0
2026-Q4,IL,Bensenville,glp1,1,,0,,0
2026-Q4,IL,Benton,glp1,4,,0,,0
2026-Q4,IL,Berwyn,glp1,12,,0,,0
2026-Q4,IL,Berwyn,trt,1,,0,,0
2026-Q4,IL,Bethalto,glp1,3,,0,,0
2026-Q4,IL,Blandinsville,glp1,1,,0,,0
2026-Q4,IL,Bloomingdale,glp1,13,,0,,0
2026-Q4,IL,Bloomingdale,trt,2,,0,,0
2026-Q4,IL,Bloomington,glp1,27,,0,,0
2026-Q4,IL,Bloomington,trt,2,,0,,0
2026-Q4,IL,Blue Island,glp1,2,,0,,0
2026-Q4,IL,Bolingbrook,glp1,23,,0,,0
2026-Q4,IL,Bourbonnais,glp1,22,,0,,0
2026-Q4,IL,Bourbonnais,trt,4,,0,,0
2026-Q4,IL,Bradley,glp1,4,,0,,0
2026-Q4,IL,Breese,glp1,1,,0,,0
2026-Q4,IL,Bridgeport,glp1,1,,0,,0
2026-Q4,IL,Brookfield,glp1,4,,0,,0
2026-Q4,IL,Brookfield,gym,2,,0,,0
2026-Q4,IL,Brookfield,pharmacy,2,,0,,0
2026-Q4,IL,Buffalo Grove,glp1,13,,0,,0
2026-Q4,IL,Buffalo Grove,gym,4,,0,,0
2026-Q4,IL,Buffalo Grove,trt,4,,0,,0
2026-Q4,IL,Bunker Hill,glp1,1,,0,,0
2026-Q4,IL,Burbank,glp1,4,,0,,0
2026-Q4,IL,Byron,glp1,1,,0,,0
2026-Q4,IL,Calumet City,glp1,3,,0,,0
2026-Q4,IL,Camargo,glp1,1,,0,,0
2026-Q4,IL,Canton,glp1,5,,0,,0
2026-Q4,IL,Carbondale,glp1,15,,0,,0
2026-Q4,IL,Carbondale,trt,1,,0,,0
2026-Q4,IL,Carlinville,glp1,3,,0,,0
2026-Q4,IL,Carlyle,glp1,1,,0,,0
2026-Q4,IL,Carmi,glp1,2,,0,,0
2026-Q4,IL,Carol Stream,glp1,4,,0,,0
2026-Q4,IL,Carol Stream,gym,2,,0,,0
2026-Q4,IL,Carol Stream,trt,2,,0,,0
2026-Q4,IL,Carrollton,glp1,1,,0,,0
2026-Q4,IL,Carterville,glp1,7,,0,,0
2026-Q4,IL,Carthage,glp1,1,,0,,0
2026-Q4,IL,Casey,glp1,1,,0,,0
2026-Q4,IL,Centralia,glp1,11,,0,,0
2026-Q4,IL,Cerro Gordo,glp1,2,,0,,0
2026-Q4,IL,Champaign,glp1,11,,0,,0
2026-Q4,IL,Champaign,trt,6,,0,,0
2026-Q4,IL,Channahon,glp1,2,,0,,0
2026-Q4,IL,Channahon,trt,2,,0,,0
2026-Q4,IL,Charleston,glp1,7,,0,,0
2026-Q4,IL,Chatham,glp1,1,,0,,0
2026-Q4,IL,Cherry Valley,glp1,1,,0,,0
2026-Q4,IL,Chester,glp1,1,,0,,0
2026-Q4,IL,Chicago,glp1,500,,0,,0
2026-Q4,IL,Chicago,gym,45,,0,,0
2026-Q4,IL,Chicago,pharmacy,5,,0,,0
2026-Q4,IL,Chicago,trt,125,,0,,0
2026-Q4,IL,Chicago Heights,glp1,7,,0,,0
2026-Q4,IL,Chicago Heights,gym,1,,0,,0
2026-Q4,IL,Chicago Heights,trt,1,,0,,0
2026-Q4,IL,Chicago Ridge,glp1,4,,0,,0
2026-Q4,IL,Chrisman,glp1,1,,0,,0
2026-Q4,IL,Christopher,glp1,2,,0,,0
2026-Q4,IL,Cicero,glp1,5,,0,,0
2026-Q4,IL,Cissna Park,glp1,1,,0,,0
2026-Q4,IL,Clarendon Hills,glp1,2,,0,,0
2026-Q4,IL,Clarendon Hills,gym,2,,0,,0
2026-Q4,IL,Clay City,glp1,1,,0,,0
2026-Q4,IL,Clifton,glp1,1,,0,,0
2026-Q4,IL,Clinton,glp1,4,,0,,0
2026-Q4,IL,Coal City,glp1,3,,0,,0
2026-Q4,IL,Coal Valley,glp1,1,,0,,0
2026-Q4,IL,Collinsville,glp1,9,,0,,0
2026-Q4,IL,Columbia,glp1,5,,0,,0
2026-Q4,IL,Coulterville,glp1,1,,0,,0
2026-Q4,IL,Cowden,glp1,1,,0,,0
2026-Q4,IL,Crest Hill,glp1,7,,0,,0
2026-Q4,IL,Crest Hill,trt,1,,0,,0
2026-Q4,IL,Crestwood,gym,1,,0,,0
2026-Q4,IL,Creve Coeur,glp1,1,,0,,0
2026-Q4,IL,Crystal Lake,glp1,20,,0,,0
2026-Q4,IL,Crystal Lake,gym,2,,0,,0
2026-Q4,IL,Crystal Lake,trt,5,,0,,0
2026-Q4,IL,Cuba,glp1,1,,0,,0
2026-Q4,IL,Danville,glp1,10,,0,,0
2026-Q4,IL,Danville,trt,1,,0,,0
2026-Q4,IL,Darien,glp1,2,,0,,0
2026-Q4,IL,Darien,gym,1,,0,,0
2026-Q4,IL,Darien,trt,1,,0,,0
2026-Q4,IL,Decatur,glp1,14,,0,,0
2026-Q4,IL,Deerfield,glp1,14,,0,,0
2026-Q4,IL,Deerfield,gym,2,,0,,0
2026-Q4,IL,Deerfield,trt,4,,0,,0
2026-Q4,IL,Dekalb,glp1,1,,0,,0
2026-Q4,IL,Dekalb,trt,1,,0,,0
2026-Q4,IL,Des Plaines,glp1,20,,0,,0
2026-Q4,IL,Des Plaines,trt,1,,0,,0
2026-Q4,IL,Dixon,glp1,4,,0,,0
2026-Q4,IL,Dixon,trt,1,,0,,0
2026-Q4,IL,Downers Grove,glp1,21,,0,,0
2026-Q4,IL,Downers Grove,gym,1,,0,,0
2026-Q4,IL,Downers Grove,trt,1,,0,,0
2026-Q4,IL,Du Quoin,glp1,5,,0,,0
2026-Q4,IL,Dundee,glp1,4,,0,,0
2026-Q4,IL,Dunlap,glp1,1,,0,,0
2026-Q4,IL,East Alton,glp1,2,,0,,0
2026-Q4,IL,East Galesburg,glp1,1,,0,,0
2026-Q4,IL,East Moline,glp1,2,,0,,0
2026-Q4,IL,East Peoria,glp1,1,,0,,0
2026-Q4,IL,East Saint Louis,glp1,4,,0,,0
2026-Q4,IL,Edwardsville,glp1,11,,0,,0
2026-Q4,IL,Edwardsville,trt,1,,0,,0
2026-Q4,IL,Effingham,glp1,22,,0,,0
2026-Q4,IL,Effingham,trt,2,,0,,0
2026-Q4,IL,El Paso,glp1,2,,0,,0
2026-Q4,IL,Eldorado,glp1,6,,0,,0
2026-Q4,IL,Elgin,glp1,45,,0,,0
2026-Q4,IL,Elgin,trt,5,,0,,0
2026-Q4,IL,Elizabeth,glp1,1,,0,,0
2026-Q4,IL,Elk Grove Village,glp1,12,,0,,0
2026-Q4,IL,Elk Grove Village,trt,1,,0,,0
2026-Q4,IL,Elmhurst,glp1,22,,0,,0
2026-Q4,IL,Elmhurst,gym,1,,0,,0
2026-Q4,IL,Elmhurst,trt,2,,0,,0
2026-Q4,IL,Elmwood,glp1,1,,0,,0
2026-Q4,IL,Elmwood Park,glp1,5,,0,,0
2026-Q4,IL,Elmwood Park,gym,1,,0,,0
2026-Q4,IL,Erie,glp1,1,,0,,0
2026-Q4,IL,Evanston,glp1,23,,0,,0
2026-Q4,IL,Evanston,gym,1,,0,,0
2026-Q4,IL,Evanston,trt,3,,0,,0
2026-Q4,IL,Evergreen Park,glp1,20,,0,,0
2026-Q4,IL,Evergreen Park,trt,4,,0,,0
2026-Q4,IL,Fairfield,glp1,2,,0,,0
2026-Q4,IL,Fairview Heights,glp1,5,,0,,0
2026-Q4,IL,Farmer City,glp1,1,,0,,0
2026-Q4,IL,Farmersville,glp1,1,,0,,0
2026-Q4,IL,Farmington,glp1,1,,0,,0
2026-Q4,IL,Flora,glp1,3,,0,,0
2026-Q4,IL,Flossmoor,glp1,6,,0,,0
2026-Q4,IL,Flossmoor,trt,3,,0,,0
2026-Q4,IL,Forest Park,glp1,2,,0,,0
2026-Q4,IL,Forrest,glp1,1,,0,,0
2026-Q4,IL,Forreston,glp1,2,,0,,0
2026-Q4,IL,Forsyth,glp1,5,,0,,0
2026-Q4,IL,Fox River Grove,glp1,4,,0,,0
2026-Q4,IL,Frankfort,glp1,12,,0,,0
2026-Q4,IL,Frankfort,pharmacy,1,,0,,0
2026-Q4,IL,Frankfort,trt,1,,0,,0
2026-Q4,IL,Franklin Park,glp1,3,,0,,0
2026-Q4,IL,Freeburg,glp1,5,,0,,0
2026-Q4,IL,Freeport,glp1,6,,0,,0
2026-Q4,IL,Freeport,trt,1,,0,,0
2026-Q4,IL,Fulton,glp1,2,,0,,0
2026-Q4,IL,Galatia,glp1,1,,0,,0
2026-Q4,IL,Galena,glp1,2,,0,,0
2026-Q4,IL,Galesburg,glp1,11,,0,,0
2026-Q4,IL,Gardner,glp1,1,,0,,0
2026-Q4,IL,Geneseo,glp1,2,,0,,0
2026-Q4,IL,Geneva,glp1,7,,0,,0
2026-Q4,IL,Geneva,trt,3,,0,,0
2026-Q4,IL,Genoa,glp1,1,,0,,0
2026-Q4,IL,Georgetown,glp1,1,,0,,0
2026-Q4,IL,Gibson City,glp1,6,,0,,0
2026-Q4,IL,Gillespie,glp1,2,,0,,0
2026-Q4,IL,Glasford,glp1,1,,0,,0
2026-Q4,IL,Glen Carbon,glp1,6,,0,,0
2026-Q4,IL,Glen Ellyn,glp1,6,,0,,0
2026-Q4,IL,Glen Ellyn,trt,3,,0,,0
2026-Q4,IL,Glendale Heights,glp1,1,,0,,0
2026-Q4,IL,Glenview,glp1,25,,0,,0
2026-Q4,IL,Glenview,gym,2,,0,,0
2026-Q4,IL,Glenview,trt,2,,0,,0
2026-Q4,IL,Godfrey,glp1,4,,0,,0
2026-Q4,IL,Godfrey,trt,1,,0,,0
2026-Q4,IL,Golden,glp1,1,,0,,0
2026-Q4,IL,Goreville,glp1,2,,0,,0
2026-Q4,IL,Granite City,glp1,7,,0,,0
2026-Q4,IL,Grayslake,glp1,7,,0,,0
2026-Q4,IL,Grayslake,trt,1,,0,,0
2026-Q4,IL,Greenfield,glp1,1,,0,,0
2026-Q4,IL,Greenville,glp1,5,,0,,0
2026-Q4,IL,Gurnee,glp1,23,,0,,0
2026-Q4,IL,Gurnee,trt,1,,0,,0
2026-Q4,IL,Hanover Park,glp1,1,,0,,0
2026-Q4,IL,Hardin,glp1,2,,0,,0
2026-Q4,IL,Harrisburg,glp1,5,,0,,0
2026-Q4,IL,Harvey,glp1,7,,0,,0
2026-Q4,IL,Harvey,trt,1,,0,,0
2026-Q4,IL,Harwood Heights,glp1,2,,0,,0
2026-Q4,IL,Havana,glp1,1,,0,,0
2026-Q4,IL,Hazel Crest,glp1,9,,0,,0
2026-Q4,IL,Hazel Crest,trt,1,,0,,0
2026-Q4,IL,Henry,glp1,1,,0,,0
2026-Q4,IL,Herrin,glp1,8,,0,,0
2026-Q4,IL,Herrin,trt,1,,0,,0
2026-Q4,IL,Herscher,glp1,1,,0,,0
2026-Q4,IL,Hickory Hills,glp1,2,,0,,0
2026-Q4,IL,Highland,glp1,4,,0,,0
2026-Q4,IL,Highland Park,glp1,15,,0,,0
2026-Q4,IL,Highland Park,gym,1,,0,,0
2026-Q4,IL,Highland Park,trt,2,,0,,0
2026-Q4,IL,Hillsboro,glp1,3,,0,,0
2026-Q4,IL,Hillside,glp1,1,,0,,0
2026-Q4,IL,Hinckley,glp1,1,,0,,0
2026-Q4,IL,Hines,glp1,2,,0,,0
2026-Q4,IL,Hines,trt,1,,0,,0
2026-Q4,IL,Hinsdale,glp1,30,,0,,0
2026-Q4,IL,Hinsdale,trt,8,,0,,0
2026-Q4,IL,Hoffman Estates,glp1,22,,0,,0
2026-Q4,IL,Hoffman Estates,gym,1,,0,,0
2026-Q4,IL,Hoffman Estates,trt,2,,0,,0
2026-Q4,IL,Homer Glen,glp1,2,,0,,0
2026-Q4,IL,Homer Glen,gym,2,,0,,0
2026-Q4,IL,Hometown,glp1,2,,0,,0
2026-Q4,IL,Homewood,glp1,7,,0,,0
2026-Q4,IL,Homewood,gym,1,,0,,0
2026-Q4,IL,Hoopeston,glp1,3,,0,,0
2026-Q4,IL,Hopkins Park,glp1,1,,0,,0
2026-Q4,IL,Huntley,glp1,8,,0,,0
2026-Q4,IL,Huntley,gym,1,,0,,0
2026-Q4,IL,Huntley,trt,1,,0,,0
2026-Q4,IL,Ingleside,glp1,1,,0,,0
2026-Q4,IL,Island Lake,glp1,2,,0,,0
2026-Q4,IL,Jacksonville,glp1,4,,0,,0
2026-Q4,IL,Jerseyville,glp1,5,,0,,0
2026-Q4,IL,Johnston City,glp1,1,,0,,0
2026-Q4,IL,Joliet,glp1,39,,0,,0
2026-Q4,IL,Joliet,gym,3,,0,,0
2026-Q4,IL,Joliet,trt,7,,0,,0
2026-Q4,IL,Kankakee,glp1,28,,0,,0
2026-Q4,IL,Kankakee,trt,2,,0,,0
2026-Q4,IL,Kewanee,glp1,6,,0,,0
2026-Q4,IL,La Grange,glp1,17,,0,,0
2026-Q4,IL,La Grange,gym,1,,0,,0
2026-Q4,IL,La Grange,trt,1,,0,,0
2026-Q4,IL,La Grange Park,glp1,3,,0,,0
2026-Q4,IL,La Grange Park,gym,2,,0,,0
2026-Q4,IL,Lafox,gym,1,,0,,0
2026-Q4,IL,Lake Bluff,glp1,1,,0,,0
2026-Q4,IL,Lake Bluff,gym,1,,0,,0
2026-Q4,IL,Lake Bluff,trt,1,,0,,0
2026-Q4,IL,Lake Forest,glp1,5,,0,,0
2026-Q4,IL,Lake Forest,gym,1,,0,,0
2026-Q4,IL,Lake Forest,trt,3,,0,,0
2026-Q4,IL,Lake In The Hills,glp1,4,,0,,0
2026-Q4,IL,Lake Villa,glp1,3,,0,,0
2026-Q4,IL,Lake Zurich,glp1,13,,0,,0
2026-Q4,IL,Lake Zurich,gym,1,,0,,0
2026-Q4,IL,Lake Zurich,pharmacy,1,,0,,0
2026-Q4,IL,Lansing,glp1,3,,0,,0
2026-Q4,IL,Lawrenceville,glp1,5,,0,,0
2026-Q4,IL,Le Roy,glp1,1,,0,,0
2026-Q4,IL,Lemont,glp1,7,,0,,0
2026-Q4,IL,Lemont,gym,1,,0,,0
2026-Q4,IL,Lena,glp1,1,,0,,0
2026-Q4,IL,Lewistown,glp1,1,,0,,0
2026-Q4,IL,Libertyville,glp1,30,,0,,0
2026-Q4,IL,Libertyville,trt,2,,0,,0
2026-Q4,IL,Lincoln,glp1,1,,0,,0
2026-Q4,IL,Lincolnwood,glp1,2,,0,,0
2026-Q4,IL,Lincolnwood,gym,1,,0,,0
2026-Q4,IL,Lisle,glp1,10,,0,,0
2026-Q4,IL,Lisle,gym,1,,0,,0
2026-Q4,IL,Lisle,trt,3,,0,,0
2026-Q4,IL,Litchfield,glp1,4,,0,,0
2026-Q4,IL,Lockport,glp1,2,,0,,0
2026-Q4,IL,Lombard,glp1,20,,0,,0
2026-Q4,IL,Lombard,trt,3,,0,,0
2026-Q4,IL,Louisville,glp1,4,,0,,0
2026-Q4,IL,Loves Park,glp1,7,,0,,0
2026-Q4,IL,Loves Park,trt,1,,0,,0
2026-Q4,IL,Macomb,glp1,5,,0,,0
2026-Q4,IL,Mahomet,glp1,1,,0,,0
2026-Q4,IL,Manhattan,glp1,1,,0,,0
2026-Q4,IL,Manteno,glp1,1,,0,,0
2026-Q4,IL,Marengo,glp1,2,,0,,0
2026-Q4,IL,Marion,glp1,23,,0,,0
2026-Q4,IL,Marion,trt,4,,0,,0
2026-Q4,IL,Marissa,glp1,2,,0,,0
2026-Q4,IL,Marshall,glp1,3,,0,,0
2026-Q4,IL,Martinsville,glp1,1,,0,,0
2026-Q4,IL,Maryville,glp1,27,,0,,0
2026-Q4,IL,Maryville,trt,3,,0,,0
2026-Q4,IL,Mascoutah,glp1,4,,0,,0
2026-Q4,IL,Mason City,glp1,1,,0,,0
2026-Q4,IL,Matteson,glp1,3,,0,,0
2026-Q4,IL,Matteson,gym,1,,0,,0
2026-Q4,IL,Mattoon,glp1,28,,0,,0
2026-Q4,IL,Maywood,glp1,1,,0,,0
2026-Q4,IL,Maywood,trt,8,,0,,0
2026-Q4,IL,Mc Leansboro,glp1,4,,0,,0
2026-Q4,IL,McHenry,glp1,8,,0,,0
2026-Q4,IL,McHenry,trt,2,,0,,0
2026-Q4,IL,Melrose Park,glp1,15,,0,,0
2026-Q4,IL,Melrose Park,trt,4,,0,,0
2026-Q4,IL,Mendota,glp1,4,,0,,0
2026-Q4,IL,Metropolis,glp1,6,,0,,0
2026-Q4,IL,Milan,glp1,1,,0,,0
2026-Q4,IL,Milford,glp1,2,,0,,0
2026-Q4,IL,Millstadt,glp1,1,,0,,0
2026-Q4,IL,Mokena,glp1,13,,0,,0
2026-Q4,IL,Mokena,gym,2,,0,,0
2026-Q4,IL,Mokena,trt,1,,0,,0
2026-Q4,IL,Moline,glp1,26,,0,,0
2026-Q4,IL,Moline,trt,3,,0,,0
2026-Q4,IL,Momence,glp1,2,,0,,0
2026-Q4,IL,Monmouth,glp1,2,,0,,0
2026-Q4,IL,Montgomery,gym,1,,0,,0
2026-Q4,IL,Monticello,glp1,1,,0,,0
2026-Q4,IL,Morris,glp1,10,,0,,0
2026-Q4,IL,Morris,trt,2,,0,,0
2026-Q4,IL,Morrison,glp1,1,,0,,0
2026-Q4,IL,Morton,glp1,7,,0,,0
2026-Q4,IL,Morton Grove,glp1,4,,0,,0
2026-Q4,IL,Mount Carmel,glp1,2,,0,,0
2026-Q4,IL,Mount Carroll,glp1,2,,0,,0
2026-Q4,IL,Mount Morris,glp1,1,,0,,0
2026-Q4,IL,Mount Olive,glp1,1,,0,,0
2026-Q4,IL,Mount Prospect,glp1,13,,0,,0
2026-Q4,IL,Mount Prospect,gym,1,,0,,0
2026-Q4,IL,Mount Prospect,trt,1,,0,,0
2026-Q4,IL,Mount Sterling,glp1,1,,0,,0
2026-Q4,IL,Mount Vernon,glp1,21,,0,,0
2026-Q4,IL,Mount Vernon,trt,2,,0,,0
2026-Q4,IL,Moweaqua,glp1,1,,0,,0
2026-Q4,IL,Mundelein,glp1,2,,0,,0
2026-Q4,IL,Mundelein,gym,1,,0,,0
2026-Q4,IL,Mundelein,trt,1,,0,,0
2026-Q4,IL,Murphysboro,glp1,4,,0,,0
2026-Q4,IL,Naperville,glp1,75,,0,,0
2026-Q4,IL,Naperville,gym,12,,0,,0
2026-Q4,IL,Naperville,trt,13,,0,,0
2026-Q4,IL,Nashville,glp1,1,,0,,0
2026-Q4,IL,Neoga,glp1,1,,0,,0
2026-Q4,IL,New Lenox,glp1,20,,0,,0
2026-Q4,IL,New Lenox,gym,1,,0,,0
2026-Q4,IL,New Lenox,trt,1,,0,,0
2026-Q4,IL,Newton,glp1,3,,0,,0
2026-Q4,IL,Niles,glp1,7,,0,,0
2026-Q4,IL,Niles,gym,1,,0,,0
2026-Q4,IL,Niles,trt,2,,0,,0
2026-Q4,IL,Normal,glp1,20,,0,,0
2026-Q4,IL,Normal,trt,2,,0,,0
2026-Q4,IL,North Aurora,glp1,2,,0,,0
2026-Q4,IL,North Aurora,gym,1,,0,,0
2026-Q4,IL,North Chicago,glp1,3,,0,,0
2026-Q4,IL,North Chicago,trt,2,,0,,0
2026-Q4,IL,Northbrook,glp1,8,,0,,0
2026-Q4,IL,Northbrook,gym,3,,0,,0
2026-Q4,IL,O Fallon,glp1,14,,0,,0
2026-Q4,IL,Oak Brook,glp1,3,,0,,0
2026-Q4,IL,Oak Brook,trt,3,,0,,0
2026-Q4,IL,Oak Forest,glp1,5,,0,,0
2026-Q4,IL,Oak Lawn,glp1,35,,0,,0
2026-Q4,IL,Oak Lawn,gym,1,,0,,0
2026-Q4,IL,Oak Lawn,trt,2,,0,,0
2026-Q4,IL,Oak Park,glp1,17,,0,,0
2026-Q4,IL,Oak Park,gym,1,,0,,0
2026-Q4,IL,Oak Park,trt,4,,0,,0
2026-Q4,IL,Oblong,glp1,1,,0,,0
2026-Q4,IL,Olney,glp1,7,,0,,0
2026-Q4,IL,Olympia Fields,glp1,21,,0,,0
2026-Q4,IL,Olympia Fields,trt,3,,0,,0
2026-Q4,IL,Onarga,glp1,3,,0,,0
2026-Q4,IL,Orland Park,glp1,27,,0,,0
2026-Q4,IL,Orland Park,gym,1,,0,,0
2026-Q4,IL,Orland Park,trt,9,,0,,0
2026-Q4,IL,Oswego,glp1,4,,0,,0
2026-Q4,IL,Ottawa,glp1,1,,0,,0
2026-Q4,IL,Palatine,glp1,3,,0,,0
2026-Q4,IL,Palatine,gym,1,,0,,0
2026-Q4,IL,Palestine,glp1,1,,0,,0
2026-Q4,IL,Palos Heights,glp1,15,,0,,0
2026-Q4,IL,Palos Heights,trt,2,,0,,0
2026-Q4,IL,Palos Hills,glp1,1,,0,,0
2026-Q4,IL,Palos Park,glp1,5,,0,,0
2026-Q4,IL,Palos Park,gym,1,,0,,0
2026-Q4,IL,Pana,glp1,3,,0,,0
2026-Q4,IL,Paris,glp1,6,,0,,0
2026-Q4,IL,Park Forest,glp1,1,,0,,0
2026-Q4,IL,Park Ridge,glp1,16,,0,,0
2026-Q4,IL,Park Ridge,trt,1,,0,,0
2026-Q4,IL,Paxton,glp1,1,,0,,0
2026-Q4,IL,Pecatonica,glp1,1,,0,,0
2026-Q4,IL,Pekin,glp1,5,,0,,0
2026-Q4,IL,Peoria,glp1,45,,0,,0
2026-Q4,IL,Peoria,trt,10,,0,,0
2026-Q4,IL,Peoria Heights,glp1,1,,0,,0
2026-Q4,IL,Peotone,glp1,2,,0,,0
2026-Q4,IL,Peru,glp1,2,,0,,0
2026-Q4,IL,Pinckneyville,glp1,3,,0,,0
2026-Q4,IL,Pittsfield,glp1,1,,0,,0
2026-Q4,IL,Plainfield,glp1,21,,0,,0
2026-Q4,IL,Plainfield,gym,1,,0,,0
2026-Q4,IL,Plano,glp1,1,,0,,0
2026-Q4,IL,Plano,trt,1,,0,,0
2026-Q4,IL,Pleasant Hill,glp1,1,,0,,0
2026-Q4,IL,Pocahontas,glp1,1,,0,,0
2026-Q4,IL,Pontiac,glp1,1,,0,,0
2026-Q4,IL,Port Byron,glp1,1,,0,,0
2026-Q4,IL,Princeton,glp1,3,,0,,0
2026-Q4,IL,Princeville,glp1,1,,0,,0
2026-Q4,IL,Quincy,glp1,17,,0,,0
2026-Q4,IL,Quincy,trt,2,,0,,0
2026-Q4,IL,Ramsey,glp1,1,,0,,0
2026-Q4,IL,Rantoul,glp1,2,,0,,0
2026-Q4,IL,Red Bud,glp1,2,,0,,0
2026-Q4,IL,Richmond,glp1,1,,0,,0
2026-Q4,IL,River Forest,glp1,2,,0,,0
2026-Q4,IL,River Grove,glp1,1,,0,,0
2026-Q4,IL,Riverdale,glp1,1,,0,,0
2026-Q4,IL,Riverside,glp1,5,,0,,0
2026-Q4,IL,Riverside,gym,1,,0,,0
2026-Q4,IL,Riverside,trt,1,,0,,0
2026-Q4,IL,Robinson,glp1,4,,0,,0
2026-Q4,IL,Robinson,trt,1,,0,,0
2026-Q4,IL,Rochester,glp1,1,,0,,0
2026-Q4,IL,Rock Falls,glp1,1,,0,,0
2026-Q4,IL,Rock Island,glp1,2,,0,,0
2026-Q4,IL,Rock Island,trt,1,,0,,0
2026-Q4,IL,Rockford,glp1,40,,0,,0
2026-Q4,IL,Rockford,trt,7,,0,,0
2026-Q4,IL,Rolling Meadows,glp1,2,,0,,0
2026-Q4,IL,Roodhouse,glp1,2,,0,,0
2026-Q4,IL,Roscoe,glp1,3,,0,,0
2026-Q4,IL,Roscoe,trt,1,,0,,0
2026-Q4,IL,Roselle,glp1,1,,0,,0
2026-Q4,IL,Rosiclare,glp1,1,,0,,0
2026-Q4,IL,Rossville,glp1,1,,0,,0
2026-Q4,IL,Round Lake,glp1,2,,0,,0
2026-Q4,IL,Rushville,glp1,2,,0,,0
2026-Q4,IL,Saint Charles,glp1,5,,0,,0
2026-Q4,IL,Saint Charles,gym,2,,0,,0
2026-Q4,IL,Salem,glp1,7,,0,,0
2026-Q4,IL,Savoy,glp1,3,,0,,0
2026-Q4,IL,Schaumburg,glp1,34,,0,,0
2026-Q4,IL,Schaumburg,gym,3,,0,,0
2026-Q4,IL,Schaumburg,trt,2,,0,,0
2026-Q4,IL,Schiller Park,trt,1,,0,,0
2026-Q4,IL,Sesser,glp1,1,,0,,0
2026-Q4,IL,Shelbyville,glp1,3,,0,,0
2026-Q4,IL,Sherman,glp1,1,,0,,0
2026-Q4,IL,Silvis,glp1,2,,0,,0
2026-Q4,IL,Skokie,glp1,30,,0,,0
2026-Q4,IL,Skokie,trt,11,,0,,0
2026-Q4,IL,Smithton,glp1,1,,0,,0
2026-Q4,IL,South Beloit,glp1,3,,0,,0
2026-Q4,IL,South Elgin,glp1,3,,0,,0
2026-Q4,IL,South Holland,glp1,3,,0,,0
2026-Q4,IL,Sparta,glp1,2,,0,,0
2026-Q4,IL,Spring Grove,glp1,1,,0,,0
2026-Q4,IL,Springfield,glp1,34,,0,,0
2026-Q4,IL,Springfield,trt,17,,0,,0
2026-Q4,IL,Staunton,glp1,1,,0,,0
2026-Q4,IL,Steeleville,glp1,1,,0,,0
2026-Q4,IL,Steger,glp1,1,,0,,0
2026-Q4,IL,Sterling,glp1,10,,0,,0
2026-Q4,IL,Streamwood,glp1,2,,0,,0
2026-Q4,IL,Streator,glp1,1,,0,,0
2026-Q4,IL,Sugar Grove,glp1,3,,0,,0
2026-Q4,IL,Sullivan,glp1,1,,0,,0
2026-Q4,IL,Summit Argo,glp1,2,,0,,0
2026-Q4,IL,Sycamore,glp1,6,,0,,0
2026-Q4,IL,Sycamore,trt,2,,0,,0
2026-Q4,IL,Tamms,glp1,1,,0,,0
2026-Q4,IL,Taylorville,glp1,3,,0,,0
2026-Q4,IL,Teutopolis,glp1,1,,0,,0
2026-Q4,IL,Tinley Park,glp1,16,,0,,0
2026-Q4,IL,Tinley Park,trt,3,,0,,0
2026-Q4,IL,Tremont,glp1,1,,0,,0
2026-Q4,IL,Troy,glp1,6,,0,,0
2026-Q4,IL,Tuscola,glp1,3,,0,,0
2026-Q4,IL,Urbana,glp1,11,,0,,0
2026-Q4,IL,Urbana,trt,1,,0,,0
2026-Q4,IL,Utica,glp1,1,,0,,0
2026-Q4,IL,Vandalia,glp1,8,,0,,0
2026-Q4,IL,Vernon Hills,glp1,12,,0,,0
2026-Q4,IL,Vernon Hills,trt,1,,0,,0
2026-Q4,IL,Villa Park,glp1,5,,0,,0
2026-Q4,IL,Villa Park,trt,2,,0,,0
2026-Q4,IL,Walnut,glp1,1,,0,,0
2026-Q4,IL,Warrenville,glp1,2,,0,,0
2026-Q4,IL,Warsaw,glp1,1,,0,,0
2026-Q4,IL,Washington,glp1,1,,0,,0
2026-Q4,IL,Waterloo,glp1,7,,0,,0
2026-Q4,IL,Watseka,glp1,8,,0,,0
2026-Q4,IL,Wauconda,glp1,2,,0,,0
2026-Q4,IL,Waukegan,glp1,12,,0,,0
2026-Q4,IL,Waukegan,trt,3,,0,,0
2026-Q4,IL,Wayne City,glp1,2,,0,,0
2026-Q4,IL,West Chicago,gym,1,,0,,0
2026-Q4,IL,West Frankfort,glp1,3,,0,,0
2026-Q4,IL,West Salem,glp1,2,,0,,0
2026-Q4,IL,Westchester,glp1,1,,0,,0
2026-Q4,IL,Western Springs,gym,2,,0,,0
2026-Q4,IL,Westmont,glp1,8,,0,,0
2026-Q4,IL,Westmont,gym,2,,0,,0
2026-Q4,IL,Westmont,trt,3,,0,,0
2026-Q4,IL,Wheaton,glp1,14,,0,,0
2026-Q4,IL,Wheaton,gym,2,,0,,0
2026-Q4,IL,Wheaton,trt,2,,0,,0
2026-Q4,IL,Wheeling,glp1,3,,0,,0
2026-Q4,IL,Wheeling,trt,1,,0,,0
2026-Q4,IL,Williamsfield,glp1,1,,0,,0
2026-Q4,IL,Willow Springs,gym,1,,0,,0
2026-Q4,IL,Willowbrook,glp1,16,,0,,0
2026-Q4,IL,Willowbrook,gym,1,,0,,0
2026-Q4,IL,Willowbrook,trt,8,,0,,0
2026-Q4,IL,Wilmette,glp1,2,,0,,0
2026-Q4,IL,Wilmington,glp1,1,,0,,0
2026-Q4,IL,Winfield,glp1,3,,0,,0
2026-Q4,IL,Winnetka,glp1,4,,0,,0
2026-Q4,IL,Winnetka,trt,2,,0,,0
2026-Q4,IL,Wood River,trt,1,,0,,0
2026-Q4,IL,Woodridge,glp1,9,,0,,0
2026-Q4,IL,Woodridge,gym,1,,0,,0
2026-Q4,IL,Woodridge,trt,1,,0,,0
2026-Q4,IL,Woodstock,glp1,6,,0,,0
2026-Q4,IL,Woodstock,trt,2,,0,,0
2026-Q4,IL,Worth,glp1,1,,0,,0
2026-Q4,IL,Yates City,glp1,1,,0,,0
2026-Q4,IL,Yorkville,glp1,7,,0,,0
2026-Q4,IL,Zion,glp1,3,,0,,0
2026-Q4,IN,Albany,glp1,1,,0,,0
2026-Q4,IN,Albion,glp1,2,,0,,0
2026-Q4,IN,Alexandria,glp1,1,,0,,0
2026-Q4,IN,Anderson,glp1,39,,0,,0
2026-Q4,IN,Anderson,trt,4,,0,,0
2026-Q4,IN,Angola,glp1,10,,0,,0
2026-Q4,IN,Auburn,glp1,14,,0,,0
2026-Q4,IN,Aurora,glp1,4,,0,,0
2026-Q4,IN,Austin,glp1,1,,0,,0
2026-Q4,IN,Avilla,glp1,2,,0,,0
2026-Q4,IN,Avon,glp1,10,,0,,0
2026-Q4,IN,Avon,trt,2,,0,,0
2026-Q4,IN,Bainbridge,glp1,2,,0,,0
2026-Q4,IN,Batesville,glp1,6,,0,,0
2026-Q4,IN,Batesville,trt,1,,0,,0
2026-Q4,IN,Bedford,glp1,9,,0,,0
2026-Q4,IN,Bedford,trt,2,,0,,0
2026-Q4,IN,Berne,glp1,2,,0,,0
2026-Q4,IN,Bicknell,glp1,1,,0,,0
2026-Q4,IN,Bloomfield,glp1,1,,0,,0
2026-Q4,IN,Bloomington,glp1,20,,0,,0
2026-Q4,IN,Bloomington,trt,7,,0,,0
2026-Q4,IN,Bluffton,glp1,3,,0,,0
2026-Q4,IN,Boonville,glp1,4,,0,,0
2026-Q4,IN,Brazil,glp1,13,,0,,0
2026-Q4,IN,Brazil,trt,2,,0,,0
2026-Q4,IN,Bremen,glp1,3,,0,,0
2026-Q4,IN,Bristol,glp1,3,,0,,0
2026-Q4,IN,Bristow,glp1,1,,0,,0
2026-Q4,IN,Brook,glp1,1,,0,,0
2026-Q4,IN,Brookville,glp1,9,,0,,0
2026-Q4,IN,Brownsburg,glp1,11,,0,,0
2026-Q4,IN,Brownsburg,trt,1,,0,,0
2026-Q4,IN,Brownstown,glp1,1,,0,,0
2026-Q4,IN,Burlington,glp1,1,,0,,0
2026-Q4,IN,Butler,glp1,1,,0,,0
2026-Q4,IN,Cambridge City,glp1,2,,0,,0
2026-Q4,IN,Carmel,glp1,44,,0,,0
2026-Q4,IN,Carmel,trt,18,,0,,0
2026-Q4,IN,Cayuga,glp1,2,,0,,0
2026-Q4,IN,Cedar Lake,glp1,4,,0,,0
2026-Q4,IN,Centerpoint,glp1,1,,0,,0
2026-Q4,IN,Charlestown,glp1,4,,0,,0
2026-Q4,IN,Chesterton,glp1,3,,0,,0
2026-Q4,IN,Churubusco,glp1,3,,0,,0
2026-Q4,IN,Cicero,glp1,1,,0,,0
2026-Q4,IN,Clarksville,glp1,11,,0,,0
2026-Q4,IN,Clarksville,trt,2,,0,,0
2026-Q4,IN,Clay City,glp1,1,,0,,0
2026-Q4,IN,Clinton,glp1,5,,0,,0
2026-Q4,IN,Clinton,trt,2,,0,,0
2026-Q4,IN,Cloverdale,glp1,4,,0,,0
2026-Q4,IN,Columbia City,glp1,8,,0,,0
2026-Q4,IN,Columbia City,trt,1,,0,,0
2026-Q4,IN,Columbus,glp1,27,,0,,0
2026-Q4,IN,Columbus,trt,3,,0,,0
2026-Q4,IN,Connersville,glp1,10,,0,,0
2026-Q4,IN,Converse,glp1,1,,0,,0
2026-Q4,IN,Corydon,glp1,8,,0,,0
2026-Q4,IN,Crawfordsville,glp1,6,,0,,0
2026-Q4,IN,Crown Point,glp1,23,,0,,0
2026-Q4,IN,Crown Point,trt,2,,0,,0
2026-Q4,IN,Culver,glp1,1,,0,,0
2026-Q4,IN,Dale,glp1,1,,0,,0
2026-Q4,IN,Daleville,glp1,1,,0,,0
2026-Q4,IN,Danville,glp1,15,,0,,0
2026-Q4,IN,Danville,trt,2,,0,,0
2026-Q4,IN,Dayton,glp1,1,,0,,0
2026-Q4,IN,Decatur,glp1,2,,0,,0
2026-Q4,IN,Delphi,glp1,4,,0,,0
2026-Q4,IN,Demotte,glp1,5,,0,,0
2026-Q4,IN,Dunkirk,glp1,1,,0,,0
2026-Q4,IN,Dyer,glp1,13,,0,,0
2026-Q4,IN,Dyer,trt,1,,0,,0
2026-Q4,IN,East Chicago,glp1,18,,0,,0
2026-Q4,IN,East Chicago,trt,1,,0,,0
2026-Q4,IN,Elkhart,glp1,28,,0,,0
2026-Q4,IN,Elkhart,trt,2,,0,,0
2026-Q4,IN,Elwood,glp1,4,,0,,0
2026-Q4,IN,Elwood,trt,1,,0,,0
2026-Q4,IN,English,glp1,1,,0,,0
2026-Q4,IN,Evansville,glp1,60,,0,,0
2026-Q4,IN,Evansville,trt,12,,0,,0
2026-Q4,IN,Ferdinand,glp1,2,,0,,0
2026-Q4,IN,Fishers,glp1,17,,0,,0
2026-Q4,IN,Fishers,trt,5,,0,,0
2026-Q4,IN,Flora,glp1,1,,0,,0
2026-Q4,IN,Floyds Knobs,glp1,4,,0,,0
2026-Q4,IN,Fort Branch,glp1,4,,0,,0
2026-Q4,IN,Fort Wayne,glp1,115,,0,,0
2026-Q4,IN,Fort Wayne,trt,12,,0,,0
2026-Q4,IN,Fortville,glp1,2,,0,,0
2026-Q4,IN,Frankfort,glp1,2,,0,,0
2026-Q4,IN,Frankfort,trt,3,,0,,0
2026-Q4,IN,Franklin,glp1,12,,0,,0
2026-Q4,IN,Franklin,trt,1,,0,,0
2026-Q4,IN,Fremont,glp1,1,,0,,0
2026-Q4,IN,French Lick,glp1,1,,0,,0
2026-Q4,IN,Garrett,glp1,1,,0,,0
2026-Q4,IN,Gary,glp1,9,,0,,0
2026-Q4,IN,Gary,trt,2,,0,,0
2026-Q4,IN,Gas City,glp1,2,,0,,0
2026-Q4,IN,Goshen,glp1,19,,0,,0
2026-Q4,IN,Goshen,trt,1,,0,,0
2026-Q4,IN,Granger,glp1,10,,0,,0
2026-Q4,IN,Granger,trt,2,,0,,0
2026-Q4,IN,Greencastle,glp1,8,,0,,0
2026-Q4,IN,Greenfield,glp1,13,,0,,0
2026-Q4,IN,Greensburg,glp1,6,,0,,0
2026-Q4,IN,Greentown,glp1,1,,0,,0
2026-Q4,IN,Greenwood,glp1,35,,0,,0
2026-Q4,IN,Greenwood,trt,4,,0,,0
2026-Q4,IN,Griffith,glp1,2,,0,,0
2026-Q4,IN,Griffith,trt,1,,0,,0
2026-Q4,IN,Hagerstown,glp1,1,,0,,0
2026-Q4,IN,Hamilton,glp1,1,,0,,0
2026-Q4,IN,Hammond,glp1,6,,0,,0
2026-Q4,IN,Hammond,gym,1,,0,,0
2026-Q4,IN,Hammond,trt,1,,0,,0
2026-Q4,IN,Hanover,glp1,1,,0,,0
2026-Q4,IN,Harlan,glp1,1,,0,,0
2026-Q4,IN,Haubstadt,glp1,1,,0,,0
2026-Q4,IN,Henryville,glp1,2,,0,,0
2026-Q4,IN,Highland,glp1,12,,0,,0
2026-Q4,IN,Hobart,glp1,25,,0,,0
2026-Q4,IN,Hobart,trt,2,,0,,0
2026-Q4,IN,Holland,glp1,2,,0,,0
2026-Q4,IN,Hope,glp1,1,,0,,0
2026-Q4,IN,Huntertown,glp1,2,,0,,0
2026-Q4,IN,Huntingburg,glp1,1,,0,,0
2026-Q4,IN,Huntington,glp1,4,,0,,0
2026-Q4,IN,Indianapolis,glp1,281,,0,,0
2026-Q4,IN,Indianapolis,trt,76,,0,,0
2026-Q4,IN,Jamestown,glp1,1,,0,,0
2026-Q4,IN,Jasonville,glp1,2,,0,,0
2026-Q4,IN,Jasper,glp1,11,,0,,0
2026-Q4,IN,Jasper,trt,3,,0,,0
2026-Q4,IN,Jeffersonville,glp1,18,,0,,0
2026-Q4,IN,Jeffersonville,trt,1,,0,,0
2026-Q4,IN,Kendallville,glp1,5,,0,,0
2026-Q4,IN,Kentland,glp1,1,,0,,0
2026-Q4,IN,Knightstown,glp1,1,,0,,0
2026-Q4,IN,Knox,glp1,7,,0,,0
2026-Q4,IN,Kokomo,glp1,27,,0,,0
2026-Q4,IN,Kokomo,trt,6,,0,,0
2026-Q4,IN,Kouts,glp1,1,,0,,0
2026-Q4,IN,La Porte,glp1,7,,0,,0
2026-Q4,IN,La Porte,trt,1,,0,,0
2026-Q4,IN,Lafayette,glp1,35,,0,,0
2026-Q4,IN,Lafayette,trt,3,,0,,0
2026-Q4,IN,Lagrange,glp1,2,,0,,0
2026-Q4,IN,Lapel,glp1,2,,0,,0
2026-Q4,IN,Lawrenceburg,glp1,12,,0,,0
2026-Q4,IN,Lawrenceburg,trt,2,,0,,0
2026-Q4,IN,Lebanon,glp1,9,,0,,0
2026-Q4,IN,Lebanon,trt,1,,0,,0
2026-Q4,IN,Leo,glp1,1,,0,,0
2026-Q4,IN,Lexington,glp1,1,,0,,0
2026-Q4,IN,Ligonier,glp1,1,,0,,0
2026-Q4,IN,Linton,glp1,2,,0,,0
2026-Q4,IN,Lizton,glp1,1,,0,,0
2026-Q4,IN,Logansport,glp1,6,,0,,0
2026-Q4,IN,Loogootee,glp1,2,,0,,0
2026-Q4,IN,Lowell,glp1,3,,0,,0
2026-Q4,IN,Madison,glp1,4,,0,,0
2026-Q4,IN,Marion,glp1,6,,0,,0
2026-Q4,IN,Marion,trt,2,,0,,0
2026-Q4,IN,Markle,glp1,2,,0,,0
2026-Q4,IN,Martinsville,glp1,1,,0,,0
2026-Q4,IN,McCordsville,glp1,5,,0,,0
2026-Q4,IN,McCordsville,trt,1,,0,,0
2026-Q4,IN,Mentone,glp1,1,,0,,0
2026-Q4,IN,Merrillville,glp1,42,,0,,0
2026-Q4,IN,Merrillville,trt,7,,0,,0
2026-Q4,IN,Michigan City,glp1,21,,0,,0
2026-Q4,IN,Michigan City,trt,3,,0,,0
2026-Q4,IN,Middlebury,glp1,4,,0,,0
2026-Q4,IN,Middletown,glp1,1,,0,,0
2026-Q4,IN,Milford,glp1,2,,0,,0
2026-Q4,IN,Milroy,glp1,1,,0,,0
2026-Q4,IN,Mishawaka,glp1,33,,0,,0
2026-Q4,IN,Mitchell,glp1,3,,0,,0
2026-Q4,IN,Monroe City,glp1,3,,0,,0
2026-Q4,IN,Monrovia,glp1,1,,0,,0
2026-Q4,IN,Montezuma,glp1,1,,0,,0
2026-Q4,IN,Montgomery,glp1,1,,0,,0
2026-Q4,IN,Monticello,glp1,1,,0,,0
2026-Q4,IN,Montpelier,glp1,1,,0,,0
2026-Q4,IN,Mooresville,glp1,8,,0,,0
2026-Q4,IN,Mount Vernon,glp1,4,,0,,0
2026-Q4,IN,Muncie,glp1,18,,0,,0
2026-Q4,IN,Muncie,trt,7,,0,,0
2026-Q4,IN,Munster,glp1,53,,0,,0
2026-Q4,IN,Munster,trt,13,,0,,0
2026-Q4,IN,Nappanee,glp1,4,,0,,0
2026-Q4,IN,New Albany,glp1,24,,0,,0
2026-Q4,IN,New Albany,trt,4,,0,,0
2026-Q4,IN,New Carlisle,glp1,3,,0,,0
2026-Q4,IN,New Castle,glp1,14,,0,,0
2026-Q4,IN,New Haven,glp1,2,,0,,0
2026-Q4,IN,New Palestine,glp1,1,,0,,0
2026-Q4,IN,New Salisbury,glp1,1,,0,,0
2026-Q4,IN,Newburgh,glp1,22,,0,,0
2026-Q4,IN,Newburgh,trt,6,,0,,0
2026-Q4,IN,Noblesville,glp1,27,,0,,0
2026-Q4,IN,Noblesville,trt,3,,0,,0
2026-Q4,IN,North Judson,glp1,1,,0,,0
2026-Q4,IN,North Liberty,glp1,2,,0,,0
2026-Q4,IN,North Vernon,glp1,3,,0,,0
2026-Q4,IN,North Vernon,trt,2,,0,,0
2026-Q4,IN,North Webster,glp1,2,,0,,0
2026-Q4,IN,Oaktown,glp1,1,,0,,0
2026-Q4,IN,Odon,glp1,1,,0,,0
2026-Q4,IN,Osceola,glp1,1,,0,,0
2026-Q4,IN,Osgood,glp1,1,,0,,0
2026-Q4,IN,Ossian,glp1,2,,0,,0
2026-Q4,IN,Palmyra,glp1,1,,0,,0
2026-Q4,IN,Paoli,glp1,2,,0,,0
2026-Q4,IN,Pendleton,glp1,1,,0,,0
2026-Q4,IN,Pendleton,trt,1,,0,,0
2026-Q4,IN,Peru,glp1,5,,0,,0
2026-Q4,IN,Peru,trt,2,,0,,0
2026-Q4,IN,Petersburg,glp1,1,,0,,0
2026-Q4,IN,Pierceton,glp1,1,,0,,0
2026-Q4,IN,Plainfield,glp1,8,,0,,0
2026-Q4,IN,Plainfield,trt,4,,0,,0
2026-Q4,IN,Plymouth,glp1,6,,0,,0
2026-Q4,IN,Portage,glp1,15,,0,,0
2026-Q4,IN,Portage,trt,4,,0,,0
2026-Q4,IN,Portland,glp1,2,,0,,0
2026-Q4,IN,Princeton,glp1,5,,0,,0
2026-Q4,IN,Rensselaer,glp1,2,,0,,0
2026-Q4,IN,Richmond,glp1,28,,0,,0
2026-Q4,IN,Richmond,trt,1,,0,,0
2026-Q4,IN,Riley,glp1,2,,0,,0
2026-Q4,IN,Rising Sun,glp1,1,,0,,0
2026-Q4,IN,Roanoke,glp1,3,,0,,0
2026-Q4,IN,Rochester,glp1,1,,0,,0
2026-Q4,IN,Rockport,glp1,3,,0,,0
2026-Q4,IN,Rockville,glp1,2,,0,,0
2026-Q4,IN,Rushville,glp1,2,,0,,0
2026-Q4,IN,Russiaville,glp1,1,,0,,0
2026-Q4,IN,Saint John,glp1,3,,0,,0
2026-Q4,IN,Saint John,trt,1,,0,,0
2026-Q4,IN,Salem,glp1,8,,0,,0
2026-Q4,IN,Salem,trt,3,,0,,0
2026-Q4,IN,Santa Claus,glp1,1,,0,,0
2026-Q4,IN,Schererville,glp1,8,,0,,0
2026-Q4,IN,Schererville,trt,1,,0,,0
2026-Q4,IN,Scottsburg,glp1,7,,0,,0
2026-Q4,IN,Scottsburg,trt,3,,0,,0
2026-Q4,IN,Sellersburg,glp1,2,,0,,0
2026-Q4,IN,Sellersburg,trt,1,,0,,0
2026-Q4,IN,Seymour,glp1,23,,0,,0
2026-Q4,IN,Seymour,trt,3,,0,,0
2026-Q4,IN,Shelbyville,glp1,10,,0,,0
2026-Q4,IN,Shelbyville,trt,1,,0,,0
2026-Q4,IN,Sheridan,glp1,1,,0,,0
2026-Q4,IN,Shipshewana,glp1,2,,0,,0
2026-Q4,IN,Shoals,glp1,1,,0,,0
2026-Q4,IN,South Bend,glp1,29,,0,,0
2026-Q4,IN,South Bend,trt,4,,0,,0
2026-Q4,IN,South Whitley,glp1,1,,0,,0
2026-Q4,IN,Spencer,glp1,3,,0,,0
2026-Q4,IN,Sullivan,glp1,4,,0,,0
2026-Q4,IN,Sullivan,trt,1,,0,,0
2026-Q4,IN,Sunman,glp1,2,,0,,0
2026-Q4,IN,Syracuse,glp1,5,,0,,0
2026-Q4,IN,Tell City,glp1,5,,0,,0
2026-Q4,IN,Tell City,trt,1,,0,,0
2026-Q4,IN,Terre Haute,glp1,54,,0,,0
2026-Q4,IN,Terre Haute,trt,6,,0,,0
2026-Q4,IN,Thorntown,glp1,1,,0,,0
2026-Q4,IN,Tipton,trt,2,,0,,0
2026-Q4,IN,Trafalgar,glp1,1,,0,,0
2026-Q4,IN,Upland,glp1,1,,0,,0
2026-Q4,IN,Upland,trt,1,,0,,0
2026-Q4,IN,Valparaiso,glp1,40,,0,,0
2026-Q4,IN,Valparaiso,trt,5,,0,,0
2026-Q4,IN,Veedersburg,glp1,1,,0,,0
2026-Q4,IN,Veedersburg,trt,1,,0,,0
2026-Q4,IN,Vevay,glp1,2,,0,,0
2026-Q4,IN,Vincennes,glp1,16,,0,,0
2026-Q4,IN,Wabash,glp1,1,,0,,0
2026-Q4,IN,Wabash,trt,1,,0,,0
2026-Q4,IN,Wakarusa,glp1,1,,0,,0
2026-Q4,IN,Walkerton,glp1,1,,0,,0
2026-Q4,IN,Warren,glp1,2,,0,,0
2026-Q4,IN,Warsaw,glp1,11,,0,,0
2026-Q4,IN,Warsaw,trt,2,,0,,0
2026-Q4,IN,Washington,glp1,13,,0,,0
2026-Q4,IN,Washington,trt,1,,0,,0
2026-Q4,IN,West Baden Springs,glp1,1,,0,,0
2026-Q4,IN,West College Corner,glp1,1,,0,,0
2026-Q4,IN,West Lafayette,glp1,6,,0,,0
2026-Q4,IN,West Lafayette,trt,1,,0,,0
2026-Q4,IN,West Terre Haute,glp1,1,,0,,0
2026-Q4,IN,Westfield,glp1,16,,0,,0
2026-Q4,IN,Westfield,trt,2,,0,,0
2026-Q4,IN,Wheatfield,glp1,1,,0,,0
2026-Q4,IN,Whiteland,glp1,3,,0,,0
2026-Q4,IN,Whiting,glp1,1,,0,,0
2026-Q4,IN,Whiting,gym,1,,0,,0
2026-Q4,IN,Williamsport,glp1,1,,0,,0
2026-Q4,IN,Williamsport,trt,2,,0,,0
2026-Q4,IN,Winamac,glp1,1,,0,,0
2026-Q4,IN,Winchester,glp1,1,,0,,0
2026-Q4,IN,Winchester,trt,1,,0,,0
2026-Q4,IN,Yorktown,glp1,1,,0,,0
2026-Q4,IN,Yorktown,trt,2,,0,,0
2026-Q4,IN,Zionsville,glp1,13,,0,,0
2026-Q4,IN,Zionsville,trt,8,,0,,0
2026-Q4,KS,Abilene,glp1,1,,0,,0
2026-Q4,KS,Andover,glp1,12,,0,,0
2026-Q4,KS,Anthony,glp1,3,,0,,0
2026-Q4,KS,Arkansas City,glp1,2,,0,,0
2026-Q4,KS,Arma,glp1,1,,0,,0
2026-Q4,KS,Atchison,glp1,8,,0,,0
2026-Q4,KS,Atchison,trt,1,,0,,0
2026-Q4,KS,Atwood,glp1,1,,0,,0
2026-Q4,KS,Auburn,glp1,1,,0,,0
2026-Q4,KS,Augusta,glp1,2,,0,,0
2026-Q4,KS,Baldwin City,trt,1,,0,,0
2026-Q4,KS,Basehor,glp1,2,,0,,0
2026-Q4,KS,Baxter Springs,glp1,1,,0,,0
2026-Q4,KS,Beloit,glp1,2,,0,,0
2026-Q4,KS,Belpre,glp1,1,,0,,0
2026-Q4,KS,Bonner Springs,glp1,1,,0,,0
2026-Q4,KS,Burlington,glp1,1,,0,,0
2026-Q4,KS,Caldwell,glp1,1,,0,,0
2026-Q4,KS,Centralia,glp1,1,,0,,0
2026-Q4,KS,Chanute,glp1,6,,0,,0
2026-Q4,KS,Chetopa,glp1,1,,0,,0
2026-Q4,KS,Clay Center,glp1,2,,0,,0
2026-Q4,KS,Clearwater,glp1,1,,0,,0
2026-Q4,KS,Coffeyville,glp1,6,,0,,0
2026-Q4,KS,Colby,glp1,4,,0,,0
2026-Q4,KS,Columbus,glp1,1,,0,,0
2026-Q4,KS,Concordia,glp1,2,,0,,0
2026-Q4,KS,Council Grove,glp1,2,,0,,0
2026-Q4,KS,DeSoto,glp1,2,,0,,0
2026-Q4,KS,Deerfield,glp1,1,,0,,0
2026-Q4,KS,Derby,glp1,6,,0,,0
2026-Q4,KS,Dodge City,glp1,8,,0,,0
2026-Q4,KS,El Dorado,glp1,6,,0,,0
2026-Q4,KS,Ellinwood,glp1,1,,0,,0
2026-Q4,KS,Ellsworth,glp1,4,,0,,0
2026-Q4,KS,Emporia,glp1,9,,0,,0
2026-Q4,KS,Erie,glp1,1,,0,,0
2026-Q4,KS,Eudora,glp1,2,,0,,0
2026-Q4,KS,Fort Leavenworth,glp1,1,,0,,0
2026-Q4,KS,Fort Scott,glp1,2,,0,,0
2026-Q4,KS,Fredonia,glp1,3,,0,,0
2026-Q4,KS,Frontenac,glp1,4,,0,,0
2026-Q4,KS,Galena,glp1,2,,0,,0
2026-Q4,KS,Garden City,glp1,9,,0,,0
2026-Q4,KS,Garden City,trt,1,,0,,0
2026-Q4,KS,Gardner,glp1,5,,0,,0
2026-Q4,KS,Garnett,glp1,1,,0,,0
2026-Q4,KS,Girard,glp1,1,,0,,0
2026-Q4,KS,Goddard,glp1,1,,0,,0
2026-Q4,KS,Goodland,glp1,1,,0,,0
2026-Q4,KS,Grainfield,glp1,1,,0,,0
2026-Q4,KS,Great Bend,glp1,7,,0,,0
2026-Q4,KS,Greensburg,glp1,1,,0,,0
2026-Q4,KS,Halstead,glp1,1,,0,,0
2026-Q4,KS,Hays,glp1,7,,0,,0
2026-Q4,KS,Haysville,glp1,1,,0,,0
2026-Q4,KS,Hesston,glp1,2,,0,,0
2026-Q4,KS,Hiawatha,glp1,4,,0,,0
2026-Q4,KS,Hiawatha,trt,1,,0,,0
2026-Q4,KS,Hoisington,glp1,1,,0,,0
2026-Q4,KS,Holton,glp1,7,,0,,0
2026-Q4,KS,Horton,glp1,1,,0,,0
2026-Q4,KS,Howard,glp1,1,,0,,0
2026-Q4,KS,Hugoton,glp1,1,,0,,0
2026-Q4,KS,Hutchinson,glp1,9,,0,,0
2026-Q4,KS,Hutchinson,trt,1,,0,,0
2026-Q4,KS,Independence,glp1,6,,0,,0
2026-Q4,KS,Johnson,glp1,2,,0,,0
2026-Q4,KS,Junction City,glp1,5,,0,,0
2026-Q4,KS,Kansas City,glp1,60,,0,,0
2026-Q4,KS,Kansas City,trt,17,,0,,0
2026-Q4,KS,Kingman,glp1,2,,0,,0
2026-Q4,KS,Lakin,glp1,2,,0,,0
2026-Q4,KS,Lansing,glp1,9,,0,,0
2026-Q4,KS,Larned,glp1,2,,0,,0
2026-Q4,KS,Lawrence,glp1,26,,0,,0
2026-Q4,KS,Lawrence,trt,3,,0,,0
2026-Q4,KS,Leavenworth,glp1,5,,0,,0
2026-Q4,KS,Leawood,glp1,46,,0,,0
2026-Q4,KS,Leawood,trt,4,,0,,0
2026-Q4,KS,Lenexa,glp1,21,,0,,0
2026-Q4,KS,Lenexa,trt,4,,0,,0
2026-Q4,KS,Liberal,glp1,5,,0,,0
2026-Q4,KS,Liberal,trt,1,,0,,0
2026-Q4,KS,Lincoln,glp1,2,,0,,0
2026-Q4,KS,Lindsborg,glp1,1,,0,,0
2026-Q4,KS,Lyons,glp1,2,,0,,0
2026-Q4,KS,Manhattan,glp1,8,,0,,0
2026-Q4,KS,Manhattan,trt,1,,0,,0
2026-Q4,KS,Marion,glp1,2,,0,,0
2026-Q4,KS,Marysville,glp1,2,,0,,0
2026-Q4,KS,Mayetta,glp1,1,,0,,0
2026-Q4,KS,McPherson,glp1,5,,0,,0
2026-Q4,KS,Minneapolis,glp1,2,,0,,0
2026-Q4,KS,Minneola,glp1,3,,0,,0
2026-Q4,KS,Mission,glp1,10,,0,,0
2026-Q4,KS,Mission,trt,1,,0,,0
2026-Q4,KS,Mound City,glp1,1,,0,,0
2026-Q4,KS,Mulvane,glp1,1,,0,,0
2026-Q4,KS,Neodesha,glp1,3,,0,,0
2026-Q4,KS,Ness City,glp1,1,,0,,0
2026-Q4,KS,Newton,glp1,7,,0,,0
2026-Q4,KS,Newton,trt,1,,0,,0
2026-Q4,KS,Norton,glp1,1,,0,,0
2026-Q4,KS,Oakley,glp1,2,,0,,0
2026-Q4,KS,Oberlin,glp1,1,,0,,0
2026-Q4,KS,Olathe,glp1,30,,0,,0
2026-Q4,KS,Olathe,trt,2,,0,,0
2026-Q4,KS,Onaga,glp1,2,,0,,0
2026-Q4,KS,Osawatomie,glp1,3,,0,,0
2026-Q4,KS,Osawatomie,trt,1,,0,,0
2026-Q4,KS,Oswego,glp1,1,,0,,0
2026-Q4,KS,Ottawa,glp1,7,,0,,0
2026-Q4,KS,Overland Park,glp1,72,,0,,0
2026-Q4,KS,Overland Park,trt,11,,0,,0
2026-Q4,KS,Paola,glp1,2,,0,,0
2026-Q4,KS,Parsons,glp1,5,,0,,0
2026-Q4,KS,Pittsburg,glp1,8,,0,,0
2026-Q4,KS,Pleasanton,glp1,1,,0,,0
2026-Q4,KS,Prairie Village,glp1,5,,0,,0
2026-Q4,KS,Pratt,glp1,1,,0,,0
2026-Q4,KS,Quinter,glp1,2,,0,,0
2026-Q4,KS,Rose Hill,glp1,1,,0,,0
2026-Q4,KS,Russell,glp1,3,,0,,0
2026-Q4,KS,Sabetha,glp1,2,,0,,0
2026-Q4,KS,Saint Francis,glp1,2,,0,,0
2026-Q4,KS,Salina,glp1,11,,0,,0
2026-Q4,KS,Salina,trt,6,,0,,0
2026-Q4,KS,Scott City,glp1,2,,0,,0
2026-Q4,KS,Shawnee,glp1,13,,0,,0
2026-Q4,KS,Shawnee,trt,1,,0,,0
2026-Q4,KS,Smith Center,glp1,1,,0,,0
2026-Q4,KS,Solomon,glp1,1,,0,,0
2026-Q4,KS,Spring Hill,glp1,2,,0,,0
2026-Q4,KS,Stafford,glp1,1,,0,,0
2026-Q4,KS,Sterling,glp1,1,,0,,0
2026-Q4,KS,Stilwell,glp1,1,,0,,0
2026-Q4,KS,Thayer,glp1,1,,0,,0
2026-Q4,KS,Tonganoxie,glp1,2,,0,,0
2026-Q4,KS,Topeka,glp1,49,,0,,0
2026-Q4,KS,Topeka,trt,9,,0,,0
2026-Q4,KS,Troy,glp1,1,,0,,0
2026-Q4,KS,Valley Center,glp1,1,,0,,0
2026-Q4,KS,Valley Falls,glp1,1,,0,,0
2026-Q4,KS,Wamego,glp1,3,,0,,0
2026-Q4,KS,Wellsville,glp1,1,,0,,0
2026-Q4,KS,Westmoreland,glp1,2,,0,,0
2026-Q4,KS,Wichita,glp1,112,,0,,0
2026-Q4,KS,Wichita,pharmacy,1,,0,,0
2026-Q4,KS,Wichita,trt,18,,0,,0
2026-Q4,KS,Winfield,glp1,3,,0,,0
2026-Q4,KY,Albany,glp1,6,,0,,0
2026-Q4,KY,Alexandria,glp1,2,,0,,0
2026-Q4,KY,Arlington,glp1,1,,0,,0
2026-Q4,KY,Ashland,glp1,60,,0,,0
2026-Q4,KY,Ashland,trt,7,,0,,0
2026-Q4,KY,Auburn,glp1,1,,0,,0
2026-Q4,KY,Augusta,glp1,1,,0,,0
2026-Q4,KY,Auxier,glp1,1,,0,,0
2026-Q4,KY,Barbourville,glp1,11,,0,,0
2026-Q4,KY,Bardstown,glp1,14,,0,,0
2026-Q4,KY,Beattyville,glp1,1,,0,,0
2026-Q4,KY,Beaver Dam,glp1,4,,0,,0
2026-Q4,KY,Beaver Dam,trt,1,,0,,0
2026-Q4,KY,Bedford,glp1,2,,0,,0
2026-Q4,KY,Belfry,glp1,1,,0,,0
2026-Q4,KY,Bellevue,glp1,4,,0,,0
2026-Q4,KY,Bellevue,trt,1,,0,,0
2026-Q4,KY,Benton,glp1,5,,0,,0
2026-Q4,KY,Benton,trt,1,,0,,0
2026-Q4,KY,Berea,glp1,8,,0,,0
2026-Q4,KY,Big Clifty,glp1,1,,0,,0
2026-Q4,KY,Booneville,glp1,1,,0,,0
2026-Q4,KY,Bowling Green,glp1,43,,0,,0
2026-Q4,KY,Bowling Green,trt,3,,0,,0
2026-Q4,KY,Brandenburg,glp1,6,,0,,0
2026-Q4,KY,Brownsville,glp1,5,,0,,0
2026-Q4,KY,Burkesville,glp1,6,,0,,0
2026-Q4,KY,Burlington,glp1,2,,0,,0
2026-Q4,KY,Butler,glp1,3,,0,,0
2026-Q4,KY,Bypro,glp1,1,,0,,0
2026-Q4,KY,Cadiz,glp1,8,,0,,0
2026-Q4,KY,Calhoun,glp1,1,,0,,0
2026-Q4,KY,Calvert City,glp1,1,,0,,0
2026-Q4,KY,Campbellsburg,glp1,2,,0,,0
2026-Q4,KY,Campbellsville,glp1,16,,0,,0
2026-Q4,KY,Campton,glp1,3,,0,,0
2026-Q4,KY,Caneyville,glp1,2,,0,,0
2026-Q4,KY,Carlisle,glp1,2,,0,,0
2026-Q4,KY,Carrollton,glp1,5,,0,,0
2026-Q4,KY,Catlettsburg,glp1,6,,0,,0
2026-Q4,KY,Cave City,glp1,4,,0,,0
2026-Q4,KY,Cecilia,glp1,1,,0,,0
2026-Q4,KY,Central City,glp1,2,,0,,0
2026-Q4,KY,Chavies,glp1,1,,0,,0
2026-Q4,KY,Clarkson,glp1,2,,0,,0
2026-Q4,KY,Clay,glp1,1,,0,,0
2026-Q4,KY,Clay City,glp1,2,,0,,0
2026-Q4,KY,Columbia,glp1,9,,0,,0
2026-Q4,KY,Columbia,trt,1,,0,,0
2026-Q4,KY,Corbin,glp1,18,,0,,0
2026-Q4,KY,Cornettsville,glp1,1,,0,,0
2026-Q4,KY,Covington,glp1,14,,0,,0
2026-Q4,KY,Covington,trt,3,,0,,0
2026-Q4,KY,Coxs Creek,glp1,1,,0,,0
2026-Q4,KY,Crab Orchard,glp1,1,,0,,0
2026-Q4,KY,Crestwood,glp1,3,,0,,0
2026-Q4,KY,Crittenden,glp1,2,,0,,0
2026-Q4,KY,Cumberland,glp1,1,,0,,0
2026-Q4,KY,Cynthiana,glp1,10,,0,,0
2026-Q4,KY,Cynthiana,trt,1,,0,,0
2026-Q4,KY,Danville,glp1,19,,0,,0
2026-Q4,KY,Danville,trt,4,,0,,0
2026-Q4,KY,Dawson Springs,glp1,1,,0,,0
2026-Q4,KY,Dixon,glp1,2,,0,,0
2026-Q4,KY,Dry Ridge,glp1,2,,0,,0
2026-Q4,KY,Earlington,glp1,1,,0,,0
2026-Q4,KY,East Bernstadt,glp1,4,,0,,0
2026-Q4,KY,East Point,glp1,1,,0,,0
2026-Q4,KY,Eastern,glp1,1,,0,,0
2026-Q4,KY,Eddyville,glp1,3,,0,,0
2026-Q4,KY,Edmonton,glp1,2,,0,,0
2026-Q4,KY,Elizabethtown,glp1,45,,0,,0
2026-Q4,KY,Elizabethtown,trt,2,,0,,0
2026-Q4,KY,Elkhorn City,glp1,2,,0,,0
2026-Q4,KY,Elkton,glp1,1,,0,,0
2026-Q4,KY,Eminence,glp1,1,,0,,0
2026-Q4,KY,Emmalena,glp1,1,,0,,0
2026-Q4,KY,Erlanger,glp1,4,,0,,0
2026-Q4,KY,Fairdale,glp1,2,,0,,0
2026-Q4,KY,Falmouth,glp1,1,,0,,0
2026-Q4,KY,Flatwoods,glp1,4,,0,,0
2026-Q4,KY,Flemingsburg,glp1,4,,0,,0
2026-Q4,KY,Florence,glp1,26,,0,,0
2026-Q4,KY,Florence,trt,1,,0,,0
2026-Q4,KY,Fort Campbell,glp1,2,,0,,0
2026-Q4,KY,Fort Knox,glp1,1,,0,,0
2026-Q4,KY,Fort Thomas,glp1,3,,0,,0
2026-Q4,KY,Foster,glp1,1,,0,,0
2026-Q4,KY,Fountain Run,glp1,1,,0,,0
2026-Q4,KY,Frankfort,glp1,19,,0,,0
2026-Q4,KY,Franklin,glp1,5,,0,,0
2026-Q4,KY,Fredonia,glp1,1,,0,,0
2026-Q4,KY,Frenchburg,glp1,1,,0,,0
2026-Q4,KY,Ft Mitchell,glp1,26,,0,,0
2026-Q4,KY,Ft Mitchell,trt,3,,0,,0
2026-Q4,KY,Fulton,glp1,2,,0,,0
2026-Q4,KY,Georgetown,glp1,28,,0,,0
2026-Q4,KY,Georgetown,trt,2,,0,,0
2026-Q4,KY,Ghent,glp1,3,,0,,0
2026-Q4,KY,Glasgow,glp1,13,,0,,0
2026-Q4,KY,Gray,glp1,2,,0,,0
2026-Q4,KY,Grayson,glp1,6,,0,,0
2026-Q4,KY,Greensburg,glp1,4,,0,,0
2026-Q4,KY,Greenup,glp1,4,,0,,0
2026-Q4,KY,Greenville,glp1,4,,0,,0
2026-Q4,KY,Hardinsburg,glp1,5,,0,,0
2026-Q4,KY,Harlan,glp1,2,,0,,0
2026-Q4,KY,Harold,glp1,3,,0,,0
2026-Q4,KY,Harrodsburg,glp1,6,,0,,0
2026-Q4,KY,Hartford,glp1,4,,0,,0
2026-Q4,KY,Hazard,glp1,17,,0,,0
2026-Q4,KY,Hebron,glp1,7,,0,,0
2026-Q4,KY,Henderson,glp1,22,,0,,0
2026-Q4,KY,Henderson,trt,7,,0,,0
2026-Q4,KY,Hickman,glp1,1,,0,,0
2026-Q4,KY,Hindman,glp1,4,,0,,0
2026-Q4,KY,Hodgenville,glp1,3,,0,,0
2026-Q4,KY,Hopkinsville,glp1,14,,0,,0
2026-Q4,KY,Horse Cave,glp1,3,,0,,0
2026-Q4,KY,Hyden,glp1,3,,0,,0
2026-Q4,KY,Independence,glp1,2,,0,,0
2026-Q4,KY,Irvine,glp1,5,,0,,0
2026-Q4,KY,Irvington,glp1,1,,0,,0
2026-Q4,KY,Jackson,glp1,6,,0,,0
2026-Q4,KY,Jackson,trt,1,,0,,0
2026-Q4,KY,Jamestown,glp1,2,,0,,0
2026-Q4,KY,Kuttawa,glp1,2,,0,,0
2026-Q4,KY,La Grange,glp1,10,,0,,0
2026-Q4,KY,Lackey,glp1,1,,0,,0
2026-Q4,KY,Lancaster,glp1,4,,0,,0
2026-Q4,KY,Latonia,glp1,1,,0,,0
2026-Q4,KY,Lawrenceburg,glp1,5,,0,,0
2026-Q4,KY,Lebanon,glp1,6,,0,,0
2026-Q4,KY,Leitchfield,glp1,11,,0,,0
2026-Q4,KY,Lewisport,glp1,2,,0,,0
2026-Q4,KY,Lexington,glp1,158,,0,,0
2026-Q4,KY,Lexington,trt,27,,0,,0
2026-Q4,KY,Liberty,glp1,6,,0,,0
2026-Q4,KY,Livermore,glp1,1,,0,,0
2026-Q4,KY,London,glp1,33,,0,,0
2026-Q4,KY,London,trt,2,,0,,0
2026-Q4,KY,Louisa,glp1,6,,0,,0
2026-Q4,KY,Louisville,glp1,317,,0,,0
2026-Q4,KY,Louisville,trt,42,,0,,0
2026-Q4,KY,Madisonville,glp1,7,,0,,0
2026-Q4,KY,Madisonville,trt,2,,0,,0
2026-Q4,KY,Manchester,glp1,14,,0,,0
2026-Q4,KY,Marion,glp1,3,,0,,0
2026-Q4,KY,Martin,glp1,3,,0,,0
2026-Q4,KY,Mayfield,glp1,12,,0,,0
2026-Q4,KY,Maysville,glp1,8,,0,,0
2026-Q4,KY,Maysville,trt,2,,0,,0
2026-Q4,KY,Mc Dowell,glp1,4,,0,,0
2026-Q4,KY,Mc Kee,glp1,3,,0,,0
2026-Q4,KY,Middlesboro,glp1,12,,0,,0
2026-Q4,KY,Middlesboro,trt,1,,0,,0
2026-Q4,KY,Midway,glp1,1,,0,,0
2026-Q4,KY,Milton,glp1,1,,0,,0
2026-Q4,KY,Monticello,glp1,6,,0,,0
2026-Q4,KY,Morehead,glp1,9,,0,,0
2026-Q4,KY,Morehead,trt,1,,0,,0
2026-Q4,KY,Morganfield,glp1,2,,0,,0
2026-Q4,KY,Morgantown,glp1,5,,0,,0
2026-Q4,KY,Mount Sterling,glp1,12,,0,,0
2026-Q4,KY,Mount Vernon,glp1,7,,0,,0
2026-Q4,KY,Mount Vernon,trt,1,,0,,0
2026-Q4,KY,Mount Washington,glp1,1,,0,,0
2026-Q4,KY,Munfordville,glp1,6,,0,,0
2026-Q4,KY,Murray,glp1,14,,0,,0
2026-Q4,KY,Murray,trt,1,,0,,0
2026-Q4,KY,Nancy,glp1,2,,0,,0
2026-Q4,KY,New Castle,glp1,2,,0,,0
2026-Q4,KY,New Haven,glp1,1,,0,,0
2026-Q4,KY,Newport,glp1,12,,0,,0
2026-Q4,KY,Nicholasville,glp1,15,,0,,0
2026-Q4,KY,Nicholasville,trt,1,,0,,0
2026-Q4,KY,Olive Hill,glp1,1,,0,,0
2026-Q4,KY,Oneida,glp1,1,,0,,0
2026-Q4,KY,Owensboro,glp1,56,,0,,0
2026-Q4,KY,Owensboro,trt,6,,0,,0
2026-Q4,KY,Owenton,glp1,1,,0,,0
2026-Q4,KY,Owingsville,glp1,4,,0,,0
2026-Q4,KY,Paducah,glp1,54,,0,,0
2026-Q4,KY,Paducah,trt,2,,0,,0
2026-Q4,KY,Paintsville,glp1,12,,0,,0
2026-Q4,KY,Paris,glp1,10,,0,,0
2026-Q4,KY,Phelps,glp1,1,,0,,0
2026-Q4,KY,Philpot,glp1,3,,0,,0
2026-Q4,KY,Pikeville,glp1,21,,0,,0
2026-Q4,KY,Pikeville,trt,3,,0,,0
2026-Q4,KY,Pine Knot,glp1,2,,0,,0
2026-Q4,KY,Pineville,glp1,5,,0,,0
2026-Q4,KY,Powderly,glp1,4,,0,,0
2026-Q4,KY,Prestonsburg,glp1,17,,0,,0
2026-Q4,KY,Prestonsburg,trt,1,,0,,0
2026-Q4,KY,Princeton,glp1,5,,0,,0
2026-Q4,KY,Princeton,trt,1,,0,,0
2026-Q4,KY,Prospect,glp1,7,,0,,0
2026-Q4,KY,Providence,glp1,3,,0,,0
2026-Q4,KY,Radcliff,glp1,6,,0,,0
2026-Q4,KY,Richmond,glp1,22,,0,,0
2026-Q4,KY,Richmond,trt,1,,0,,0
2026-Q4,KY,Russell,glp1,7,,0,,0
2026-Q4,KY,Russell Springs,glp1,5,,0,,0
2026-Q4,KY,Russellville,glp1,6,,0,,0
2026-Q4,KY,Salem,glp1,4,,0,,0
2026-Q4,KY,Salyersville,glp1,5,,0,,0
2026-Q4,KY,Science Hill,glp1,3,,0,,0
2026-Q4,KY,Scottsville,glp1,2,,0,,0
2026-Q4,KY,Scuddy,glp1,2,,0,,0
2026-Q4,KY,Shelbyville,glp1,13,,0,,0
2026-Q4,KY,Shepherdsville,glp1,13,,0,,0
2026-Q4,KY,Smithland,glp1,1,,0,,0
2026-Q4,KY,Smiths Grove,glp1,1,,0,,0
2026-Q4,KY,Somerset,glp1,29,,0,,0
2026-Q4,KY,Somerset,trt,2,,0,,0
2026-Q4,KY,Sonora,glp1,2,,0,,0
2026-Q4,KY,South Shore,glp1,2,,0,,0
2026-Q4,KY,South Williamson,glp1,8,,0,,0
2026-Q4,KY,Springfield,glp1,2,,0,,0
2026-Q4,KY,Stanford,glp1,5,,0,,0
2026-Q4,KY,Stanton,glp1,4,,0,,0
2026-Q4,KY,Stanville,glp1,1,,0,,0
2026-Q4,KY,Stearns,glp1,2,,0,,0
2026-Q4,KY,Taylorsville,glp1,4,,0,,0
2026-Q4,KY,Tollesboro,glp1,1,,0,,0
2026-Q4,KY,Tompkinsville,glp1,2,,0,,0
2026-Q4,KY,Trenton,glp1,1,,0,,0
2026-Q4,KY,Union,glp1,4,,0,,0
2026-Q4,KY,Vanceburg,glp1,1,,0,,0
2026-Q4,KY,Versailles,glp1,7,,0,,0
2026-Q4,KY,Walton,glp1,2,,0,,0
2026-Q4,KY,Warsaw,glp1,4,,0,,0
2026-Q4,KY,West Liberty,glp1,2,,0,,0
2026-Q4,KY,Whitesburg,glp1,6,,0,,0
2026-Q4,KY,Whitley City,glp1,6,,0,,0
2026-Q4,KY,Williamsburg,glp1,8,,0,,0
2026-Q4,KY,Williamstown,glp1,2,,0,,0
2026-Q4,KY,Winchester,glp1,13,,0,,0
2026-Q4,KY,Winchester,trt,1,,0,,0
2026-Q4,LA,Abbeville,glp1,6,,0,,0
2026-Q4,LA,Alexandria,glp1,50,,0,,0
2026-Q4,LA,Alexandria,trt,5,,0,,0
2026-Q4,LA,Amite,glp1,6,,0,,0
2026-Q4,LA,Arnaudville,glp1,2,,0,,0
2026-Q4,LA,Baker,glp1,3,,0,,0
2026-Q4,LA,Baldwin,glp1,1,,0,,0
2026-Q4,LA,Ball,glp1,1,,0,,0
2026-Q4,LA,Barksdale Afb,glp1,1,,0,,0
2026-Q4,LA,Baskin,glp1,1,,0,,0
2026-Q4,LA,Bastrop,glp1,5,,0,,0
2026-Q4,LA,Batchelor,glp1,1,,0,,0
2026-Q4,LA,Baton Rouge,glp1,151,,0,,0
2026-Q4,LA,Baton Rouge,trt,16,,0,,0
2026-Q4,LA,Belle Chasse,glp1,6,,0,,0
2026-Q4,LA,Belle Chasse,trt,1,,0,,0
2026-Q4,LA,Belle Rose,glp1,1,,0,,0
2026-Q4,LA,Benton,glp1,2,,0,,0
2026-Q4,LA,Bernice,trt,1,,0,,0
2026-Q4,LA,Bogalusa,glp1,15,,0,,0
2026-Q4,LA,Bossier City,glp1,38,,0,,0
2026-Q4,LA,Bossier City,trt,3,,0,,0
2026-Q4,LA,Boyce,glp1,1,,0,,0
2026-Q4,LA,Breaux Bridge,glp1,12,,0,,0
2026-Q4,LA,Broussard,glp1,11,,0,,0
2026-Q4,LA,Bunkie,glp1,2,,0,,0
2026-Q4,LA,Bush,glp1,3,,0,,0
2026-Q4,LA,Calhoun,glp1,1,,0,,0
2026-Q4,LA,Cameron,glp1,1,,0,,0
2026-Q4,LA,Carencro,glp1,5,,0,,0
2026-Q4,LA,Center Point,glp1,1,,0,,0
2026-Q4,LA,Chalmette,glp1,9,,0,,0
2026-Q4,LA,Chatham,glp1,4,,0,,0
2026-Q4,LA,Cheneyville,glp1,1,,0,,0
2026-Q4,LA,Choudrant,glp1,1,,0,,0
2026-Q4,LA,Church Point,glp1,2,,0,,0
2026-Q4,LA,Church Point,trt,1,,0,,0
2026-Q4,LA,Clinton,glp1,2,,0,,0
2026-Q4,LA,Columbia,glp1,6,,0,,0
2026-Q4,LA,Cottonport,glp1,2,,0,,0
2026-Q4,LA,Coushatta,glp1,2,,0,,0
2026-Q4,LA,Covington,glp1,69,,0,,0
2026-Q4,LA,Covington,trt,2,,0,,0
2026-Q4,LA,Crowley,glp1,12,,0,,0
2026-Q4,LA,Cut Off,glp1,3,,0,,0
2026-Q4,LA,Delhi,glp1,4,,0,,0
2026-Q4,LA,Denham Springs,glp1,10,,0,,0
2026-Q4,LA,Dequincy,glp1,1,,0,,0
2026-Q4,LA,Deridder,glp1,8,,0,,0
2026-Q4,LA,Destrehan,glp1,5,,0,,0
2026-Q4,LA,Donaldsonville,glp1,4,,0,,0
2026-Q4,LA,Dry Prong,glp1,2,,0,,0
2026-Q4,LA,Duson,glp1,4,,0,,0
2026-Q4,LA,Elizabeth,glp1,3,,0,,0
2026-Q4,LA,Elton,glp1,1,,0,,0
2026-Q4,LA,Eunice,glp1,8,,0,,0
2026-Q4,LA,Farmerville,glp1,1,,0,,0
2026-Q4,LA,Ferriday,glp1,1,,0,,0
2026-Q4,LA,Folsom,glp1,2,,0,,0
2026-Q4,LA,Fort Polk,glp1,2,,0,,0
2026-Q4,LA,Franklin,glp1,10,,0,,0
2026-Q4,LA,Franklinton,glp1,10,,0,,0
2026-Q4,LA,Gonzales,glp1,25,,0,,0
2026-Q4,LA,Gonzales,trt,2,,0,,0
2026-Q4,LA,Gramercy,glp1,1,,0,,0
2026-Q4,LA,Gray,glp1,3,,0,,0
2026-Q4,LA,Grayson,glp1,1,,0,,0
2026-Q4,LA,Greensburg,glp1,4,,0,,0
2026-Q4,LA,Greenwell Springs,glp1,6,,0,,0
2026-Q4,LA,Gretna,glp1,24,,0,,0
2026-Q4,LA,Gretna,trt,1,,0,,0
2026-Q4,LA,Grosse Tete,glp1,1,,0,,0
2026-Q4,LA,Hammond,glp1,36,,0,,0
2026-Q4,LA,Hammond,trt,3,,0,,0
2026-Q4,LA,Harvey,glp1,6,,0,,0
2026-Q4,LA,Haughton,glp1,1,,0,,0
2026-Q4,LA,Haynesville,glp1,1,,0,,0
2026-Q4,LA,Hodge,glp1,1,,0,,0
2026-Q4,LA,Homer,glp1,2,,0,,0
2026-Q4,LA,Houma,glp1,36,,0,,0
2026-Q4,LA,Houma,trt,3,,0,,0
2026-Q4,LA,Independence,glp1,7,,0,,0
2026-Q4,LA,Iota,glp1,1,,0,,0
2026-Q4,LA,Iowa,glp1,2,,0,,0
2026-Q4,LA,Jackson,glp1,2,,0,,0
2026-Q4,LA,Jena,glp1,7,,0,,0
2026-Q4,LA,Jennings,glp1,9,,0,,0
2026-Q4,LA,Jonesboro,glp1,6,,0,,0
2026-Q4,LA,Kaplan,glp1,2,,0,,0
2026-Q4,LA,Kenner,glp1,16,,0,,0
2026-Q4,LA,Kenner,trt,1,,0,,0
2026-Q4,LA,Kentwood,glp1,2,,0,,0
2026-Q4,LA,Kinder,glp1,6,,0,,0
2026-Q4,LA,Krotz Springs,glp1,1,,0,,0
2026-Q4,LA,La Place,glp1,6,,0,,0
2026-Q4,LA,La Place,trt,1,,0,,0
2026-Q4,LA,Lacombe,glp1,1,,0,,0
2026-Q4,LA,Lafayette,glp1,97,,0,,0
2026-Q4,LA,Lafayette,trt,7,,0,,0
2026-Q4,LA,Lake Arthur,glp1,1,,0,,0
2026-Q4,LA,Lake Charles,glp1,82,,0,,0
2026-Q4,LA,Lake Charles,trt,3,,0,,0
2026-Q4,LA,Lake Providence,glp1,2,,0,,0
2026-Q4,LA,Lecompte,glp1,1,,0,,0
2026-Q4,LA,Leesville,glp1,11,,0,,0
2026-Q4,LA,Leesville,trt,1,,0,,0
2026-Q4,LA,Livingston,glp1,11,,0,,0
2026-Q4,LA,Lockport,glp1,1,,0,,0
2026-Q4,LA,Logansport,glp1,1,,0,,0
2026-Q4,LA,Loranger,glp1,4,,0,,0
2026-Q4,LA,Loreauville,glp1,1,,0,,0
2026-Q4,LA,Luling,glp1,4,,0,,0
2026-Q4,LA,Lutcher,glp1,2,,0,,0
2026-Q4,LA,Madisonville,glp1,3,,0,,0
2026-Q4,LA,Mamou,glp1,6,,0,,0
2026-Q4,LA,Mandeville,glp1,19,,0,,0
2026-Q4,LA,Mangham,glp1,3,,0,,0
2026-Q4,LA,Mansfield,glp1,1,,0,,0
2026-Q4,LA,Many,glp1,3,,0,,0
2026-Q4,LA,Maringouin,glp1,1,,0,,0
2026-Q4,LA,Marksville,glp1,8,,0,,0
2026-Q4,LA,Marrero,glp1,36,,0,,0
2026-Q4,LA,Marrero,trt,7,,0,,0
2026-Q4,LA,Maurepas,glp1,1,,0,,0
2026-Q4,LA,Maurice,glp1,4,,0,,0
2026-Q4,LA,Mer Rouge,glp1,2,,0,,0
2026-Q4,LA,Merryville,glp1,1,,0,,0
2026-Q4,LA,Metairie,glp1,74,,0,,0
2026-Q4,LA,Metairie,trt,9,,0,,0
2026-Q4,LA,Minden,glp1,11,,0,,0
2026-Q4,LA,Monroe,glp1,50,,0,,0
2026-Q4,LA,Monroe,trt,3,,0,,0
2026-Q4,LA,Montgomery,glp1,1,,0,,0
2026-Q4,LA,Moreauville,glp1,1,,0,,0
2026-Q4,LA,Morgan City,glp1,14,,0,,0
2026-Q4,LA,Morgan City,trt,1,,0,,0
2026-Q4,LA,Napoleonville,glp1,3,,0,,0
2026-Q4,LA,Natchitoches,glp1,12,,0,,0
2026-Q4,LA,New Iberia,glp1,22,,0,,0
2026-Q4,LA,New Iberia,trt,1,,0,,0
2026-Q4,LA,New Orleans,glp1,142,,0,,0
2026-Q4,LA,New Orleans,trt,23,,0,,0
2026-Q4,LA,New Roads,glp1,6,,0,,0
2026-Q4,LA,Norco,glp1,1,,0,,0
2026-Q4,LA,Oak Grove,glp1,1,,0,,0
2026-Q4,LA,Oakdale,glp1,3,,0,,0
2026-Q4,LA,Olla,glp1,4,,0,,0
2026-Q4,LA,Opelousas,glp1,31,,0,,0
2026-Q4,LA,Paincourtville,glp1,1,,0,,0
2026-Q4,LA,Pierre Part,glp1,1,,0,,0
2026-Q4,LA,Pineville,glp1,11,,0,,0
2026-Q4,LA,Pioneer,glp1,1,,0,,0
2026-Q4,LA,Plain Dealing,glp1,1,,0,,0
2026-Q4,LA,Plaquemine,glp1,5,,0,,0
2026-Q4,LA,Pollock,glp1,1,,0,,0
2026-Q4,LA,Ponchatoula,glp1,2,,0,,0
2026-Q4,LA,Port Allen,glp1,9,,0,,0
2026-Q4,LA,Port Barre,glp1,3,,0,,0
2026-Q4,LA,Port Sulphur,glp1,1,,0,,0
2026-Q4,LA,Prairieville,glp1,15,,0,,0
2026-Q4,LA,Prairieville,trt,1,,0,,0
2026-Q4,LA,Raceland,glp1,10,,0,,0
2026-Q4,LA,Raceland,trt,1,,0,,0
2026-Q4,LA,Rayne,glp1,2,,0,,0
2026-Q4,LA,Rayville,glp1,11,,0,,0
2026-Q4,LA,Reeves,glp1,1,,0,,0
2026-Q4,LA,Reserve,glp1,1,,0,,0
2026-Q4,LA,Robert,glp1,1,,0,,0
2026-Q4,LA,Rosepine,glp1,1,,0,,0
2026-Q4,LA,Ruston,glp1,12,,0,,0
2026-Q4,LA,Saint Amant,glp1,2,,0,,0
2026-Q4,LA,Saint Francisville,glp1,4,,0,,0
2026-Q4,LA,Saint Gabriel,glp1,1,,0,,0
2026-Q4,LA,Saint Joseph,glp1,1,,0,,0
2026-Q4,LA,Saint Martinville,glp1,4,,0,,0
2026-Q4,LA,Sarepta,glp1,2,,0,,0
2026-Q4,LA,Scott,glp1,2,,0,,0
2026-Q4,LA,Shreveport,glp1,124,,0,,0
2026-Q4,LA,Shreveport,trt,17,,0,,0
2026-Q4,LA,Sibley,glp1,1,,0,,0
2026-Q4,LA,Sicily Island,glp1,2,,0,,0
2026-Q4,LA,Slaughter,glp1,2,,0,,0
2026-Q4,LA,Slidell,glp1,33,,0,,0
2026-Q4,LA,Slidell,trt,3,,0,,0
2026-Q4,LA,Springfield,glp1,2,,0,,0
2026-Q4,LA,Springhill,glp1,1,,0,,0
2026-Q4,LA,Sterlington,glp1,7,,0,,0
2026-Q4,LA,Stonewall,glp1,3,,0,,0
2026-Q4,LA,Sulphur,glp1,8,,0,,0
2026-Q4,LA,Sulphur,trt,3,,0,,0
2026-Q4,LA,Sunset,glp1,6,,0,,0
2026-Q4,LA,Tallulah,glp1,3,,0,,0
2026-Q4,LA,Thibodaux,glp1,21,,0,,0
2026-Q4,LA,Thibodaux,trt,2,,0,,0
2026-Q4,LA,Vacherie,glp1,3,,0,,0
2026-Q4,LA,Vidalia,glp1,4,,0,,0
2026-Q4,LA,Ville Platte,glp1,14,,0,,0
2026-Q4,LA,Vinton,glp1,1,,0,,0
2026-Q4,LA,Vivian,glp1,2,,0,,0
2026-Q4,LA,Walker,glp1,11,,0,,0
2026-Q4,LA,West Monroe,glp1,26,,0,,0
2026-Q4,LA,West Monroe,trt,2,,0,,0
2026-Q4,LA,Westlake,glp1,3,,0,,0
2026-Q4,LA,Westwego,glp1,2,,0,,0
2026-Q4,LA,Winnfield,glp1,1,,0,,0
2026-Q4,LA,Winnsboro,glp1,7,,0,,0
2026-Q4,LA,Winnsboro,trt,1,,0,,0
2026-Q4,LA,Woodworth,glp1,2,,0,,0
2026-Q4,LA,Youngsville,glp1,6,,0,,0
2026-Q4,LA,Zachary,glp1,18,,0,,0
2026-Q4,LA,Zwolle,glp1,1,,0,,0
2026-Q4,MA,Acton,glp1,3,,0,,0
2026-Q4,MA,Acton,gym,1,,0,,0
2026-Q4,MA,Adams,glp1,2,,0,,0
2026-Q4,MA,Allston,gym,2,,0,,0
2026-Q4,MA,Amesbury,glp1,1,,0,,0
2026-Q4,MA,Amesbury,trt,2,,0,,0
2026-Q4,MA,Amherst,glp1,2,,0,,0
2026-Q4,MA,Amherst,trt,1,,0,,0
2026-Q4,MA,Andover,glp1,1,,0,,0
2026-Q4,MA,Arlington,glp1,2,,0,,0
2026-Q4,MA,Arlington,gym,7,,0,,0
2026-Q4,MA,Arlington,pharmacy,1,,0,,0
2026-Q4,MA,Ashburnham,glp1,1,,0,,0
2026-Q4,MA,Ashland,gym,1,,0,,0
2026-Q4,MA,Athol,glp1,1,,0,,0
2026-Q4,MA,Attleboro,glp1,8,,0,,0
2026-Q4,MA,Attleboro,trt,3,,0,,0
2026-Q4,MA,Auburn,glp1,4,,0,,0
2026-Q4,MA,Auburn,trt,1,,0,,0
2026-Q4,MA,Ayer,glp1,4,,0,,0
2026-Q4,MA,Ayer,gym,1,,0,,0
2026-Q4,MA,Belchertown,glp1,3,,0,,0
2026-Q4,MA,Bellingham,glp1,1,,0,,0
2026-Q4,MA,Belmont,gym,1,,0,,0
2026-Q4,MA,Beverly,glp1,11,,0,,0
2026-Q4,MA,Beverly,gym,1,,0,,0
2026-Q4,MA,Beverly,trt,1,,0,,0
2026-Q4,MA,Billerica,glp1,1,,0,,0
2026-Q4,MA,Billerica,trt,2,,0,,0
2026-Q4,MA,Bolton,glp1,1,,0,,0
2026-Q4,MA,Bondsville,glp1,1,,0,,0
2026-Q4,MA,Boston,glp1,91,,0,,0
2026-Q4,MA,Boston,gym,7,,0,,0
2026-Q4,MA,Boston,trt,151,,0,,0
2026-Q4,MA,Braintree,glp1,9,,0,,0
2026-Q4,MA,Braintree,gym,1,,0,,0
2026-Q4,MA,Braintree,trt,1,,0,,0
2026-Q4,MA,Brewster,glp1,1,,0,,0
2026-Q4,MA,Brighton,glp1,13,,0,,0
2026-Q4,MA,Brighton,gym,3,,0,,0
2026-Q4,MA,Brighton,trt,2,,0,,0
2026-Q4,MA,Brockton,glp1,31,,0,,0
2026-Q4,MA,Brockton,trt,5,,0,,0
2026-Q4,MA,Brookline,glp1,7,,0,,0
2026-Q4,MA,Brookline,trt,2,,0,,0
2026-Q4,MA,Brookline Village,trt,1,,0,,0
2026-Q4,MA,Burlington,glp1,7,,0,,0
2026-Q4,MA,Burlington,gym,1,,0,,0
2026-Q4,MA,Burlington,trt,8,,0,,0
2026-Q4,MA,Buzzards Bay,glp1,2,,0,,0
2026-Q4,MA,Byfield,gym,1,,0,,0
2026-Q4,MA,Cambridge,glp1,10,,0,,0
2026-Q4,MA,Cambridge,gym,6,,0,,0
2026-Q4,MA,Cambridge,pharmacy,1,,0,,0
2026-Q4,MA,Cambridge,trt,11,,0,,0
2026-Q4,MA,Canton,glp1,4,,0,,0
2026-Q4,MA,Canton,gym,1,,0,,0
2026-Q4,MA,Canton,pharmacy,1,,0,,0
2026-Q4,MA,Canton,trt,1,,0,,0
2026-Q4,MA,Cataumet,glp1,1,,0,,0
2026-Q4,MA,Charlestown,glp1,1,,0,,0
2026-Q4,MA,Charlestown,gym,1,,0,,0
2026-Q4,MA,Charlton,glp1,4,,0,,0
2026-Q4,MA,Chelmsford,glp1,9,,0,,0
2026-Q4,MA,Chelmsford,trt,1,,0,,0
2026-Q4,MA,Chelsea,glp1,1,,0,,0
2026-Q4,MA,Chestnut Hill,glp1,11,,0,,0
2026-Q4,MA,Chestnut Hill,trt,7,,0,,0
2026-Q4,MA,Chicopee,glp1,1,,0,,0
2026-Q4,MA,Chicopee,trt,2,,0,,0
2026-Q4,MA,Cohasset,glp1,1,,0,,0
2026-Q4,MA,Cohasset,gym,3,,0,,0
2026-Q4,MA,Concord,glp1,4,,0,,0
2026-Q4,MA,Concord,trt,5,,0,,0
2026-Q4,MA,Cotuit,glp1,1,,0,,0
2026-Q4,MA,Dalton,glp1,1,,0,,0
2026-Q4,MA,Danvers,glp1,7,,0,,0
2026-Q4,MA,Danvers,gym,5,,0,,0
2026-Q4,MA,Danvers,trt,4,,0,,0
2026-Q4,MA,Dedham,glp1,4,,0,,0
2026-Q4,MA,Dedham,trt,3,,0,,0
2026-Q4,MA,Dorchester,glp1,4,,0,,0
2026-Q4,MA,Dorchester Center,glp1,4,,0,,0
2026-Q4,MA,Dorchester Center,gym,1,,0,,0
2026-Q4,MA,Dover,trt,1,,0,,0
2026-Q4,MA,Dracut,glp1,4,,0,,0
2026-Q4,MA,Dracut,trt,2,,0,,0
2026-Q4,MA,Dudley,glp1,1,,0,,0
2026-Q4,MA,East Bridgewater,glp1,4,,0,,0
2026-Q4,MA,East Falmouth,glp1,3,,0,,0
2026-Q4,MA,East Longmeadow,glp1,5,,0,,0
2026-Q4,MA,East Sandwich,trt,1,,0,,0
2026-Q4,MA,Easthampton,glp1,1,,0,,0
2026-Q4,MA,Edgartown,glp1,1,,0,,0
2026-Q4,MA,Everett,glp1,2,,0,,0
2026-Q4,MA,Fairhaven,glp1,1,,0,,0
2026-Q4,MA,Fall River,glp1,45,,0,,0
2026-Q4,MA,Fall River,trt,9,,0,,0
2026-Q4,MA,Falmouth,glp1,10,,0,,0
2026-Q4,MA,Falmouth,trt,2,,0,,0
2026-Q4,MA,Fitchburg,glp1,2,,0,,0
2026-Q4,MA,Florence,glp1,4,,0,,0
2026-Q4,MA,Florence,trt,1,,0,,0
2026-Q4,MA,Foxboro,glp1,3,,0,,0
2026-Q4,MA,Foxboro,trt,1,,0,,0
2026-Q4,MA,Framingham,glp1,9,,0,,0
2026-Q4,MA,Framingham,gym,1,,0,,0
2026-Q4,MA,Framingham,trt,6,,0,,0
2026-Q4,MA,Franklin,glp1,3,,0,,0
2026-Q4,MA,Gardner,glp1,3,,0,,0
2026-Q4,MA,Gloucester,glp1,5,,0,,0
2026-Q4,MA,Gloucester,trt,1,,0,,0
2026-Q4,MA,Great Barrington,trt,1,,0,,0
2026-Q4,MA,Greenfield,glp1,4,,0,,0
2026-Q4,MA,Greenfield,trt,3,,0,,0
2026-Q4,MA,Groton,glp1,3,,0,,0
2026-Q4,MA,Hamilton,gym,1,,0,,0
2026-Q4,MA,Hanover,glp1,3,,0,,0
2026-Q4,MA,Harvard,glp1,2,,0,,0
2026-Q4,MA,Harwich,glp1,3,,0,,0
2026-Q4,MA,Harwich,trt,1,,0,,0
2026-Q4,MA,Harwich Port,trt,1,,0,,0
2026-Q4,MA,Haverhill,glp1,7,,0,,0
2026-Q4,MA,Haverhill,trt,3,,0,,0
2026-Q4,MA,Hingham,glp1,5,,0,,0
2026-Q4,MA,Hingham,gym,1,,0,,0
2026-Q4,MA,Hingham,trt,1,,0,,0
2026-Q4,MA,Holbrook,glp1,1,,0,,0
2026-Q4,MA,Holbrook,gym,1,,0,,0
2026-Q4,MA,Holden,glp1,2,,0,,0
2026-Q4,MA,Holyoke,glp1,9,,0,,0
2026-Q4,MA,Holyoke,trt,1,,0,,0
2026-Q4,MA,Hopedale,glp1,1,,0,,0
2026-Q4,MA,Hudson,glp1,2,,0,,0
2026-Q4,MA,Hudson,gym,2,,0,,0
2026-Q4,MA,Huntington,glp1,1,,0,,0
2026-Q4,MA,Hyannis,glp1,23,,0,,0
2026-Q4,MA,Hyannis,trt,8,,0,,0
2026-Q4,MA,Hyde Park,glp1,3,,0,,0
2026-Q4,MA,Indian Orchard,glp1,3,,0,,0
2026-Q4,MA,Indian Orchard,trt,1,,0,,0
2026-Q4,MA,Ipswich,glp1,1,,0,,0
2026-Q4,MA,Jamaica Plain,glp1,4,,0,,0
2026-Q4,MA,Jamaica Plain,trt,3,,0,,0
2026-Q4,MA,Kingston,glp1,2,,0,,0
2026-Q4,MA,Lakeville,glp1,1,,0,,0
2026-Q4,MA,Lancaster,glp1,2,,0,,0
2026-Q4,MA,Lawrence,glp1,17,,0,,0
2026-Q4,MA,Lawrence,gym,2,,0,,0
2026-Q4,MA,Lawrence,trt,2,,0,,0
2026-Q4,MA,Lee,glp1,2,,0,,0
2026-Q4,MA,Leeds,trt,1,,0,,0
2026-Q4,MA,Leominster,glp1,10,,0,,0
2026-Q4,MA,Leominster,trt,2,,0,,0
2026-Q4,MA,Lexington,gym,2,,0,,0
2026-Q4,MA,Lincoln,glp1,1,,0,,0
2026-Q4,MA,Littleton,glp1,1,,0,,0
2026-Q4,MA,Longmeadow,glp1,3,,0,,0
2026-Q4,MA,Lowell,glp1,23,,0,,0
2026-Q4,MA,Lowell,gym,1,,0,,0
2026-Q4,MA,Lowell,trt,2,,0,,0
2026-Q4,MA,Ludlow,glp1,3,,0,,0
2026-Q4,MA,Lynn,glp1,7,,0,,0
2026-Q4,MA,Lynn,trt,2,,0,,0
2026-Q4,MA,Lynnfield,glp1,1,,0,,0
2026-Q4,MA,Malden,glp1,3,,0,,0
2026-Q4,MA,Malden,gym,2,,0,,0
2026-Q4,MA,Malden,trt,1,,0,,0
2026-Q4,MA,Manchester,glp1,1,,0,,0
2026-Q4,MA,Mansfield,glp1,2,,0,,0
2026-Q4,MA,Marlborough,glp1,8,,0,,0
2026-Q4,MA,Marlborough,trt,1,,0,,0
2026-Q4,MA,Marshfield,glp1,3,,0,,0
2026-Q4,MA,Mashpee,glp1,4,,0,,0
2026-Q4,MA,Mattapan,glp1,2,,0,,0
2026-Q4,MA,Mattapoisett,glp1,2,,0,,0
2026-Q4,MA,Maynard,glp1,1,,0,,0
2026-Q4,MA,Maynard,trt,1,,0,,0
2026-Q4,MA,Medfield,glp1,2,,0,,0
2026-Q4,MA,Medford,glp1,2,,0,,0
2026-Q4,MA,Medford,trt,5,,0,,0
2026-Q4,MA,Medway,glp1,1,,0,,0
2026-Q4,MA,Melrose,glp1,2,,0,,0
2026-Q4,MA,Melrose,trt,3,,0,,0
2026-Q4,MA,Methuen,glp1,11,,0,,0
2026-Q4,MA,Methuen,gym,2,,0,,0
2026-Q4,MA,Middleboro,glp1,2,,0,,0
2026-Q4,MA,Middleboro,trt,1,,0,,0
2026-Q4,MA,Middleton,glp1,1,,0,,0
2026-Q4,MA,Middleton,trt,1,,0,,0
2026-Q4,MA,Milford,glp1,7,,0,,0
2026-Q4,MA,Milford,trt,2,,0,,0
2026-Q4,MA,Milton,glp1,10,,0,,0
2026-Q4,MA,Milton,trt,3,,0,,0
2026-Q4,MA,Natick,glp1,12,,0,,0
2026-Q4,MA,Natick,gym,2,,0,,0
2026-Q4,MA,Natick,trt,3,,0,,0
2026-Q4,MA,Needham,glp1,7,,0,,0
2026-Q4,MA,Needham,trt,2,,0,,0
2026-Q4,MA,Needham Heights,glp1,4,,0,,0
2026-Q4,MA,Needham Heights,trt,1,,0,,0
2026-Q4,MA,New Bedford,glp1,12,,0,,0
2026-Q4,MA,New Bedford,trt,2,,0,,0
2026-Q4,MA,Newburyport,glp1,13,,0,,0
2026-Q4,MA,Newburyport,trt,2,,0,,0
2026-Q4,MA,Newton,glp1,2,,0,,0
2026-Q4,MA,Newton Center,glp1,4,,0,,0
2026-Q4,MA,Newton Highlands,trt,1,,0,,0
2026-Q4,MA,Newton Lower Falls,glp1,6,,0,,0
2026-Q4,MA,Norfolk,glp1,1,,0,,0
2026-Q4,MA,North Adams,glp1,1,,0,,0
2026-Q4,MA,North Andover,glp1,17,,0,,0
2026-Q4,MA,North Andover,trt,1,,0,,0
2026-Q4,MA,North Attleboro,glp1,2,,0,,0
2026-Q4,MA,North Billerica,glp1,4,,0,,0
2026-Q4,MA,North Brookfield,glp1,1,,0,,0
2026-Q4,MA,North Chelmsford,glp1,6,,0,,0
2026-Q4,MA,North Dartmouth,glp1,12,,0,,0
2026-Q4,MA,North Dartmouth,trt,1,,0,,0
2026-Q4,MA,North Easton,glp1,7,,0,,0
2026-Q4,MA,North Easton,trt,1,,0,,0
2026-Q4,MA,North Falmouth,glp1,1,,0,,0
2026-Q4,MA,North Grafton,glp1,1,,0,,0
2026-Q4,MA,North Reading,glp1,2,,0,,0
2026-Q4,MA,North Reading,gym,1,,0,,0
2026-Q4,MA,North Reading,trt,1,,0,,0
2026-Q4,MA,North Weymouth,gym,1,,0,,0
2026-Q4,MA,Northampton,glp1,7,,0,,0
2026-Q4,MA,Northampton,trt,4,,0,,0
2026-Q4,MA,Northborough,glp1,3,,0,,0
2026-Q4,MA,Norton,glp1,2,,0,,0
2026-Q4,MA,Norwell,glp1,3,,0,,0
2026-Q4,MA,Norwell,gym,3,,0,,0
2026-Q4,MA,Norwell,trt,1,,0,,0
2026-Q4,MA,Norwood,glp1,14,,0,,0
2026-Q4,MA,Norwood,gym,1,,0,,0
2026-Q4,MA,Norwood,trt,3,,0,,0
2026-Q4,MA,Oak Bluffs,glp1,2,,0,,0
2026-Q4,MA,Orleans,glp1,1,,0,,0
2026-Q4,MA,Osterville,glp1,3,,0,,0
2026-Q4,MA,Palmer,glp1,2,,0,,0
2026-Q4,MA,Peabody,glp1,12,,0,,0
2026-Q4,MA,Peabody,trt,5,,0,,0
2026-Q4,MA,Pembroke,glp1,3,,0,,0
2026-Q4,MA,Pembroke,trt,1,,0,,0
2026-Q4,MA,Pittsfield,glp1,11,,0,,0
2026-Q4,MA,Pittsfield,trt,3,,0,,0
2026-Q4,MA,Plainville,glp1,6,,0,,0
2026-Q4,MA,Plainville,trt,1,,0,,0
2026-Q4,MA,Plymouth,glp1,14,,0,,0
2026-Q4,MA,Plymouth,trt,5,,0,,0
2026-Q4,MA,Quincy,glp1,10,,0,,0
2026-Q4,MA,Quincy,gym,2,,0,,0
2026-Q4,MA,Quincy,trt,3,,0,,0
2026-Q4,MA,Randolph,glp1,1,,0,,0
2026-Q4,MA,Raynham,glp1,6,,0,,0
2026-Q4,MA,Reading,glp1,3,,0,,0
2026-Q4,MA,Reading,gym,1,,0,,0
2026-Q4,MA,Rehoboth,glp1,1,,0,,0
2026-Q4,MA,Revere,trt,1,,0,,0
2026-Q4,MA,Rochester,glp1,1,,0,,0
2026-Q4,MA,Rockland,glp1,1,,0,,0
2026-Q4,MA,Roslindale,glp1,2,,0,,0
2026-Q4,MA,Roslindale,trt,1,,0,,0
2026-Q4,MA,Roxbury,trt,1,,0,,0
2026-Q4,MA,Roxbury Crossing,glp1,2,,0,,0
2026-Q4,MA,Salem,glp1,4,,0,,0
2026-Q4,MA,Salem,gym,1,,0,,0
2026-Q4,MA,Salem,trt,3,,0,,0
2026-Q4,MA,Salisbury,glp1,1,,0,,0
2026-Q4,MA,Saugus,glp1,1,,0,,0
2026-Q4,MA,Saugus,gym,1,,0,,0
2026-Q4,MA,Scituate,gym,1,,0,,0
2026-Q4,MA,Sharon,glp1,1,,0,,0
2026-Q4,MA,Sherborn,glp1,1,,0,,0
2026-Q4,MA,Shirley,glp1,2,,0,,0
2026-Q4,MA,Shrewsbury,glp1,3,,0,,0
2026-Q4,MA,Somerset,glp1,3,,0,,0
2026-Q4,MA,Somerville,glp1,3,,0,,0
2026-Q4,MA,Somerville,gym,3,,0,,0
2026-Q4,MA,Somerville,trt,1,,0,,0
2026-Q4,MA,South Easton,glp1,1,,0,,0
2026-Q4,MA,South Hadley,glp1,1,,0,,0
2026-Q4,MA,South Hamilton,glp1,3,,0,,0
2026-Q4,MA,South Weymouth,glp1,8,,0,,0
2026-Q4,MA,South Weymouth,trt,3,,0,,0
2026-Q4,MA,South Yarmouth,glp1,2,,0,,0
2026-Q4,MA,South Yarmouth,trt,1,,0,,0
2026-Q4,MA,Southborough,glp1,2,,0,,0
2026-Q4,MA,Southborough,trt,2,,0,,0
2026-Q4,MA,Southbridge,glp1,2,,0,,0
2026-Q4,MA,Southwick,trt,1,,0,,0
2026-Q4,MA,Springfield,glp1,55,,0,,0
2026-Q4,MA,Springfield,trt,14,,0,,0
2026-Q4,MA,Sterling,glp1,1,,0,,0
2026-Q4,MA,Stoneham,glp1,6,,0,,0
2026-Q4,MA,Stoneham,gym,1,,0,,0
2026-Q4,MA,Stoneham,trt,2,,0,,0
2026-Q4,MA,Stoughton,glp1,3,,0,,0
2026-Q4,MA,Stoughton,gym,5,,0,,0
2026-Q4,MA,Stoughton,trt,1,,0,,0
2026-Q4,MA,Stow,gym,1,,0,,0
2026-Q4,MA,Sturbridge,trt,2,,0,,0
2026-Q4,MA,Sudbury,glp1,2,,0,,0
2026-Q4,MA,Sudbury,gym,2,,0,,0
2026-Q4,MA,Sutton,glp1,2,,0,,0
2026-Q4,MA,Swampscott,gym,1,,0,,0
2026-Q4,MA,Swampscott,trt,1,,0,,0
2026-Q4,MA,Swansea,glp1,1,,0,,0
2026-Q4,MA,Taunton,glp1,7,,0,,0
2026-Q4,MA,Taunton,trt,2,,0,,0
2026-Q4,MA,Tewksbury,glp1,3,,0,,0
2026-Q4,MA,Vineyard Haven,glp1,2,,0,,0
2026-Q4,MA,Wakefield,glp1,5,,0,,0
2026-Q4,MA,Walpole,glp1,1,,0,,0
2026-Q4,MA,Walpole,gym,1,,0,,0
2026-Q4,MA,Waltham,glp1,9,,0,,0
2026-Q4,MA,Waltham,gym,1,,0,,0
2026-Q4,MA,Waltham,trt,3,,0,,0
2026-Q4,MA,Ware,glp1,1,,0,,0
2026-Q4,MA,Wareham,glp1,5,,0,,0
2026-Q4,MA,Watertown,glp1,2,,0,,0
2026-Q4,MA,Wayland,glp1,1,,0,,0
2026-Q4,MA,Webster,glp1,1,,0,,0
2026-Q4,MA,Wellesley,glp1,1,,0,,0
2026-Q4,MA,Wellesley,gym,1,,0,,0
2026-Q4,MA,Wellesley Hills,glp1,15,,0,,0
2026-Q4,MA,Wellesley Hills,trt,3,,0,,0
2026-Q4,MA,West Bridgewater,glp1,3,,0,,0
2026-Q4,MA,West Brookfield,glp1,2,,0,,0
2026-Q4,MA,West Newton,glp1,1,,0,,0
2026-Q4,MA,West Roxbury,glp1,2,,0,,0
2026-Q4,MA,West Roxbury,gym,1,,0,,0
2026-Q4,MA,West Roxbury,trt,1,,0,,0
2026-Q4,MA,West Springfield,glp1,1,,0,,0
2026-Q4,MA,West Yarmouth,glp1,2,,0,,0
2026-Q4,MA,Westborough,glp1,3,,0,,0
2026-Q4,MA,Westborough,trt,1,,0,,0
2026-Q4,MA,Westfield,glp1,5,,0,,0
2026-Q4,MA,Westford,glp1,3,,0,,0
2026-Q4,MA,Westford,gym,1,,0,,0
2026-Q4,MA,Weston,glp1,3,,0,,0
2026-Q4,MA,Weston,trt,1,,0,,0
2026-Q4,MA,Westport,glp1,1,,0,,0
2026-Q4,MA,Westwood,gym,1,,0,,0
2026-Q4,MA,Weymouth,glp1,1,,0,,0
2026-Q4,MA,Weymouth,gym,1,,0,,0
2026-Q4,MA,Whitman,glp1,1,,0,,0
2026-Q4,MA,Wilbraham,glp1,2,,0,,0
2026-Q4,MA,Williamsburg,glp1,1,,0,,0
2026-Q4,MA,Wilmington,glp1,2,,0,,0
2026-Q4,MA,Wilmington,gym,1,,0,,0
2026-Q4,MA,Winchester,glp1,3,,0,,0
2026-Q4,MA,Winchester,gym,2,,0,,0
2026-Q4,MA,Winchester,trt,2,,0,,0
2026-Q4,MA,Winthrop,gym,2,,0,,0
2026-Q4,MA,Woburn,glp1,4,,0,,0
2026-Q4,MA,Woburn,gym,5,,0,,0
2026-Q4,MA,Worcester,glp1,51,,0,,0
2026-Q4,MA,Worcester,trt,19,,0,,0
2026-Q4,MA,Worthington,glp1,1,,0,,0
2026-Q4,MA,Wrentham,glp1,1,,0,,0
2026-Q4,MA,Wrentham,trt,1,,0,,0
2026-Q4,MA,Yarmouth Port,glp1,2,,0,,0
2026-Q4,MD,Aberdeen,glp1,11,,0,,0
2026-Q4,MD,Aberdeen,trt,1,,0,,0
2026-Q4,MD,Abingdon,glp1,5,,0,,0
2026-Q4,MD,Accident,glp1,1,,0,,0
2026-Q4,MD,Andrews Air Force Base,gym,2,,0,,0
2026-Q4,MD,Annapolis,glp1,66,,0,,0
2026-Q4,MD,Annapolis,gym,1,,0,,0
2026-Q4,MD,Annapolis,trt,11,,0,,0
2026-Q4,MD,Arnold,glp1,7,,0,,0
2026-Q4,MD,Arnold,trt,1,,0,,0
2026-Q4,MD,Baltimore,glp1,184,,0,,0
2026-Q4,MD,Baltimore,gym,3,,0,,0
2026-Q4,MD,Baltimore,trt,100,,0,,0
2026-Q4,MD,Bel Air,glp1,46,,0,,0
2026-Q4,MD,Bel Air,trt,5,,0,,0
2026-Q4,MD,Belcamp,trt,3,,0,,0
2026-Q4,MD,Beltsville,glp1,1,,0,,0
2026-Q4,MD,Berlin,glp1,30,,0,,0
2026-Q4,MD,Berlin,trt,3,,0,,0
2026-Q4,MD,Bethesda,glp1,47,,0,,0
2026-Q4,MD,Bethesda,gym,5,,0,,0
2026-Q4,MD,Bethesda,trt,54,,0,,0
2026-Q4,MD,Big Pool,glp1,1,,0,,0
2026-Q4,MD,Boonsboro,glp1,2,,0,,0
2026-Q4,MD,Boonsboro,trt,1,,0,,0
2026-Q4,MD,Bowie,glp1,26,,0,,0
2026-Q4,MD,Bowie,trt,2,,0,,0
2026-Q4,MD,Brookeville,glp1,1,,0,,0
2026-Q4,MD,Brooklyn,glp1,6,,0,,0
2026-Q4,MD,Brooklyn,trt,5,,0,,0
2026-Q4,MD,Brunswick,glp1,2,,0,,0
2026-Q4,MD,Brunswick,trt,1,,0,,0
2026-Q4,MD,Bryans Road,glp1,2,,0,,0
2026-Q4,MD,Burtonsville,glp1,3,,0,,0
2026-Q4,MD,Burtonsville,trt,1,,0,,0
2026-Q4,MD,California,glp1,4,,0,,0
2026-Q4,MD,California,trt,1,,0,,0
2026-Q4,MD,Cambridge,glp1,15,,0,,0
2026-Q4,MD,Cambridge,trt,2,,0,,0
2026-Q4,MD,Capitol Heights,glp1,3,,0,,0
2026-Q4,MD,Cascade,glp1,1,,0,,0
2026-Q4,MD,Catonsville,glp1,29,,0,,0
2026-Q4,MD,Catonsville,gym,1,,0,,0
2026-Q4,MD,Catonsville,trt,5,,0,,0
2026-Q4,MD,Centreville,glp1,2,,0,,0
2026-Q4,MD,Charlotte Hall,glp1,3,,0,,0
2026-Q4,MD,Charlotte Hall,trt,1,,0,,0
2026-Q4,MD,Chesapeake City,glp1,1,,0,,0
2026-Q4,MD,Chester,glp1,4,,0,,0
2026-Q4,MD,Chestertown,glp1,8,,0,,0
2026-Q4,MD,Chevy Chase,glp1,33,,0,,0
2026-Q4,MD,Chevy Chase,trt,5,,0,,0
2026-Q4,MD,Church Hill,glp1,1,,0,,0
2026-Q4,MD,Clarksburg,glp1,4,,0,,0
2026-Q4,MD,Clarksburg,gym,1,,0,,0
2026-Q4,MD,Clarksville,glp1,6,,0,,0
2026-Q4,MD,Clarksville,gym,1,,0,,0
2026-Q4,MD,Clinton,glp1,18,,0,,0
2026-Q4,MD,Clinton,trt,7,,0,,0
2026-Q4,MD,Cockeysville,glp1,4,,0,,0
2026-Q4,MD,Cockeysville,trt,1,,0,,0
2026-Q4,MD,College Park,glp1,5,,0,,0
2026-Q4,MD,Columbia,glp1,65,,0,,0
2026-Q4,MD,Columbia,gym,3,,0,,0
2026-Q4,MD,Columbia,trt,12,,0,,0
2026-Q4,MD,Conowingo,glp1,1,,0,,0
2026-Q4,MD,Crisfield,glp1,2,,0,,0
2026-Q4,MD,Crofton,glp1,11,,0,,0
2026-Q4,MD,Crofton,trt,2,,0,,0
2026-Q4,MD,Crownsville,glp1,1,,0,,0
2026-Q4,MD,Cumberland,glp1,21,,0,,0
2026-Q4,MD,Cumberland,trt,5,,0,,0
2026-Q4,MD,Damascus,glp1,1,,0,,0
2026-Q4,MD,Damascus,gym,1,,0,,0
2026-Q4,MD,Delmar,glp1,1,,0,,0
2026-Q4,MD,Denton,glp1,4,,0,,0
2026-Q4,MD,District Heights,glp1,2,,0,,0
2026-Q4,MD,Dundalk,glp1,6,,0,,0
2026-Q4,MD,Dundalk,trt,5,,0,,0
2026-Q4,MD,Dunkirk,glp1,1,,0,,0
2026-Q4,MD,Easton,glp1,17,,0,,0
2026-Q4,MD,Easton,trt,1,,0,,0
2026-Q4,MD,Edgewater,glp1,3,,0,,0
2026-Q4,MD,Edgewood,glp1,2,,0,,0
2026-Q4,MD,Elkridge,glp1,7,,0,,0
2026-Q4,MD,Elkridge,gym,2,,0,,0
2026-Q4,MD,Elkton,glp1,19,,0,,0
2026-Q4,MD,Elkton,trt,7,,0,,0
2026-Q4,MD,Ellicott City,glp1,16,,0,,0
2026-Q4,MD,Ellicott City,trt,5,,0,,0
2026-Q4,MD,Essex,glp1,7,,0,,0
2026-Q4,MD,Essex,trt,1,,0,,0
2026-Q4,MD,Fallston,glp1,1,,0,,0
2026-Q4,MD,Federalsburg,glp1,2,,0,,0
2026-Q4,MD,Finksburg,glp1,1,,0,,0
2026-Q4,MD,Forest Hill,glp1,4,,0,,0
2026-Q4,MD,Forest Hill,trt,2,,0,,0
2026-Q4,MD,Fort George G Meade,gym,1,,0,,0
2026-Q4,MD,Fort Washington,glp1,8,,0,,0
2026-Q4,MD,Frederick,glp1,80,,0,,0
2026-Q4,MD,Frederick,trt,15,,0,,0
2026-Q4,MD,Friendsville,glp1,1,,0,,0
2026-Q4,MD,Frostburg,glp1,1,,0,,0
2026-Q4,MD,Frostburg,trt,1,,0,,0
2026-Q4,MD,Fulton,glp1,1,,0,,0
2026-Q4,MD,Fulton,gym,1,,0,,0
2026-Q4,MD,Fulton,trt,1,,0,,0
2026-Q4,MD,Gaithersburg,glp1,35,,0,,0
2026-Q4,MD,Gaithersburg,gym,2,,0,,0
2026-Q4,MD,Gaithersburg,pharmacy,1,,0,,0
2026-Q4,MD,Gaithersburg,trt,1,,0,,0
2026-Q4,MD,Gambrills,glp1,10,,0,,0
2026-Q4,MD,Gambrills,trt,1,,0,,0
2026-Q4,MD,Germantown,glp1,25,,0,,0
2026-Q4,MD,Germantown,gym,1,,0,,0
2026-Q4,MD,Germantown,trt,3,,0,,0
2026-Q4,MD,Glen Burnie,glp1,52,,0,,0
2026-Q4,MD,Glen Burnie,trt,11,,0,,0
2026-Q4,MD,Glenelg,glp1,1,,0,,0
2026-Q4,MD,Glenn Dale,glp1,10,,0,,0
2026-Q4,MD,Glenn Dale,trt,1,,0,,0
2026-Q4,MD,Glenwood,glp1,2,,0,,0
2026-Q4,MD,Goldsboro,glp1,1,,0,,0
2026-Q4,MD,Grantsville,glp1,2,,0,,0
2026-Q4,MD,Greenbelt,glp1,40,,0,,0
2026-Q4,MD,Greenbelt,trt,5,,0,,0
2026-Q4,MD,Gwynn Oak,glp1,4,,0,,0
2026-Q4,MD,Gwynn Oak,trt,2,,0,,0
2026-Q4,MD,Hagerstown,glp1,51,,0,,0
2026-Q4,MD,Hagerstown,trt,7,,0,,0
2026-Q4,MD,Halethorpe,glp1,4,,0,,0
2026-Q4,MD,Halethorpe,trt,9,,0,,0
2026-Q4,MD,Hampstead,glp1,9,,0,,0
2026-Q4,MD,Hancock,glp1,3,,0,,0
2026-Q4,MD,Hanover,glp1,7,,0,,0
2026-Q4,MD,Hanover,gym,1,,0,,0
2026-Q4,MD,Hanover,trt,1,,0,,0
2026-Q4,MD,Havre De Grace,glp1,10,,0,,0
2026-Q4,MD,Havre De Grace,trt,2,,0,,0
2026-Q4,MD,Hollywood,glp1,1,,0,,0
2026-Q4,MD,Hollywood,trt,1,,0,,0
2026-Q4,MD,Hughesville,glp1,1,,0,,0
2026-Q4,MD,Hunt Valley,glp1,1,,0,,0
2026-Q4,MD,Huntingtown,glp1,3,,0,,0
2026-Q4,MD,Huntingtown,trt,1,,0,,0
2026-Q4,MD,Hyattsville,glp1,15,,0,,0
2026-Q4,MD,Hyattsville,trt,7,,0,,0
2026-Q4,MD,Ijamsville,glp1,3,,0,,0
2026-Q4,MD,Ijamsville,trt,3,,0,,0
2026-Q4,MD,Jefferson,glp1,1,,0,,0
2026-Q4,MD,Jefferson,trt,1,,0,,0
2026-Q4,MD,Jessup,gym,1,,0,,0
2026-Q4,MD,Joppa,glp1,1,,0,,0
2026-Q4,MD,Keedysville,glp1,1,,0,,0
2026-Q4,MD,Kensington,glp1,5,,0,,0
2026-Q4,MD,Kensington,gym,1,,0,,0
2026-Q4,MD,Kensington,pharmacy,1,,0,,0
2026-Q4,MD,Kensington,trt,2,,0,,0
2026-Q4,MD,La Plata,glp1,10,,0,,0
2026-Q4,MD,Lanham,glp1,21,,0,,0
2026-Q4,MD,Lanham,gym,1,,0,,0
2026-Q4,MD,Lanham,trt,8,,0,,0
2026-Q4,MD,Laurel,glp1,26,,0,,0
2026-Q4,MD,Laurel,gym,3,,0,,0
2026-Q4,MD,Laurel,trt,5,,0,,0
2026-Q4,MD,Leonardtown,glp1,11,,0,,0
2026-Q4,MD,Leonardtown,trt,2,,0,,0
2026-Q4,MD,Lexington Park,glp1,3,,0,,0
2026-Q4,MD,Linthicum Heights,glp1,1,,0,,0
2026-Q4,MD,Linthicum Heights,trt,2,,0,,0
2026-Q4,MD,Lusby,glp1,1,,0,,0
2026-Q4,MD,Lutherville Timonium,glp1,35,,0,,0
2026-Q4,MD,Lutherville Timonium,trt,13,,0,,0
2026-Q4,MD,Manchester,glp1,1,,0,,0
2026-Q4,MD,Manchester,trt,1,,0,,0
2026-Q4,MD,Marriottsville,trt,1,,0,,0
2026-Q4,MD,Mechanicsville,glp1,3,,0,,0
2026-Q4,MD,Middle River,glp1,3,,0,,0
2026-Q4,MD,Middle River,trt,2,,0,,0
2026-Q4,MD,Middletown,glp1,1,,0,,0
2026-Q4,MD,Millersville,glp1,7,,0,,0
2026-Q4,MD,Millersville,gym,1,,0,,0
2026-Q4,MD,Montgomery Village,glp1,3,,0,,0
2026-Q4,MD,Montgomery Village,trt,2,,0,,0
2026-Q4,MD,Mount Airy,glp1,6,,0,,0
2026-Q4,MD,Mount Airy,trt,1,,0,,0
2026-Q4,MD,Mount Rainier,glp1,1,,0,,0
2026-Q4,MD,North Beach,glp1,1,,0,,0
2026-Q4,MD,North East,glp1,4,,0,,0
2026-Q4,MD,Nottingham,glp1,22,,0,,0
2026-Q4,MD,Nottingham,trt,2,,0,,0
2026-Q4,MD,Oakland,glp1,9,,0,,0
2026-Q4,MD,Ocean City,glp1,6,,0,,0
2026-Q4,MD,Odenton,glp1,5,,0,,0
2026-Q4,MD,Olney,glp1,11,,0,,0
2026-Q4,MD,Olney,gym,2,,0,,0
2026-Q4,MD,Olney,trt,5,,0,,0
2026-Q4,MD,Owings,glp1,1,,0,,0
2026-Q4,MD,Owings,gym,2,,0,,0
2026-Q4,MD,Owings Mills,glp1,22,,0,,0
2026-Q4,MD,Owings Mills,trt,1,,0,,0
2026-Q4,MD,Oxon Hill,glp1,23,,0,,0
2026-Q4,MD,Oxon Hill,trt,4,,0,,0
2026-Q4,MD,Parkton,glp1,3,,0,,0
2026-Q4,MD,Parkville,glp1,10,,0,,0
2026-Q4,MD,Parkville,trt,3,,0,,0
2026-Q4,MD,Pasadena,glp1,17,,0,,0
2026-Q4,MD,Perry Hall,glp1,1,,0,,0
2026-Q4,MD,Phoenix,glp1,2,,0,,0
2026-Q4,MD,Pikesville,glp1,20,,0,,0
2026-Q4,MD,Pikesville,trt,8,,0,,0
2026-Q4,MD,Pocomoke City,glp1,2,,0,,0
2026-Q4,MD,Port Deposit,glp1,1,,0,,0
2026-Q4,MD,Potomac,glp1,10,,0,,0
2026-Q4,MD,Potomac,gym,2,,0,,0
2026-Q4,MD,Potomac,trt,5,,0,,0
2026-Q4,MD,Preston,glp1,1,,0,,0
2026-Q4,MD,Prince Frederick,glp1,16,,0,,0
2026-Q4,MD,Prince Frederick,trt,3,,0,,0
2026-Q4,MD,Princess Anne,glp1,2,,0,,0
2026-Q4,MD,Queenstown,glp1,5,,0,,0
2026-Q4,MD,Randallstown,glp1,8,,0,,0
2026-Q4,MD,Randallstown,trt,4,,0,,0
2026-Q4,MD,Reisterstown,glp1,11,,0,,0
2026-Q4,MD,Reisterstown,trt,1,,0,,0
2026-Q4,MD,Rising Sun,glp1,1,,0,,0
2026-Q4,MD,Riverdale,glp1,11,,0,,0
2026-Q4,MD,Riverdale,trt,6,,0,,0
2026-Q4,MD,Rockville,glp1,113,,0,,0
2026-Q4,MD,Rockville,gym,2,,0,,0
2026-Q4,MD,Rockville,trt,26,,0,,0
2026-Q4,MD,Rosedale,glp1,28,,0,,0
2026-Q4,MD,Rosedale,trt,5,,0,,0
2026-Q4,MD,Saint Michaels,glp1,1,,0,,0
2026-Q4,MD,Saint Michaels,trt,1,,0,,0
2026-Q4,MD,Salisbury,glp1,65,,0,,0
2026-Q4,MD,Salisbury,trt,9,,0,,0
2026-Q4,MD,Severn,gym,1,,0,,0
2026-Q4,MD,Severna Park,glp1,5,,0,,0
2026-Q4,MD,Severna Park,trt,2,,0,,0
2026-Q4,MD,Silver Spring,glp1,84,,0,,0
2026-Q4,MD,Silver Spring,gym,3,,0,,0
2026-Q4,MD,Silver Spring,trt,25,,0,,0
2026-Q4,MD,Smithsburg,trt,1,,0,,0
2026-Q4,MD,Snow Hill,glp1,1,,0,,0
2026-Q4,MD,Solomons,glp1,6,,0,,0
2026-Q4,MD,Solomons,trt,1,,0,,0
2026-Q4,MD,Sparks Glencoe,glp1,1,,0,,0
2026-Q4,MD,Sparrows Point,glp1,2,,0,,0
2026-Q4,MD,Sparrows Point,trt,1,,0,,0
2026-Q4,MD,Suitland,glp1,7,,0,,0
2026-Q4,MD,Suitland,pharmacy,1,,0,,0
2026-Q4,MD,Suitland,trt,4,,0,,0
2026-Q4,MD,Sykesville,glp1,13,,0,,0
2026-Q4,MD,Sykesville,trt,2,,0,,0
2026-Q4,MD,Takoma Park,glp1,7,,0,,0
2026-Q4,MD,Takoma Park,gym,1,,0,,0
2026-Q4,MD,Taneytown,glp1,3,,0,,0
2026-Q4,MD,Temple Hills,glp1,5,,0,,0
2026-Q4,MD,Thurmont,glp1,1,,0,,0
2026-Q4,MD,Towson,glp1,44,,0,,0
2026-Q4,MD,Towson,trt,21,,0,,0
2026-Q4,MD,Union Bridge,glp1,1,,0,,0
2026-Q4,MD,Upper Marlboro,glp1,28,,0,,0
2026-Q4,MD,Upper Marlboro,trt,4,,0,,0
2026-Q4,MD,Waldorf,glp1,42,,0,,0
2026-Q4,MD,Waldorf,trt,9,,0,,0
2026-Q4,MD,Walkersville,glp1,3,,0,,0
2026-Q4,MD,Walkersville,trt,2,,0,,0
2026-Q4,MD,West River,glp1,2,,0,,0
2026-Q4,MD,Westernport,glp1,1,,0,,0
2026-Q4,MD,Westminster,glp1,30,,0,,0
2026-Q4,MD,Westminster,pharmacy,1,,0,,0
2026-Q4,MD,Westminster,trt,6,,0,,0
2026-Q4,MD,White Marsh,glp1,2,,0,,0
2026-Q4,MD,White Plains,glp1,9,,0,,0
2026-Q4,MD,White Plains,trt,2,,0,,0
2026-Q4,MD,Williamsport,glp1,2,,0,,0
2026-Q4,MD,Windsor Mill,glp1,5,,0,,0
2026-Q4,MD,Woodsboro,glp1,1,,0,,0
2026-Q4,MD,Woodsboro,trt,1,,0,,0
2026-Q4,ME,Albion,glp1,1,,0,,0
2026-Q4,ME,Auburn,glp1,6,,0,,0
2026-Q4,ME,Auburn,trt,1,,0,,0
2026-Q4,ME,Augusta,glp1,11,,0,,0
2026-Q4,ME,Augusta,trt,2,,0,,0
2026-Q4,ME,Bangor,glp1,15,,0,,0
2026-Q4,ME,Bangor,trt,4,,0,,0
2026-Q4,ME,Bar Harbor,glp1,2,,0,,0
2026-Q4,ME,Biddeford,glp1,4,,0,,0
2026-Q4,ME,Biddeford,trt,1,,0,,0
2026-Q4,ME,Brewer,glp1,3,,0,,0
2026-Q4,ME,Brownville,glp1,1,,0,,0
2026-Q4,ME,Brunswick,trt,1,,0,,0
2026-Q4,ME,Calais,glp1,3,,0,,0
2026-Q4,ME,Camden,trt,1,,0,,0
2026-Q4,ME,Damariscotta,glp1,2,,0,,0
2026-Q4,ME,Danforth,glp1,1,,0,,0
2026-Q4,ME,Falmouth,glp1,3,,0,,0
2026-Q4,ME,Freeport,glp1,1,,0,,0
2026-Q4,ME,Gorham,glp1,1,,0,,0
2026-Q4,ME,Hampden,glp1,1,,0,,0
2026-Q4,ME,Houlton,glp1,3,,0,,0
2026-Q4,ME,Kennebunk,glp1,4,,0,,0
2026-Q4,ME,Lewiston,glp1,8,,0,,0
2026-Q4,ME,Lewiston,trt,3,,0,,0
2026-Q4,ME,Liberty,glp1,1,,0,,0
2026-Q4,ME,Limestone,trt,1,,0,,0
2026-Q4,ME,Machias,glp1,3,,0,,0
2026-Q4,ME,Millinocket,glp1,2,,0,,0
2026-Q4,ME,Milo,glp1,1,,0,,0
2026-Q4,ME,Moody,glp1,1,,0,,0
2026-Q4,ME,Naples,glp1,3,,0,,0
2026-Q4,ME,North Yarmouth,glp1,1,,0,,0
2026-Q4,ME,Norway,glp1,1,,0,,0
2026-Q4,ME,Oakland,glp1,2,,0,,0
2026-Q4,ME,Old Orchard Beach,glp1,1,,0,,0
2026-Q4,ME,Old Orchard Beach,trt,1,,0,,0
2026-Q4,ME,Old Town,glp1,1,,0,,0
2026-Q4,ME,Orland,glp1,1,,0,,0
2026-Q4,ME,Orono,glp1,1,,0,,0
2026-Q4,ME,Portland,glp1,8,,0,,0
2026-Q4,ME,Portland,trt,4,,0,,0
2026-Q4,ME,Presque Isle,glp1,3,,0,,0
2026-Q4,ME,Princeton,glp1,2,,0,,0
2026-Q4,ME,Rockport,glp1,1,,0,,0
2026-Q4,ME,Rockport,trt,1,,0,,0
2026-Q4,ME,Rumford,glp1,1,,0,,0
2026-Q4,ME,Saco,glp1,1,,0,,0
2026-Q4,ME,Sanford,glp1,2,,0,,0
2026-Q4,ME,Scarborough,glp1,4,,0,,0
2026-Q4,ME,Scarborough,trt,6,,0,,0
2026-Q4,ME,Skowhegan,glp1,1,,0,,0
2026-Q4,ME,Skowhegan,trt,1,,0,,0
2026-Q4,ME,South Berwick,trt,1,,0,,0
2026-Q4,ME,South Portland,glp1,5,,0,,0
2026-Q4,ME,South Portland,trt,1,,0,,0
2026-Q4,ME,Topsham,glp1,1,,0,,0
2026-Q4,ME,Van Buren,glp1,1,,0,,0
2026-Q4,ME,Vinalhaven,glp1,1,,0,,0
2026-Q4,ME,Waterville,glp1,5,,0,,0
2026-Q4,ME,Wells,glp1,2,,0,,0
2026-Q4,ME,Westbrook,glp1,6,,0,,0
2026-Q4,ME,Westbrook,trt,1,,0,,0
2026-Q4,ME,Wiscasset,glp1,2,,0,,0
2026-Q4,ME,Yarmouth,glp1,1,,0,,0
2026-Q4,ME,York,glp1,3,,0,,0
2026-Q4,ME,York,trt,1,,0,,0
2026-Q4,MI,Ada,glp1,2,,0,,0
2026-Q4,MI,Adrian,glp1,19,,0,,0
2026-Q4,MI,Algonac,glp1,1,,0,,0
2026-Q4,MI,Allegan,glp1,3,,0,,0
2026-Q4,MI,Allegan,trt,1,,0,,0
2026-Q4,MI,Allen Park,glp1,12,,0,,0
2026-Q4,MI,Allen Park,trt,1,,0,,0
2026-Q4,MI,Allendale,glp1,3,,0,,0
2026-Q4,MI,Alma,glp1,5,,0,,0
2026-Q4,MI,Alma,trt,1,,0,,0
2026-Q4,MI,Almont,glp1,1,,0,,0
2026-Q4,MI,Alpena,glp1,6,,0,,0
2026-Q4,MI,Alpena,trt,2,,0,,0
2026-Q4,MI,Ann Arbor,glp1,35,,0,,0
2026-Q4,MI,Ann Arbor,trt,24,,0,,0
2026-Q4,MI,Arcadia,glp1,1,,0,,0
2026-Q4,MI,Armada,glp1,2,,0,,0
2026-Q4,MI,Atlanta,glp1,1,,0,,0
2026-Q4,MI,Attica,glp1,1,,0,,0
2026-Q4,MI,Au Gres,glp1,1,,0,,0
2026-Q4,MI,Auburn,glp1,3,,0,,0
2026-Q4,MI,Auburn Hills,glp1,6,,0,,0
2026-Q4,MI,Bad Axe,glp1,5,,0,,0
2026-Q4,MI,Baldwin,glp1,1,,0,,0
2026-Q4,MI,Bangor,glp1,1,,0,,0
2026-Q4,MI,Bark River,glp1,6,,0,,0
2026-Q4,MI,Battle Creek,glp1,26,,0,,0
2026-Q4,MI,Battle Creek,trt,1,,0,,0
2026-Q4,MI,Bay City,glp1,24,,0,,0
2026-Q4,MI,Bay City,trt,2,,0,,0
2026-Q4,MI,Beaverton,glp1,4,,0,,0
2026-Q4,MI,Belding,glp1,4,,0,,0
2026-Q4,MI,Belleville,glp1,2,,0,,0
2026-Q4,MI,Belmont,glp1,3,,0,,0
2026-Q4,MI,Benton Harbor,glp1,4,,0,,0
2026-Q4,MI,Benzonia,glp1,1,,0,,0
2026-Q4,MI,Berkley,glp1,15,,0,,0
2026-Q4,MI,Berkley,trt,4,,0,,0
2026-Q4,MI,Berrien Springs,glp1,1,,0,,0
2026-Q4,MI,Berrien Springs,trt,1,,0,,0
2026-Q4,MI,Big Rapids,glp1,7,,0,,0
2026-Q4,MI,Birch Run,glp1,2,,0,,0
2026-Q4,MI,Birmingham,glp1,4,,0,,0
2026-Q4,MI,Blissfield,glp1,2,,0,,0
2026-Q4,MI,Bloomfield Hills,glp1,29,,0,,0
2026-Q4,MI,Bloomfield Hills,trt,7,,0,,0
2026-Q4,MI,Bridgeport,glp1,4,,0,,0
2026-Q4,MI,Bridgman,glp1,2,,0,,0
2026-Q4,MI,Brighton,glp1,15,,0,,0
2026-Q4,MI,Brighton,trt,4,,0,,0
2026-Q4,MI,Brimley,glp1,3,,0,,0
2026-Q4,MI,Bronson,glp1,2,,0,,0
2026-Q4,MI,Brown City,glp1,1,,0,,0
2026-Q4,MI,Buchanan,glp1,1,,0,,0
2026-Q4,MI,Buckley,glp1,3,,0,,0
2026-Q4,MI,Burton,glp1,17,,0,,0
2026-Q4,MI,Byron Center,glp1,1,,0,,0
2026-Q4,MI,Cadillac,glp1,5,,0,,0
2026-Q4,MI,Caledonia,glp1,3,,0,,0
2026-Q4,MI,Calumet,glp1,1,,0,,0
2026-Q4,MI,Canton,glp1,18,,0,,0
2026-Q4,MI,Canton,trt,2,,0,,0
2026-Q4,MI,Capac,glp1,2,,0,,0
2026-Q4,MI,Carleton,glp1,3,,0,,0
2026-Q4,MI,Caro,glp1,8,,0,,0
2026-Q4,MI,Carson City,glp1,4,,0,,0
2026-Q4,MI,Caseville,glp1,1,,0,,0
2026-Q4,MI,Cass City,glp1,7,,0,,0
2026-Q4,MI,Cedar Springs,glp1,2,,0,,0
2026-Q4,MI,Cement City,glp1,1,,0,,0
2026-Q4,MI,Center Line,glp1,1,,0,,0
2026-Q4,MI,Charlevoix,glp1,4,,0,,0
2026-Q4,MI,Charlotte,glp1,9,,0,,0
2026-Q4,MI,Cheboygan,glp1,4,,0,,0
2026-Q4,MI,Chelsea,glp1,1,,0,,0
2026-Q4,MI,Chesaning,glp1,1,,0,,0
2026-Q4,MI,Clarkston,glp1,21,,0,,0
2026-Q4,MI,Clawson,glp1,5,,0,,0
2026-Q4,MI,Clinton Township,glp1,37,,0,,0
2026-Q4,MI,Clinton Township,trt,5,,0,,0
2026-Q4,MI,Clio,glp1,3,,0,,0
2026-Q4,MI,Coldwater,glp1,10,,0,,0
2026-Q4,MI,Coloma,glp1,2,,0,,0
2026-Q4,MI,Colon,glp1,1,,0,,0
2026-Q4,MI,Commerce Township,glp1,12,,0,,0
2026-Q4,MI,Coopersville,glp1,1,,0,,0
2026-Q4,MI,Croswell,glp1,1,,0,,0
2026-Q4,MI,Davison,glp1,7,,0,,0
2026-Q4,MI,Dearborn,glp1,99,,0,,0
2026-Q4,MI,Dearborn,trt,10,,0,,0
2026-Q4,MI,Dearborn Heights,glp1,16,,0,,0
2026-Q4,MI,Dearborn Heights,trt,2,,0,,0
2026-Q4,MI,Deckerville,glp1,1,,0,,0
2026-Q4,MI,Detroit,glp1,86,,0,,0
2026-Q4,MI,Detroit,trt,31,,0,,0
2026-Q4,MI,Dewitt,glp1,4,,0,,0
2026-Q4,MI,Dexter,glp1,2,,0,,0
2026-Q4,MI,Dorr,glp1,1,,0,,0
2026-Q4,MI,Dowagiac,glp1,2,,0,,0
2026-Q4,MI,Dundee,glp1,2,,0,,0
2026-Q4,MI,Durand,glp1,3,,0,,0
2026-Q4,MI,East China,glp1,3,,0,,0
2026-Q4,MI,East China,trt,1,,0,,0
2026-Q4,MI,East Jordan,glp1,1,,0,,0
2026-Q4,MI,East Lansing,glp1,30,,0,,0
2026-Q4,MI,East Lansing,trt,7,,0,,0
2026-Q4,MI,Eastpointe,glp1,6,,0,,0
2026-Q4,MI,Eaton Rapids,glp1,6,,0,,0
2026-Q4,MI,Edmore,glp1,2,,0,,0
2026-Q4,MI,Edwardsburg,glp1,2,,0,,0
2026-Q4,MI,Elk Rapids,glp1,2,,0,,0
2026-Q4,MI,Elkton,glp1,1,,0,,0
2026-Q4,MI,Empire,glp1,1,,0,,0
2026-Q4,MI,Escanaba,glp1,1,,0,,0
2026-Q4,MI,Essexville,glp1,4,,0,,0
2026-Q4,MI,Fair Haven,glp1,1,,0,,0
2026-Q4,MI,Farmington,glp1,70,,0,,0
2026-Q4,MI,Farmington,trt,6,,0,,0
2026-Q4,MI,Fenton,glp1,10,,0,,0
2026-Q4,MI,Fenton,trt,1,,0,,0
2026-Q4,MI,Ferndale,glp1,5,,0,,0
2026-Q4,MI,Flat Rock,glp1,2,,0,,0
2026-Q4,MI,Flint,glp1,92,,0,,0
2026-Q4,MI,Flint,trt,6,,0,,0
2026-Q4,MI,Flushing,glp1,6,,0,,0
2026-Q4,MI,Fort Gratiot,glp1,8,,0,,0
2026-Q4,MI,Fort Gratiot,trt,7,,0,,0
2026-Q4,MI,Fowlerville,glp1,4,,0,,0
2026-Q4,MI,Frankenmuth,glp1,5,,0,,0
2026-Q4,MI,Frankenmuth,trt,1,,0,,0
2026-Q4,MI,Frankfort,glp1,1,,0,,0
2026-Q4,MI,Franklin,glp1,10,,0,,0
2026-Q4,MI,Franklin,trt,2,,0,,0
2026-Q4,MI,Fraser,glp1,1,,0,,0
2026-Q4,MI,Freeland,glp1,1,,0,,0
2026-Q4,MI,Fremont,glp1,1,,0,,0
2026-Q4,MI,Fruitport,glp1,1,,0,,0
2026-Q4,MI,Fulton,glp1,1,,0,,0
2026-Q4,MI,Galesburg,glp1,1,,0,,0
2026-Q4,MI,Garden City,glp1,7,,0,,0
2026-Q4,MI,Garden City,trt,1,,0,,0
2026-Q4,MI,Gaylord,glp1,7,,0,,0
2026-Q4,MI,Gladwin,glp1,2,,0,,0
2026-Q4,MI,Gobles,glp1,1,,0,,0
2026-Q4,MI,Goodrich,glp1,4,,0,,0
2026-Q4,MI,Grand Blanc,glp1,37,,0,,0
2026-Q4,MI,Grand Blanc,trt,2,,0,,0
2026-Q4,MI,Grand Haven,glp1,7,,0,,0
2026-Q4,MI,Grand Ledge,glp1,4,,0,,0
2026-Q4,MI,Grand Rapids,glp1,114,,0,,0
2026-Q4,MI,Grand Rapids,trt,12,,0,,0
2026-Q4,MI,Grandville,glp1,8,,0,,0
2026-Q4,MI,Grant,glp1,2,,0,,0
2026-Q4,MI,Grayling,glp1,1,,0,,0
2026-Q4,MI,Grayling,trt,3,,0,,0
2026-Q4,MI,Greenville,glp1,4,,0,,0
2026-Q4,MI,Grosse Ile,glp1,1,,0,,0
2026-Q4,MI,Grosse Ile,trt,1,,0,,0
2026-Q4,MI,Grosse Pointe,glp1,14,,0,,0
2026-Q4,MI,Grosse Pointe,trt,12,,0,,0
2026-Q4,MI,Gwinn,glp1,2,,0,,0
2026-Q4,MI,Hale,glp1,1,,0,,0
2026-Q4,MI,Hamtramck,glp1,6,,0,,0
2026-Q4,MI,Harbor Beach,glp1,1,,0,,0
2026-Q4,MI,Harbor Springs,glp1,1,,0,,0
2026-Q4,MI,Harper Woods,glp1,1,,0,,0
2026-Q4,MI,Harrisville,glp1,1,,0,,0
2026-Q4,MI,Hart,glp1,1,,0,,0
2026-Q4,MI,Hartford,glp1,1,,0,,0
2026-Q4,MI,Hartland,glp1,1,,0,,0
2026-Q4,MI,Haslett,glp1,4,,0,,0
2026-Q4,MI,Hastings,glp1,9,,0,,0
2026-Q4,MI,Hazel Park,glp1,7,,0,,0
2026-Q4,MI,Highland,glp1,6,,0,,0
2026-Q4,MI,Highland Park,glp1,1,,0,,0
2026-Q4,MI,Hillsdale,glp1,8,,0,,0
2026-Q4,MI,Hillsdale,trt,1,,0,,0
2026-Q4,MI,Holland,glp1,22,,0,,0
2026-Q4,MI,Holland,trt,3,,0,,0
2026-Q4,MI,Holt,glp1,5,,0,,0
2026-Q4,MI,Homer,glp1,1,,0,,0
2026-Q4,MI,Houghton Lake,glp1,1,,0,,0
2026-Q4,MI,Howell,glp1,14,,0,,0
2026-Q4,MI,Hudson,glp1,2,,0,,0
2026-Q4,MI,Hudsonville,glp1,3,,0,,0
2026-Q4,MI,Imlay City,glp1,3,,0,,0
2026-Q4,MI,Inkster,glp1,2,,0,,0
2026-Q4,MI,Interlochen,glp1,1,,0,,0
2026-Q4,MI,Ionia,glp1,6,,0,,0
2026-Q4,MI,Iron Mountain,glp1,3,,0,,0
2026-Q4,MI,Iron Mountain,trt,1,,0,,0
2026-Q4,MI,Iron River,glp1,4,,0,,0
2026-Q4,MI,Ironwood,glp1,1,,0,,0
2026-Q4,MI,Ishpeming,glp1,2,,0,,0
2026-Q4,MI,Ithaca,glp1,1,,0,,0
2026-Q4,MI,Jackson,glp1,21,,0,,0
2026-Q4,MI,Jackson,trt,6,,0,,0
2026-Q4,MI,Jenison,glp1,3,,0,,0
2026-Q4,MI,Jonesville,glp1,3,,0,,0
2026-Q4,MI,Kalamazoo,glp1,40,,0,,0
2026-Q4,MI,Kalamazoo,trt,4,,0,,0
2026-Q4,MI,Kalkaska,glp1,1,,0,,0
2026-Q4,MI,Keego Harbor,glp1,2,,0,,0
2026-Q4,MI,Kewadin,trt,1,,0,,0
2026-Q4,MI,Kingsley,glp1,1,,0,,0
2026-Q4,MI,Kingston,glp1,1,,0,,0
2026-Q4,MI,Laingsburg,glp1,2,,0,,0
2026-Q4,MI,Lake City,glp1,1,,0,,0
2026-Q4,MI,Lake Odessa,glp1,2,,0,,0
2026-Q4,MI,Lake Orion,glp1,10,,0,,0
2026-Q4,MI,Lakeview,glp1,1,,0,,0
2026-Q4,MI,Lambertville,glp1,2,,0,,0
2026-Q4,MI,Lanse,glp1,1,,0,,0
2026-Q4,MI,Lansing,glp1,70,,0,,0
2026-Q4,MI,Lansing,trt,5,,0,,0
2026-Q4,MI,Lapeer,glp1,11,,0,,0
2026-Q4,MI,Lapeer,trt,1,,0,,0
2026-Q4,MI,Lexington,glp1,2,,0,,0
2026-Q4,MI,Lincoln Park,glp1,6,,0,,0
2026-Q4,MI,Linden,glp1,2,,0,,0
2026-Q4,MI,Linden,trt,1,,0,,0
2026-Q4,MI,Linwood,glp1,1,,0,,0
2026-Q4,MI,Litchfield,glp1,1,,0,,0
2026-Q4,MI,Livonia,glp1,45,,0,,0
2026-Q4,MI,Livonia,trt,13,,0,,0
2026-Q4,MI,Ludington,glp1,2,,0,,0
2026-Q4,MI,Luna Pier,glp1,1,,0,,0
2026-Q4,MI,Mackinaw City,glp1,3,,0,,0
2026-Q4,MI,Macomb,glp1,10,,0,,0
2026-Q4,MI,Macomb,trt,3,,0,,0
2026-Q4,MI,Madison Heights,glp1,14,,0,,0
2026-Q4,MI,Mancelona,glp1,1,,0,,0
2026-Q4,MI,Manchester,glp1,1,,0,,0
2026-Q4,MI,Manistee,glp1,5,,0,,0
2026-Q4,MI,Manistique,glp1,2,,0,,0
2026-Q4,MI,Manton,glp1,1,,0,,0
2026-Q4,MI,Marine City,trt,1,,0,,0
2026-Q4,MI,Marion,glp1,1,,0,,0
2026-Q4,MI,Marlette,glp1,2,,0,,0
2026-Q4,MI,Marlette,trt,1,,0,,0
2026-Q4,MI,Marquette,glp1,24,,0,,0
2026-Q4,MI,Marquette,trt,2,,0,,0
2026-Q4,MI,Marshall,glp1,6,,0,,0
2026-Q4,MI,Marshall,trt,1,,0,,0
2026-Q4,MI,Marysville,glp1,3,,0,,0
2026-Q4,MI,Mason,glp1,6,,0,,0
2026-Q4,MI,Mattawan,glp1,1,,0,,0
2026-Q4,MI,Mayville,glp1,2,,0,,0
2026-Q4,MI,Menominee,glp1,1,,0,,0
2026-Q4,MI,Metamora,glp1,1,,0,,0
2026-Q4,MI,Michigan Center,glp1,1,,0,,0
2026-Q4,MI,Midland,glp1,18,,0,,0
2026-Q4,MI,Midland,trt,1,,0,,0
2026-Q4,MI,Milan,glp1,1,,0,,0
2026-Q4,MI,Milford,glp1,4,,0,,0
2026-Q4,MI,Millington,glp1,1,,0,,0
2026-Q4,MI,Monroe,glp1,22,,0,,0
2026-Q4,MI,Monroe,trt,2,,0,,0
2026-Q4,MI,Montague,glp1,2,,0,,0
2026-Q4,MI,Montrose,glp1,1,,0,,0
2026-Q4,MI,Morenci,glp1,1,,0,,0
2026-Q4,MI,Mount Clemens,glp1,5,,0,,0
2026-Q4,MI,Mount Morris,glp1,2,,0,,0
2026-Q4,MI,Mount Pleasant,glp1,29,,0,,0
2026-Q4,MI,Mount Pleasant,trt,3,,0,,0
2026-Q4,MI,Munising,glp1,1,,0,,0
2026-Q4,MI,Muskegon,glp1,42,,0,,0
2026-Q4,MI,Muskegon,trt,1,,0,,0
2026-Q4,MI,Negaunee,glp1,1,,0,,0
2026-Q4,MI,New Baltimore,glp1,11,,0,,0
2026-Q4,MI,New Boston,glp1,2,,0,,0
2026-Q4,MI,New Haven,glp1,6,,0,,0
2026-Q4,MI,New Hudson,glp1,2,,0,,0
2026-Q4,MI,Newaygo,glp1,1,,0,,0
2026-Q4,MI,Newberry,glp1,2,,0,,0
2026-Q4,MI,Newport,glp1,5,,0,,0
2026-Q4,MI,Niles,glp1,8,,0,,0
2026-Q4,MI,North Branch,glp1,2,,0,,0
2026-Q4,MI,Northville,glp1,5,,0,,0
2026-Q4,MI,Norway,glp1,1,,0,,0
2026-Q4,MI,Novi,glp1,34,,0,,0
2026-Q4,MI,Novi,trt,3,,0,,0
2026-Q4,MI,Oak Park,glp1,2,,0,,0
2026-Q4,MI,Oakley,glp1,1,,0,,0
2026-Q4,MI,Okemos,glp1,19,,0,,0
2026-Q4,MI,Olivet,glp1,1,,0,,0
2026-Q4,MI,Onsted,glp1,1,,0,,0
2026-Q4,MI,Ontonagon,glp1,1,,0,,0
2026-Q4,MI,Ortonville,glp1,1,,0,,0
2026-Q4,MI,Oscoda,glp1,1,,0,,0
2026-Q4,MI,Ovid,glp1,3,,0,,0
2026-Q4,MI,Owosso,glp1,23,,0,,0
2026-Q4,MI,Owosso,trt,2,,0,,0
2026-Q4,MI,Oxford,glp1,9,,0,,0
2026-Q4,MI,Parma,glp1,1,,0,,0
2026-Q4,MI,Paw Paw,glp1,1,,0,,0
2026-Q4,MI,Perry,glp1,3,,0,,0
2026-Q4,MI,Petoskey,glp1,15,,0,,0
2026-Q4,MI,Petoskey,trt,2,,0,,0
2026-Q4,MI,Pigeon,glp1,4,,0,,0
2026-Q4,MI,Pinckney,glp1,1,,0,,0
2026-Q4,MI,Pinconning,glp1,1,,0,,0
2026-Q4,MI,Plainwell,glp1,1,,0,,0
2026-Q4,MI,Pleasant Ridge,glp1,1,,0,,0
2026-Q4,MI,Plymouth,glp1,9,,0,,0
2026-Q4,MI,Plymouth,trt,2,,0,,0
2026-Q4,MI,Pontiac,glp1,13,,0,,0
2026-Q4,MI,Port Hope,glp1,1,,0,,0
2026-Q4,MI,Port Huron,glp1,25,,0,,0
2026-Q4,MI,Port Sanilac,glp1,1,,0,,0
2026-Q4,MI,Portage,glp1,14,,0,,0
2026-Q4,MI,Portage,trt,1,,0,,0
2026-Q4,MI,Portland,glp1,1,,0,,0
2026-Q4,MI,Potterville,glp1,1,,0,,0
2026-Q4,MI,Powers,glp1,1,,0,,0
2026-Q4,MI,Prescott,glp1,1,,0,,0
2026-Q4,MI,Prudenville,glp1,3,,0,,0
2026-Q4,MI,Quincy,glp1,1,,0,,0
2026-Q4,MI,Ravenna,glp1,3,,0,,0
2026-Q4,MI,Redford,glp1,4,,0,,0
2026-Q4,MI,Reed City,glp1,3,,0,,0
2026-Q4,MI,Richland,glp1,2,,0,,0
2026-Q4,MI,Riverdale,glp1,1,,0,,0
2026-Q4,MI,Riverview,glp1,7,,0,,0
2026-Q4,MI,Rochester,glp1,82,,0,,0
2026-Q4,MI,Rochester,trt,12,,0,,0
2026-Q4,MI,Rockford,glp1,4,,0,,0
2026-Q4,MI,Romeo,glp1,2,,0,,0
2026-Q4,MI,Romulus,glp1,1,,0,,0
2026-Q4,MI,Roscommon,glp1,2,,0,,0
2026-Q4,MI,Roseville,glp1,10,,0,,0
2026-Q4,MI,Roseville,trt,1,,0,,0
2026-Q4,MI,Royal Oak,glp1,18,,0,,0
2026-Q4,MI,Royal Oak,trt,2,,0,,0
2026-Q4,MI,Saginaw,glp1,69,,0,,0
2026-Q4,MI,Saginaw,trt,5,,0,,0
2026-Q4,MI,Saint Charles,glp1,1,,0,,0
2026-Q4,MI,Saint Clair,glp1,1,,0,,0
2026-Q4,MI,Saint Clair Shores,glp1,39,,0,,0
2026-Q4,MI,Saint Clair Shores,trt,2,,0,,0
2026-Q4,MI,Saint Ignace,glp1,1,,0,,0
2026-Q4,MI,Saint Johns,glp1,7,,0,,0
2026-Q4,MI,Saint Joseph,glp1,17,,0,,0
2026-Q4,MI,Saint Joseph,trt,5,,0,,0
2026-Q4,MI,Saint Louis,glp1,1,,0,,0
2026-Q4,MI,Saline,glp1,1,,0,,0
2026-Q4,MI,Sandusky,glp1,3,,0,,0
2026-Q4,MI,Saranac,glp1,1,,0,,0
2026-Q4,MI,Saugatuck,glp1,1,,0,,0
2026-Q4,MI,Sault Sainte Marie,glp1,3,,0,,0
2026-Q4,MI,Schoolcraft,glp1,1,,0,,0
2026-Q4,MI,Sebewaing,glp1,1,,0,,0
2026-Q4,MI,Shelby,glp1,1,,0,,0
2026-Q4,MI,Shepherd,glp1,2,,0,,0
2026-Q4,MI,Sheridan,glp1,2,,0,,0
2026-Q4,MI,Smiths Creek,glp1,1,,0,,0
2026-Q4,MI,South Haven,glp1,1,,0,,0
2026-Q4,MI,South Lyon,glp1,7,,0,,0
2026-Q4,MI,South Range,glp1,1,,0,,0
2026-Q4,MI,Southfield,glp1,86,,0,,0
2026-Q4,MI,Southfield,trt,8,,0,,0
2026-Q4,MI,Southgate,glp1,20,,0,,0
2026-Q4,MI,Southgate,trt,1,,0,,0
2026-Q4,MI,Spring Lake,glp1,4,,0,,0
2026-Q4,MI,Springport,glp1,1,,0,,0
2026-Q4,MI,Standish,glp1,3,,0,,0
2026-Q4,MI,Stanton,glp1,2,,0,,0
2026-Q4,MI,Stanwood,glp1,1,,0,,0
2026-Q4,MI,Sterling Heights,glp1,68,,0,,0
2026-Q4,MI,Sterling Heights,trt,1,,0,,0
2026-Q4,MI,Stevensville,glp1,2,,0,,0
2026-Q4,MI,Sturgis,glp1,8,,0,,0
2026-Q4,MI,Suttons Bay,glp1,3,,0,,0
2026-Q4,MI,Swartz Creek,glp1,4,,0,,0
2026-Q4,MI,Taylor,glp1,15,,0,,0
2026-Q4,MI,Taylor,trt,1,,0,,0
2026-Q4,MI,Tecumseh,glp1,8,,0,,0
2026-Q4,MI,Tecumseh,trt,2,,0,,0
2026-Q4,MI,Tekonsha,glp1,1,,0,,0
2026-Q4,MI,Temperance,glp1,2,,0,,0
2026-Q4,MI,Three Rivers,glp1,8,,0,,0
2026-Q4,MI,Three Rivers,trt,2,,0,,0
2026-Q4,MI,Traverse City,glp1,39,,0,,0
2026-Q4,MI,Traverse City,trt,5,,0,,0
2026-Q4,MI,Trenton,glp1,27,,0,,0
2026-Q4,MI,Trenton,trt,2,,0,,0
2026-Q4,MI,Troy,glp1,51,,0,,0
2026-Q4,MI,Troy,trt,2,,0,,0
2026-Q4,MI,Ubly,glp1,1,,0,,0
2026-Q4,MI,Utica,glp1,28,,0,,0
2026-Q4,MI,Utica,trt,3,,0,,0
2026-Q4,MI,Vassar,glp1,1,,0,,0
2026-Q4,MI,Wakefield,glp1,1,,0,,0
2026-Q4,MI,Walled Lake,glp1,5,,0,,0
2026-Q4,MI,Warren,glp1,52,,0,,0
2026-Q4,MI,Warren,trt,4,,0,,0
2026-Q4,MI,Washington,glp1,5,,0,,0
2026-Q4,MI,Washington,trt,2,,0,,0
2026-Q4,MI,Waterford,glp1,16,,0,,0
2026-Q4,MI,Waterford,trt,2,,0,,0
2026-Q4,MI,Watersmeet,glp1,1,,0,,0
2026-Q4,MI,Watervliet,glp1,2,,0,,0
2026-Q4,MI,Wayland,glp1,2,,0,,0
2026-Q4,MI,Wayne,glp1,3,,0,,0
2026-Q4,MI,Wayne,trt,1,,0,,0
2026-Q4,MI,Wellston,glp1,1,,0,,0
2026-Q4,MI,West Bloomfield,glp1,29,,0,,0
2026-Q4,MI,West Bloomfield,trt,5,,0,,0
2026-Q4,MI,West Branch,glp1,7,,0,,0
2026-Q4,MI,Westland,glp1,15,,0,,0
2026-Q4,MI,White Lake,glp1,5,,0,,0
2026-Q4,MI,White Lake,trt,1,,0,,0
2026-Q4,MI,Whitehall,glp1,2,,0,,0
2026-Q4,MI,Williamston,glp1,2,,0,,0
2026-Q4,MI,Wixom,glp1,2,,0,,0
2026-Q4,MI,Wyandotte,glp1,11,,0,,0
2026-Q4,MI,Wyoming,glp1,12,,0,,0
2026-Q4,MI,Yale,glp1,3,,0,,0
2026-Q4,MI,Ypsilanti,glp1,20,,0,,0
2026-Q4,MI,Ypsilanti,trt,13,,0,,0
2026-Q4,MI,Zeeland,glp1,8,,0,,0
2026-Q4,MI,Zeeland,trt,1,,0,,0
2026-Q4,MN,Aitkin,glp1,1,,0,,0
2026-Q4,MN,Albert Lea,glp1,2,,0,,0
2026-Q4,MN,Alexandria,glp1,3,,0,,0
2026-Q4,MN,Alexandria,trt,1,,0,,0
2026-Q4,MN,Andover,glp1,1,,0,,0
2026-Q4,MN,Andover,gym,1,,0,,0
2026-Q4,MN,Anoka,trt,1,,0,,0
2026-Q4,MN,Austin,glp1,1,,0,,0
2026-Q4,MN,Austin,trt,1,,0,,0
2026-Q4,MN,Baudette,glp1,1,,0,,0
2026-Q4,MN,Baxter,glp1,2,,0,,0
2026-Q4,MN,Bemidji,glp1,3,,0,,0
2026-Q4,MN,Bemidji,trt,3,,0,,0
2026-Q4,MN,Benson,glp1,1,,0,,0
2026-Q4,MN,Blue Earth,glp1,1,,0,,0
2026-Q4,MN,Brainerd,glp1,1,,0,,0
2026-Q4,MN,Brainerd,trt,1,,0,,0
2026-Q4,MN,Buffalo,trt,2,,0,,0
2026-Q4,MN,Burnsville,glp1,1,,0,,0
2026-Q4,MN,Burnsville,gym,1,,0,,0
2026-Q4,MN,Canby,glp1,1,,0,,0
2026-Q4,MN,Cass Lake,trt,1,,0,,0
2026-Q4,MN,Center City,glp1,1,,0,,0
2026-Q4,MN,Chanhassen,glp1,3,,0,,0
2026-Q4,MN,Chaska,glp1,2,,0,,0
2026-Q4,MN,Chaska,trt,1,,0,,0
2026-Q4,MN,Circle Pines,glp1,1,,0,,0
2026-Q4,MN,Cloquet,glp1,1,,0,,0
2026-Q4,MN,Cook,glp1,1,,0,,0
2026-Q4,MN,Cottage Grove,gym,1,,0,,0
2026-Q4,MN,Crookston,glp1,1,,0,,0
2026-Q4,MN,Crosby,glp1,1,,0,,0
2026-Q4,MN,Crosby,trt,1,,0,,0
2026-Q4,MN,Dassel,glp1,1,,0,,0
2026-Q4,MN,Dawson,glp1,2,,0,,0
2026-Q4,MN,Detroit Lakes,glp1,1,,0,,0
2026-Q4,MN,Duluth,glp1,6,,0,,0
2026-Q4,MN,Duluth,trt,6,,0,,0
2026-Q4,MN,Eagle Bend,glp1,1,,0,,0
2026-Q4,MN,Eden Prairie,glp1,4,,0,,0
2026-Q4,MN,Eden Prairie,gym,2,,0,,0
2026-Q4,MN,Eden Prairie,trt,2,,0,,0
2026-Q4,MN,Elk River,glp1,1,,0,,0
2026-Q4,MN,Elk River,gym,1,,0,,0
2026-Q4,MN,Eveleth,glp1,1,,0,,0
2026-Q4,MN,Fairfax,glp1,1,,0,,0
2026-Q4,MN,Fairmont,glp1,3,,0,,0
2026-Q4,MN,Faribault,glp1,1,,0,,0
2026-Q4,MN,Fertile,glp1,1,,0,,0
2026-Q4,MN,Floodwood,glp1,1,,0,,0
2026-Q4,MN,Fulda,glp1,1,,0,,0
2026-Q4,MN,Glenwood,glp1,1,,0,,0
2026-Q4,MN,Grand Rapids,glp1,2,,0,,0
2026-Q4,MN,Granite Falls,glp1,1,,0,,0
2026-Q4,MN,Hallock,glp1,1,,0,,0
2026-Q4,MN,Hawley,glp1,1,,0,,0
2026-Q4,MN,Hibbing,glp1,4,,0,,0
2026-Q4,MN,Hopkins,glp1,4,,0,,0
2026-Q4,MN,Hugo,trt,1,,0,,0
2026-Q4,MN,Inver Grove Heights,glp1,1,,0,,0
2026-Q4,MN,Jackson,glp1,1,,0,,0
2026-Q4,MN,Lake Elmo,trt,1,,0,,0
2026-Q4,MN,Lakeville,pharmacy,1,,0,,0
2026-Q4,MN,Lakeville,trt,1,,0,,0
2026-Q4,MN,Lancaster,glp1,1,,0,,0
2026-Q4,MN,Long Lake,glp1,1,,0,,0
2026-Q4,MN,Long Prairie,glp1,2,,0,,0
2026-Q4,MN,Luverne,trt,1,,0,,0
2026-Q4,MN,Madelia,glp1,1,,0,,0
2026-Q4,MN,Mahnomen,glp1,1,,0,,0
2026-Q4,MN,Mankato,glp1,7,,0,,0
2026-Q4,MN,Mankato,trt,2,,0,,0
2026-Q4,MN,Mapleton,glp1,1,,0,,0
2026-Q4,MN,Minneapolis,glp1,87,,0,,0
2026-Q4,MN,Minneapolis,gym,24,,0,,0
2026-Q4,MN,Minneapolis,pharmacy,1,,0,,0
2026-Q4,MN,Minneapolis,trt,51,,0,,0
2026-Q4,MN,Minnetonka,glp1,2,,0,,0
2026-Q4,MN,Minnetonka,gym,1,,0,,0
2026-Q4,MN,Montevideo,glp1,1,,0,,0
2026-Q4,MN,Monticello,glp1,1,,0,,0
2026-Q4,MN,Moorhead,glp1,2,,0,,0
2026-Q4,MN,Moose Lake,glp1,1,,0,,0
2026-Q4,MN,Morris,glp1,1,,0,,0
2026-Q4,MN,New Ulm,glp1,1,,0,,0
2026-Q4,MN,New Ulm,trt,1,,0,,0
2026-Q4,MN,New York Mills,glp1,1,,0,,0
2026-Q4,MN,Newport,gym,1,,0,,0
2026-Q4,MN,Olivia,glp1,2,,0,,0
2026-Q4,MN,Onamia,glp1,1,,0,,0
2026-Q4,MN,Ortonville,glp1,1,,0,,0
2026-Q4,MN,Osseo,glp1,6,,0,,0
2026-Q4,MN,Osseo,gym,1,,0,,0
2026-Q4,MN,Owatonna,glp1,1,,0,,0
2026-Q4,MN,Perham,glp1,1,,0,,0
2026-Q4,MN,Pine City,glp1,1,,0,,0
2026-Q4,MN,Renville,glp1,1,,0,,0
2026-Q4,MN,Rice,trt,1,,0,,0
2026-Q4,MN,Rochester,glp1,5,,0,,0
2026-Q4,MN,Rochester,trt,7,,0,,0
2026-Q4,MN,Roseau,glp1,2,,0,,0
2026-Q4,MN,Saint Cloud,glp1,10,,0,,0
2026-Q4,MN,Saint Cloud,trt,6,,0,,0
2026-Q4,MN,Saint Paul,glp1,44,,0,,0
2026-Q4,MN,Saint Paul,gym,19,,0,,0
2026-Q4,MN,Saint Paul,trt,11,,0,,0
2026-Q4,MN,Sandstone,glp1,3,,0,,0
2026-Q4,MN,Sartell,glp1,1,,0,,0
2026-Q4,MN,Savage,glp1,2,,0,,0
2026-Q4,MN,Scandia,pharmacy,1,,0,,0
2026-Q4,MN,Shakopee,glp1,1,,0,,0
2026-Q4,MN,Shakopee,trt,1,,0,,0
2026-Q4,MN,Sleepy Eye,glp1,1,,0,,0
2026-Q4,MN,Stillwater,glp1,1,,0,,0
2026-Q4,MN,Stillwater,gym,1,,0,,0
2026-Q4,MN,Stillwater,trt,2,,0,,0
2026-Q4,MN,Thief River Falls,glp1,1,,0,,0
2026-Q4,MN,Thief River Falls,trt,1,,0,,0
2026-Q4,MN,Tower,glp1,1,,0,,0
2026-Q4,MN,Tracy,glp1,1,,0,,0
2026-Q4,MN,Truman,glp1,1,,0,,0
2026-Q4,MN,Twin Valley,glp1,1,,0,,0
2026-Q4,MN,Tyler,glp1,1,,0,,0
2026-Q4,MN,Tyler,trt,1,,0,,0
2026-Q4,MN,Ulen,glp1,1,,0,,0
2026-Q4,MN,Waconia,glp1,3,,0,,0
2026-Q4,MN,Watertown,glp1,1,,0,,0
2026-Q4,MN,Wayzata,glp1,3,,0,,0
2026-Q4,MN,Wayzata,trt,1,,0,,0
2026-Q4,MN,Willmar,glp1,3,,0,,0
2026-Q4,MN,Wyoming,glp1,1,,0,,0
2026-Q4,MO,Adrian,glp1,2,,0,,0
2026-Q4,MO,Advance,glp1,1,,0,,0
2026-Q4,MO,Albany,glp1,1,,0,,0
2026-Q4,MO,Alton,glp1,2,,0,,0
2026-Q4,MO,Anderson,glp1,1,,0,,0
2026-Q4,MO,Appleton City,glp1,1,,0,,0
2026-Q4,MO,Archie,glp1,1,,0,,0
2026-Q4,MO,Arnold,glp1,8,,0,,0
2026-Q4,MO,Ash Grove,glp1,2,,0,,0
2026-Q4,MO,Ashland,glp1,2,,0,,0
2026-Q4,MO,Aurora,glp1,3,,0,,0
2026-Q4,MO,Auxvasse,glp1,1,,0,,0
2026-Q4,MO,Ava,glp1,4,,0,,0
2026-Q4,MO,Ballwin,glp1,19,,0,,0
2026-Q4,MO,Ballwin,trt,3,,0,,0
2026-Q4,MO,Bates City,glp1,1,,0,,0
2026-Q4,MO,Belton,glp1,5,,0,,0
2026-Q4,MO,Benton,glp1,2,,0,,0
2026-Q4,MO,Bernie,glp1,2,,0,,0
2026-Q4,MO,Bethany,glp1,4,,0,,0
2026-Q4,MO,Bland,glp1,1,,0,,0
2026-Q4,MO,Bloomsdale,glp1,3,,0,,0
2026-Q4,MO,Blue Springs,glp1,21,,0,,0
2026-Q4,MO,Blue Springs,trt,5,,0,,0
2026-Q4,MO,Bolivar,glp1,16,,0,,0
2026-Q4,MO,Bolivar,trt,2,,0,,0
2026-Q4,MO,Bonne Terre,glp1,4,,0,,0
2026-Q4,MO,Boonville,glp1,1,,0,,0
2026-Q4,MO,Bourbon,glp1,2,,0,,0
2026-Q4,MO,Bowling Green,glp1,1,,0,,0
2026-Q4,MO,Bowling Green,trt,1,,0,,0
2026-Q4,MO,Branson,glp1,36,,0,,0
2026-Q4,MO,Branson,trt,3,,0,,0
2026-Q4,MO,Braymer,glp1,1,,0,,0
2026-Q4,MO,Bridgeton,glp1,17,,0,,0
2026-Q4,MO,Bridgeton,trt,4,,0,,0
2026-Q4,MO,Brookfield,glp1,2,,0,,0
2026-Q4,MO,Brookline,glp1,2,,0,,0
2026-Q4,MO,Buffalo,glp1,1,,0,,0
2026-Q4,MO,Butler,glp1,4,,0,,0
2026-Q4,MO,Butler,trt,1,,0,,0
2026-Q4,MO,Cabool,glp1,1,,0,,0
2026-Q4,MO,California,glp1,1,,0,,0
2026-Q4,MO,Camdenton,glp1,3,,0,,0
2026-Q4,MO,Cameron,glp1,5,,0,,0
2026-Q4,MO,Campbell,glp1,1,,0,,0
2026-Q4,MO,Canton,glp1,1,,0,,0
2026-Q4,MO,Cape Girardeau,glp1,51,,0,,0
2026-Q4,MO,Cape Girardeau,trt,5,,0,,0
2026-Q4,MO,Carrollton,glp1,1,,0,,0
2026-Q4,MO,Carthage,glp1,7,,0,,0
2026-Q4,MO,Caruthersville,glp1,2,,0,,0
2026-Q4,MO,Cassville,glp1,3,,0,,0
2026-Q4,MO,Cedar Hill,glp1,1,,0,,0
2026-Q4,MO,Chaffee,glp1,1,,0,,0
2026-Q4,MO,Charleston,glp1,2,,0,,0
2026-Q4,MO,Chesterfield,glp1,75,,0,,0
2026-Q4,MO,Chesterfield,trt,11,,0,,0
2026-Q4,MO,Chillicothe,glp1,3,,0,,0
2026-Q4,MO,Clarence,glp1,2,,0,,0
2026-Q4,MO,Clinton,glp1,3,,0,,0
2026-Q4,MO,Cole Camp,glp1,1,,0,,0
2026-Q4,MO,Columbia,glp1,47,,0,,0
2026-Q4,MO,Columbia,pharmacy,1,,0,,0
2026-Q4,MO,Columbia,trt,10,,0,,0
2026-Q4,MO,Concordia,glp1,1,,0,,0
2026-Q4,MO,Conway,glp1,2,,0,,0
2026-Q4,MO,Crane,glp1,1,,0,,0
2026-Q4,MO,Crystal City,glp1,1,,0,,0
2026-Q4,MO,Cuba,glp1,2,,0,,0
2026-Q4,MO,DeSoto,glp1,2,,0,,0
2026-Q4,MO,Dexter,glp1,4,,0,,0
2026-Q4,MO,Doniphan,glp1,1,,0,,0
2026-Q4,MO,Earth City,glp1,1,,0,,0
2026-Q4,MO,East Prairie,glp1,1,,0,,0
2026-Q4,MO,Edina,glp1,1,,0,,0
2026-Q4,MO,El Dorado Springs,glp1,3,,0,,0
2026-Q4,MO,Eldon,glp1,2,,0,,0
2026-Q4,MO,Ellington,glp1,2,,0,,0
2026-Q4,MO,Elsberry,glp1,1,,0,,0
2026-Q4,MO,Eureka,glp1,3,,0,,0
2026-Q4,MO,Excelsior Springs,glp1,6,,0,,0
2026-Q4,MO,Farmington,glp1,14,,0,,0
2026-Q4,MO,Farmington,trt,2,,0,,0
2026-Q4,MO,Fayette,glp1,2,,0,,0
2026-Q4,MO,Fenton,glp1,12,,0,,0
2026-Q4,MO,Fenton,trt,3,,0,,0
2026-Q4,MO,Festus,glp1,20,,0,,0
2026-Q4,MO,Festus,trt,2,,0,,0
2026-Q4,MO,Florissant,glp1,23,,0,,0
2026-Q4,MO,Florissant,trt,1,,0,,0
2026-Q4,MO,Fordland,glp1,1,,0,,0
2026-Q4,MO,Forsyth,glp1,4,,0,,0
2026-Q4,MO,Fort Leonard Wood,glp1,1,,0,,0
2026-Q4,MO,Fredericktown,glp1,4,,0,,0
2026-Q4,MO,Fulton,glp1,2,,0,,0
2026-Q4,MO,Gainesville,glp1,1,,0,,0
2026-Q4,MO,Garden City,glp1,1,,0,,0
2026-Q4,MO,Gower,glp1,2,,0,,0
2026-Q4,MO,Grain Valley,glp1,4,,0,,0
2026-Q4,MO,Granby,glp1,1,,0,,0
2026-Q4,MO,Grandview,glp1,2,,0,,0
2026-Q4,MO,Gravois Mills,glp1,3,,0,,0
2026-Q4,MO,Greenfield,glp1,3,,0,,0
2026-Q4,MO,Grover,glp1,3,,0,,0
2026-Q4,MO,Hale,glp1,1,,0,,0
2026-Q4,MO,Hallsville,glp1,1,,0,,0
2026-Q4,MO,Hamilton,glp1,2,,0,,0
2026-Q4,MO,Hannibal,glp1,7,,0,,0
2026-Q4,MO,Hannibal,trt,1,,0,,0
2026-Q4,MO,Harrisonville,glp1,6,,0,,0
2026-Q4,MO,Hayti,glp1,2,,0,,0
2026-Q4,MO,Hazelwood,glp1,11,,0,,0
2026-Q4,MO,Hermann,glp1,3,,0,,0
2026-Q4,MO,Hermitage,glp1,4,,0,,0
2026-Q4,MO,Higginsville,glp1,2,,0,,0
2026-Q4,MO,Hillsboro,glp1,6,,0,,0
2026-Q4,MO,Hollister,glp1,1,,0,,0
2026-Q4,MO,House Springs,glp1,1,,0,,0
2026-Q4,MO,Houston,glp1,3,,0,,0
2026-Q4,MO,Humansville,glp1,2,,0,,0
2026-Q4,MO,Iberia,glp1,1,,0,,0
2026-Q4,MO,Imperial,glp1,2,,0,,0
2026-Q4,MO,Independence,glp1,30,,0,,0
2026-Q4,MO,Independence,trt,3,,0,,0
2026-Q4,MO,Jackson,glp1,11,,0,,0
2026-Q4,MO,Jamesport,glp1,1,,0,,0
2026-Q4,MO,Jefferson City,glp1,17,,0,,0
2026-Q4,MO,Jefferson City,trt,5,,0,,0
2026-Q4,MO,Joplin,glp1,40,,0,,0
2026-Q4,MO,Joplin,trt,4,,0,,0
2026-Q4,MO,Kahoka,glp1,1,,0,,0
2026-Q4,MO,Kansas City,glp1,149,,0,,0
2026-Q4,MO,Kansas City,trt,25,,0,,0
2026-Q4,MO,Kennett,glp1,5,,0,,0
2026-Q4,MO,Kennett,trt,1,,0,,0
2026-Q4,MO,Kimberling City,glp1,1,,0,,0
2026-Q4,MO,King City,glp1,1,,0,,0
2026-Q4,MO,Kirksville,glp1,16,,0,,0
2026-Q4,MO,Knob Noster,glp1,1,,0,,0
2026-Q4,MO,Lake Ozark,glp1,1,,0,,0
2026-Q4,MO,Lake Saint Louis,glp1,9,,0,,0
2026-Q4,MO,Lamar,glp1,1,,0,,0
2026-Q4,MO,Lawson,glp1,1,,0,,0
2026-Q4,MO,Lebanon,glp1,11,,0,,0
2026-Q4,MO,Lees Summit,glp1,34,,0,,0
2026-Q4,MO,Lees Summit,trt,2,,0,,0
2026-Q4,MO,Lewistown,glp1,1,,0,,0
2026-Q4,MO,Lexington,glp1,2,,0,,0
2026-Q4,MO,Liberal,glp1,1,,0,,0
2026-Q4,MO,Liberty,glp1,9,,0,,0
2026-Q4,MO,Liberty,trt,1,,0,,0
2026-Q4,MO,Licking,glp1,2,,0,,0
2026-Q4,MO,Linn,glp1,1,,0,,0
2026-Q4,MO,Lockwood,glp1,2,,0,,0
2026-Q4,MO,Louisiana,glp1,2,,0,,0
2026-Q4,MO,Macon,glp1,4,,0,,0
2026-Q4,MO,Malden,glp1,3,,0,,0
2026-Q4,MO,Mansfield,glp1,2,,0,,0
2026-Q4,MO,Marble Hill,glp1,2,,0,,0
2026-Q4,MO,Marceline,glp1,1,,0,,0
2026-Q4,MO,Marionville,glp1,1,,0,,0
2026-Q4,MO,Marshall,glp1,5,,0,,0
2026-Q4,MO,Marshfield,glp1,3,,0,,0
2026-Q4,MO,Marthasville,glp1,3,,0,,0
2026-Q4,MO,Maryland Heights,glp1,4,,0,,0
2026-Q4,MO,Maryland Heights,pharmacy,1,,0,,0
2026-Q4,MO,Maryville,glp1,3,,0,,0
2026-Q4,MO,Maysville,glp1,1,,0,,0
2026-Q4,MO,Memphis,glp1,3,,0,,0
2026-Q4,MO,Mexico,glp1,3,,0,,0
2026-Q4,MO,Mexico,trt,1,,0,,0
2026-Q4,MO,Milan,glp1,1,,0,,0
2026-Q4,MO,Moberly,glp1,12,,0,,0
2026-Q4,MO,Moberly,trt,1,,0,,0
2026-Q4,MO,Monett,glp1,5,,0,,0
2026-Q4,MO,Monroe City,glp1,1,,0,,0
2026-Q4,MO,Montgomery City,glp1,2,,0,,0
2026-Q4,MO,Mound City,glp1,1,,0,,0
2026-Q4,MO,Mount Vernon,glp1,4,,0,,0
2026-Q4,MO,Mountain Grove,glp1,5,,0,,0
2026-Q4,MO,Mountain Grove,trt,1,,0,,0
2026-Q4,MO,Mountain View,glp1,2,,0,,0
2026-Q4,MO,Neosho,glp1,3,,0,,0
2026-Q4,MO,Neosho,trt,1,,0,,0
2026-Q4,MO,Nevada,glp1,4,,0,,0
2026-Q4,MO,New Madrid,glp1,4,,0,,0
2026-Q4,MO,Nixa,glp1,3,,0,,0
2026-Q4,MO,O Fallon,glp1,29,,0,,0
2026-Q4,MO,O Fallon,trt,2,,0,,0
2026-Q4,MO,Oak Grove,glp1,2,,0,,0
2026-Q4,MO,Odessa,glp1,3,,0,,0
2026-Q4,MO,Old Monroe,glp1,1,,0,,0
2026-Q4,MO,Oregon,glp1,1,,0,,0
2026-Q4,MO,Osage Beach,glp1,13,,0,,0
2026-Q4,MO,Osceola,glp1,3,,0,,0
2026-Q4,MO,Owensville,glp1,4,,0,,0
2026-Q4,MO,Ozark,glp1,7,,0,,0
2026-Q4,MO,Pacific,glp1,3,,0,,0
2026-Q4,MO,Palmyra,glp1,2,,0,,0
2026-Q4,MO,Park Hills,glp1,2,,0,,0
2026-Q4,MO,Peculiar,glp1,1,,0,,0
2026-Q4,MO,Perryville,glp1,10,,0,,0
2026-Q4,MO,Pevely,glp1,1,,0,,0
2026-Q4,MO,Piedmont,glp1,2,,0,,0
2026-Q4,MO,Pilot Grove,glp1,1,,0,,0
2026-Q4,MO,Pilot Knob,glp1,2,,0,,0
2026-Q4,MO,Pineville,glp1,2,,0,,0
2026-Q4,MO,Platte City,glp1,5,,0,,0
2026-Q4,MO,Pleasant Hope,glp1,1,,0,,0
2026-Q4,MO,Polo,glp1,1,,0,,0
2026-Q4,MO,Poplar Bluff,glp1,20,,0,,0
2026-Q4,MO,Portageville,glp1,2,,0,,0
2026-Q4,MO,Potosi,glp1,6,,0,,0
2026-Q4,MO,Raymore,glp1,2,,0,,0
2026-Q4,MO,Reeds Spring,glp1,4,,0,,0
2026-Q4,MO,Republic,glp1,2,,0,,0
2026-Q4,MO,Richland,glp1,1,,0,,0
2026-Q4,MO,Richmond,glp1,3,,0,,0
2026-Q4,MO,Riverside,glp1,1,,0,,0
2026-Q4,MO,Rogersville,glp1,3,,0,,0
2026-Q4,MO,Rolla,glp1,10,,0,,0
2026-Q4,MO,Saint Charles,glp1,25,,0,,0
2026-Q4,MO,Saint Charles,trt,1,,0,,0
2026-Q4,MO,Saint Clair,glp1,1,,0,,0
2026-Q4,MO,Saint James,glp1,3,,0,,0
2026-Q4,MO,Saint Joseph,glp1,21,,0,,0
2026-Q4,MO,Saint Joseph,trt,4,,0,,0
2026-Q4,MO,Saint Louis,glp1,348,,0,,0
2026-Q4,MO,Saint Louis,trt,78,,0,,0
2026-Q4,MO,Saint Peters,glp1,22,,0,,0
2026-Q4,MO,Saint Peters,trt,4,,0,,0
2026-Q4,MO,Sainte Genevieve,glp1,6,,0,,0
2026-Q4,MO,Salem,glp1,8,,0,,0
2026-Q4,MO,Sarcoxie,glp1,1,,0,,0
2026-Q4,MO,Scott City,glp1,1,,0,,0
2026-Q4,MO,Sedalia,glp1,13,,0,,0
2026-Q4,MO,Seymour,glp1,1,,0,,0
2026-Q4,MO,Shell Knob,glp1,1,,0,,0
2026-Q4,MO,Sikeston,glp1,15,,0,,0
2026-Q4,MO,Sikeston,trt,3,,0,,0
2026-Q4,MO,Slater,glp1,2,,0,,0
2026-Q4,MO,Smithville,glp1,1,,0,,0
2026-Q4,MO,South West City,glp1,1,,0,,0
2026-Q4,MO,Sparta,glp1,1,,0,,0
2026-Q4,MO,Springfield,glp1,89,,0,,0
2026-Q4,MO,Springfield,trt,15,,0,,0
2026-Q4,MO,Stanberry,glp1,1,,0,,0
2026-Q4,MO,Steele,glp1,1,,0,,0
2026-Q4,MO,Steelville,glp1,1,,0,,0
2026-Q4,MO,Stockton,glp1,3,,0,,0
2026-Q4,MO,Strafford,glp1,1,,0,,0
2026-Q4,MO,Sullivan,glp1,8,,0,,0
2026-Q4,MO,Thayer,glp1,1,,0,,0
2026-Q4,MO,Troy,glp1,6,,0,,0
2026-Q4,MO,Union,glp1,5,,0,,0
2026-Q4,MO,Unionville,glp1,1,,0,,0
2026-Q4,MO,Urbana,glp1,1,,0,,0
2026-Q4,MO,Valley Park,glp1,1,,0,,0
2026-Q4,MO,Van Buren,glp1,1,,0,,0
2026-Q4,MO,Vandalia,glp1,1,,0,,0
2026-Q4,MO,Vienna,glp1,2,,0,,0
2026-Q4,MO,Warrensburg,glp1,8,,0,,0
2026-Q4,MO,Warrenton,glp1,6,,0,,0
2026-Q4,MO,Warsaw,glp1,1,,0,,0
2026-Q4,MO,Washington,glp1,15,,0,,0
2026-Q4,MO,Waverly,glp1,1,,0,,0
2026-Q4,MO,Waynesville,glp1,1,,0,,0
2026-Q4,MO,Webb City,glp1,4,,0,,0
2026-Q4,MO,Wentzville,glp1,13,,0,,0
2026-Q4,MO,West Plains,glp1,9,,0,,0
2026-Q4,MO,West Plains,trt,1,,0,,0
2026-Q4,MO,Weston,glp1,2,,0,,0
2026-Q4,MO,Willard,glp1,3,,0,,0
2026-Q4,MO,Willow Springs,glp1,2,,0,,0
2026-Q4,MO,Windsor,glp1,1,,0,,0
2026-Q4,MO,Winfield,glp1,1,,0,,0
2026-Q4,MS,Aberdeen,glp1,1,,0,,0
2026-Q4,MS,Ackerman,glp1,3,,0,,0
2026-Q4,MS,Amory,glp1,4,,0,,0
2026-Q4,MS,Ashland,glp1,1,,0,,0
2026-Q4,MS,Baldwyn,glp1,2,,0,,0
2026-Q4,MS,Batesville,glp1,9,,0,,0
2026-Q4,MS,Bay Saint Louis,glp1,5,,0,,0
2026-Q4,MS,Bay Springs,glp1,2,,0,,0
2026-Q4,MS,Belden,glp1,1,,0,,0
2026-Q4,MS,Belmont,glp1,1,,0,,0
2026-Q4,MS,Belzoni,glp1,2,,0,,0
2026-Q4,MS,Bentonia,glp1,2,,0,,0
2026-Q4,MS,Biloxi,glp1,36,,0,,0
2026-Q4,MS,Biloxi,trt,5,,0,,0
2026-Q4,MS,Blue Mountain,glp1,1,,0,,0
2026-Q4,MS,Booneville,glp1,5,,0,,0
2026-Q4,MS,Booneville,trt,1,,0,,0
2026-Q4,MS,Boyle,glp1,1,,0,,0
2026-Q4,MS,Brandon,glp1,16,,0,,0
2026-Q4,MS,Brookhaven,glp1,14,,0,,0
2026-Q4,MS,Brooklyn,glp1,1,,0,,0
2026-Q4,MS,Brooksville,glp1,2,,0,,0
2026-Q4,MS,Byhalia,glp1,3,,0,,0
2026-Q4,MS,Byram,glp1,3,,0,,0
2026-Q4,MS,Caledonia,glp1,1,,0,,0
2026-Q4,MS,Canton,glp1,3,,0,,0
2026-Q4,MS,Carriere,glp1,2,,0,,0
2026-Q4,MS,Carthage,glp1,9,,0,,0
2026-Q4,MS,Centreville,glp1,1,,0,,0
2026-Q4,MS,Charleston,glp1,1,,0,,0
2026-Q4,MS,Clarksdale,glp1,11,,0,,0
2026-Q4,MS,Cleveland,glp1,5,,0,,0
2026-Q4,MS,Clinton,glp1,5,,0,,0
2026-Q4,MS,Coldwater,glp1,5,,0,,0
2026-Q4,MS,Collins,glp1,3,,0,,0
2026-Q4,MS,Collinsville,glp1,2,,0,,0
2026-Q4,MS,Columbia,glp1,4,,0,,0
2026-Q4,MS,Columbus,glp1,22,,0,,0
2026-Q4,MS,Columbus,trt,1,,0,,0
2026-Q4,MS,Corinth,glp1,24,,0,,0
2026-Q4,MS,Corinth,trt,2,,0,,0
2026-Q4,MS,Crystal Springs,glp1,2,,0,,0
2026-Q4,MS,De Kalb,glp1,1,,0,,0
2026-Q4,MS,Decatur,glp1,1,,0,,0
2026-Q4,MS,Diamondhead,glp1,4,,0,,0
2026-Q4,MS,Diberville,glp1,4,,0,,0
2026-Q4,MS,Durant,glp1,1,,0,,0
2026-Q4,MS,Ecru,glp1,2,,0,,0
2026-Q4,MS,Ellisville,glp1,6,,0,,0
2026-Q4,MS,Eupora,glp1,3,,0,,0
2026-Q4,MS,Fayette,glp1,3,,0,,0
2026-Q4,MS,Florence,glp1,4,,0,,0
2026-Q4,MS,Florence,trt,1,,0,,0
2026-Q4,MS,Flowood,glp1,36,,0,,0
2026-Q4,MS,Flowood,trt,3,,0,,0
2026-Q4,MS,Forest,glp1,8,,0,,0
2026-Q4,MS,Foxworth,glp1,3,,0,,0
2026-Q4,MS,Fulton,glp1,4,,0,,0
2026-Q4,MS,Gautier,glp1,4,,0,,0
2026-Q4,MS,Gloster,glp1,1,,0,,0
2026-Q4,MS,Greenville,glp1,14,,0,,0
2026-Q4,MS,Greenville,trt,1,,0,,0
2026-Q4,MS,Greenwood,glp1,5,,0,,0
2026-Q4,MS,Grenada,glp1,9,,0,,0
2026-Q4,MS,Gulfport,glp1,54,,0,,0
2026-Q4,MS,Gulfport,trt,6,,0,,0
2026-Q4,MS,Hattiesburg,glp1,46,,0,,0
2026-Q4,MS,Hattiesburg,trt,5,,0,,0
2026-Q4,MS,Hazlehurst,glp1,6,,0,,0
2026-Q4,MS,Hernando,glp1,8,,0,,0
2026-Q4,MS,Hernando,trt,1,,0,,0
2026-Q4,MS,Hickory Flat,glp1,1,,0,,0
2026-Q4,MS,Holly Springs,glp1,6,,0,,0
2026-Q4,MS,Horn Lake,glp1,4,,0,,0
2026-Q4,MS,Houston,glp1,3,,0,,0
2026-Q4,MS,Hurley,glp1,1,,0,,0
2026-Q4,MS,Indianola,glp1,2,,0,,0
2026-Q4,MS,Itta Bena,glp1,1,,0,,0
2026-Q4,MS,Iuka,glp1,2,,0,,0
2026-Q4,MS,Jackson,glp1,76,,0,,0
2026-Q4,MS,Jackson,trt,22,,0,,0
2026-Q4,MS,Kilmichael,glp1,1,,0,,0
2026-Q4,MS,Kokomo,glp1,1,,0,,0
2026-Q4,MS,Kosciusko,glp1,4,,0,,0
2026-Q4,MS,Laurel,glp1,16,,0,,0
2026-Q4,MS,Laurel,trt,3,,0,,0
2026-Q4,MS,Leakesville,glp1,1,,0,,0
2026-Q4,MS,Lena,glp1,1,,0,,0
2026-Q4,MS,Liberty,glp1,2,,0,,0
2026-Q4,MS,Long Beach,glp1,2,,0,,0
2026-Q4,MS,Louisville,glp1,9,,0,,0
2026-Q4,MS,Lucedale,glp1,4,,0,,0
2026-Q4,MS,Lumberton,glp1,1,,0,,0
2026-Q4,MS,Maben,glp1,2,,0,,0
2026-Q4,MS,Macon,glp1,4,,0,,0
2026-Q4,MS,Madison,glp1,28,,0,,0
2026-Q4,MS,Madison,trt,4,,0,,0
2026-Q4,MS,Magee,glp1,6,,0,,0
2026-Q4,MS,Mantachie,glp1,4,,0,,0
2026-Q4,MS,Marks,glp1,3,,0,,0
2026-Q4,MS,Mc Henry,glp1,1,,0,,0
2026-Q4,MS,McComb,glp1,9,,0,,0
2026-Q4,MS,Mendenhall,glp1,5,,0,,0
2026-Q4,MS,Meridian,glp1,29,,0,,0
2026-Q4,MS,Meridian,trt,2,,0,,0
2026-Q4,MS,Mississippi State,glp1,1,,0,,0
2026-Q4,MS,Monticello,glp1,7,,0,,0
2026-Q4,MS,Morton,glp1,3,,0,,0
2026-Q4,MS,Moss Point,glp1,4,,0,,0
2026-Q4,MS,Mound Bayou,glp1,2,,0,,0
2026-Q4,MS,Natchez,glp1,12,,0,,0
2026-Q4,MS,New Albany,glp1,11,,0,,0
2026-Q4,MS,New Albany,trt,1,,0,,0
2026-Q4,MS,New Augusta,glp1,2,,0,,0
2026-Q4,MS,Newton,glp1,8,,0,,0
2026-Q4,MS,Ocean Springs,glp1,23,,0,,0
2026-Q4,MS,Ocean Springs,trt,4,,0,,0
2026-Q4,MS,Okolona,glp1,1,,0,,0
2026-Q4,MS,Olive Branch,glp1,6,,0,,0
2026-Q4,MS,Olive Branch,trt,1,,0,,0
2026-Q4,MS,Oxford,glp1,22,,0,,0
2026-Q4,MS,Oxford,trt,2,,0,,0
2026-Q4,MS,Pascagoula,glp1,10,,0,,0
2026-Q4,MS,Pascagoula,trt,3,,0,,0
2026-Q4,MS,Pass Christian,glp1,3,,0,,0
2026-Q4,MS,Pearl,glp1,5,,0,,0
2026-Q4,MS,Pearl,trt,1,,0,,0
2026-Q4,MS,Pelahatchie,glp1,1,,0,,0
2026-Q4,MS,Petal,glp1,7,,0,,0
2026-Q4,MS,Philadelphia,glp1,9,,0,,0
2026-Q4,MS,Picayune,glp1,13,,0,,0
2026-Q4,MS,Plantersville,glp1,1,,0,,0
2026-Q4,MS,Pontotoc,glp1,2,,0,,0
2026-Q4,MS,Poplarville,glp1,3,,0,,0
2026-Q4,MS,Purvis,glp1,2,,0,,0
2026-Q4,MS,Quitman,glp1,1,,0,,0
2026-Q4,MS,Raleigh,glp1,1,,0,,0
2026-Q4,MS,Raymond,glp1,1,,0,,0
2026-Q4,MS,Richland,glp1,7,,0,,0
2026-Q4,MS,Richton,glp1,3,,0,,0
2026-Q4,MS,Ridgeland,glp1,18,,0,,0
2026-Q4,MS,Ripley,glp1,4,,0,,0
2026-Q4,MS,Ripley,pharmacy,1,,0,,0
2026-Q4,MS,Robinsonville,glp1,2,,0,,0
2026-Q4,MS,Rolling Fork,glp1,2,,0,,0
2026-Q4,MS,Ruleville,glp1,1,,0,,0
2026-Q4,MS,Saltillo,glp1,3,,0,,0
2026-Q4,MS,Sandersville,glp1,1,,0,,0
2026-Q4,MS,Sarah,glp1,1,,0,,0
2026-Q4,MS,Sardis,glp1,2,,0,,0
2026-Q4,MS,Saucier,glp1,1,,0,,0
2026-Q4,MS,Sebastopol,glp1,4,,0,,0
2026-Q4,MS,Seminary,glp1,1,,0,,0
2026-Q4,MS,Senatobia,glp1,11,,0,,0
2026-Q4,MS,Shaw,glp1,1,,0,,0
2026-Q4,MS,Southaven,glp1,46,,0,,0
2026-Q4,MS,Southaven,trt,3,,0,,0
2026-Q4,MS,Starkville,glp1,6,,0,,0
2026-Q4,MS,Stennis Space Center,glp1,1,,0,,0
2026-Q4,MS,Summit,glp1,1,,0,,0
2026-Q4,MS,Sumrall,glp1,2,,0,,0
2026-Q4,MS,Taylorsville,glp1,2,,0,,0
2026-Q4,MS,Terry,glp1,1,,0,,0
2026-Q4,MS,Tie Plant,trt,1,,0,,0
2026-Q4,MS,Tishomingo,glp1,2,,0,,0
2026-Q4,MS,Tunica,glp1,1,,0,,0
2026-Q4,MS,Tupelo,glp1,32,,0,,0
2026-Q4,MS,Tupelo,trt,5,,0,,0
2026-Q4,MS,Tutwiler,glp1,1,,0,,0
2026-Q4,MS,Tylertown,glp1,3,,0,,0
2026-Q4,MS,Union,glp1,1,,0,,0
2026-Q4,MS,University,glp1,1,,0,,0
2026-Q4,MS,Vancleave,glp1,3,,0,,0
2026-Q4,MS,Vicksburg,glp1,11,,0,,0
2026-Q4,MS,Walnut,glp1,1,,0,,0
2026-Q4,MS,Walnut Grove,glp1,3,,0,,0
2026-Q4,MS,Water Valley,glp1,2,,0,,0
2026-Q4,MS,Waynesboro,glp1,9,,0,,0
2026-Q4,MS,Wesson,glp1,1,,0,,0
2026-Q4,MS,West Point,glp1,4,,0,,0
2026-Q4,MS,Whitfield,glp1,1,,0,,0
2026-Q4,MS,Wiggins,glp1,5,,0,,0
2026-Q4,MS,Woodville,glp1,1,,0,,0
2026-Q4,MS,Yazoo City,glp1,2,,0,,0
2026-Q4,MS,Yazoo City,trt,1,,0,,0
2026-Q4,MT,Anaconda,glp1,4,,0,,0
2026-Q4,MT,Belgrade,glp1,1,,0,,0
2026-Q4,MT,Bigfork,trt,1,,0,,0
2026-Q4,MT,Billings,glp1,13,,0,,0
2026-Q4,MT,Billings,trt,5,,0,,0
2026-Q4,MT,Bozeman,glp1,11,,0,,0
2026-Q4,MT,Bozeman,trt,1,,0,,0
2026-Q4,MT,Butte,glp1,3,,0,,0
2026-Q4,MT,Chester,glp1,1,,0,,0
2026-Q4,MT,Chinook,glp1,1,,0,,0
2026-Q4,MT,Choteau,glp1,1,,0,,0
2026-Q4,MT,Colstrip,glp1,2,,0,,0
2026-Q4,MT,Columbus,glp1,1,,0,,0
2026-Q4,MT,Corvallis,glp1,1,,0,,0
2026-Q4,MT,Crow Agency,glp1,1,,0,,0
2026-Q4,MT,Cut Bank,glp1,1,,0,,0
2026-Q4,MT,Deer Lodge,glp1,1,,0,,0
2026-Q4,MT,Dillon,glp1,3,,0,,0
2026-Q4,MT,Forsyth,glp1,1,,0,,0
2026-Q4,MT,Fort Benton,glp1,4,,0,,0
2026-Q4,MT,Fort Harrison,glp1,1,,0,,0
2026-Q4,MT,Glasgow,glp1,1,,0,,0
2026-Q4,MT,Glendive,glp1,3,,0,,0
2026-Q4,MT,Great Falls,glp1,21,,0,,0
2026-Q4,MT,Great Falls,trt,3,,0,,0
2026-Q4,MT,Hamilton,glp1,2,,0,,0
2026-Q4,MT,Harlowton,glp1,1,,0,,0
2026-Q4,MT,Havre,glp1,2,,0,,0
2026-Q4,MT,Helena,glp1,12,,0,,0
2026-Q4,MT,Helena,trt,2,,0,,0
2026-Q4,MT,Kalispell,glp1,14,,0,,0
2026-Q4,MT,Kalispell,trt,2,,0,,0
2026-Q4,MT,Lewistown,glp1,1,,0,,0
2026-Q4,MT,Malta,glp1,2,,0,,0
2026-Q4,MT,Miles City,glp1,2,,0,,0
2026-Q4,MT,Miles City,trt,1,,0,,0
2026-Q4,MT,Missoula,glp1,25,,0,,0
2026-Q4,MT,Missoula,pharmacy,1,,0,,0
2026-Q4,MT,Missoula,trt,8,,0,,0
2026-Q4,MT,Plentywood,glp1,1,,0,,0
2026-Q4,MT,Polson,glp1,5,,0,,0
2026-Q4,MT,Ronan,glp1,3,,0,,0
2026-Q4,MT,Roundup,glp1,2,,0,,0
2026-Q4,MT,Saint Regis,glp1,1,,0,,0
2026-Q4,MT,Scobey,glp1,1,,0,,0
2026-Q4,MT,Sidney,glp1,3,,0,,0
2026-Q4,MT,Stevensville,glp1,1,,0,,0
2026-Q4,MT,Superior,glp1,1,,0,,0
2026-Q4,MT,Three Forks,glp1,1,,0,,0
2026-Q4,MT,Wolf Point,glp1,1,,0,,0
2026-Q4,NC,Aberdeen,glp1,3,,0,,0
2026-Q4,NC,Ahoskie,glp1,3,,0,,0
2026-Q4,NC,Albemarle,glp1,12,,0,,0
2026-Q4,NC,Andrews,glp1,2,,0,,0
2026-Q4,NC,Angier,glp1,3,,0,,0
2026-Q4,NC,Ansonville,glp1,1,,0,,0
2026-Q4,NC,Apex,glp1,21,,0,,0
2026-Q4,NC,Apex,trt,1,,0,,0
2026-Q4,NC,Arden,glp1,11,,0,,0
2026-Q4,NC,Arden,trt,2,,0,,0
2026-Q4,NC,Asheboro,glp1,35,,0,,0
2026-Q4,NC,Asheville,glp1,58,,0,,0
2026-Q4,NC,Asheville,trt,12,,0,,0
2026-Q4,NC,Atkinson,glp1,1,,0,,0
2026-Q4,NC,Aulander,glp1,2,,0,,0
2026-Q4,NC,Aurora,glp1,1,,0,,0
2026-Q4,NC,Ayden,glp1,3,,0,,0
2026-Q4,NC,Bailey,glp1,2,,0,,0
2026-Q4,NC,Bailey,trt,1,,0,,0
2026-Q4,NC,Bakersville,glp1,1,,0,,0
2026-Q4,NC,Banner Elk,glp1,1,,0,,0
2026-Q4,NC,Bayboro,glp1,2,,0,,0
2026-Q4,NC,Beaufort,glp1,5,,0,,0
2026-Q4,NC,Belhaven,glp1,4,,0,,0
2026-Q4,NC,Belmont,glp1,6,,0,,0
2026-Q4,NC,Benson,glp1,7,,0,,0
2026-Q4,NC,Bessemer City,glp1,3,,0,,0
2026-Q4,NC,Beulaville,glp1,2,,0,,0
2026-Q4,NC,Biscoe,glp1,1,,0,,0
2026-Q4,NC,Black Mountain,glp1,3,,0,,0
2026-Q4,NC,Bladenboro,glp1,3,,0,,0
2026-Q4,NC,Blowing Rock,glp1,3,,0,,0
2026-Q4,NC,Bolivia,glp1,3,,0,,0
2026-Q4,NC,Bolivia,trt,1,,0,,0
2026-Q4,NC,Boone,glp1,15,,0,,0
2026-Q4,NC,Boone,trt,1,,0,,0
2026-Q4,NC,Brevard,glp1,6,,0,,0
2026-Q4,NC,Broadway,glp1,1,,0,,0
2026-Q4,NC,Browns Summit,glp1,3,,0,,0
2026-Q4,NC,Bryson City,glp1,6,,0,,0
2026-Q4,NC,Buies Creek,glp1,4,,0,,0
2026-Q4,NC,Bunn,glp1,2,,0,,0
2026-Q4,NC,Burgaw,glp1,3,,0,,0
2026-Q4,NC,Burlington,glp1,34,,0,,0
2026-Q4,NC,Burlington,trt,7,,0,,0
2026-Q4,NC,Burnsville,glp1,2,,0,,0
2026-Q4,NC,Butner,trt,1,,0,,0
2026-Q4,NC,Calabash,glp1,2,,0,,0
2026-Q4,NC,Calabash,trt,1,,0,,0
2026-Q4,NC,Camden,glp1,2,,0,,0
2026-Q4,NC,Cameron,glp1,3,,0,,0
2026-Q4,NC,Camp Lejeune,glp1,1,,0,,0
2026-Q4,NC,Candler,glp1,4,,0,,0
2026-Q4,NC,Candor,glp1,1,,0,,0
2026-Q4,NC,Canton,glp1,2,,0,,0
2026-Q4,NC,Carolina Beach,glp1,3,,0,,0
2026-Q4,NC,Carrboro,glp1,2,,0,,0
2026-Q4,NC,Carthage,glp1,10,,0,,0
2026-Q4,NC,Cary,glp1,105,,0,,0
2026-Q4,NC,Cary,pharmacy,1,,0,,0
2026-Q4,NC,Cary,trt,6,,0,,0
2026-Q4,NC,Chadbourn,glp1,1,,0,,0
2026-Q4,NC,Chapel Hill,glp1,33,,0,,0
2026-Q4,NC,Chapel Hill,trt,13,,0,,0
2026-Q4,NC,Charlotte,glp1,308,,0,,0
2026-Q4,NC,Charlotte,trt,50,,0,,0
2026-Q4,NC,Cherokee,glp1,2,,0,,0
2026-Q4,NC,Cherokee,trt,1,,0,,0
2026-Q4,NC,Cherryville,glp1,1,,0,,0
2026-Q4,NC,China Grove,glp1,4,,0,,0
2026-Q4,NC,China Grove,trt,1,,0,,0
2026-Q4,NC,Chocowinity,glp1,2,,0,,0
2026-Q4,NC,Claremont,glp1,2,,0,,0
2026-Q4,NC,Clarkton,glp1,1,,0,,0
2026-Q4,NC,Clayton,glp1,33,,0,,0
2026-Q4,NC,Clayton,trt,1,,0,,0
2026-Q4,NC,Clemmons,glp1,13,,0,,0
2026-Q4,NC,Clemmons,trt,1,,0,,0
2026-Q4,NC,Cleveland,glp1,2,,0,,0
2026-Q4,NC,Clinton,glp1,7,,0,,0
2026-Q4,NC,Clyde,glp1,10,,0,,0
2026-Q4,NC,Coats,glp1,1,,0,,0
2026-Q4,NC,Colerain,glp1,1,,0,,0
2026-Q4,NC,Collettsville,glp1,2,,0,,0
2026-Q4,NC,Columbus,glp1,5,,0,,0
2026-Q4,NC,Concord,glp1,30,,0,,0
2026-Q4,NC,Concord,trt,9,,0,,0
2026-Q4,NC,Connelly Springs,glp1,3,,0,,0
2026-Q4,NC,Conover,glp1,9,,0,,0
2026-Q4,NC,Conway,glp1,1,,0,,0
2026-Q4,NC,Cornelius,glp1,8,,0,,0
2026-Q4,NC,Cornelius,trt,2,,0,,0
2026-Q4,NC,Creedmoor,glp1,2,,0,,0
2026-Q4,NC,Creswell,glp1,1,,0,,0
2026-Q4,NC,Dallas,glp1,5,,0,,0
2026-Q4,NC,Danbury,glp1,3,,0,,0
2026-Q4,NC,Davidson,glp1,7,,0,,0
2026-Q4,NC,Denton,glp1,2,,0,,0
2026-Q4,NC,Denver,glp1,13,,0,,0
2026-Q4,NC,Dobson,glp1,1,,0,,0
2026-Q4,NC,Drexel,glp1,2,,0,,0
2026-Q4,NC,Dunn,glp1,8,,0,,0
2026-Q4,NC,Dunn,trt,3,,0,,0
2026-Q4,NC,Durham,glp1,82,,0,,0
2026-Q4,NC,Durham,trt,37,,0,,0
2026-Q4,NC,Eden,glp1,6,,0,,0
2026-Q4,NC,Edenton,glp1,6,,0,,0
2026-Q4,NC,Elizabeth City,glp1,23,,0,,0
2026-Q4,NC,Elizabeth City,trt,1,,0,,0
2026-Q4,NC,Elizabethtown,glp1,5,,0,,0
2026-Q4,NC,Elkin,glp1,18,,0,,0
2026-Q4,NC,Elkin,trt,2,,0,,0
2026-Q4,NC,Ellerbe,glp1,2,,0,,0
2026-Q4,NC,Elm City,glp1,1,,0,,0
2026-Q4,NC,Elon,glp1,3,,0,,0
2026-Q4,NC,Emerald Isle,glp1,2,,0,,0
2026-Q4,NC,Enfield,glp1,1,,0,,0
2026-Q4,NC,Erwin,glp1,3,,0,,0
2026-Q4,NC,Fairmont,glp1,3,,0,,0
2026-Q4,NC,Faison,glp1,3,,0,,0
2026-Q4,NC,Faith,glp1,1,,0,,0
2026-Q4,NC,Farmville,glp1,1,,0,,0
2026-Q4,NC,Fayetteville,glp1,101,,0,,0
2026-Q4,NC,Fayetteville,trt,10,,0,,0
2026-Q4,NC,Flat Rock,glp1,1,,0,,0
2026-Q4,NC,Forest City,glp1,6,,0,,0
2026-Q4,NC,Fort Bragg,glp1,9,,0,,0
2026-Q4,NC,Fort Bragg,trt,1,,0,,0
2026-Q4,NC,Four Oaks,glp1,2,,0,,0
2026-Q4,NC,Franklin,glp1,14,,0,,0
2026-Q4,NC,Fremont,glp1,1,,0,,0
2026-Q4,NC,Fuquay Varina,glp1,19,,0,,0
2026-Q4,NC,Garner,glp1,19,,0,,0
2026-Q4,NC,Garner,trt,1,,0,,0
2026-Q4,NC,Gastonia,glp1,50,,0,,0
2026-Q4,NC,Gastonia,trt,6,,0,,0
2026-Q4,NC,Gatesville,glp1,1,,0,,0
2026-Q4,NC,Goldsboro,glp1,33,,0,,0
2026-Q4,NC,Goldsboro,trt,2,,0,,0
2026-Q4,NC,Graham,glp1,2,,0,,0
2026-Q4,NC,Granite Falls,glp1,7,,0,,0
2026-Q4,NC,Greensboro,glp1,138,,0,,0
2026-Q4,NC,Greensboro,trt,20,,0,,0
2026-Q4,NC,Greenville,glp1,74,,0,,0
2026-Q4,NC,Greenville,trt,7,,0,,0
2026-Q4,NC,Hamlet,glp1,2,,0,,0
2026-Q4,NC,Hampstead,glp1,12,,0,,0
2026-Q4,NC,Harmony,glp1,2,,0,,0
2026-Q4,NC,Harrisburg,glp1,7,,0,,0
2026-Q4,NC,Harrisburg,trt,1,,0,,0
2026-Q4,NC,Havelock,glp1,2,,0,,0
2026-Q4,NC,Hayesville,glp1,5,,0,,0
2026-Q4,NC,Hays,glp1,1,,0,,0
2026-Q4,NC,Henderson,glp1,14,,0,,0
2026-Q4,NC,Henderson,trt,1,,0,,0
2026-Q4,NC,Hendersonville,glp1,28,,0,,0
2026-Q4,NC,Hendersonville,trt,4,,0,,0
2026-Q4,NC,Hertford,glp1,2,,0,,0
2026-Q4,NC,Hickory,glp1,53,,0,,0
2026-Q4,NC,Hickory,trt,1,,0,,0
2026-Q4,NC,High Point,glp1,48,,0,,0
2026-Q4,NC,High Point,trt,7,,0,,0
2026-Q4,NC,Highlands,glp1,1,,0,,0
2026-Q4,NC,Hildebran,glp1,1,,0,,0
2026-Q4,NC,Hillsborough,glp1,1,,0,,0
2026-Q4,NC,Hollister,glp1,1,,0,,0
2026-Q4,NC,Holly Ridge,glp1,6,,0,,0
2026-Q4,NC,Holly Springs,glp1,16,,0,,0
2026-Q4,NC,Holly Springs,trt,1,,0,,0
2026-Q4,NC,Hookerton,glp1,2,,0,,0
2026-Q4,NC,Hope Mills,glp1,3,,0,,0
2026-Q4,NC,Hudson,glp1,3,,0,,0
2026-Q4,NC,Hudson,trt,1,,0,,0
2026-Q4,NC,Huntersville,glp1,40,,0,,0
2026-Q4,NC,Huntersville,trt,9,,0,,0
2026-Q4,NC,Indian Trail,glp1,5,,0,,0
2026-Q4,NC,Indian Trail,trt,1,,0,,0
2026-Q4,NC,Iron Station,glp1,1,,0,,0
2026-Q4,NC,Jacksonville,glp1,29,,0,,0
2026-Q4,NC,Jacksonville,trt,1,,0,,0
2026-Q4,NC,Jamestown,glp1,7,,0,,0
2026-Q4,NC,Jarvisburg,glp1,1,,0,,0
2026-Q4,NC,Jefferson,glp1,6,,0,,0
2026-Q4,NC,Jonesville,glp1,1,,0,,0
2026-Q4,NC,Kannapolis,glp1,5,,0,,0
2026-Q4,NC,Kenansville,glp1,9,,0,,0
2026-Q4,NC,Kenly,glp1,2,,0,,0
2026-Q4,NC,Kernersville,glp1,30,,0,,0
2026-Q4,NC,Kernersville,trt,3,,0,,0
2026-Q4,NC,King,glp1,2,,0,,0
2026-Q4,NC,Kings Mountain,glp1,7,,0,,0
2026-Q4,NC,Kings Mountain,trt,2,,0,,0
2026-Q4,NC,Kinston,glp1,14,,0,,0
2026-Q4,NC,Kinston,trt,1,,0,,0
2026-Q4,NC,Kitty Hawk,glp1,4,,0,,0
2026-Q4,NC,Knightdale,glp1,10,,0,,0
2026-Q4,NC,Landis,glp1,1,,0,,0
2026-Q4,NC,Lansing,glp1,1,,0,,0
2026-Q4,NC,Laurel Hill,glp1,1,,0,,0
2026-Q4,NC,Laurinburg,glp1,18,,0,,0
2026-Q4,NC,Laurinburg,trt,1,,0,,0
2026-Q4,NC,Lawndale,glp1,1,,0,,0
2026-Q4,NC,Leland,glp1,7,,0,,0
2026-Q4,NC,Lenoir,glp1,19,,0,,0
2026-Q4,NC,Lenoir,trt,2,,0,,0
2026-Q4,NC,Lewisville,glp1,1,,0,,0
2026-Q4,NC,Lexington,glp1,14,,0,,0
2026-Q4,NC,Lexington,trt,3,,0,,0
2026-Q4,NC,Liberty,glp1,1,,0,,0
2026-Q4,NC,Lillington,glp1,8,,0,,0
2026-Q4,NC,Lincolnton,glp1,12,,0,,0
2026-Q4,NC,Lincolnton,trt,1,,0,,0
2026-Q4,NC,Linville,glp1,3,,0,,0
2026-Q4,NC,Littleton,glp1,2,,0,,0
2026-Q4,NC,Locust,glp1,3,,0,,0
2026-Q4,NC,Louisburg,glp1,9,,0,,0
2026-Q4,NC,Louisburg,trt,1,,0,,0
2026-Q4,NC,Lumberton,glp1,40,,0,,0
2026-Q4,NC,Madison,glp1,2,,0,,0
2026-Q4,NC,Maiden,glp1,1,,0,,0
2026-Q4,NC,Manteo,glp1,1,,0,,0
2026-Q4,NC,Maple Hill,glp1,1,,0,,0
2026-Q4,NC,Marion,glp1,8,,0,,0
2026-Q4,NC,Marion,trt,1,,0,,0
2026-Q4,NC,Mars Hill,glp1,2,,0,,0
2026-Q4,NC,Marshall,glp1,3,,0,,0
2026-Q4,NC,Marshville,glp1,1,,0,,0
2026-Q4,NC,Matthews,glp1,36,,0,,0
2026-Q4,NC,Matthews,trt,4,,0,,0
2026-Q4,NC,Maury,glp1,1,,0,,0
2026-Q4,NC,Mebane,glp1,7,,0,,0
2026-Q4,NC,Mebane,trt,1,,0,,0
2026-Q4,NC,Mocksville,glp1,3,,0,,0
2026-Q4,NC,Mocksville,trt,1,,0,,0
2026-Q4,NC,Moncure,glp1,2,,0,,0
2026-Q4,NC,Monroe,glp1,23,,0,,0
2026-Q4,NC,Monroe,trt,1,,0,,0
2026-Q4,NC,Mooresboro,glp1,2,,0,,0
2026-Q4,NC,Mooresville,glp1,61,,0,,0
2026-Q4,NC,Mooresville,trt,5,,0,,0
2026-Q4,NC,Morehead City,glp1,25,,0,,0
2026-Q4,NC,Morehead City,trt,4,,0,,0
2026-Q4,NC,Morganton,glp1,21,,0,,0
2026-Q4,NC,Morganton,trt,2,,0,,0
2026-Q4,NC,Morrisville,glp1,15,,0,,0
2026-Q4,NC,Mount Airy,glp1,17,,0,,0
2026-Q4,NC,Mount Airy,trt,1,,0,,0
2026-Q4,NC,Mount Gilead,glp1,1,,0,,0
2026-Q4,NC,Mount Holly,glp1,2,,0,,0
2026-Q4,NC,Mount Olive,glp1,7,,0,,0
2026-Q4,NC,Mount Pleasant,glp1,1,,0,,0
2026-Q4,NC,Moyock,glp1,2,,0,,0
2026-Q4,NC,Murfreesboro,glp1,1,,0,,0
2026-Q4,NC,Murphy,glp1,7,,0,,0
2026-Q4,NC,Nags Head,glp1,5,,0,,0
2026-Q4,NC,Nashville,glp1,3,,0,,0
2026-Q4,NC,Nebo,glp1,1,,0,,0
2026-Q4,NC,New Bern,glp1,24,,0,,0
2026-Q4,NC,New Bern,trt,2,,0,,0
2026-Q4,NC,Newland,glp1,2,,0,,0
2026-Q4,NC,Newport,glp1,3,,0,,0
2026-Q4,NC,Newton,glp1,2,,0,,0
2026-Q4,NC,Norlina,glp1,1,,0,,0
2026-Q4,NC,North Wilkesboro,glp1,15,,0,,0
2026-Q4,NC,Oak Island,glp1,1,,0,,0
2026-Q4,NC,Oak Island,trt,1,,0,,0
2026-Q4,NC,Oak Ridge,glp1,3,,0,,0
2026-Q4,NC,Ocean Isle Beach,glp1,4,,0,,0
2026-Q4,NC,Ocean Isle Beach,trt,1,,0,,0
2026-Q4,NC,Ocracoke,glp1,1,,0,,0
2026-Q4,NC,Old Fort,glp1,2,,0,,0
2026-Q4,NC,Oxford,glp1,5,,0,,0
2026-Q4,NC,Pembroke,glp1,11,,0,,0
2026-Q4,NC,Pikeville,glp1,2,,0,,0
2026-Q4,NC,Pilot Mountain,glp1,1,,0,,0
2026-Q4,NC,Pine Hall,glp1,1,,0,,0
2026-Q4,NC,Pinehurst,glp1,29,,0,,0
2026-Q4,NC,Pinehurst,trt,3,,0,,0
2026-Q4,NC,Pinetops,glp1,3,,0,,0
2026-Q4,NC,Pineville,glp1,3,,0,,0
2026-Q4,NC,Pittsboro,glp1,3,,0,,0
2026-Q4,NC,Pleasant Garden,glp1,1,,0,,0
2026-Q4,NC,Pleasant Garden,trt,1,,0,,0
2026-Q4,NC,Plymouth,glp1,4,,0,,0
2026-Q4,NC,Pollocksville,glp1,2,,0,,0
2026-Q4,NC,Pollocksville,trt,1,,0,,0
2026-Q4,NC,Princeton,glp1,2,,0,,0
2026-Q4,NC,Raeford,glp1,11,,0,,0
2026-Q4,NC,Raleigh,glp1,216,,0,,0
2026-Q4,NC,Raleigh,trt,19,,0,,0
2026-Q4,NC,Randleman,glp1,2,,0,,0
2026-Q4,NC,Red Springs,glp1,2,,0,,0
2026-Q4,NC,Reidsville,glp1,11,,0,,0
2026-Q4,NC,Reidsville,trt,2,,0,,0
2026-Q4,NC,Rich Square,glp1,1,,0,,0
2026-Q4,NC,Richlands,glp1,3,,0,,0
2026-Q4,NC,Roanoke Rapids,glp1,15,,0,,0
2026-Q4,NC,Robbins,glp1,2,,0,,0
2026-Q4,NC,Robbinsville,glp1,3,,0,,0
2026-Q4,NC,Robersonville,glp1,2,,0,,0
2026-Q4,NC,Rockingham,glp1,11,,0,,0
2026-Q4,NC,Rockwell,glp1,2,,0,,0
2026-Q4,NC,Rocky Mount,glp1,22,,0,,0
2026-Q4,NC,Rocky Mount,trt,1,,0,,0
2026-Q4,NC,Ronda,glp1,1,,0,,0
2026-Q4,NC,Rose Hill,glp1,2,,0,,0
2026-Q4,NC,Rowland,glp1,3,,0,,0
2026-Q4,NC,Roxboro,glp1,16,,0,,0
2026-Q4,NC,Rural Hall,glp1,2,,0,,0
2026-Q4,NC,Rutherfordton,glp1,5,,0,,0
2026-Q4,NC,Rutherfordton,trt,2,,0,,0
2026-Q4,NC,Saint Pauls,glp1,1,,0,,0
2026-Q4,NC,Salisbury,glp1,25,,0,,0
2026-Q4,NC,Salisbury,trt,8,,0,,0
2026-Q4,NC,Sanford,glp1,34,,0,,0
2026-Q4,NC,Scotland Neck,glp1,1,,0,,0
2026-Q4,NC,Shallotte,glp1,4,,0,,0
2026-Q4,NC,Shallotte,trt,3,,0,,0
2026-Q4,NC,Shelby,glp1,18,,0,,0
2026-Q4,NC,Shelby,trt,1,,0,,0
2026-Q4,NC,Sherrills Ford,glp1,2,,0,,0
2026-Q4,NC,Siler City,glp1,3,,0,,0
2026-Q4,NC,Smithfield,glp1,24,,0,,0
2026-Q4,NC,Smithfield,trt,1,,0,,0
2026-Q4,NC,Sneads Ferry,glp1,4,,0,,0
2026-Q4,NC,Snow Hill,glp1,3,,0,,0
2026-Q4,NC,Southern Pines,glp1,14,,0,,0
2026-Q4,NC,Southern Pines,trt,1,,0,,0
2026-Q4,NC,Southport,glp1,6,,0,,0
2026-Q4,NC,Sparta,glp1,1,,0,,0
2026-Q4,NC,Spencer,glp1,1,,0,,0
2026-Q4,NC,Spindale,glp1,2,,0,,0
2026-Q4,NC,Spring Hope,glp1,1,,0,,0
2026-Q4,NC,Spring Lake,glp1,4,,0,,0
2026-Q4,NC,Spruce Pine,glp1,3,,0,,0
2026-Q4,NC,Stanley,glp1,1,,0,,0
2026-Q4,NC,Star,glp1,1,,0,,0
2026-Q4,NC,Statesville,glp1,43,,0,,0
2026-Q4,NC,Statesville,trt,4,,0,,0
2026-Q4,NC,Stedman,glp1,1,,0,,0
2026-Q4,NC,Stokesdale,glp1,3,,0,,0
2026-Q4,NC,Stoneville,glp1,1,,0,,0
2026-Q4,NC,Stovall,glp1,1,,0,,0
2026-Q4,NC,Summerfield,glp1,2,,0,,0
2026-Q4,NC,Sunset Beach,glp1,4,,0,,0
2026-Q4,NC,Supply,glp1,4,,0,,0
2026-Q4,NC,Swansboro,glp1,8,,0,,0
2026-Q4,NC,Sylva,glp1,23,,0,,0
2026-Q4,NC,Tabor City,glp1,3,,0,,0
2026-Q4,NC,Tar Heel,glp1,1,,0,,0
2026-Q4,NC,Tarboro,glp1,2,,0,,0
2026-Q4,NC,Taylorsville,glp1,7,,0,,0
2026-Q4,NC,Thomasville,glp1,12,,0,,0
2026-Q4,NC,Thomasville,trt,3,,0,,0
2026-Q4,NC,Troutman,glp1,2,,0,,0
2026-Q4,NC,Troy,glp1,3,,0,,0
2026-Q4,NC,Tryon,glp1,2,,0,,0
2026-Q4,NC,Valdese,glp1,1,,0,,0
2026-Q4,NC,Vanceboro,glp1,4,,0,,0
2026-Q4,NC,Vass,glp1,3,,0,,0
2026-Q4,NC,Wade,glp1,2,,0,,0
2026-Q4,NC,Wadesboro,glp1,2,,0,,0
2026-Q4,NC,Wagram,glp1,1,,0,,0
2026-Q4,NC,Wake Forest,glp1,30,,0,,0
2026-Q4,NC,Wallace,glp1,4,,0,,0
2026-Q4,NC,Warrenton,glp1,1,,0,,0
2026-Q4,NC,Warsaw,glp1,1,,0,,0
2026-Q4,NC,Washington,glp1,8,,0,,0
2026-Q4,NC,Waxhaw,glp1,3,,0,,0
2026-Q4,NC,Waxhaw,trt,1,,0,,0
2026-Q4,NC,Waynesville,glp1,4,,0,,0
2026-Q4,NC,Weaverville,glp1,4,,0,,0
2026-Q4,NC,Weldon,glp1,1,,0,,0
2026-Q4,NC,Wendell,glp1,7,,0,,0
2026-Q4,NC,Wentworth,glp1,2,,0,,0
2026-Q4,NC,West End,glp1,3,,0,,0
2026-Q4,NC,West End,trt,1,,0,,0
2026-Q4,NC,West Jefferson,glp1,7,,0,,0
2026-Q4,NC,Whitakers,glp1,2,,0,,0
2026-Q4,NC,Whiteville,glp1,17,,0,,0
2026-Q4,NC,Whiteville,trt,1,,0,,0
2026-Q4,NC,Whitsett,glp1,4,,0,,0
2026-Q4,NC,Whittier,glp1,2,,0,,0
2026-Q4,NC,Wilkesboro,glp1,2,,0,,0
2026-Q4,NC,Williamston,glp1,4,,0,,0
2026-Q4,NC,Wilmington,glp1,117,,0,,0
2026-Q4,NC,Wilmington,trt,9,,0,,0
2026-Q4,NC,Wilson,glp1,31,,0,,0
2026-Q4,NC,Wilson,trt,1,,0,,0
2026-Q4,NC,Windsor,glp1,2,,0,,0
2026-Q4,NC,Winston-Salem,glp1,94,,0,,0
2026-Q4,NC,Winston-Salem,trt,21,,0,,0
2026-Q4,NC,Winterville,glp1,4,,0,,0
2026-Q4,NC,Woodland,glp1,1,,0,,0
2026-Q4,NC,Yadkinville,glp1,7,,0,,0
2026-Q4,NC,Yanceyville,glp1,2,,0,,0
2026-Q4,NC,Zebulon,glp1,3,,0,,0
2026-Q4,ND,Arnegard,glp1,1,,0,,0
2026-Q4,ND,Ashley,glp1,2,,0,,0
2026-Q4,ND,Beulah,glp1,1,,0,,0
2026-Q4,ND,Binford,glp1,1,,0,,0
2026-Q4,ND,Bismarck,glp1,32,,0,,0
2026-Q4,ND,Bismarck,trt,3,,0,,0
2026-Q4,ND,Carrington,glp1,1,,0,,0
2026-Q4,ND,Cavalier,glp1,1,,0,,0
2026-Q4,ND,Devils Lake,glp1,1,,0,,0
2026-Q4,ND,Dickinson,glp1,10,,0,,0
2026-Q4,ND,Drayton,glp1,1,,0,,0
2026-Q4,ND,Fargo,glp1,41,,0,,0
2026-Q4,ND,Fargo,trt,8,,0,,0
2026-Q4,ND,Fort Totten,trt,1,,0,,0
2026-Q4,ND,Fort Yates,glp1,1,,0,,0
2026-Q4,ND,Garrison,glp1,1,,0,,0
2026-Q4,ND,Grafton,glp1,1,,0,,0
2026-Q4,ND,Grand Forks,glp1,8,,0,,0
2026-Q4,ND,Grand Forks,trt,1,,0,,0
2026-Q4,ND,Grand Forks Afb,glp1,1,,0,,0
2026-Q4,ND,Harvey,glp1,1,,0,,0
2026-Q4,ND,Hazelton,glp1,1,,0,,0
2026-Q4,ND,Hazen,glp1,1,,0,,0
2026-Q4,ND,Hettinger,glp1,1,,0,,0
2026-Q4,ND,Hillsboro,glp1,2,,0,,0
2026-Q4,ND,Jamestown,glp1,4,,0,,0
2026-Q4,ND,Langdon,glp1,1,,0,,0
2026-Q4,ND,Larimore,glp1,1,,0,,0
2026-Q4,ND,Mandan,glp1,3,,0,,0
2026-Q4,ND,Mayville,glp1,1,,0,,0
2026-Q4,ND,McClusky,glp1,1,,0,,0
2026-Q4,ND,Minot,glp1,14,,0,,0
2026-Q4,ND,Minot,trt,1,,0,,0
2026-Q4,ND,Mott,glp1,2,,0,,0
2026-Q4,ND,New England,glp1,1,,0,,0
2026-Q4,ND,New Town,glp1,1,,0,,0
2026-Q4,ND,Northwood,glp1,2,,0,,0
2026-Q4,ND,Park River,glp1,2,,0,,0
2026-Q4,ND,Rugby,glp1,1,,0,,0
2026-Q4,ND,Stanley,glp1,1,,0,,0
2026-Q4,ND,Steele,glp1,1,,0,,0
2026-Q4,ND,Tioga,glp1,1,,0,,0
2026-Q4,ND,Turtle Lake,glp1,1,,0,,0
2026-Q4,ND,Valley City,glp1,2,,0,,0
2026-Q4,ND,Wahpeton,glp1,1,,0,,0
2026-Q4,ND,Washburn,glp1,1,,0,,0
2026-Q4,ND,Watford City,glp1,2,,0,,0
2026-Q4,ND,West Fargo,glp1,7,,0,,0
2026-Q4,ND,West Fargo,trt,1,,0,,0
2026-Q4,ND,Westhope,glp1,1,,0,,0
2026-Q4,ND,Williston,glp1,3,,0,,0
2026-Q4,ND,Williston,trt,1,,0,,0
2026-Q4,ND,Wishek,glp1,2,,0,,0
2026-Q4,NE,Adams,glp1,1,,0,,0
2026-Q4,NE,Ainsworth,glp1,1,,0,,0
2026-Q4,NE,Albion,glp1,2,,0,,0
2026-Q4,NE,Alliance,glp1,5,,0,,0
2026-Q4,NE,Ashland,glp1,4,,0,,0
2026-Q4,NE,Aurora,glp1,1,,0,,0
2026-Q4,NE,Beatrice,glp1,5,,0,,0
2026-Q4,NE,Bellevue,glp1,14,,0,,0
2026-Q4,NE,Benkelman,glp1,1,,0,,0
2026-Q4,NE,Bennet,pharmacy,1,,0,,0
2026-Q4,NE,Bennington,glp1,1,,0,,0
2026-Q4,NE,Blair,glp1,3,,0,,0
2026-Q4,NE,Blue Hill,glp1,1,,0,,0
2026-Q4,NE,Boys Town,glp1,1,,0,,0
2026-Q4,NE,Bridgeport,glp1,2,,0,,0
2026-Q4,NE,Broken Bow,glp1,5,,0,,0
2026-Q4,NE,Callaway,glp1,2,,0,,0
2026-Q4,NE,Central City,glp1,4,,0,,0
2026-Q4,NE,Chadron,glp1,1,,0,,0
2026-Q4,NE,Chappell,glp1,1,,0,,0
2026-Q4,NE,Columbus,glp1,5,,0,,0
2026-Q4,NE,Cozad,glp1,1,,0,,0
2026-Q4,NE,Creighton,glp1,1,,0,,0
2026-Q4,NE,Crete,glp1,1,,0,,0
2026-Q4,NE,Curtis,glp1,1,,0,,0
2026-Q4,NE,David City,glp1,4,,0,,0
2026-Q4,NE,Deshler,glp1,1,,0,,0
2026-Q4,NE,Edgar,glp1,1,,0,,0
2026-Q4,NE,Elkhorn,glp1,10,,0,,0
2026-Q4,NE,Eustis,glp1,1,,0,,0
2026-Q4,NE,Fairbury,glp1,3,,0,,0
2026-Q4,NE,Falls City,glp1,3,,0,,0
2026-Q4,NE,Fort Calhoun,glp1,1,,0,,0
2026-Q4,NE,Franklin,glp1,1,,0,,0
2026-Q4,NE,Fremont,glp1,11,,0,,0
2026-Q4,NE,Friend,glp1,1,,0,,0
2026-Q4,NE,Fullerton,glp1,1,,0,,0
2026-Q4,NE,Geneva,glp1,1,,0,,0
2026-Q4,NE,Genoa,glp1,1,,0,,0
2026-Q4,NE,Gering,glp1,3,,0,,0
2026-Q4,NE,Gothenburg,glp1,1,,0,,0
2026-Q4,NE,Grand Island,glp1,10,,0,,0
2026-Q4,NE,Grand Island,trt,1,,0,,0
2026-Q4,NE,Grant,glp1,2,,0,,0
2026-Q4,NE,Gretna,glp1,7,,0,,0
2026-Q4,NE,Hartington,glp1,1,,0,,0
2026-Q4,NE,Harvard,glp1,1,,0,,0
2026-Q4,NE,Hastings,glp1,11,,0,,0
2026-Q4,NE,Hastings,trt,1,,0,,0
2026-Q4,NE,Hebron,glp1,1,,0,,0
2026-Q4,NE,Henderson,glp1,1,,0,,0
2026-Q4,NE,Holdrege,glp1,6,,0,,0
2026-Q4,NE,Humphrey,glp1,1,,0,,0
2026-Q4,NE,Kearney,glp1,22,,0,,0
2026-Q4,NE,La Vista,glp1,3,,0,,0
2026-Q4,NE,Leigh,glp1,1,,0,,0
2026-Q4,NE,Lexington,glp1,2,,0,,0
2026-Q4,NE,Lincoln,glp1,120,,0,,0
2026-Q4,NE,Lincoln,trt,7,,0,,0
2026-Q4,NE,Litchfield,glp1,1,,0,,0
2026-Q4,NE,Madison,glp1,1,,0,,0
2026-Q4,NE,Mc Cook,glp1,2,,0,,0
2026-Q4,NE,Minden,glp1,1,,0,,0
2026-Q4,NE,Nebraska City,glp1,3,,0,,0
2026-Q4,NE,Norfolk,glp1,26,,0,,0
2026-Q4,NE,Norfolk,trt,2,,0,,0
2026-Q4,NE,North Platte,glp1,13,,0,,0
2026-Q4,NE,North Platte,trt,2,,0,,0
2026-Q4,NE,Offutt Afb,trt,1,,0,,0
2026-Q4,NE,Ogallala,glp1,2,,0,,0
2026-Q4,NE,Omaha,glp1,166,,0,,0
2026-Q4,NE,Omaha,trt,28,,0,,0
2026-Q4,NE,Oneill,glp1,1,,0,,0
2026-Q4,NE,Ord,glp1,1,,0,,0
2026-Q4,NE,Osceola,glp1,1,,0,,0
2026-Q4,NE,Papillion,glp1,14,,0,,0
2026-Q4,NE,Pender,glp1,1,,0,,0
2026-Q4,NE,Pierce,glp1,1,,0,,0
2026-Q4,NE,Plattsmouth,glp1,1,,0,,0
2026-Q4,NE,Ponca,glp1,1,,0,,0
2026-Q4,NE,Ravenna,glp1,1,,0,,0
2026-Q4,NE,Red Cloud,glp1,1,,0,,0
2026-Q4,NE,Saint Paul,glp1,2,,0,,0
2026-Q4,NE,Scottsbluff,glp1,4,,0,,0
2026-Q4,NE,Scottsbluff,trt,2,,0,,0
2026-Q4,NE,Seward,glp1,2,,0,,0
2026-Q4,NE,Sidney,glp1,3,,0,,0
2026-Q4,NE,South Sioux City,glp1,2,,0,,0
2026-Q4,NE,Stromsburg,glp1,2,,0,,0
2026-Q4,NE,Superior,glp1,2,,0,,0
2026-Q4,NE,Superior,trt,1,,0,,0
2026-Q4,NE,Sutton,glp1,1,,0,,0
2026-Q4,NE,Syracuse,glp1,1,,0,,0
2026-Q4,NE,Tecumseh,glp1,3,,0,,0
2026-Q4,NE,Tekamah,glp1,2,,0,,0
2026-Q4,NE,Valentine,glp1,2,,0,,0
2026-Q4,NE,Valentine,trt,1,,0,,0
2026-Q4,NE,Valley,glp1,3,,0,,0
2026-Q4,NE,Wahoo,glp1,2,,0,,0
2026-Q4,NE,Wakefield,glp1,1,,0,,0
2026-Q4,NE,Waterloo,glp1,1,,0,,0
2026-Q4,NE,Wayne,glp1,1,,0,,0
2026-Q4,NE,West Point,glp1,2,,0,,0
2026-Q4,NE,Winnebago,glp1,1,,0,,0
2026-Q4,NE,York,glp1,4,,0,,0
2026-Q4,NH,Amherst,glp1,4,,0,,0
2026-Q4,NH,Amherst,trt,1,,0,,0
2026-Q4,NH,Barrington,glp1,2,,0,,0
2026-Q4,NH,Bedford,glp1,8,,0,,0
2026-Q4,NH,Bedford,trt,3,,0,,0
2026-Q4,NH,Bow,glp1,1,,0,,0
2026-Q4,NH,Bristol,glp1,2,,0,,0
2026-Q4,NH,Candia,glp1,1,,0,,0
2026-Q4,NH,Charlestown,glp1,1,,0,,0
2026-Q4,NH,Claremont,glp1,2,,0,,0
2026-Q4,NH,Claremont,trt,1,,0,,0
2026-Q4,NH,Concord,glp1,12,,0,,0
2026-Q4,NH,Concord,trt,2,,0,,0
2026-Q4,NH,Conway,glp1,2,,0,,0
2026-Q4,NH,Derry,glp1,14,,0,,0
2026-Q4,NH,Derry,trt,2,,0,,0
2026-Q4,NH,Dover,glp1,6,,0,,0
2026-Q4,NH,Dover,trt,6,,0,,0
2026-Q4,NH,Exeter,glp1,5,,0,,0
2026-Q4,NH,Exeter,trt,1,,0,,0
2026-Q4,NH,Franklin,glp1,1,,0,,0
2026-Q4,NH,Gilford,glp1,1,,0,,0
2026-Q4,NH,Hampstead,glp1,3,,0,,0
2026-Q4,NH,Hampton,glp1,1,,0,,0
2026-Q4,NH,Hanover,trt,1,,0,,0
2026-Q4,NH,Hudson,glp1,1,,0,,0
2026-Q4,NH,Intervale,glp1,1,,0,,0
2026-Q4,NH,Keene,glp1,1,,0,,0
2026-Q4,NH,Keene,trt,1,,0,,0
2026-Q4,NH,Laconia,glp1,2,,0,,0
2026-Q4,NH,Laconia,trt,2,,0,,0
2026-Q4,NH,Lancaster,glp1,2,,0,,0
2026-Q4,NH,Lebanon,glp1,8,,0,,0
2026-Q4,NH,Lebanon,trt,14,,0,,0
2026-Q4,NH,Lincoln,glp1,1,,0,,0
2026-Q4,NH,Littleton,glp1,1,,0,,0
2026-Q4,NH,Londonderry,glp1,8,,0,,0
2026-Q4,NH,Londonderry,trt,1,,0,,0
2026-Q4,NH,Manchester,glp1,19,,0,,0
2026-Q4,NH,Manchester,trt,12,,0,,0
2026-Q4,NH,Milford,glp1,1,,0,,0
2026-Q4,NH,Moultonborough,glp1,1,,0,,0
2026-Q4,NH,Nashua,glp1,16,,0,,0
2026-Q4,NH,Nashua,gym,6,,0,,0
2026-Q4,NH,Nashua,trt,9,,0,,0
2026-Q4,NH,New London,glp1,3,,0,,0
2026-Q4,NH,North Conway,glp1,2,,0,,0
2026-Q4,NH,North Conway,trt,2,,0,,0
2026-Q4,NH,North Stratford,glp1,1,,0,,0
2026-Q4,NH,Pelham,glp1,2,,0,,0
2026-Q4,NH,Pelham,gym,1,,0,,0
2026-Q4,NH,Peterborough,glp1,1,,0,,0
2026-Q4,NH,Peterborough,trt,1,,0,,0
2026-Q4,NH,Plaistow,glp1,2,,0,,0
2026-Q4,NH,Plymouth,glp1,6,,0,,0
2026-Q4,NH,Portsmouth,glp1,16,,0,,0
2026-Q4,NH,Portsmouth,trt,1,,0,,0
2026-Q4,NH,Raymond,glp1,2,,0,,0
2026-Q4,NH,Rochester,glp1,1,,0,,0
2026-Q4,NH,Salem,glp1,11,,0,,0
2026-Q4,NH,Salem,gym,2,,0,,0
2026-Q4,NH,Salem,trt,2,,0,,0
2026-Q4,NH,Seabrook,glp1,1,,0,,0
2026-Q4,NH,Somersworth,glp1,5,,0,,0
2026-Q4,NH,Stratham,trt,1,,0,,0
2026-Q4,NH,Suncook,glp1,2,,0,,0
2026-Q4,NH,Tamworth,glp1,1,,0,,0
2026-Q4,NH,West Lebanon,glp1,1,,0,,0
2026-Q4,NH,Windham,glp1,3,,0,,0
2026-Q4,NH,Wolfeboro,glp1,1,,0,,0
2026-Q4,NH,Woodsville,trt,1,,0,,0
2026-Q4,NJ,Absecon,glp1,16,,0,,0
2026-Q4,NJ,Allendale,glp1,1,,0,,0
2026-Q4,NJ,Alpine,glp1,1,,0,,0
2026-Q4,NJ,Andover,glp1,1,,0,,0
2026-Q4,NJ,Asbury Park,glp1,17,,0,,0
2026-Q4,NJ,Atlantic City,glp1,4,,0,,0
2026-Q4,NJ,Atlantic City,trt,1,,0,,0
2026-Q4,NJ,Atlantic Highlands,glp1,4,,0,,0
2026-Q4,NJ,Audubon,glp1,2,,0,,0
2026-Q4,NJ,Avenel,glp1,5,,0,,0
2026-Q4,NJ,Basking Ridge,glp1,8,,0,,0
2026-Q4,NJ,Basking Ridge,trt,1,,0,,0
2026-Q4,NJ,Bayonne,glp1,23,,0,,0
2026-Q4,NJ,Bayonne,gym,1,,0,,0
2026-Q4,NJ,Bayonne,trt,4,,0,,0
2026-Q4,NJ,Bayville,glp1,2,,0,,0
2026-Q4,NJ,Beach Haven,glp1,4,,0,,0
2026-Q4,NJ,Belle Mead,trt,3,,0,,0
2026-Q4,NJ,Belleville,glp1,15,,0,,0
2026-Q4,NJ,Belleville,gym,1,,0,,0
2026-Q4,NJ,Belleville,pharmacy,1,,0,,0
2026-Q4,NJ,Belleville,trt,2,,0,,0
2026-Q4,NJ,Belmar,glp1,20,,0,,0
2026-Q4,NJ,Belmar,trt,1,,0,,0
2026-Q4,NJ,Belvidere,glp1,3,,0,,0
2026-Q4,NJ,Bergenfield,glp1,7,,0,,0
2026-Q4,NJ,Bergenfield,gym,1,,0,,0
2026-Q4,NJ,Berkeley Heights,glp1,3,,0,,0
2026-Q4,NJ,Berkeley Heights,trt,2,,0,,0
2026-Q4,NJ,Berlin,glp1,9,,0,,0
2026-Q4,NJ,Bernardsville,glp1,3,,0,,0
2026-Q4,NJ,Blackwood,glp1,8,,0,,0
2026-Q4,NJ,Blackwood,trt,2,,0,,0
2026-Q4,NJ,Blairstown,glp1,1,,0,,0
2026-Q4,NJ,Bloomfield,glp1,13,,0,,0
2026-Q4,NJ,Bloomfield,gym,3,,0,,0
2026-Q4,NJ,Bloomsbury,pharmacy,1,,0,,0
2026-Q4,NJ,Boonton,glp1,5,,0,,0
2026-Q4,NJ,Boonton,gym,1,,0,,0
2026-Q4,NJ,Bordentown,glp1,16,,0,,0
2026-Q4,NJ,Bordentown,trt,1,,0,,0
2026-Q4,NJ,Bound Brook,glp1,2,,0,,0
2026-Q4,NJ,Bound Brook,gym,1,,0,,0
2026-Q4,NJ,Brick,glp1,57,,0,,0
2026-Q4,NJ,Brick,trt,2,,0,,0
2026-Q4,NJ,Bridgeton,glp1,15,,0,,0
2026-Q4,NJ,Bridgewater,glp1,37,,0,,0
2026-Q4,NJ,Bridgewater,trt,7,,0,,0
2026-Q4,NJ,Brielle,glp1,1,,0,,0
2026-Q4,NJ,Brigantine,glp1,4,,0,,0
2026-Q4,NJ,Browns Mills,glp1,4,,0,,0
2026-Q4,NJ,Budd Lake,glp1,3,,0,,0
2026-Q4,NJ,Buena,glp1,2,,0,,0
2026-Q4,NJ,Buena,pharmacy,1,,0,,0
2026-Q4,NJ,Burlington,glp1,8,,0,,0
2026-Q4,NJ,Butler,glp1,5,,0,,0
2026-Q4,NJ,Butler,gym,1,,0,,0
2026-Q4,NJ,Butler,trt,5,,0,,0
2026-Q4,NJ,Caldwell,glp1,4,,0,,0
2026-Q4,NJ,Caldwell,trt,1,,0,,0
2026-Q4,NJ,Camden,glp1,29,,0,,0
2026-Q4,NJ,Camden,trt,1,,0,,0
2026-Q4,NJ,Cape May,glp1,2,,0,,0
2026-Q4,NJ,Cape May Court House,glp1,14,,0,,0
2026-Q4,NJ,Cape May Court House,trt,2,,0,,0
2026-Q4,NJ,Carlstadt,glp1,1,,0,,0
2026-Q4,NJ,Carteret,glp1,5,,0,,0
2026-Q4,NJ,Carteret,trt,1,,0,,0
2026-Q4,NJ,Cedar Brook,glp1,1,,0,,0
2026-Q4,NJ,Cedar Grove,glp1,2,,0,,0
2026-Q4,NJ,Cedar Knolls,glp1,6,,0,,0
2026-Q4,NJ,Cedar Knolls,trt,2,,0,,0
2026-Q4,NJ,Chatham,glp1,2,,0,,0
2026-Q4,NJ,Chatham,trt,1,,0,,0
2026-Q4,NJ,Cherry Hill,glp1,47,,0,,0
2026-Q4,NJ,Cherry Hill,trt,14,,0,,0
2026-Q4,NJ,Chester,glp1,8,,0,,0
2026-Q4,NJ,Chester,trt,2,,0,,0
2026-Q4,NJ,Clark,glp1,17,,0,,0
2026-Q4,NJ,Clark,gym,1,,0,,0
2026-Q4,NJ,Clark,trt,5,,0,,0
2026-Q4,NJ,Clarksboro,glp1,2,,0,,0
2026-Q4,NJ,Clementon,glp1,6,,0,,0
2026-Q4,NJ,Cliffside Park,glp1,5,,0,,0
2026-Q4,NJ,Cliffwood,glp1,1,,0,,0
2026-Q4,NJ,Cliffwood,gym,1,,0,,0
2026-Q4,NJ,Clifton,glp1,74,,0,,0
2026-Q4,NJ,Clifton,gym,1,,0,,0
2026-Q4,NJ,Clifton,trt,7,,0,,0
2026-Q4,NJ,Clinton,glp1,4,,0,,0
2026-Q4,NJ,Clinton,trt,3,,0,,0
2026-Q4,NJ,Closter,glp1,3,,0,,0
2026-Q4,NJ,Closter,gym,2,,0,,0
2026-Q4,NJ,Collingswood,glp1,9,,0,,0
2026-Q4,NJ,Collingswood,trt,1,,0,,0
2026-Q4,NJ,Colonia,glp1,1,,0,,0
2026-Q4,NJ,Colonia,gym,1,,0,,0
2026-Q4,NJ,Colts Neck,glp1,4,,0,,0
2026-Q4,NJ,Colts Neck,trt,2,,0,,0
2026-Q4,NJ,Columbia,glp1,1,,0,,0
2026-Q4,NJ,Columbus,glp1,3,,0,,0
2026-Q4,NJ,Cranbury,glp1,2,,0,,0
2026-Q4,NJ,Cranbury,trt,1,,0,,0
2026-Q4,NJ,Cranford,glp1,4,,0,,0
2026-Q4,NJ,Cranford,trt,1,,0,,0
2026-Q4,NJ,Cream Ridge,glp1,1,,0,,0
2026-Q4,NJ,Cresskill,gym,2,,0,,0
2026-Q4,NJ,Dayton,glp1,3,,0,,0
2026-Q4,NJ,Dayton,trt,1,,0,,0
2026-Q4,NJ,Denville,glp1,12,,0,,0
2026-Q4,NJ,Denville,gym,1,,0,,0
2026-Q4,NJ,Denville,trt,4,,0,,0
2026-Q4,NJ,Deptford,glp1,21,,0,,0
2026-Q4,NJ,Deptford,trt,2,,0,,0
2026-Q4,NJ,Dover,glp1,6,,0,,0
2026-Q4,NJ,Dover,gym,1,,0,,0
2026-Q4,NJ,Dumont,glp1,1,,0,,0
2026-Q4,NJ,Dunellen,glp1,8,,0,,0
2026-Q4,NJ,Dunellen,gym,1,,0,,0
2026-Q4,NJ,East Brunswick,glp1,47,,0,,0
2026-Q4,NJ,East Brunswick,trt,5,,0,,0
2026-Q4,NJ,East Hanover,glp1,3,,0,,0
2026-Q4,NJ,East Hanover,trt,1,,0,,0
2026-Q4,NJ,East Orange,glp1,22,,0,,0
2026-Q4,NJ,East Orange,trt,6,,0,,0
2026-Q4,NJ,East Rutherford,glp1,2,,0,,0
2026-Q4,NJ,East Rutherford,gym,1,,0,,0
2026-Q4,NJ,Eatontown,glp1,31,,0,,0
2026-Q4,NJ,Eatontown,trt,3,,0,,0
2026-Q4,NJ,Edgewater,glp1,10,,0,,0
2026-Q4,NJ,Edgewater,gym,2,,0,,0
2026-Q4,NJ,Edgewater,trt,3,,0,,0
2026-Q4,NJ,Edison,glp1,84,,0,,0
2026-Q4,NJ,Edison,trt,8,,0,,0
2026-Q4,NJ,Egg Harbor City,glp1,1,,0,,0
2026-Q4,NJ,Egg Harbor Township,glp1,25,,0,,0
2026-Q4,NJ,Egg Harbor Township,trt,3,,0,,0
2026-Q4,NJ,Elizabeth,glp1,36,,0,,0
2026-Q4,NJ,Elizabeth,trt,3,,0,,0
2026-Q4,NJ,Elizabethport,glp1,1,,0,,0
2026-Q4,NJ,Elmer,glp1,2,,0,,0
2026-Q4,NJ,Elmwood Park,glp1,3,,0,,0
2026-Q4,NJ,Emerson,glp1,8,,0,,0
2026-Q4,NJ,Emerson,trt,2,,0,,0
2026-Q4,NJ,Englewood,glp1,47,,0,,0
2026-Q4,NJ,Englewood,trt,6,,0,,0
2026-Q4,NJ,Englewood Cliffs,glp1,13,,0,,0
2026-Q4,NJ,Englewood Cliffs,trt,5,,0,,0
2026-Q4,NJ,Englishtown,glp1,28,,0,,0
2026-Q4,NJ,Englishtown,trt,4,,0,,0
2026-Q4,NJ,Fair Haven,glp1,1,,0,,0
2026-Q4,NJ,Fair Lawn,glp1,28,,0,,0
2026-Q4,NJ,Fair Lawn,gym,1,,0,,0
2026-Q4,NJ,Fair Lawn,trt,7,,0,,0
2026-Q4,NJ,Fairfield,glp1,3,,0,,0
2026-Q4,NJ,Fairview,glp1,1,,0,,0
2026-Q4,NJ,Fanwood,glp1,3,,0,,0
2026-Q4,NJ,Far Hills,trt,1,,0,,0
2026-Q4,NJ,Farmingdale,glp1,2,,0,,0
2026-Q4,NJ,Flanders,glp1,9,,0,,0
2026-Q4,NJ,Flemington,glp1,24,,0,,0
2026-Q4,NJ,Flemington,trt,5,,0,,0
2026-Q4,NJ,Florham Park,glp1,17,,0,,0
2026-Q4,NJ,Florham Park,gym,1,,0,,0
2026-Q4,NJ,Florham Park,trt,2,,0,,0
2026-Q4,NJ,Fords,glp1,2,,0,,0
2026-Q4,NJ,Forked River,glp1,6,,0,,0
2026-Q4,NJ,Forked River,trt,1,,0,,0
2026-Q4,NJ,Fort Lee,glp1,17,,0,,0
2026-Q4,NJ,Fort Lee,gym,1,,0,,0
2026-Q4,NJ,Fort Lee,trt,3,,0,,0
2026-Q4,NJ,Franklin,glp1,3,,0,,0
2026-Q4,NJ,Franklin Park,glp1,1,,0,,0
2026-Q4,NJ,Freehold,glp1,33,,0,,0
2026-Q4,NJ,Freehold,trt,6,,0,,0
2026-Q4,NJ,Garfield,glp1,2,,0,,0
2026-Q4,NJ,Garwood,glp1,2,,0,,0
2026-Q4,NJ,Garwood,gym,1,,0,,0
2026-Q4,NJ,Glassboro,glp1,5,,0,,0
2026-Q4,NJ,Glen Ridge,glp1,18,,0,,0
2026-Q4,NJ,Glen Ridge,trt,4,,0,,0
2026-Q4,NJ,Glen Rock,glp1,5,,0,,0
2026-Q4,NJ,Glen Rock,gym,1,,0,,0
2026-Q4,NJ,Glendora,glp1,1,,0,,0
2026-Q4,NJ,Gloucester City,glp1,3,,0,,0
2026-Q4,NJ,Gloucester City,trt,1,,0,,0
2026-Q4,NJ,Great Meadows,glp1,1,,0,,0
2026-Q4,NJ,Green Creek,glp1,1,,0,,0
2026-Q4,NJ,Hackensack,glp1,57,,0,,0
2026-Q4,NJ,Hackensack,gym,1,,0,,0
2026-Q4,NJ,Hackensack,trt,7,,0,,0
2026-Q4,NJ,Hackettstown,glp1,27,,0,,0
2026-Q4,NJ,Hackettstown,pharmacy,1,,0,,0
2026-Q4,NJ,Hackettstown,trt,2,,0,,0
2026-Q4,NJ,Haddon Heights,glp1,4,,0,,0
2026-Q4,NJ,Haddonfield,glp1,5,,0,,0
2026-Q4,NJ,Haledon,glp1,6,,0,,0
2026-Q4,NJ,Hamburg,glp1,3,,0,,0
2026-Q4,NJ,Hammonton,glp1,10,,0,,0
2026-Q4,NJ,Hammonton,trt,2,,0,,0
2026-Q4,NJ,Hampton,glp1,1,,0,,0
2026-Q4,NJ,Hampton,trt,1,,0,,0
2026-Q4,NJ,Harrington Park,glp1,3,,0,,0
2026-Q4,NJ,Harrington Park,trt,1,,0,,0
2026-Q4,NJ,Harrison,glp1,1,,0,,0
2026-Q4,NJ,Hasbrouck Heights,glp1,4,,0,,0
2026-Q4,NJ,Haskell,glp1,2,,0,,0
2026-Q4,NJ,Hawthorne,glp1,7,,0,,0
2026-Q4,NJ,Hawthorne,gym,1,,0,,0
2026-Q4,NJ,Hazlet,glp1,13,,0,,0
2026-Q4,NJ,Hazlet,trt,1,,0,,0
2026-Q4,NJ,Hewitt,glp1,1,,0,,0
2026-Q4,NJ,Highland Park,glp1,4,,0,,0
2026-Q4,NJ,Highland Park,gym,2,,0,,0
2026-Q4,NJ,Hightstown,glp1,6,,0,,0
2026-Q4,NJ,Hillsborough,glp1,20,,0,,0
2026-Q4,NJ,Hillsborough,trt,1,,0,,0
2026-Q4,NJ,Hillsdale,glp1,1,,0,,0
2026-Q4,NJ,Hillside,glp1,3,,0,,0
2026-Q4,NJ,Ho Ho Kus,glp1,5,,0,,0
2026-Q4,NJ,Ho Ho Kus,trt,1,,0,,0
2026-Q4,NJ,Hoboken,glp1,16,,0,,0
2026-Q4,NJ,Hoboken,gym,3,,0,,0
2026-Q4,NJ,Hoboken,pharmacy,1,,0,,0
2026-Q4,NJ,Hoboken,trt,2,,0,,0
2026-Q4,NJ,Holmdel,glp1,17,,0,,0
2026-Q4,NJ,Holmdel,trt,4,,0,,0
2026-Q4,NJ,Howell,glp1,10,,0,,0
2026-Q4,NJ,Irvington,glp1,8,,0,,0
2026-Q4,NJ,Iselin,glp1,7,,0,,0
2026-Q4,NJ,Iselin,gym,1,,0,,0
2026-Q4,NJ,Iselin,trt,2,,0,,0
2026-Q4,NJ,Island Heights,glp1,1,,0,,0
2026-Q4,NJ,Jackson,glp1,11,,0,,0
2026-Q4,NJ,Jackson,trt,1,,0,,0
2026-Q4,NJ,Jersey City,glp1,62,,0,,0
2026-Q4,NJ,Jersey City,gym,7,,0,,0
2026-Q4,NJ,Jersey City,pharmacy,1,,0,,0
2026-Q4,NJ,Jersey City,trt,12,,0,,0
2026-Q4,NJ,Joint Base Mdl,glp1,1,,0,,0
2026-Q4,NJ,Kearny,glp1,5,,0,,0
2026-Q4,NJ,Kearny,gym,1,,0,,0
2026-Q4,NJ,Kendall Park,glp1,6,,0,,0
2026-Q4,NJ,Kendall Park,trt,1,,0,,0
2026-Q4,NJ,Kenilworth,glp1,3,,0,,0
2026-Q4,NJ,Keyport,glp1,5,,0,,0
2026-Q4,NJ,Lake Hiawatha,glp1,2,,0,,0
2026-Q4,NJ,Lake Hopatcong,glp1,4,,0,,0
2026-Q4,NJ,Lakehurst,glp1,1,,0,,0
2026-Q4,NJ,Lakewood,glp1,22,,0,,0
2026-Q4,NJ,Lakewood,trt,2,,0,,0
2026-Q4,NJ,Lambertville,glp1,2,,0,,0
2026-Q4,NJ,Landing,glp1,2,,0,,0
2026-Q4,NJ,Lawrence Township,glp1,22,,0,,0
2026-Q4,NJ,Lawrence Township,trt,6,,0,,0
2026-Q4,NJ,Lebanon,glp1,1,,0,,0
2026-Q4,NJ,Ledgewood,glp1,2,,0,,0
2026-Q4,NJ,Ledgewood,pharmacy,1,,0,,0
2026-Q4,NJ,Leonardo,glp1,1,,0,,0
2026-Q4,NJ,Leonia,glp1,1,,0,,0
2026-Q4,NJ,Lincoln Park,glp1,4,,0,,0
2026-Q4,NJ,Linden,glp1,13,,0,,0
2026-Q4,NJ,Linden,gym,1,,0,,0
2026-Q4,NJ,Linden,trt,2,,0,,0
2026-Q4,NJ,Linwood,glp1,4,,0,,0
2026-Q4,NJ,Little Falls,glp1,12,,0,,0
2026-Q4,NJ,Little Ferry,glp1,2,,0,,0
2026-Q4,NJ,Little Silver,glp1,8,,0,,0
2026-Q4,NJ,Little Silver,trt,1,,0,,0
2026-Q4,NJ,Livingston,glp1,23,,0,,0
2026-Q4,NJ,Livingston,trt,10,,0,,0
2026-Q4,NJ,Lodi,glp1,8,,0,,0
2026-Q4,NJ,Long Branch,glp1,8,,0,,0
2026-Q4,NJ,Long Branch,trt,1,,0,,0
2026-Q4,NJ,Lumberton,glp1,8,,0,,0
2026-Q4,NJ,Lyndhurst,glp1,5,,0,,0
2026-Q4,NJ,Lyndhurst,trt,1,,0,,0
2026-Q4,NJ,Lyons,trt,2,,0,,0
2026-Q4,NJ,Madison,glp1,1,,0,,0
2026-Q4,NJ,Mahwah,glp1,3,,0,,0
2026-Q4,NJ,Manahawkin,glp1,20,,0,,0
2026-Q4,NJ,Manahawkin,trt,3,,0,,0
2026-Q4,NJ,Manasquan,glp1,9,,0,,0
2026-Q4,NJ,Manchester Township,glp1,8,,0,,0
2026-Q4,NJ,Manville,glp1,2,,0,,0
2026-Q4,NJ,Maple Shade,glp1,3,,0,,0
2026-Q4,NJ,Maplewood,glp1,5,,0,,0
2026-Q4,NJ,Maplewood,trt,2,,0,,0
2026-Q4,NJ,Margate City,glp1,2,,0,,0
2026-Q4,NJ,Marlboro,glp1,8,,0,,0
2026-Q4,NJ,Marlton,glp1,32,,0,,0
2026-Q4,NJ,Marlton,trt,1,,0,,0
2026-Q4,NJ,Marmora,glp1,7,,0,,0
2026-Q4,NJ,Martinsville,glp1,1,,0,,0
2026-Q4,NJ,Matawan,glp1,7,,0,,0
2026-Q4,NJ,Matawan,gym,1,,0,,0
2026-Q4,NJ,Matawan,trt,2,,0,,0
2026-Q4,NJ,Mays Landing,glp1,10,,0,,0
2026-Q4,NJ,Maywood,glp1,6,,0,,0
2026-Q4,NJ,Maywood,gym,1,,0,,0
2026-Q4,NJ,Maywood,trt,2,,0,,0
2026-Q4,NJ,Medford,glp1,4,,0,,0
2026-Q4,NJ,Mendham,glp1,4,,0,,0
2026-Q4,NJ,Merchantville,glp1,12,,0,,0
2026-Q4,NJ,Metuchen,glp1,13,,0,,0
2026-Q4,NJ,Metuchen,gym,1,,0,,0
2026-Q4,NJ,Metuchen,trt,1,,0,,0
2026-Q4,NJ,Middlesex,glp1,1,,0,,0
2026-Q4,NJ,Middletown,glp1,6,,0,,0
2026-Q4,NJ,Middletown,gym,2,,0,,0
2026-Q4,NJ,Midland Park,glp1,1,,0,,0
2026-Q4,NJ,Milford,glp1,1,,0,,0
2026-Q4,NJ,Millburn,glp1,11,,0,,0
2026-Q4,NJ,Millstone Township,glp1,2,,0,,0
2026-Q4,NJ,Millstone Township,trt,1,,0,,0
2026-Q4,NJ,Millville,glp1,14,,0,,0
2026-Q4,NJ,Mine Hill,glp1,7,,0,,0
2026-Q4,NJ,Monmouth Junction,glp1,1,,0,,0
2026-Q4,NJ,Monroe Township,glp1,15,,0,,0
2026-Q4,NJ,Monroe Township,trt,4,,0,,0
2026-Q4,NJ,Monroeville,glp1,1,,0,,0
2026-Q4,NJ,Montclair,glp1,16,,0,,0
2026-Q4,NJ,Montclair,gym,3,,0,,0
2026-Q4,NJ,Montclair,pharmacy,1,,0,,0
2026-Q4,NJ,Montclair,trt,3,,0,,0
2026-Q4,NJ,Montvale,glp1,7,,0,,0
2026-Q4,NJ,Montville,glp1,6,,0,,0
2026-Q4,NJ,Moonachie,glp1,1,,0,,0
2026-Q4,NJ,Moorestown,glp1,34,,0,,0
2026-Q4,NJ,Moorestown,trt,6,,0,,0
2026-Q4,NJ,Morganville,glp1,11,,0,,0
2026-Q4,NJ,Morris Plains,glp1,3,,0,,0
2026-Q4,NJ,Morris Plains,gym,1,,0,,0
2026-Q4,NJ,Morristown,glp1,53,,0,,0
2026-Q4,NJ,Morristown,gym,3,,0,,0
2026-Q4,NJ,Morristown,trt,10,,0,,0
2026-Q4,NJ,Mount Arlington,glp1,2,,0,,0
2026-Q4,NJ,Mount Holly,glp1,7,,0,,0
2026-Q4,NJ,Mount Laurel,glp1,13,,0,,0
2026-Q4,NJ,Mount Laurel,trt,4,,0,,0
2026-Q4,NJ,Mountain Lakes,glp1,6,,0,,0
2026-Q4,NJ,Mountainside,glp1,1,,0,,0
2026-Q4,NJ,Mullica Hill,glp1,19,,0,,0
2026-Q4,NJ,Mullica Hill,trt,1,,0,,0
2026-Q4,NJ,Neptune,glp1,41,,0,,0
2026-Q4,NJ,Neptune,trt,6,,0,,0
2026-Q4,NJ,Neshanic Station,glp1,3,,0,,0
2026-Q4,NJ,New Brunswick,glp1,18,,0,,0
2026-Q4,NJ,New Brunswick,gym,1,,0,,0
2026-Q4,NJ,New Brunswick,trt,15,,0,,0
2026-Q4,NJ,New Egypt,glp1,1,,0,,0
2026-Q4,NJ,New Milford,glp1,2,,0,,0
2026-Q4,NJ,New Providence,glp1,5,,0,,0
2026-Q4,NJ,New Providence,gym,2,,0,,0
2026-Q4,NJ,New Providence,pharmacy,1,,0,,0
2026-Q4,NJ,New Providence,trt,1,,0,,0
2026-Q4,NJ,Newark,glp1,67,,0,,0
2026-Q4,NJ,Newark,gym,2,,0,,0
2026-Q4,NJ,Newark,trt,12,,0,,0
2026-Q4,NJ,Newfoundland,glp1,1,,0,,0
2026-Q4,NJ,Newton,glp1,15,,0,,0
2026-Q4,NJ,Newton,trt,1,,0,,0
2026-Q4,NJ,North Arlington,glp1,7,,0,,0
2026-Q4,NJ,North Bergen,glp1,22,,0,,0
2026-Q4,NJ,North Bergen,trt,3,,0,,0
2026-Q4,NJ,North Brunswick,glp1,11,,0,,0
2026-Q4,NJ,North Brunswick,gym,1,,0,,0
2026-Q4,NJ,North Brunswick,trt,1,,0,,0
2026-Q4,NJ,Northfield,glp1,10,,0,,0
2026-Q4,NJ,Northvale,glp1,2,,0,,0
2026-Q4,NJ,Northvale,trt,1,,0,,0
2026-Q4,NJ,Nutley,glp1,11,,0,,0
2026-Q4,NJ,Oak Ridge,glp1,2,,0,,0
2026-Q4,NJ,Oakhurst,glp1,17,,0,,0
2026-Q4,NJ,Oakhurst,trt,2,,0,,0
2026-Q4,NJ,Oakland,glp1,8,,0,,0
2026-Q4,NJ,Oakland,trt,1,,0,,0
2026-Q4,NJ,Ocean City,glp1,4,,0,,0
2026-Q4,NJ,Ocean Grove,glp1,1,,0,,0
2026-Q4,NJ,Ocean View,glp1,1,,0,,0
2026-Q4,NJ,Oceanport,glp1,1,,0,,0
2026-Q4,NJ,Old Bridge,glp1,28,,0,,0
2026-Q4,NJ,Old Bridge,gym,1,,0,,0
2026-Q4,NJ,Old Bridge,trt,4,,0,,0
2026-Q4,NJ,Oradell,glp1,8,,0,,0
2026-Q4,NJ,Oradell,trt,2,,0,,0
2026-Q4,NJ,Orange,glp1,4,,0,,0
2026-Q4,NJ,Oxford,glp1,1,,0,,0
2026-Q4,NJ,Palisades Park,glp1,3,,0,,0
2026-Q4,NJ,Palisades Park,gym,1,,0,,0
2026-Q4,NJ,Paramus,glp1,52,,0,,0
2026-Q4,NJ,Paramus,gym,3,,0,,0
2026-Q4,NJ,Paramus,trt,10,,0,,0
2026-Q4,NJ,Parlin,glp1,1,,0,,0
2026-Q4,NJ,Parlin,gym,2,,0,,0
2026-Q4,NJ,Parsippany,glp1,11,,0,,0
2026-Q4,NJ,Parsippany,gym,2,,0,,0
2026-Q4,NJ,Parsippany,trt,1,,0,,0
2026-Q4,NJ,Passaic,glp1,14,,0,,0
2026-Q4,NJ,Paterson,glp1,33,,0,,0
2026-Q4,NJ,Paterson,trt,3,,0,,0
2026-Q4,NJ,Paulsboro,glp1,1,,0,,0
2026-Q4,NJ,Pemberton,glp1,1,,0,,0
2026-Q4,NJ,Pennington,glp1,18,,0,,0
2026-Q4,NJ,Pennington,trt,7,,0,,0
2026-Q4,NJ,Penns Grove,glp1,1,,0,,0
2026-Q4,NJ,Pennsauken,glp1,4,,0,,0
2026-Q4,NJ,Pennsville,glp1,1,,0,,0
2026-Q4,NJ,Pequannock,glp1,1,,0,,0
2026-Q4,NJ,Perth Amboy,glp1,17,,0,,0
2026-Q4,NJ,Perth Amboy,trt,2,,0,,0
2026-Q4,NJ,Phillipsburg,glp1,7,,0,,0
2026-Q4,NJ,Phillipsburg,trt,2,,0,,0
2026-Q4,NJ,Pine Brook,glp1,1,,0,,0
2026-Q4,NJ,Piscataway,glp1,17,,0,,0
2026-Q4,NJ,Piscataway,trt,3,,0,,0
2026-Q4,NJ,Plainfield,glp1,12,,0,,0
2026-Q4,NJ,Plainfield,gym,1,,0,,0
2026-Q4,NJ,Plainfield,trt,1,,0,,0
2026-Q4,NJ,Plainsboro,glp1,10,,0,,0
2026-Q4,NJ,Plainsboro,trt,1,,0,,0
2026-Q4,NJ,Pleasantville,glp1,5,,0,,0
2026-Q4,NJ,Point Pleasant Beach,glp1,3,,0,,0
2026-Q4,NJ,Pomona,glp1,1,,0,,0
2026-Q4,NJ,Pompton Lakes,glp1,2,,0,,0
2026-Q4,NJ,Pompton Lakes,gym,2,,0,,0
2026-Q4,NJ,Pompton Lakes,trt,1,,0,,0
2026-Q4,NJ,Pompton Plains,glp1,12,,0,,0
2026-Q4,NJ,Pompton Plains,trt,2,,0,,0
2026-Q4,NJ,Princeton,glp1,35,,0,,0
2026-Q4,NJ,Princeton,trt,14,,0,,0
2026-Q4,NJ,Princeton Junction,glp1,6,,0,,0
2026-Q4,NJ,Rahway,glp1,12,,0,,0
2026-Q4,NJ,Rahway,trt,5,,0,,0
2026-Q4,NJ,Ramsey,glp1,11,,0,,0
2026-Q4,NJ,Ramsey,gym,2,,0,,0
2026-Q4,NJ,Ramsey,trt,1,,0,,0
2026-Q4,NJ,Randolph,glp1,16,,0,,0
2026-Q4,NJ,Randolph,trt,2,,0,,0
2026-Q4,NJ,Raritan,glp1,4,,0,,0
2026-Q4,NJ,Red Bank,glp1,23,,0,,0
2026-Q4,NJ,Red Bank,trt,4,,0,,0
2026-Q4,NJ,Richland,glp1,1,,0,,0
2026-Q4,NJ,Ridgefield,glp1,1,,0,,0
2026-Q4,NJ,Ridgefield Park,glp1,1,,0,,0
2026-Q4,NJ,Ridgewood,glp1,20,,0,,0
2026-Q4,NJ,Ridgewood,trt,5,,0,,0
2026-Q4,NJ,Ringoes,trt,1,,0,,0
2026-Q4,NJ,Ringwood,gym,1,,0,,0
2026-Q4,NJ,Rio Grande,glp1,4,,0,,0
2026-Q4,NJ,Rio Grande,trt,1,,0,,0
2026-Q4,NJ,River Edge,glp1,4,,0,,0
2026-Q4,NJ,River Edge,gym,1,,0,,0
2026-Q4,NJ,Riverdale,glp1,3,,0,,0
2026-Q4,NJ,Riverdale,gym,1,,0,,0
2026-Q4,NJ,Riverside,glp1,2,,0,,0
2026-Q4,NJ,Riverton,glp1,7,,0,,0
2026-Q4,NJ,Rochelle Park,glp1,8,,0,,0
2026-Q4,NJ,Rochelle Park,trt,1,,0,,0
2026-Q4,NJ,Rockaway,glp1,10,,0,,0
2026-Q4,NJ,Rockaway,gym,2,,0,,0
2026-Q4,NJ,Roseland,glp1,2,,0,,0
2026-Q4,NJ,Roseland,trt,1,,0,,0
2026-Q4,NJ,Roselle Park,glp1,6,,0,,0
2026-Q4,NJ,Rumson,glp1,1,,0,,0
2026-Q4,NJ,Rutherford,glp1,5,,0,,0
2026-Q4,NJ,Rutherford,gym,1,,0,,0
2026-Q4,NJ,Saddle Brook,glp1,7,,0,,0
2026-Q4,NJ,Saddle River,glp1,2,,0,,0
2026-Q4,NJ,Salem,glp1,4,,0,,0
2026-Q4,NJ,Salem,trt,4,,0,,0
2026-Q4,NJ,Sayreville,glp1,1,,0,,0
2026-Q4,NJ,Scotch Plains,glp1,3,,0,,0
2026-Q4,NJ,Scotch Plains,trt,1,,0,,0
2026-Q4,NJ,Sea Girt,glp1,4,,0,,0
2026-Q4,NJ,Secaucus,glp1,14,,0,,0
2026-Q4,NJ,Sewell,glp1,26,,0,,0
2026-Q4,NJ,Sewell,trt,5,,0,,0
2026-Q4,NJ,Shiloh,glp1,2,,0,,0
2026-Q4,NJ,Short Hills,trt,1,,0,,0
2026-Q4,NJ,Shrewsbury,glp1,11,,0,,0
2026-Q4,NJ,Shrewsbury,trt,1,,0,,0
2026-Q4,NJ,Sicklerville,glp1,11,,0,,0
2026-Q4,NJ,Skillman,glp1,1,,0,,0
2026-Q4,NJ,Skillman,trt,1,,0,,0
2026-Q4,NJ,Somerdale,glp1,1,,0,,0
2026-Q4,NJ,Somers Point,glp1,13,,0,,0
2026-Q4,NJ,Somers Point,trt,1,,0,,0
2026-Q4,NJ,Somerset,glp1,39,,0,,0
2026-Q4,NJ,Somerset,pharmacy,1,,0,,0
2026-Q4,NJ,Somerset,trt,3,,0,,0
2026-Q4,NJ,Somerville,glp1,4,,0,,0
2026-Q4,NJ,South Bound Brook,glp1,1,,0,,0
2026-Q4,NJ,South Orange,glp1,9,,0,,0
2026-Q4,NJ,South Plainfield,glp1,9,,0,,0
2026-Q4,NJ,South Plainfield,trt,1,,0,,0
2026-Q4,NJ,South River,glp1,4,,0,,0
2026-Q4,NJ,Sparta,glp1,9,,0,,0
2026-Q4,NJ,Sparta,trt,1,,0,,0
2026-Q4,NJ,Spotswood,glp1,2,,0,,0
2026-Q4,NJ,Spring Lake,glp1,1,,0,,0
2026-Q4,NJ,Springfield,glp1,13,,0,,0
2026-Q4,NJ,Springfield,gym,1,,0,,0
2026-Q4,NJ,Springfield,trt,1,,0,,0
2026-Q4,NJ,Stanhope,glp1,4,,0,,0
2026-Q4,NJ,Stirling,glp1,1,,0,,0
2026-Q4,NJ,Stone Harbor,glp1,1,,0,,0
2026-Q4,NJ,Stratford,glp1,8,,0,,0
2026-Q4,NJ,Stratford,trt,4,,0,,0
2026-Q4,NJ,Succasunna,glp1,6,,0,,0
2026-Q4,NJ,Summit,glp1,22,,0,,0
2026-Q4,NJ,Summit,trt,5,,0,,0
2026-Q4,NJ,Sussex,glp1,1,,0,,0
2026-Q4,NJ,Swedesboro,glp1,6,,0,,0
2026-Q4,NJ,Swedesboro,trt,1,,0,,0
2026-Q4,NJ,Teaneck,glp1,30,,0,,0
2026-Q4,NJ,Teaneck,trt,3,,0,,0
2026-Q4,NJ,Tenafly,glp1,3,,0,,0
2026-Q4,NJ,Tenafly,gym,1,,0,,0
2026-Q4,NJ,Tenafly,trt,1,,0,,0
2026-Q4,NJ,Thorofare,glp1,7,,0,,0
2026-Q4,NJ,Toms River,glp1,77,,0,,0
2026-Q4,NJ,Toms River,trt,9,,0,,0
2026-Q4,NJ,Totowa,glp1,6,,0,,0
2026-Q4,NJ,Towaco,glp1,1,,0,,0
2026-Q4,NJ,Trenton,glp1,83,,0,,0
2026-Q4,NJ,Trenton,trt,14,,0,,0
2026-Q4,NJ,Tuckerton,glp1,6,,0,,0
2026-Q4,NJ,Union,glp1,29,,0,,0
2026-Q4,NJ,Union,trt,2,,0,,0
2026-Q4,NJ,Union City,glp1,17,,0,,0
2026-Q4,NJ,Vauxhall,glp1,1,,0,,0
2026-Q4,NJ,Ventnor City,glp1,6,,0,,0
2026-Q4,NJ,Ventnor City,trt,1,,0,,0
2026-Q4,NJ,Vernon,glp1,5,,0,,0
2026-Q4,NJ,Verona,glp1,5,,0,,0
2026-Q4,NJ,Villas,glp1,2,,0,,0
2026-Q4,NJ,Vineland,glp1,29,,0,,0
2026-Q4,NJ,Vineland,trt,4,,0,,0
2026-Q4,NJ,Voorhees,glp1,47,,0,,0
2026-Q4,NJ,Voorhees,trt,9,,0,,0
2026-Q4,NJ,Waldwick,glp1,1,,0,,0
2026-Q4,NJ,Waldwick,gym,3,,0,,0
2026-Q4,NJ,Wallington,glp1,2,,0,,0
2026-Q4,NJ,Wallington,gym,1,,0,,0
2026-Q4,NJ,Warren,glp1,16,,0,,0
2026-Q4,NJ,Washington,glp1,2,,0,,0
2026-Q4,NJ,Watchung,glp1,3,,0,,0
2026-Q4,NJ,Watchung,trt,1,,0,,0
2026-Q4,NJ,Waterford Works,glp1,1,,0,,0
2026-Q4,NJ,Wayne,glp1,43,,0,,0
2026-Q4,NJ,Wayne,gym,13,,0,,0
2026-Q4,NJ,Wayne,trt,3,,0,,0
2026-Q4,NJ,Weehawken,glp1,2,,0,,0
2026-Q4,NJ,West Berlin,glp1,1,,0,,0
2026-Q4,NJ,West Long Branch,glp1,7,,0,,0
2026-Q4,NJ,West Long Branch,trt,1,,0,,0
2026-Q4,NJ,West Milford,glp1,4,,0,,0
2026-Q4,NJ,West New York,glp1,13,,0,,0
2026-Q4,NJ,West New York,trt,1,,0,,0
2026-Q4,NJ,West Orange,glp1,35,,0,,0
2026-Q4,NJ,West Orange,gym,2,,0,,0
2026-Q4,NJ,West Orange,trt,3,,0,,0
2026-Q4,NJ,Westfield,glp1,8,,0,,0
2026-Q4,NJ,Westfield,gym,1,,0,,0
2026-Q4,NJ,Westfield,trt,3,,0,,0
2026-Q4,NJ,Westville,glp1,1,,0,,0
2026-Q4,NJ,Westwood,glp1,12,,0,,0
2026-Q4,NJ,Westwood,trt,3,,0,,0
2026-Q4,NJ,Wharton,gym,1,,0,,0
2026-Q4,NJ,Whippany,glp1,2,,0,,0
2026-Q4,NJ,Whippany,gym,1,,0,,0
2026-Q4,NJ,Whitehouse Station,glp1,3,,0,,0
2026-Q4,NJ,Wildwood,glp1,1,,0,,0
2026-Q4,NJ,Williamstown,glp1,4,,0,,0
2026-Q4,NJ,Williamstown,trt,1,,0,,0
2026-Q4,NJ,Willingboro,glp1,10,,0,,0
2026-Q4,NJ,Willingboro,trt,3,,0,,0
2026-Q4,NJ,Wood Ridge,glp1,3,,0,,0
2026-Q4,NJ,Woodbridge,glp1,6,,0,,0
2026-Q4,NJ,Woodbridge,gym,1,,0,,0
2026-Q4,NJ,Woodbridge,trt,1,,0,,0
2026-Q4,NJ,Woodbury Heights,glp1,1,,0,,0
2026-Q4,NJ,Woodcliff Lake,glp1,1,,0,,0
2026-Q4,NJ,Woodstown,glp1,2,,0,,0
2026-Q4,NJ,Wyckoff,glp1,5,,0,,0
2026-Q4,NJ,Wyckoff,trt,4,,0,,0
2026-Q4,NM,Alamogordo,glp1,4,,0,,0
2026-Q4,NM,Alamogordo,trt,3,,0,,0
2026-Q4,NM,Albuquerque,glp1,161,,0,,0
2026-Q4,NM,Albuquerque,trt,32,,0,,0
2026-Q4,NM,Anthony,glp1,1,,0,,0
2026-Q4,NM,Artesia,glp1,3,,0,,0
2026-Q4,NM,Aztec,glp1,3,,0,,0
2026-Q4,NM,Belen,glp1,4,,0,,0
2026-Q4,NM,Carlsbad,glp1,4,,0,,0
2026-Q4,NM,Casa Blanca,glp1,1,,0,,0
2026-Q4,NM,Cedar Crest,glp1,5,,0,,0
2026-Q4,NM,Cerrillos,glp1,1,,0,,0
2026-Q4,NM,Chama,glp1,1,,0,,0
2026-Q4,NM,Chaparral,glp1,2,,0,,0
2026-Q4,NM,Clovis,glp1,6,,0,,0
2026-Q4,NM,Corrales,glp1,1,,0,,0
2026-Q4,NM,Cuba,glp1,1,,0,,0
2026-Q4,NM,Edgewood,glp1,7,,0,,0
2026-Q4,NM,Espanola,glp1,6,,0,,0
2026-Q4,NM,Farmington,glp1,15,,0,,0
2026-Q4,NM,Farmington,trt,2,,0,,0
2026-Q4,NM,Fruitland,glp1,1,,0,,0
2026-Q4,NM,Gallup,glp1,2,,0,,0
2026-Q4,NM,Gallup,trt,1,,0,,0
2026-Q4,NM,Grants,glp1,2,,0,,0
2026-Q4,NM,Hatch,glp1,1,,0,,0
2026-Q4,NM,Hobbs,glp1,4,,0,,0
2026-Q4,NM,Hobbs,trt,1,,0,,0
2026-Q4,NM,Jemez Pueblo,glp1,1,,0,,0
2026-Q4,NM,Kirtland Afb,glp1,1,,0,,0
2026-Q4,NM,Kirtland Afb,trt,1,,0,,0
2026-Q4,NM,Las Cruces,glp1,71,,0,,0
2026-Q4,NM,Las Cruces,trt,8,,0,,0
2026-Q4,NM,Las Vegas,glp1,4,,0,,0
2026-Q4,NM,Los Alamos,glp1,3,,0,,0
2026-Q4,NM,Los Alamos,trt,2,,0,,0
2026-Q4,NM,Los Lunas,glp1,7,,0,,0
2026-Q4,NM,Lovington,glp1,2,,0,,0
2026-Q4,NM,Lovington,trt,1,,0,,0
2026-Q4,NM,Moriarty,glp1,2,,0,,0
2026-Q4,NM,Ocate,glp1,1,,0,,0
2026-Q4,NM,Rio Rancho,glp1,20,,0,,0
2026-Q4,NM,Rio Rancho,trt,3,,0,,0
2026-Q4,NM,Roswell,glp1,13,,0,,0
2026-Q4,NM,Roswell,trt,1,,0,,0
2026-Q4,NM,Ruidoso,glp1,4,,0,,0
2026-Q4,NM,San Miguel,glp1,1,,0,,0
2026-Q4,NM,Santa Fe,glp1,28,,0,,0
2026-Q4,NM,Santa Fe,trt,5,,0,,0
2026-Q4,NM,Santa Rosa,glp1,2,,0,,0
2026-Q4,NM,Santa Teresa,glp1,5,,0,,0
2026-Q4,NM,Shiprock,glp1,1,,0,,0
2026-Q4,NM,Silver City,glp1,4,,0,,0
2026-Q4,NM,Socorro,glp1,2,,0,,0
2026-Q4,NM,Sunland Park,glp1,1,,0,,0
2026-Q4,NM,Taos,glp1,5,,0,,0
2026-Q4,NM,Taos,trt,1,,0,,0
2026-Q4,NM,Tohatchi,glp1,1,,0,,0
2026-Q4,NM,Tucumcari,glp1,2,,0,,0
2026-Q4,NV,Boulder City,glp1,4,,0,,0
2026-Q4,NV,Boulder City,gym,2,,0,,0
2026-Q4,NV,Carson City,glp1,23,,0,,0
2026-Q4,NV,Carson City,trt,6,,0,,0
2026-Q4,NV,Dayton,glp1,2,,0,,0
2026-Q4,NV,Elko,glp1,2,,0,,0
2026-Q4,NV,Eureka,glp1,1,,0,,0
2026-Q4,NV,Fallon,glp1,1,,0,,0
2026-Q4,NV,Fernley,trt,1,,0,,0
2026-Q4,NV,Gardnerville,glp1,6,,0,,0
2026-Q4,NV,Henderson,glp1,125,,0,,0
2026-Q4,NV,Henderson,gym,9,,0,,0
2026-Q4,NV,Henderson,trt,13,,0,,0
2026-Q4,NV,Incline Village,glp1,1,,0,,0
2026-Q4,NV,Las Vegas,glp1,464,,0,,0
2026-Q4,NV,Las Vegas,gym,26,,0,,0
2026-Q4,NV,Las Vegas,pharmacy,3,,0,,0
2026-Q4,NV,Las Vegas,trt,69,,0,,0
2026-Q4,NV,Laughlin,glp1,3,,0,,0
2026-Q4,NV,Mesquite,glp1,7,,0,,0
2026-Q4,NV,Minden,glp1,12,,0,,0
2026-Q4,NV,Minden,trt,1,,0,,0
2026-Q4,NV,Nellis Afb,glp1,1,,0,,0
2026-Q4,NV,Nellis Afb,trt,2,,0,,0
2026-Q4,NV,North Las Vegas,glp1,27,,0,,0
2026-Q4,NV,North Las Vegas,gym,2,,0,,0
2026-Q4,NV,North Las Vegas,trt,8,,0,,0
2026-Q4,NV,Pahrump,glp1,5,,0,,0
2026-Q4,NV,Pahrump,trt,1,,0,,0
2026-Q4,NV,Reno,glp1,104,,0,,0
2026-Q4,NV,Reno,trt,21,,0,,0
2026-Q4,NV,Sparks,glp1,20,,0,,0
2026-Q4,NV,Sparks,trt,1,,0,,0
2026-Q4,NV,Stateline,glp1,2,,0,,0
2026-Q4,NV,Sun Valley,glp1,1,,0,,0
2026-Q4,NV,Tonopah,glp1,1,,0,,0
2026-Q4,NY,Akron,glp1,1,,0,,0
2026-Q4,NY,Albany,glp1,89,,0,,0
2026-Q4,NY,Albany,pharmacy,1,,0,,0
2026-Q4,NY,Albany,trt,20,,0,,0
2026-Q4,NY,Albertson,glp1,2,,0,,0
2026-Q4,NY,Albertson,trt,2,,0,,0
2026-Q4,NY,Albion,glp1,2,,0,,0
2026-Q4,NY,Alden,glp1,3,,0,,0
2026-Q4,NY,Alexander,glp1,1,,0,,0
2026-Q4,NY,Alexandria Bay,glp1,1,,0,,0
2026-Q4,NY,Allegany,glp1,3,,0,,0
2026-Q4,NY,Amityville,glp1,14,,0,,0
2026-Q4,NY,Amityville,gym,1,,0,,0
2026-Q4,NY,Amityville,trt,1,,0,,0
2026-Q4,NY,Amsterdam,glp1,12,,0,,0
2026-Q4,NY,Amsterdam,trt,2,,0,,0
2026-Q4,NY,Apalachin,glp1,3,,0,,0
2026-Q4,NY,Arcade,glp1,2,,0,,0
2026-Q4,NY,Ardsley,glp1,2,,0,,0
2026-Q4,NY,Armonk,glp1,2,,0,,0
2026-Q4,NY,Armonk,trt,1,,0,,0
2026-Q4,NY,Arverne,glp1,1,,0,,0
2026-Q4,NY,Astoria,glp1,29,,0,,0
2026-Q4,NY,Astoria,gym,3,,0,,0
2026-Q4,NY,Astoria,trt,9,,0,,0
2026-Q4,NY,Attica,glp1,1,,0,,0
2026-Q4,NY,Au Sable Forks,glp1,1,,0,,0
2026-Q4,NY,Auburn,glp1,21,,0,,0
2026-Q4,NY,Auburn,trt,5,,0,,0
2026-Q4,NY,Aurora,glp1,2,,0,,0
2026-Q4,NY,Averill Park,glp1,3,,0,,0
2026-Q4,NY,Avon,glp1,1,,0,,0
2026-Q4,NY,Babylon,glp1,17,,0,,0
2026-Q4,NY,Babylon,trt,2,,0,,0
2026-Q4,NY,Bainbridge,glp1,1,,0,,0
2026-Q4,NY,Baldwin,glp1,11,,0,,0
2026-Q4,NY,Baldwin,trt,1,,0,,0
2026-Q4,NY,Baldwinsville,glp1,5,,0,,0
2026-Q4,NY,Ballston Lake,glp1,3,,0,,0
2026-Q4,NY,Ballston Spa,glp1,17,,0,,0
2026-Q4,NY,Barneveld,glp1,3,,0,,0
2026-Q4,NY,Barryville,trt,1,,0,,0
2026-Q4,NY,Batavia,glp1,16,,0,,0
2026-Q4,NY,Bath,glp1,4,,0,,0
2026-Q4,NY,Bay Shore,glp1,30,,0,,0
2026-Q4,NY,Bay Shore,trt,3,,0,,0
2026-Q4,NY,Bayside,glp1,15,,0,,0
2026-Q4,NY,Bayside,trt,3,,0,,0
2026-Q4,NY,Beacon,glp1,1,,0,,0
2026-Q4,NY,Beaver Falls,glp1,2,,0,,0
2026-Q4,NY,Bedford Hills,glp1,2,,0,,0
2026-Q4,NY,Bellerose,glp1,3,,0,,0
2026-Q4,NY,Bellerose,trt,1,,0,,0
2026-Q4,NY,Bellmore,glp1,11,,0,,0
2026-Q4,NY,Bellport,glp1,1,,0,,0
2026-Q4,NY,Bellport,trt,1,,0,,0
2026-Q4,NY,Bemus Point,glp1,2,,0,,0
2026-Q4,NY,Berne,glp1,2,,0,,0
2026-Q4,NY,Bethpage,glp1,18,,0,,0
2026-Q4,NY,Bethpage,trt,5,,0,,0
2026-Q4,NY,Big Flats,glp1,2,,0,,0
2026-Q4,NY,Binghamton,glp1,26,,0,,0
2026-Q4,NY,Binghamton,trt,4,,0,,0
2026-Q4,NY,Blauvelt,glp1,1,,0,,0
2026-Q4,NY,Bloomfield,trt,1,,0,,0
2026-Q4,NY,Bloomingdale,glp1,1,,0,,0
2026-Q4,NY,Bohemia,glp1,3,,0,,0
2026-Q4,NY,Boiceville,glp1,1,,0,,0
2026-Q4,NY,Boonville,glp1,3,,0,,0
2026-Q4,NY,Bowmansville,glp1,1,,0,,0
2026-Q4,NY,Brasher Falls,glp1,1,,0,,0
2026-Q4,NY,Brentwood,glp1,7,,0,,0
2026-Q4,NY,Brewerton,glp1,1,,0,,0
2026-Q4,NY,Brewster,glp1,8,,0,,0
2026-Q4,NY,Brewster,trt,4,,0,,0
2026-Q4,NY,Briarcliff Manor,glp1,1,,0,,0
2026-Q4,NY,Briarcliff Manor,trt,2,,0,,0
2026-Q4,NY,Brightwaters,glp1,2,,0,,0
2026-Q4,NY,Broadalbin,glp1,1,,0,,0
2026-Q4,NY,Brockport,glp1,7,,0,,0
2026-Q4,NY,Bronx,glp1,280,,0,,0
2026-Q4,NY,Bronx,gym,8,,0,,0
2026-Q4,NY,Bronx,trt,46,,0,,0
2026-Q4,NY,Bronxville,glp1,14,,0,,0
2026-Q4,NY,Bronxville,gym,1,,0,,0
2026-Q4,NY,Bronxville,trt,4,,0,,0
2026-Q4,NY,Brooklyn,glp1,568,,0,,0
2026-Q4,NY,Brooklyn,gym,23,,0,,0
2026-Q4,NY,Brooklyn,pharmacy,4,,0,,0
2026-Q4,NY,Brooklyn,trt,89,,0,,0
2026-Q4,NY,Buffalo,glp1,257,,0,,0
2026-Q4,NY,Buffalo,trt,34,,0,,0
2026-Q4,NY,Burnt Hills,glp1,2,,0,,0
2026-Q4,NY,Cairo,glp1,4,,0,,0
2026-Q4,NY,Caledonia,glp1,1,,0,,0
2026-Q4,NY,Callicoon,glp1,1,,0,,0
2026-Q4,NY,Cambria Heights,glp1,4,,0,,0
2026-Q4,NY,Cambridge,glp1,1,,0,,0
2026-Q4,NY,Camillus,glp1,16,,0,,0
2026-Q4,NY,Canandaigua,glp1,3,,0,,0
2026-Q4,NY,Canaseraga,glp1,1,,0,,0
2026-Q4,NY,Canastota,glp1,3,,0,,0
2026-Q4,NY,Candor,glp1,1,,0,,0
2026-Q4,NY,Canton,glp1,8,,0,,0
2026-Q4,NY,Canton,trt,1,,0,,0
2026-Q4,NY,Cape Vincent,glp1,1,,0,,0
2026-Q4,NY,Carle Place,glp1,2,,0,,0
2026-Q4,NY,Carle Place,gym,3,,0,,0
2026-Q4,NY,Carmel,glp1,14,,0,,0
2026-Q4,NY,Carmel,trt,1,,0,,0
2026-Q4,NY,Carthage,glp1,7,,0,,0
2026-Q4,NY,Cassadaga,glp1,1,,0,,0
2026-Q4,NY,Castleton On Hudson,glp1,3,,0,,0
2026-Q4,NY,Cato,glp1,2,,0,,0
2026-Q4,NY,Catskill,glp1,5,,0,,0
2026-Q4,NY,Cazenovia,glp1,3,,0,,0
2026-Q4,NY,Cedarhurst,glp1,8,,0,,0
2026-Q4,NY,Center Moriches,glp1,2,,0,,0
2026-Q4,NY,Centereach,glp1,12,,0,,0
2026-Q4,NY,Centerport,glp1,1,,0,,0
2026-Q4,NY,Central Islip,glp1,5,,0,,0
2026-Q4,NY,Central Square,glp1,3,,0,,0
2026-Q4,NY,Champlain,glp1,1,,0,,0
2026-Q4,NY,Chappaqua,glp1,1,,0,,0
2026-Q4,NY,Chappaqua,trt,1,,0,,0
2026-Q4,NY,Chatham,glp1,3,,0,,0
2026-Q4,NY,Chenango Forks,glp1,1,,0,,0
2026-Q4,NY,Chester,glp1,5,,0,,0
2026-Q4,NY,Chittenango,glp1,3,,0,,0
2026-Q4,NY,Cicero,glp1,8,,0,,0
2026-Q4,NY,Circleville,glp1,1,,0,,0
2026-Q4,NY,Clarence,glp1,3,,0,,0
2026-Q4,NY,Clayton,glp1,1,,0,,0
2026-Q4,NY,Clifton Park,glp1,27,,0,,0
2026-Q4,NY,Clifton Park,trt,3,,0,,0
2026-Q4,NY,Clifton Springs,glp1,7,,0,,0
2026-Q4,NY,Clifton Springs,trt,1,,0,,0
2026-Q4,NY,Clinton,glp1,1,,0,,0
2026-Q4,NY,Clyde,glp1,1,,0,,0
2026-Q4,NY,Clymer,glp1,1,,0,,0
2026-Q4,NY,Cobleskill,glp1,2,,0,,0
2026-Q4,NY,Cohocton,glp1,2,,0,,0
2026-Q4,NY,Cohoes,glp1,3,,0,,0
2026-Q4,NY,Cohoes,trt,2,,0,,0
2026-Q4,NY,Cold Spring,glp1,2,,0,,0
2026-Q4,NY,Cold Spring Harbor,glp1,1,,0,,0
2026-Q4,NY,Collins,glp1,1,,0,,0
2026-Q4,NY,Colton,glp1,1,,0,,0
2026-Q4,NY,Commack,glp1,16,,0,,0
2026-Q4,NY,Commack,trt,2,,0,,0
2026-Q4,NY,Cooperstown,glp1,1,,0,,0
2026-Q4,NY,Cooperstown,trt,2,,0,,0
2026-Q4,NY,Copenhagen,glp1,1,,0,,0
2026-Q4,NY,Copiague,glp1,1,,0,,0
2026-Q4,NY,Coram,glp1,2,,0,,0
2026-Q4,NY,Corfu,glp1,2,,0,,0
2026-Q4,NY,Corinth,glp1,2,,0,,0
2026-Q4,NY,Corning,glp1,5,,0,,0
2026-Q4,NY,Cornwall,glp1,3,,0,,0
2026-Q4,NY,Cornwall,trt,1,,0,,0
2026-Q4,NY,Corona,glp1,13,,0,,0
2026-Q4,NY,Corona,gym,1,,0,,0
2026-Q4,NY,Cortland,glp1,4,,0,,0
2026-Q4,NY,Cortlandt Manor,glp1,8,,0,,0
2026-Q4,NY,Cortlandt Manor,trt,1,,0,,0
2026-Q4,NY,Coxsackie,glp1,1,,0,,0
2026-Q4,NY,Cropseyville,glp1,4,,0,,0
2026-Q4,NY,Croton On Hudson,glp1,4,,0,,0
2026-Q4,NY,Cuba,glp1,2,,0,,0
2026-Q4,NY,Cutchogue,glp1,1,,0,,0
2026-Q4,NY,Dansville,glp1,6,,0,,0
2026-Q4,NY,Dansville,trt,1,,0,,0
2026-Q4,NY,De Kalb Junction,glp1,1,,0,,0
2026-Q4,NY,Deer Park,glp1,13,,0,,0
2026-Q4,NY,Delanson,glp1,1,,0,,0
2026-Q4,NY,Delevan,glp1,1,,0,,0
2026-Q4,NY,Delmar,glp1,4,,0,,0
2026-Q4,NY,Depew,glp1,9,,0,,0
2026-Q4,NY,Deposit,glp1,1,,0,,0
2026-Q4,NY,Derby,glp1,6,,0,,0
2026-Q4,NY,Dobbs Ferry,glp1,1,,0,,0
2026-Q4,NY,Dobbs Ferry,trt,1,,0,,0
2026-Q4,NY,Dover Plains,glp1,1,,0,,0
2026-Q4,NY,Dover Plains,trt,1,,0,,0
2026-Q4,NY,Dryden,glp1,1,,0,,0
2026-Q4,NY,Duanesburg,glp1,1,,0,,0
2026-Q4,NY,Dundee,glp1,1,,0,,0
2026-Q4,NY,Dunkirk,glp1,7,,0,,0
2026-Q4,NY,East Amherst,glp1,3,,0,,0
2026-Q4,NY,East Aurora,glp1,3,,0,,0
2026-Q4,NY,East Elmhurst,glp1,1,,0,,0
2026-Q4,NY,East Elmhurst,gym,1,,0,,0
2026-Q4,NY,East Greenbush,glp1,1,,0,,0
2026-Q4,NY,East Hampton,glp1,2,,0,,0
2026-Q4,NY,East Islip,glp1,12,,0,,0
2026-Q4,NY,East Meadow,glp1,11,,0,,0
2026-Q4,NY,East Meadow,gym,1,,0,,0
2026-Q4,NY,East Meadow,trt,3,,0,,0
2026-Q4,NY,East Moriches,glp1,5,,0,,0
2026-Q4,NY,East Northport,glp1,2,,0,,0
2026-Q4,NY,East Rockaway,glp1,1,,0,,0
2026-Q4,NY,East Setauket,glp1,28,,0,,0
2026-Q4,NY,East Setauket,trt,4,,0,,0
2026-Q4,NY,East Syracuse,glp1,21,,0,,0
2026-Q4,NY,East Syracuse,trt,2,,0,,0
2026-Q4,NY,Eastchester,glp1,5,,0,,0
2026-Q4,NY,Eastchester,trt,1,,0,,0
2026-Q4,NY,Eastport,glp1,1,,0,,0
2026-Q4,NY,Eden,glp1,2,,0,,0
2026-Q4,NY,Elbridge,glp1,2,,0,,0
2026-Q4,NY,Ellenburg,glp1,1,,0,,0
2026-Q4,NY,Ellenville,glp1,2,,0,,0
2026-Q4,NY,Ellicottville,glp1,2,,0,,0
2026-Q4,NY,Elma,glp1,8,,0,,0
2026-Q4,NY,Elmhurst,glp1,34,,0,,0
2026-Q4,NY,Elmhurst,trt,5,,0,,0
2026-Q4,NY,Elmira,glp1,13,,0,,0
2026-Q4,NY,Elmira,trt,3,,0,,0
2026-Q4,NY,Elmont,glp1,4,,0,,0
2026-Q4,NY,Elmont,trt,1,,0,,0
2026-Q4,NY,Elmsford,glp1,1,,0,,0
2026-Q4,NY,Elmsford,trt,1,,0,,0
2026-Q4,NY,Endicott,glp1,8,,0,,0
2026-Q4,NY,Evans Mills,glp1,2,,0,,0
2026-Q4,NY,Fairport,glp1,1,,0,,0
2026-Q4,NY,Far Rockaway,glp1,14,,0,,0
2026-Q4,NY,Far Rockaway,gym,1,,0,,0
2026-Q4,NY,Far Rockaway,trt,4,,0,,0
2026-Q4,NY,Farmingdale,glp1,5,,0,,0
2026-Q4,NY,Farmingdale,gym,1,,0,,0
2026-Q4,NY,Farmington,glp1,2,,0,,0
2026-Q4,NY,Farmingville,glp1,3,,0,,0
2026-Q4,NY,Fayetteville,glp1,20,,0,,0
2026-Q4,NY,Ferndale,glp1,4,,0,,0
2026-Q4,NY,Fishkill,glp1,9,,0,,0
2026-Q4,NY,Fishkill,trt,5,,0,,0
2026-Q4,NY,Floral Park,glp1,4,,0,,0
2026-Q4,NY,Florida,glp1,2,,0,,0
2026-Q4,NY,Flushing,glp1,135,,0,,0
2026-Q4,NY,Flushing,gym,1,,0,,0
2026-Q4,NY,Flushing,trt,15,,0,,0
2026-Q4,NY,Fonda,glp1,1,,0,,0
2026-Q4,NY,Forest Hills,glp1,40,,0,,0
2026-Q4,NY,Forest Hills,gym,1,,0,,0
2026-Q4,NY,Forest Hills,trt,7,,0,,0
2026-Q4,NY,Forestville,glp1,2,,0,,0
2026-Q4,NY,Fort Drum,glp1,1,,0,,0
2026-Q4,NY,Fort Edward,glp1,2,,0,,0
2026-Q4,NY,Fort Lee,gym,1,,0,,0
2026-Q4,NY,Franklin Square,glp1,5,,0,,0
2026-Q4,NY,Franklin Square,gym,2,,0,,0
2026-Q4,NY,Franklinville,glp1,2,,0,,0
2026-Q4,NY,Fredonia,glp1,3,,0,,0
2026-Q4,NY,Freeport,glp1,14,,0,,0
2026-Q4,NY,Freeport,gym,1,,0,,0
2026-Q4,NY,Freeport,trt,3,,0,,0
2026-Q4,NY,Fresh Meadows,glp1,14,,0,,0
2026-Q4,NY,Fresh Meadows,trt,7,,0,,0
2026-Q4,NY,Fulton,glp1,9,,0,,0
2026-Q4,NY,Fultonville,glp1,1,,0,,0
2026-Q4,NY,Gansevoort,glp1,3,,0,,0
2026-Q4,NY,Gansevoort,trt,3,,0,,0
2026-Q4,NY,Garden City,glp1,25,,0,,0
2026-Q4,NY,Garden City,gym,2,,0,,0
2026-Q4,NY,Garden City,trt,6,,0,,0
2026-Q4,NY,Garnerville,glp1,2,,0,,0
2026-Q4,NY,Geneseo,glp1,4,,0,,0
2026-Q4,NY,Geneva,glp1,13,,0,,0
2026-Q4,NY,Ghent,glp1,1,,0,,0
2026-Q4,NY,Glen Cove,glp1,7,,0,,0
2026-Q4,NY,Glen Cove,gym,4,,0,,0
2026-Q4,NY,Glen Cove,trt,1,,0,,0
2026-Q4,NY,Glen Head,glp1,3,,0,,0
2026-Q4,NY,Glen Head,trt,3,,0,,0
2026-Q4,NY,Glen Oaks,glp1,4,,0,,0
2026-Q4,NY,Glens Falls,glp1,13,,0,,0
2026-Q4,NY,Glens Falls,trt,1,,0,,0
2026-Q4,NY,Glenwood Landing,glp1,1,,0,,0
2026-Q4,NY,Gloversville,glp1,9,,0,,0
2026-Q4,NY,Goshen,glp1,7,,0,,0
2026-Q4,NY,Goshen,trt,2,,0,,0
2026-Q4,NY,Gowanda,glp1,2,,0,,0
2026-Q4,NY,Grand Island,glp1,3,,0,,0
2026-Q4,NY,Granville,glp1,2,,0,,0
2026-Q4,NY,Great Neck,glp1,34,,0,,0
2026-Q4,NY,Great Neck,trt,19,,0,,0
2026-Q4,NY,Greene,glp1,2,,0,,0
2026-Q4,NY,Greenlawn,glp1,2,,0,,0
2026-Q4,NY,Greenlawn,trt,1,,0,,0
2026-Q4,NY,Greenvale,glp1,7,,0,,0
2026-Q4,NY,Greenwich,glp1,2,,0,,0
2026-Q4,NY,Greenwich,trt,1,,0,,0
2026-Q4,NY,Hamburg,glp1,14,,0,,0
2026-Q4,NY,Hamilton,glp1,2,,0,,0
2026-Q4,NY,Hamlin,glp1,2,,0,,0
2026-Q4,NY,Hampton Bays,glp1,6,,0,,0
2026-Q4,NY,Harris,glp1,1,,0,,0
2026-Q4,NY,Harrison,glp1,7,,0,,0
2026-Q4,NY,Harrison,trt,1,,0,,0
2026-Q4,NY,Hartsdale,glp1,5,,0,,0
2026-Q4,NY,Hartsdale,trt,1,,0,,0
2026-Q4,NY,Hastings On Hudson,trt,1,,0,,0
2026-Q4,NY,Hauppauge,glp1,11,,0,,0
2026-Q4,NY,Hauppauge,trt,1,,0,,0
2026-Q4,NY,Haverstraw,glp1,1,,0,,0
2026-Q4,NY,Hawthorne,glp1,4,,0,,0
2026-Q4,NY,Hawthorne,trt,4,,0,,0
2026-Q4,NY,Hempstead,glp1,11,,0,,0
2026-Q4,NY,Hempstead,gym,1,,0,,0
2026-Q4,NY,Hempstead,trt,2,,0,,0
2026-Q4,NY,Hensonville,glp1,1,,0,,0
2026-Q4,NY,Herkimer,glp1,2,,0,,0
2026-Q4,NY,Hewlett,glp1,8,,0,,0
2026-Q4,NY,Hewlett,trt,2,,0,,0
2026-Q4,NY,Hicksville,glp1,10,,0,,0
2026-Q4,NY,Hicksville,gym,2,,0,,0
2026-Q4,NY,Highland,glp1,6,,0,,0
2026-Q4,NY,Highland,trt,1,,0,,0
2026-Q4,NY,Highland Falls,glp1,2,,0,,0
2026-Q4,NY,Hilton,glp1,1,,0,,0
2026-Q4,NY,Hogansburg,glp1,1,,0,,0
2026-Q4,NY,Holbrook,glp1,7,,0,,0
2026-Q4,NY,Holland,glp1,1,,0,,0
2026-Q4,NY,Hollis,glp1,5,,0,,0
2026-Q4,NY,Homer,glp1,1,,0,,0
2026-Q4,NY,Honeoye,glp1,2,,0,,0
2026-Q4,NY,Honeoye Falls,glp1,1,,0,,0
2026-Q4,NY,Hopewell Junction,glp1,10,,0,,0
2026-Q4,NY,Hornell,glp1,1,,0,,0
2026-Q4,NY,Horseheads,glp1,5,,0,,0
2026-Q4,NY,Horseheads,trt,3,,0,,0
2026-Q4,NY,Howard Beach,glp1,10,,0,,0
2026-Q4,NY,Howard Beach,gym,1,,0,,0
2026-Q4,NY,Hudson,glp1,11,,0,,0
2026-Q4,NY,Hudson,trt,1,,0,,0
2026-Q4,NY,Hudson Falls,glp1,3,,0,,0
2026-Q4,NY,Huntington,glp1,28,,0,,0
2026-Q4,NY,Huntington,trt,3,,0,,0
2026-Q4,NY,Huntington Station,glp1,8,,0,,0
2026-Q4,NY,Huntington Station,gym,1,,0,,0
2026-Q4,NY,Huntington Station,trt,1,,0,,0
2026-Q4,NY,Hurley,glp1,1,,0,,0
2026-Q4,NY,Hyde Park,glp1,3,,0,,0
2026-Q4,NY,Hyde Park,trt,1,,0,,0
2026-Q4,NY,Ilion,glp1,1,,0,,0
2026-Q4,NY,Inwood,glp1,1,,0,,0
2026-Q4,NY,Irving,glp1,1,,0,,0
2026-Q4,NY,Island Park,glp1,3,,0,,0
2026-Q4,NY,Island Park,gym,1,,0,,0
2026-Q4,NY,Islandia,glp1,4,,0,,0
2026-Q4,NY,Islandia,trt,1,,0,,0
2026-Q4,NY,Islip,glp1,2,,0,,0
2026-Q4,NY,Ithaca,glp1,13,,0,,0
2026-Q4,NY,Ithaca,trt,5,,0,,0
2026-Q4,NY,Jackson Heights,glp1,23,,0,,0
2026-Q4,NY,Jackson Heights,gym,1,,0,,0
2026-Q4,NY,Jackson Heights,trt,4,,0,,0
2026-Q4,NY,Jamaica,glp1,41,,0,,0
2026-Q4,NY,Jamaica,gym,1,,0,,0
2026-Q4,NY,Jamaica,pharmacy,1,,0,,0
2026-Q4,NY,Jamaica,trt,6,,0,,0
2026-Q4,NY,Jamestown,glp1,18,,0,,0
2026-Q4,NY,Jefferson Valley,glp1,3,,0,,0
2026-Q4,NY,Jericho,glp1,2,,0,,0
2026-Q4,NY,Johnson City,glp1,12,,0,,0
2026-Q4,NY,Johnson City,trt,2,,0,,0
2026-Q4,NY,Johnstown,glp1,4,,0,,0
2026-Q4,NY,Katonah,glp1,1,,0,,0
2026-Q4,NY,Katonah,trt,5,,0,,0
2026-Q4,NY,Keene Valley,glp1,1,,0,,0
2026-Q4,NY,Kendall,glp1,1,,0,,0
2026-Q4,NY,Kew Gardens,glp1,6,,0,,0
2026-Q4,NY,Kings Park,glp1,3,,0,,0
2026-Q4,NY,Kingston,glp1,21,,0,,0
2026-Q4,NY,Kingston,trt,5,,0,,0
2026-Q4,NY,La Fayette,glp1,1,,0,,0
2026-Q4,NY,Lagrangeville,glp1,1,,0,,0
2026-Q4,NY,Lake Grove,glp1,7,,0,,0
2026-Q4,NY,Lake Grove,trt,1,,0,,0
2026-Q4,NY,Lake Placid,glp1,4,,0,,0
2026-Q4,NY,Lake View,glp1,1,,0,,0
2026-Q4,NY,Lakeville,glp1,2,,0,,0
2026-Q4,NY,Lancaster,glp1,1,,0,,0
2026-Q4,NY,Lansing,glp1,1,,0,,0
2026-Q4,NY,Larchmont,glp1,5,,0,,0
2026-Q4,NY,Latham,glp1,28,,0,,0
2026-Q4,NY,Lawrence,glp1,3,,0,,0
2026-Q4,NY,Lawrence,trt,4,,0,,0
2026-Q4,NY,Le Roy,glp1,1,,0,,0
2026-Q4,NY,Levittown,glp1,8,,0,,0
2026-Q4,NY,Levittown,trt,1,,0,,0
2026-Q4,NY,Lewiston,glp1,11,,0,,0
2026-Q4,NY,Lewiston,trt,1,,0,,0
2026-Q4,NY,Lindenhurst,glp1,6,,0,,0
2026-Q4,NY,Lindenhurst,trt,1,,0,,0
2026-Q4,NY,Little Falls,glp1,1,,0,,0
2026-Q4,NY,Little Neck,glp1,5,,0,,0
2026-Q4,NY,Liverpool,glp1,16,,0,,0
2026-Q4,NY,Lockport,glp1,20,,0,,0
2026-Q4,NY,Locust Valley,glp1,2,,0,,0
2026-Q4,NY,Locust Valley,gym,1,,0,,0
2026-Q4,NY,Long Beach,glp1,10,,0,,0
2026-Q4,NY,Long Beach,gym,2,,0,,0
2026-Q4,NY,Long Island City,glp1,2,,0,,0
2026-Q4,NY,Long Island City,trt,1,,0,,0
2026-Q4,NY,Long Lake,glp1,1,,0,,0
2026-Q4,NY,Lowville,glp1,8,,0,,0
2026-Q4,NY,Lynbrook,glp1,9,,0,,0
2026-Q4,NY,Lynbrook,gym,2,,0,,0
2026-Q4,NY,Lyons,glp1,1,,0,,0
2026-Q4,NY,Lyons Falls,glp1,1,,0,,0
2026-Q4,NY,Madrid,glp1,1,,0,,0
2026-Q4,NY,Mahopac,glp1,1,,0,,0
2026-Q4,NY,Mahopac,trt,1,,0,,0
2026-Q4,NY,Malone,trt,3,,0,,0
2026-Q4,NY,Malverne,glp1,2,,0,,0
2026-Q4,NY,Malverne,gym,1,,0,,0
2026-Q4,NY,Mamaroneck,glp1,3,,0,,0
2026-Q4,NY,Mamaroneck,gym,5,,0,,0
2026-Q4,NY,Manhasset,glp1,19,,0,,0
2026-Q4,NY,Manhasset,trt,4,,0,,0
2026-Q4,NY,Manlius,glp1,4,,0,,0
2026-Q4,NY,Manlius,trt,1,,0,,0
2026-Q4,NY,Manorville,glp1,1,,0,,0
2026-Q4,NY,Marcellus,glp1,5,,0,,0
2026-Q4,NY,Maspeth,glp1,3,,0,,0
2026-Q4,NY,Massapequa,glp1,21,,0,,0
2026-Q4,NY,Massapequa,trt,1,,0,,0
2026-Q4,NY,Massapequa Park,trt,1,,0,,0
2026-Q4,NY,Massena,glp1,3,,0,,0
2026-Q4,NY,Maybrook,glp1,1,,0,,0
2026-Q4,NY,Mayfield,glp1,2,,0,,0
2026-Q4,NY,Mayville,glp1,2,,0,,0
2026-Q4,NY,Mechanicville,glp1,2,,0,,0
2026-Q4,NY,Medford,glp1,7,,0,,0
2026-Q4,NY,Medford,trt,2,,0,,0
2026-Q4,NY,Medina,glp1,3,,0,,0
2026-Q4,NY,Melville,glp1,7,,0,,0
2026-Q4,NY,Merrick,glp1,8,,0,,0
2026-Q4,NY,Merrick,gym,1,,0,,0
2026-Q4,NY,Merrick,trt,3,,0,,0
2026-Q4,NY,Mexico,glp1,1,,0,,0
2026-Q4,NY,Middle Village,glp1,5,,0,,0
2026-Q4,NY,Middleburgh,glp1,1,,0,,0
2026-Q4,NY,Middleport,glp1,1,,0,,0
2026-Q4,NY,Middletown,glp1,25,,0,,0
2026-Q4,NY,Middletown,trt,3,,0,,0
2026-Q4,NY,Milford,glp1,2,,0,,0
2026-Q4,NY,Millbrook,glp1,2,,0,,0
2026-Q4,NY,Miller Place,glp1,1,,0,,0
2026-Q4,NY,Millwood,trt,1,,0,,0
2026-Q4,NY,Mineola,glp1,16,,0,,0
2026-Q4,NY,Mineola,trt,9,,0,,0
2026-Q4,NY,Moira,glp1,1,,0,,0
2026-Q4,NY,Monroe,glp1,10,,0,,0
2026-Q4,NY,Monroe,trt,2,,0,,0
2026-Q4,NY,Monsey,glp1,5,,0,,0
2026-Q4,NY,Montgomery,glp1,2,,0,,0
2026-Q4,NY,Monticello,glp1,7,,0,,0
2026-Q4,NY,Monticello,trt,1,,0,,0
2026-Q4,NY,Montour Falls,glp1,4,,0,,0
2026-Q4,NY,Mount Kisco,glp1,5,,0,,0
2026-Q4,NY,Mount Kisco,trt,5,,0,,0
2026-Q4,NY,Mount Sinai,glp1,3,,0,,0
2026-Q4,NY,Mount Vernon,glp1,11,,0,,0
2026-Q4,NY,Mount Vernon,gym,1,,0,,0
2026-Q4,NY,Mount Vernon,trt,2,,0,,0
2026-Q4,NY,Nanuet,glp1,2,,0,,0
2026-Q4,NY,Nanuet,gym,1,,0,,0
2026-Q4,NY,Nedrow,glp1,1,,0,,0
2026-Q4,NY,Nesconset,glp1,2,,0,,0
2026-Q4,NY,Nesconset,trt,1,,0,,0
2026-Q4,NY,New City,glp1,16,,0,,0
2026-Q4,NY,New City,gym,1,,0,,0
2026-Q4,NY,New Hartford,glp1,21,,0,,0
2026-Q4,NY,New Hartford,trt,5,,0,,0
2026-Q4,NY,New Hyde Park,glp1,62,,0,,0
2026-Q4,NY,New Hyde Park,gym,2,,0,,0
2026-Q4,NY,New Hyde Park,trt,14,,0,,0
2026-Q4,NY,New Paltz,glp1,1,,0,,0
2026-Q4,NY,New Rochelle,glp1,26,,0,,0
2026-Q4,NY,New Rochelle,trt,4,,0,,0
2026-Q4,NY,New Windsor,glp1,21,,0,,0
2026-Q4,NY,New Windsor,trt,1,,0,,0
2026-Q4,NY,New York,glp1,738,,0,,0
2026-Q4,NY,New York,gym,40,,0,,0
2026-Q4,NY,New York,pharmacy,9,,0,,0
2026-Q4,NY,New York,trt,269,,0,,0
2026-Q4,NY,New York Mills,glp1,1,,0,,0
2026-Q4,NY,Newark,glp1,2,,0,,0
2026-Q4,NY,Newark,trt,1,,0,,0
2026-Q4,NY,Newark Valley,glp1,1,,0,,0
2026-Q4,NY,Newburgh,glp1,23,,0,,0
2026-Q4,NY,Newburgh,trt,3,,0,,0
2026-Q4,NY,Newcomb,glp1,2,,0,,0
2026-Q4,NY,Newfane,glp1,2,,0,,0
2026-Q4,NY,Niagara Falls,glp1,27,,0,,0
2026-Q4,NY,Niagara Falls,trt,2,,0,,0
2026-Q4,NY,North Babylon,glp1,11,,0,,0
2026-Q4,NY,North Babylon,trt,2,,0,,0
2026-Q4,NY,North Chili,glp1,4,,0,,0
2026-Q4,NY,North Collins,glp1,1,,0,,0
2026-Q4,NY,North Tonawanda,glp1,11,,0,,0
2026-Q4,NY,North Tonawanda,trt,2,,0,,0
2026-Q4,NY,Northport,glp1,4,,0,,0
2026-Q4,NY,Northport,trt,1,,0,,0
2026-Q4,NY,Norwich,glp1,6,,0,,0
2026-Q4,NY,Nyack,glp1,5,,0,,0
2026-Q4,NY,Nyack,trt,1,,0,,0
2026-Q4,NY,Oakdale,glp1,3,,0,,0
2026-Q4,NY,Oakfield,glp1,1,,0,,0
2026-Q4,NY,Oakland Gardens,glp1,1,,0,,0
2026-Q4,NY,Oakland Gardens,trt,1,,0,,0
2026-Q4,NY,Oceanside,glp1,9,,0,,0
2026-Q4,NY,Oceanside,gym,3,,0,,0
2026-Q4,NY,Oceanside,trt,3,,0,,0
2026-Q4,NY,Ogdensburg,glp1,7,,0,,0
2026-Q4,NY,Old Westbury,glp1,1,,0,,0
2026-Q4,NY,Olean,glp1,19,,0,,0
2026-Q4,NY,Olean,trt,2,,0,,0
2026-Q4,NY,Oneida,glp1,15,,0,,0
2026-Q4,NY,Oneonta,glp1,6,,0,,0
2026-Q4,NY,Orangeburg,glp1,1,,0,,0
2026-Q4,NY,Orchard Park,glp1,43,,0,,0
2026-Q4,NY,Orchard Park,trt,1,,0,,0
2026-Q4,NY,Ossining,glp1,3,,0,,0
2026-Q4,NY,Oswego,glp1,16,,0,,0
2026-Q4,NY,Oswego,trt,2,,0,,0
2026-Q4,NY,Ovid,glp1,1,,0,,0
2026-Q4,NY,Owego,glp1,3,,0,,0
2026-Q4,NY,Oxford,glp1,1,,0,,0
2026-Q4,NY,Oyster Bay,glp1,1,,0,,0
2026-Q4,NY,Ozone Park,glp1,4,,0,,0
2026-Q4,NY,Painted Post,glp1,2,,0,,0
2026-Q4,NY,Palatine Bridge,glp1,1,,0,,0
2026-Q4,NY,Patchogue,glp1,38,,0,,0
2026-Q4,NY,Patchogue,trt,1,,0,,0
2026-Q4,NY,Pawling,glp1,3,,0,,0
2026-Q4,NY,Pearl River,glp1,1,,0,,0
2026-Q4,NY,Pearl River,gym,1,,0,,0
2026-Q4,NY,Peekskill,glp1,2,,0,,0
2026-Q4,NY,Peekskill,trt,1,,0,,0
2026-Q4,NY,Pelham,glp1,1,,0,,0
2026-Q4,NY,Pelham,gym,1,,0,,0
2026-Q4,NY,Pelham,trt,2,,0,,0
2026-Q4,NY,Penfield,glp1,3,,0,,0
2026-Q4,NY,Penn Yan,glp1,8,,0,,0
2026-Q4,NY,Peru,glp1,2,,0,,0
2026-Q4,NY,Philadelphia,glp1,1,,0,,0
2026-Q4,NY,Phoenicia,glp1,1,,0,,0
2026-Q4,NY,Phoenix,glp1,1,,0,,0
2026-Q4,NY,Pine Bush,glp1,1,,0,,0
2026-Q4,NY,Pine City,glp1,1,,0,,0
2026-Q4,NY,Pittsford,glp1,5,,0,,0
2026-Q4,NY,Plainview,glp1,22,,0,,0
2026-Q4,NY,Plainview,gym,1,,0,,0
2026-Q4,NY,Plainview,trt,2,,0,,0
2026-Q4,NY,Plattekill,glp1,1,,0,,0
2026-Q4,NY,Plattsburgh,glp1,19,,0,,0
2026-Q4,NY,Plattsburgh,trt,2,,0,,0
2026-Q4,NY,Pleasant Valley,glp1,2,,0,,0
2026-Q4,NY,Pomona,glp1,12,,0,,0
2026-Q4,NY,Pomona,gym,1,,0,,0
2026-Q4,NY,Pomona,trt,1,,0,,0
2026-Q4,NY,Port Chester,glp1,5,,0,,0
2026-Q4,NY,Port Chester,trt,1,,0,,0
2026-Q4,NY,Port Jefferson,glp1,13,,0,,0
2026-Q4,NY,Port Jefferson,trt,3,,0,,0
2026-Q4,NY,Port Jefferson Station,glp1,30,,0,,0
2026-Q4,NY,Port Jervis,glp1,6,,0,,0
2026-Q4,NY,Port Washington,glp1,5,,0,,0
2026-Q4,NY,Port Washington,gym,2,,0,,0
2026-Q4,NY,Potsdam,glp1,5,,0,,0
2026-Q4,NY,Poughkeepsie,glp1,42,,0,,0
2026-Q4,NY,Poughkeepsie,trt,8,,0,,0
2026-Q4,NY,Pulaski,glp1,1,,0,,0
2026-Q4,NY,Purchase,glp1,5,,0,,0
2026-Q4,NY,Queens Village,glp1,11,,0,,0
2026-Q4,NY,Queens Village,trt,1,,0,,0
2026-Q4,NY,Queensbury,glp1,8,,0,,0
2026-Q4,NY,Queensbury,trt,1,,0,,0
2026-Q4,NY,Quogue,glp1,1,,0,,0
2026-Q4,NY,Randolph,glp1,1,,0,,0
2026-Q4,NY,Ravena,glp1,1,,0,,0
2026-Q4,NY,Rego Park,glp1,24,,0,,0
2026-Q4,NY,Rego Park,gym,1,,0,,0
2026-Q4,NY,Rego Park,trt,7,,0,,0
2026-Q4,NY,Rensselaer,glp1,9,,0,,0
2026-Q4,NY,Rensselaer,trt,2,,0,,0
2026-Q4,NY,Rhinebeck,glp1,3,,0,,0
2026-Q4,NY,Richmond Hill,glp1,10,,0,,0
2026-Q4,NY,Richmond Hill,trt,2,,0,,0
2026-Q4,NY,Ridgewood,glp1,13,,0,,0
2026-Q4,NY,Ridgewood,gym,1,,0,,0
2026-Q4,NY,Ridgewood,trt,4,,0,,0
2026-Q4,NY,Riverhead,glp1,12,,0,,0
2026-Q4,NY,Riverhead,trt,6,,0,,0
2026-Q4,NY,Rochester,glp1,121,,0,,0
2026-Q4,NY,Rochester,trt,22,,0,,0
2026-Q4,NY,Rockaway Park,glp1,2,,0,,0
2026-Q4,NY,Rockaway Park,gym,1,,0,,0
2026-Q4,NY,Rockville Centre,glp1,30,,0,,0
2026-Q4,NY,Rockville Centre,gym,2,,0,,0
2026-Q4,NY,Rockville Centre,trt,2,,0,,0
2026-Q4,NY,Rocky Point,glp1,2,,0,,0
2026-Q4,NY,Rome,glp1,11,,0,,0
2026-Q4,NY,Romulus,glp1,1,,0,,0
2026-Q4,NY,Ronkonkoma,glp1,14,,0,,0
2026-Q4,NY,Rosedale,glp1,4,,0,,0
2026-Q4,NY,Rosendale,glp1,1,,0,,0
2026-Q4,NY,Roslyn,glp1,5,,0,,0
2026-Q4,NY,Roslyn,gym,1,,0,,0
2026-Q4,NY,Roslyn Heights,glp1,8,,0,,0
2026-Q4,NY,Rushville,glp1,1,,0,,0
2026-Q4,NY,Rye,glp1,2,,0,,0
2026-Q4,NY,Rye,trt,1,,0,,0
2026-Q4,NY,Saint Albans,glp1,3,,0,,0
2026-Q4,NY,Saint James,glp1,2,,0,,0
2026-Q4,NY,Salamanca,glp1,4,,0,,0
2026-Q4,NY,Salem,glp1,1,,0,,0
2026-Q4,NY,Salt Point,glp1,1,,0,,0
2026-Q4,NY,Saranac Lake,glp1,1,,0,,0
2026-Q4,NY,Saratoga Springs,glp1,20,,0,,0
2026-Q4,NY,Saratoga Springs,trt,4,,0,,0
2026-Q4,NY,Saugerties,glp1,3,,0,,0
2026-Q4,NY,Scarsdale,glp1,12,,0,,0
2026-Q4,NY,Scarsdale,pharmacy,1,,0,,0
2026-Q4,NY,Scarsdale,trt,2,,0,,0
2026-Q4,NY,Schenectady,glp1,46,,0,,0
2026-Q4,NY,Schenectady,trt,3,,0,,0
2026-Q4,NY,Schoharie,glp1,1,,0,,0
2026-Q4,NY,Sea Cliff,glp1,1,,0,,0
2026-Q4,NY,Seaford,glp1,6,,0,,0
2026-Q4,NY,Selden,glp1,4,,0,,0
2026-Q4,NY,Seneca Falls,glp1,2,,0,,0
2026-Q4,NY,Sherman,glp1,2,,0,,0
2026-Q4,NY,Shirley,glp1,9,,0,,0
2026-Q4,NY,Shrub Oak,glp1,1,,0,,0
2026-Q4,NY,Sidney,glp1,2,,0,,0
2026-Q4,NY,Skaneateles,glp1,1,,0,,0
2026-Q4,NY,Skaneateles,trt,1,,0,,0
2026-Q4,NY,Slate Hill,glp1,1,,0,,0
2026-Q4,NY,Slingerlands,glp1,6,,0,,0
2026-Q4,NY,Smithtown,glp1,35,,0,,0
2026-Q4,NY,Smithtown,trt,4,,0,,0
2026-Q4,NY,Somers,glp1,3,,0,,0
2026-Q4,NY,South Glens Falls,glp1,1,,0,,0
2026-Q4,NY,South Ozone Park,glp1,3,,0,,0
2026-Q4,NY,South Richmond Hill,glp1,18,,0,,0
2026-Q4,NY,South Salem,trt,1,,0,,0
2026-Q4,NY,Southampton,glp1,6,,0,,0
2026-Q4,NY,Southampton,trt,3,,0,,0
2026-Q4,NY,Spencerport,glp1,1,,0,,0
2026-Q4,NY,Spring Valley,glp1,9,,0,,0
2026-Q4,NY,Spring Valley,trt,1,,0,,0
2026-Q4,NY,Springfield Gardens,glp1,7,,0,,0
2026-Q4,NY,Springville,glp1,7,,0,,0
2026-Q4,NY,Stamford,glp1,3,,0,,0
2026-Q4,NY,Star Lake,glp1,1,,0,,0
2026-Q4,NY,Staten Island,glp1,75,,0,,0
2026-Q4,NY,Staten Island,gym,19,,0,,0
2026-Q4,NY,Staten Island,pharmacy,1,,0,,0
2026-Q4,NY,Staten Island,trt,22,,0,,0
2026-Q4,NY,Stillwater,glp1,1,,0,,0
2026-Q4,NY,Stony Brook,glp1,22,,0,,0
2026-Q4,NY,Stony Brook,trt,13,,0,,0
2026-Q4,NY,Stony Point,glp1,2,,0,,0
2026-Q4,NY,Suffern,glp1,15,,0,,0
2026-Q4,NY,Suffern,trt,4,,0,,0
2026-Q4,NY,Sunnyside,glp1,4,,0,,0
2026-Q4,NY,Syosset,glp1,14,,0,,0
2026-Q4,NY,Syosset,trt,4,,0,,0
2026-Q4,NY,Syracuse,glp1,57,,0,,0
2026-Q4,NY,Syracuse,trt,16,,0,,0
2026-Q4,NY,Tannersville,glp1,3,,0,,0
2026-Q4,NY,Tappan,glp1,1,,0,,0
2026-Q4,NY,Tappan,gym,1,,0,,0
2026-Q4,NY,Tarrytown,glp1,9,,0,,0
2026-Q4,NY,Tarrytown,trt,3,,0,,0
2026-Q4,NY,Tonawanda,glp1,8,,0,,0
2026-Q4,NY,Tonawanda,pharmacy,1,,0,,0
2026-Q4,NY,Troy,glp1,34,,0,,0
2026-Q4,NY,Troy,trt,3,,0,,0
2026-Q4,NY,Tuckahoe,glp1,2,,0,,0
2026-Q4,NY,Tully,glp1,1,,0,,0
2026-Q4,NY,Tupper Lake,glp1,1,,0,,0
2026-Q4,NY,Uniondale,glp1,4,,0,,0
2026-Q4,NY,Utica,glp1,26,,0,,0
2026-Q4,NY,Utica,trt,3,,0,,0
2026-Q4,NY,Valatie,glp1,2,,0,,0
2026-Q4,NY,Valhalla,glp1,12,,0,,0
2026-Q4,NY,Valhalla,trt,7,,0,,0
2026-Q4,NY,Valley Cottage,glp1,2,,0,,0
2026-Q4,NY,Valley Falls,glp1,1,,0,,0
2026-Q4,NY,Valley Stream,glp1,22,,0,,0
2026-Q4,NY,Valley Stream,gym,1,,0,,0
2026-Q4,NY,Valley Stream,trt,1,,0,,0
2026-Q4,NY,Vernon,glp1,2,,0,,0
2026-Q4,NY,Verona,glp1,1,,0,,0
2026-Q4,NY,Vestal,glp1,12,,0,,0
2026-Q4,NY,Victor,glp1,1,,0,,0
2026-Q4,NY,Wading River,glp1,4,,0,,0
2026-Q4,NY,Wading River,trt,1,,0,,0
2026-Q4,NY,Walden,glp1,1,,0,,0
2026-Q4,NY,Wallkill,glp1,2,,0,,0
2026-Q4,NY,Walton,glp1,3,,0,,0
2026-Q4,NY,Wantagh,glp1,8,,0,,0
2026-Q4,NY,Wantagh,trt,1,,0,,0
2026-Q4,NY,Wappingers Falls,glp1,6,,0,,0
2026-Q4,NY,Wappingers Falls,trt,2,,0,,0
2026-Q4,NY,Warsaw,glp1,6,,0,,0
2026-Q4,NY,Warsaw,trt,1,,0,,0
2026-Q4,NY,Warwick,glp1,6,,0,,0
2026-Q4,NY,Washingtonville,glp1,3,,0,,0
2026-Q4,NY,Wassaic,glp1,1,,0,,0
2026-Q4,NY,Water Mill,glp1,1,,0,,0
2026-Q4,NY,Waterford,glp1,1,,0,,0
2026-Q4,NY,Waterford,trt,1,,0,,0
2026-Q4,NY,Waterloo,glp1,3,,0,,0
2026-Q4,NY,Watertown,glp1,21,,0,,0
2026-Q4,NY,Watertown,trt,1,,0,,0
2026-Q4,NY,Waterville,glp1,2,,0,,0
2026-Q4,NY,Watervliet,glp1,3,,0,,0
2026-Q4,NY,Watervliet,trt,2,,0,,0
2026-Q4,NY,Watkins Glen,glp1,1,,0,,0
2026-Q4,NY,Waverly,glp1,1,,0,,0
2026-Q4,NY,Webster,glp1,2,,0,,0
2026-Q4,NY,Webster,trt,1,,0,,0
2026-Q4,NY,Wellsville,glp1,1,,0,,0
2026-Q4,NY,West Babylon,glp1,17,,0,,0
2026-Q4,NY,West Babylon,trt,3,,0,,0
2026-Q4,NY,West Coxsackie,glp1,2,,0,,0
2026-Q4,NY,West Harrison,glp1,13,,0,,0
2026-Q4,NY,West Harrison,trt,2,,0,,0
2026-Q4,NY,West Haverstraw,glp1,2,,0,,0
2026-Q4,NY,West Haverstraw,trt,1,,0,,0
2026-Q4,NY,West Hempstead,glp1,10,,0,,0
2026-Q4,NY,West Hempstead,gym,2,,0,,0
2026-Q4,NY,West Hempstead,trt,1,,0,,0
2026-Q4,NY,West Islip,glp1,8,,0,,0
2026-Q4,NY,West Nyack,glp1,11,,0,,0
2026-Q4,NY,West Nyack,trt,4,,0,,0
2026-Q4,NY,West Point,glp1,1,,0,,0
2026-Q4,NY,West Sayville,glp1,3,,0,,0
2026-Q4,NY,Westbury,glp1,10,,0,,0
2026-Q4,NY,Westbury,gym,1,,0,,0
2026-Q4,NY,Westfield,glp1,3,,0,,0
2026-Q4,NY,Westhampton Beach,glp1,2,,0,,0
2026-Q4,NY,Westport,glp1,2,,0,,0
2026-Q4,NY,Westtown,glp1,1,,0,,0
2026-Q4,NY,White Plains,glp1,27,,0,,0
2026-Q4,NY,White Plains,trt,8,,0,,0
2026-Q4,NY,Whitehall,glp1,1,,0,,0
2026-Q4,NY,Whitesboro,glp1,1,,0,,0
2026-Q4,NY,Whitestone,glp1,4,,0,,0
2026-Q4,NY,Whitestone,trt,1,,0,,0
2026-Q4,NY,Whitney Point,glp1,1,,0,,0
2026-Q4,NY,Williston Park,glp1,3,,0,,0
2026-Q4,NY,Williston Park,gym,1,,0,,0
2026-Q4,NY,Williston Park,trt,1,,0,,0
2026-Q4,NY,Windsor,glp1,1,,0,,0
2026-Q4,NY,Wolcott,glp1,1,,0,,0
2026-Q4,NY,Woodbourne,glp1,1,,0,,0
2026-Q4,NY,Woodbury,glp1,5,,0,,0
2026-Q4,NY,Woodbury,trt,4,,0,,0
2026-Q4,NY,Woodhaven,glp1,4,,0,,0
2026-Q4,NY,Woodmere,glp1,6,,0,,0
2026-Q4,NY,Woodside,glp1,8,,0,,0
2026-Q4,NY,Woodside,gym,1,,0,,0
2026-Q4,NY,Woodside,trt,1,,0,,0
2026-Q4,NY,Woodstock,glp1,1,,0,,0
2026-Q4,NY,Worcester,glp1,1,,0,,0
2026-Q4,NY,Wyandanch,glp1,2,,0,,0
2026-Q4,NY,Wynantskill,glp1,2,,0,,0
2026-Q4,NY,Yonkers,glp1,51,,0,,0
2026-Q4,NY,Yonkers,gym,1,,0,,0
2026-Q4,NY,Yonkers,trt,10,,0,,0
2026-Q4,NY,Yorktown Heights,glp1,13,,0,,0
2026-Q4,NY,Yorktown Heights,trt,3,,0,,0
2026-Q4,OH,Ada,glp1,1,,0,,0
2026-Q4,OH,Akron,glp1,75,,0,,0
2026-Q4,OH,Akron,trt,15,,0,,0
2026-Q4,OH,Albany,pharmacy,1,,0,,0
2026-Q4,OH,Alliance,glp1,13,,0,,0
2026-Q4,OH,Amanda,glp1,2,,0,,0
2026-Q4,OH,Amelia,glp1,3,,0,,0
2026-Q4,OH,Amherst,glp1,4,,0,,0
2026-Q4,OH,Antwerp,glp1,1,,0,,0
2026-Q4,OH,Apple Creek,glp1,1,,0,,0
2026-Q4,OH,Arcanum,glp1,1,,0,,0
2026-Q4,OH,Archbold,glp1,1,,0,,0
2026-Q4,OH,Ashland,glp1,6,,0,,0
2026-Q4,OH,Ashland,trt,2,,0,,0
2026-Q4,OH,Ashtabula,glp1,13,,0,,0
2026-Q4,OH,Ashville,glp1,2,,0,,0
2026-Q4,OH,Athens,glp1,6,,0,,0
2026-Q4,OH,Athens,trt,1,,0,,0
2026-Q4,OH,Aurora,glp1,4,,0,,0
2026-Q4,OH,Avon,glp1,12,,0,,0
2026-Q4,OH,Avon,trt,2,,0,,0
2026-Q4,OH,Avon Lake,glp1,4,,0,,0
2026-Q4,OH,Avon Lake,trt,1,,0,,0
2026-Q4,OH,Baltimore,glp1,2,,0,,0
2026-Q4,OH,Barberton,glp1,9,,0,,0
2026-Q4,OH,Barberton,trt,4,,0,,0
2026-Q4,OH,Batavia,glp1,9,,0,,0
2026-Q4,OH,Beachwood,glp1,33,,0,,0
2026-Q4,OH,Beachwood,trt,11,,0,,0
2026-Q4,OH,Bedford,glp1,7,,0,,0
2026-Q4,OH,Bedford,trt,3,,0,,0
2026-Q4,OH,Bellaire,glp1,1,,0,,0
2026-Q4,OH,Bellbrook,glp1,3,,0,,0
2026-Q4,OH,Bellefontaine,glp1,7,,0,,0
2026-Q4,OH,Bellevue,glp1,2,,0,,0
2026-Q4,OH,Bellville,glp1,1,,0,,0
2026-Q4,OH,Belmont,glp1,1,,0,,0
2026-Q4,OH,Beloit,glp1,1,,0,,0
2026-Q4,OH,Beloit,trt,1,,0,,0
2026-Q4,OH,Belpre,glp1,10,,0,,0
2026-Q4,OH,Belpre,trt,2,,0,,0
2026-Q4,OH,Berea,glp1,3,,0,,0
2026-Q4,OH,Bergholz,glp1,1,,0,,0
2026-Q4,OH,Berlin,glp1,1,,0,,0
2026-Q4,OH,Berlin Heights,glp1,1,,0,,0
2026-Q4,OH,Blacklick,glp1,2,,0,,0
2026-Q4,OH,Blanchester,glp1,3,,0,,0
2026-Q4,OH,Bluffton,glp1,1,,0,,0
2026-Q4,OH,Bowling Green,glp1,15,,0,,0
2026-Q4,OH,Brecksville,glp1,1,,0,,0
2026-Q4,OH,Broadview Heights,glp1,10,,0,,0
2026-Q4,OH,Brookfield,glp1,1,,0,,0
2026-Q4,OH,Brookpark,glp1,1,,0,,0
2026-Q4,OH,Brunswick,glp1,3,,0,,0
2026-Q4,OH,Bryan,glp1,7,,0,,0
2026-Q4,OH,Buckeye Lake,glp1,1,,0,,0
2026-Q4,OH,Bucyrus,glp1,4,,0,,0
2026-Q4,OH,Byesville,glp1,1,,0,,0
2026-Q4,OH,Cadiz,glp1,1,,0,,0
2026-Q4,OH,Caldwell,glp1,2,,0,,0
2026-Q4,OH,Cambridge,glp1,8,,0,,0
2026-Q4,OH,Camden,glp1,1,,0,,0
2026-Q4,OH,Campbell,glp1,2,,0,,0
2026-Q4,OH,Canal Fulton,glp1,1,,0,,0
2026-Q4,OH,Canal Winchester,glp1,10,,0,,0
2026-Q4,OH,Canfield,glp1,10,,0,,0
2026-Q4,OH,Canfield,trt,1,,0,,0
2026-Q4,OH,Canton,glp1,56,,0,,0
2026-Q4,OH,Canton,trt,8,,0,,0
2026-Q4,OH,Carey,glp1,1,,0,,0
2026-Q4,OH,Castalia,glp1,1,,0,,0
2026-Q4,OH,Celina,glp1,9,,0,,0
2026-Q4,OH,Centerburg,glp1,1,,0,,0
2026-Q4,OH,Chagrin Falls,glp1,6,,0,,0
2026-Q4,OH,Chagrin Falls,trt,2,,0,,0
2026-Q4,OH,Chardon,glp1,13,,0,,0
2026-Q4,OH,Chardon,trt,1,,0,,0
2026-Q4,OH,Chesterland,glp1,3,,0,,0
2026-Q4,OH,Chesterland,trt,1,,0,,0
2026-Q4,OH,Chillicothe,glp1,32,,0,,0
2026-Q4,OH,Chillicothe,trt,3,,0,,0
2026-Q4,OH,Cincinnati,glp1,274,,0,,0
2026-Q4,OH,Cincinnati,trt,60,,0,,0
2026-Q4,OH,Circleville,glp1,6,,0,,0
2026-Q4,OH,Circleville,trt,1,,0,,0
2026-Q4,OH,Clayton,glp1,3,,0,,0
2026-Q4,OH,Cleveland,glp1,172,,0,,0
2026-Q4,OH,Cleveland,trt,45,,0,,0
2026-Q4,OH,Clyde,glp1,6,,0,,0
2026-Q4,OH,Coldwater,glp1,6,,0,,0
2026-Q4,OH,Columbiana,glp1,6,,0,,0
2026-Q4,OH,Columbus,glp1,228,,0,,0
2026-Q4,OH,Columbus,pharmacy,1,,0,,0
2026-Q4,OH,Columbus,trt,36,,0,,0
2026-Q4,OH,Columbus Grove,glp1,1,,0,,0
2026-Q4,OH,Conneaut,glp1,4,,0,,0
2026-Q4,OH,Continental,glp1,1,,0,,0
2026-Q4,OH,Coolville,glp1,1,,0,,0
2026-Q4,OH,Cortland,glp1,5,,0,,0
2026-Q4,OH,Cortland,trt,2,,0,,0
2026-Q4,OH,Coshocton,glp1,8,,0,,0
2026-Q4,OH,Crooksville,glp1,1,,0,,0
2026-Q4,OH,Cuyahoga Falls,glp1,18,,0,,0
2026-Q4,OH,Cuyahoga Falls,trt,2,,0,,0
2026-Q4,OH,Dayton,glp1,133,,0,,0
2026-Q4,OH,Dayton,trt,21,,0,,0
2026-Q4,OH,Defiance,glp1,9,,0,,0
2026-Q4,OH,Delaware,glp1,8,,0,,0
2026-Q4,OH,Delphos,glp1,2,,0,,0
2026-Q4,OH,Dennison,glp1,2,,0,,0
2026-Q4,OH,Deshler,glp1,1,,0,,0
2026-Q4,OH,Dover,glp1,11,,0,,0
2026-Q4,OH,Doylestown,glp1,1,,0,,0
2026-Q4,OH,Dresden,glp1,4,,0,,0
2026-Q4,OH,Dublin,glp1,33,,0,,0
2026-Q4,OH,Dublin,trt,7,,0,,0
2026-Q4,OH,Dundee,glp1,1,,0,,0
2026-Q4,OH,East Liverpool,glp1,19,,0,,0
2026-Q4,OH,East Liverpool,trt,1,,0,,0
2026-Q4,OH,Eastlake,glp1,1,,0,,0
2026-Q4,OH,Eaton,glp1,5,,0,,0
2026-Q4,OH,Elyria,glp1,13,,0,,0
2026-Q4,OH,Elyria,trt,3,,0,,0
2026-Q4,OH,Englewood,glp1,5,,0,,0
2026-Q4,OH,Euclid,glp1,4,,0,,0
2026-Q4,OH,Euclid,trt,1,,0,,0
2026-Q4,OH,Fairborn,glp1,8,,0,,0
2026-Q4,OH,Fairborn,trt,1,,0,,0
2026-Q4,OH,Fairfield,glp1,10,,0,,0
2026-Q4,OH,Fairfield,trt,2,,0,,0
2026-Q4,OH,Findlay,glp1,31,,0,,0
2026-Q4,OH,Findlay,trt,5,,0,,0
2026-Q4,OH,Fort Recovery,glp1,1,,0,,0
2026-Q4,OH,Fostoria,glp1,4,,0,,0
2026-Q4,OH,Franklin,glp1,13,,0,,0
2026-Q4,OH,Frazeysburg,glp1,1,,0,,0
2026-Q4,OH,Fremont,glp1,8,,0,,0
2026-Q4,OH,Galena,trt,1,,0,,0
2026-Q4,OH,Galion,glp1,3,,0,,0
2026-Q4,OH,Galion,trt,1,,0,,0
2026-Q4,OH,Gallipolis,glp1,8,,0,,0
2026-Q4,OH,Gallipolis,trt,1,,0,,0
2026-Q4,OH,Garrettsville,glp1,2,,0,,0
2026-Q4,OH,Geneva,glp1,6,,0,,0
2026-Q4,OH,Geneva,trt,1,,0,,0
2026-Q4,OH,Georgetown,glp1,3,,0,,0
2026-Q4,OH,Germantown,glp1,2,,0,,0
2026-Q4,OH,Glandorf,glp1,1,,0,,0
2026-Q4,OH,Gnadenhutten,glp1,1,,0,,0
2026-Q4,OH,Goshen,glp1,2,,0,,0
2026-Q4,OH,Granville,glp1,4,,0,,0
2026-Q4,OH,Greenfield,glp1,2,,0,,0
2026-Q4,OH,Greenville,glp1,3,,0,,0
2026-Q4,OH,Greenville,trt,1,,0,,0
2026-Q4,OH,Greenwich,glp1,1,,0,,0
2026-Q4,OH,Grove City,glp1,16,,0,,0
2026-Q4,OH,Groveport,glp1,2,,0,,0
2026-Q4,OH,Groveport,trt,1,,0,,0
2026-Q4,OH,Hamilton,glp1,29,,0,,0
2026-Q4,OH,Hamilton,trt,5,,0,,0
2026-Q4,OH,Hanoverton,glp1,1,,0,,0
2026-Q4,OH,Harrison,glp1,3,,0,,0
2026-Q4,OH,Hartville,glp1,5,,0,,0
2026-Q4,OH,Hicksville,glp1,1,,0,,0
2026-Q4,OH,Hilliard,glp1,18,,0,,0
2026-Q4,OH,Hillsboro,glp1,5,,0,,0
2026-Q4,OH,Hinckley,glp1,1,,0,,0
2026-Q4,OH,Holland,glp1,7,,0,,0
2026-Q4,OH,Hubbard,glp1,2,,0,,0
2026-Q4,OH,Hudson,glp1,11,,0,,0
2026-Q4,OH,Hudson,trt,1,,0,,0
2026-Q4,OH,Huron,glp1,3,,0,,0
2026-Q4,OH,Independence,glp1,5,,0,,0
2026-Q4,OH,Ironton,glp1,7,,0,,0
2026-Q4,OH,Jackson,glp1,4,,0,,0
2026-Q4,OH,Jackson Center,glp1,1,,0,,0
2026-Q4,OH,Jefferson,glp1,1,,0,,0
2026-Q4,OH,Johnstown,glp1,2,,0,,0
2026-Q4,OH,Kalida,glp1,1,,0,,0
2026-Q4,OH,Kelleys Island,glp1,1,,0,,0
2026-Q4,OH,Kent,glp1,4,,0,,0
2026-Q4,OH,Kenton,glp1,5,,0,,0
2026-Q4,OH,Kingsville,glp1,1,,0,,0
2026-Q4,OH,Kinsman,glp1,1,,0,,0
2026-Q4,OH,Kitts Hill,glp1,1,,0,,0
2026-Q4,OH,Lagrange,glp1,1,,0,,0
2026-Q4,OH,Lakewood,glp1,11,,0,,0
2026-Q4,OH,Lakewood,trt,3,,0,,0
2026-Q4,OH,Lancaster,glp1,32,,0,,0
2026-Q4,OH,Lancaster,trt,2,,0,,0
2026-Q4,OH,Lebanon,glp1,9,,0,,0
2026-Q4,OH,Lebanon,trt,2,,0,,0
2026-Q4,OH,Leetonia,glp1,1,,0,,0
2026-Q4,OH,Leipsic,glp1,1,,0,,0
2026-Q4,OH,Lima,glp1,45,,0,,0
2026-Q4,OH,Lima,trt,5,,0,,0
2026-Q4,OH,Lisbon,glp1,4,,0,,0
2026-Q4,OH,Logan,glp1,6,,0,,0
2026-Q4,OH,London,glp1,5,,0,,0
2026-Q4,OH,Lorain,glp1,14,,0,,0
2026-Q4,OH,Lorain,trt,2,,0,,0
2026-Q4,OH,Louisville,glp1,4,,0,,0
2026-Q4,OH,Loveland,glp1,10,,0,,0
2026-Q4,OH,Lowellville,pharmacy,1,,0,,0
2026-Q4,OH,Lynchburg,glp1,1,,0,,0
2026-Q4,OH,Lynx,glp1,1,,0,,0
2026-Q4,OH,Madison,glp1,2,,0,,0
2026-Q4,OH,Maineville,glp1,1,,0,,0
2026-Q4,OH,Manchester,glp1,1,,0,,0
2026-Q4,OH,Mansfield,glp1,28,,0,,0
2026-Q4,OH,Mansfield,trt,4,,0,,0
2026-Q4,OH,Maple Heights,glp1,2,,0,,0
2026-Q4,OH,Maria Stein,glp1,3,,0,,0
2026-Q4,OH,Marietta,glp1,19,,0,,0
2026-Q4,OH,Marietta,trt,2,,0,,0
2026-Q4,OH,Marion,glp1,17,,0,,0
2026-Q4,OH,Marion,trt,1,,0,,0
2026-Q4,OH,Martins Ferry,glp1,6,,0,,0
2026-Q4,OH,Martins Ferry,trt,3,,0,,0
2026-Q4,OH,Marysville,glp1,7,,0,,0
2026-Q4,OH,Marysville,trt,2,,0,,0
2026-Q4,OH,Mason,glp1,31,,0,,0
2026-Q4,OH,Mason,trt,3,,0,,0
2026-Q4,OH,Massillon,glp1,16,,0,,0
2026-Q4,OH,Maumee,glp1,14,,0,,0
2026-Q4,OH,Maumee,trt,2,,0,,0
2026-Q4,OH,Mc Dermott,glp1,1,,0,,0
2026-Q4,OH,McConnelsville,glp1,1,,0,,0
2026-Q4,OH,Medina,glp1,19,,0,,0
2026-Q4,OH,Medina,trt,3,,0,,0
2026-Q4,OH,Mendon,glp1,1,,0,,0
2026-Q4,OH,Mentor,glp1,20,,0,,0
2026-Q4,OH,Mentor,trt,2,,0,,0
2026-Q4,OH,Metamora,glp1,2,,0,,0
2026-Q4,OH,Miamisburg,glp1,11,,0,,0
2026-Q4,OH,Miamisburg,trt,1,,0,,0
2026-Q4,OH,Middlefield,glp1,2,,0,,0
2026-Q4,OH,Middletown,glp1,12,,0,,0
2026-Q4,OH,Milan,glp1,2,,0,,0
2026-Q4,OH,Milford,glp1,4,,0,,0
2026-Q4,OH,Milford,trt,1,,0,,0
2026-Q4,OH,Millersport,glp1,2,,0,,0
2026-Q4,OH,Minerva,glp1,2,,0,,0
2026-Q4,OH,Minster,glp1,3,,0,,0
2026-Q4,OH,Mogadore,glp1,2,,0,,0
2026-Q4,OH,Montpelier,glp1,1,,0,,0
2026-Q4,OH,Mount Gilead,glp1,1,,0,,0
2026-Q4,OH,Mount Orab,glp1,4,,0,,0
2026-Q4,OH,Mount Perry,glp1,1,,0,,0
2026-Q4,OH,Mount Sterling,glp1,1,,0,,0
2026-Q4,OH,Mount Vernon,glp1,19,,0,,0
2026-Q4,OH,Mount Vernon,trt,1,,0,,0
2026-Q4,OH,Munroe Falls,glp1,2,,0,,0
2026-Q4,OH,Napoleon,glp1,5,,0,,0
2026-Q4,OH,Nashport,glp1,1,,0,,0
2026-Q4,OH,Nelsonville,glp1,2,,0,,0
2026-Q4,OH,New Albany,glp1,4,,0,,0
2026-Q4,OH,New Bremen,glp1,2,,0,,0
2026-Q4,OH,New Carlisle,glp1,2,,0,,0
2026-Q4,OH,New Concord,glp1,5,,0,,0
2026-Q4,OH,New Lexington,glp1,5,,0,,0
2026-Q4,OH,New Middletown,glp1,1,,0,,0
2026-Q4,OH,New Philadelphia,glp1,1,,0,,0
2026-Q4,OH,New Richmond,glp1,2,,0,,0
2026-Q4,OH,New Washington,glp1,2,,0,,0
2026-Q4,OH,New Waterford,glp1,1,,0,,0
2026-Q4,OH,Newark,glp1,10,,0,,0
2026-Q4,OH,Newark,trt,5,,0,,0
2026-Q4,OH,Newbury,glp1,1,,0,,0
2026-Q4,OH,Newcomerstown,glp1,2,,0,,0
2026-Q4,OH,Newton Falls,glp1,1,,0,,0
2026-Q4,OH,Niles,glp1,6,,0,,0
2026-Q4,OH,North Canton,glp1,14,,0,,0
2026-Q4,OH,North Olmsted,glp1,3,,0,,0
2026-Q4,OH,North Ridgeville,glp1,3,,0,,0
2026-Q4,OH,North Royalton,glp1,4,,0,,0
2026-Q4,OH,North Royalton,trt,1,,0,,0
2026-Q4,OH,Norwalk,glp1,10,,0,,0
2026-Q4,OH,Norwich,glp1,1,,0,,0
2026-Q4,OH,Oak Harbor,glp1,1,,0,,0
2026-Q4,OH,Oak Hill,glp1,1,,0,,0
2026-Q4,OH,Oberlin,glp1,4,,0,,0
2026-Q4,OH,Olmsted Falls,glp1,2,,0,,0
2026-Q4,OH,Oregon,glp1,12,,0,,0
2026-Q4,OH,Orient,glp1,2,,0,,0
2026-Q4,OH,Orrville,glp1,6,,0,,0
2026-Q4,OH,Orrville,trt,1,,0,,0
2026-Q4,OH,Orwell,glp1,2,,0,,0
2026-Q4,OH,Ottawa,glp1,1,,0,,0
2026-Q4,OH,Ottoville,glp1,1,,0,,0
2026-Q4,OH,Oxford,glp1,6,,0,,0
2026-Q4,OH,Oxford,trt,1,,0,,0
2026-Q4,OH,Painesville,glp1,15,,0,,0
2026-Q4,OH,Pandora,glp1,2,,0,,0
2026-Q4,OH,Pataskala,glp1,3,,0,,0
2026-Q4,OH,Paulding,glp1,2,,0,,0
2026-Q4,OH,Peebles,glp1,2,,0,,0
2026-Q4,OH,Perry,glp1,1,,0,,0
2026-Q4,OH,Perrysburg,glp1,16,,0,,0
2026-Q4,OH,Pickerington,glp1,17,,0,,0
2026-Q4,OH,Pickerington,trt,1,,0,,0
2026-Q4,OH,Piketon,glp1,6,,0,,0
2026-Q4,OH,Piqua,glp1,6,,0,,0
2026-Q4,OH,Piqua,trt,1,,0,,0
2026-Q4,OH,Plain City,glp1,2,,0,,0
2026-Q4,OH,Pomeroy,glp1,2,,0,,0
2026-Q4,OH,Port Clinton,glp1,4,,0,,0
2026-Q4,OH,Portsmouth,glp1,12,,0,,0
2026-Q4,OH,Portsmouth,trt,1,,0,,0
2026-Q4,OH,Powell,glp1,6,,0,,0
2026-Q4,OH,Proctorville,glp1,3,,0,,0
2026-Q4,OH,Ravenna,glp1,5,,0,,0
2026-Q4,OH,Reedsville,glp1,1,,0,,0
2026-Q4,OH,Reynoldsburg,glp1,15,,0,,0
2026-Q4,OH,Reynoldsburg,trt,2,,0,,0
2026-Q4,OH,Richwood,glp1,1,,0,,0
2026-Q4,OH,Rio Grande,glp1,2,,0,,0
2026-Q4,OH,Ripley,glp1,2,,0,,0
2026-Q4,OH,Rittman,glp1,1,,0,,0
2026-Q4,OH,Rockford,glp1,1,,0,,0
2026-Q4,OH,Rocky River,glp1,3,,0,,0
2026-Q4,OH,Rootstown,glp1,4,,0,,0
2026-Q4,OH,Roseville,glp1,1,,0,,0
2026-Q4,OH,Rossford,glp1,3,,0,,0
2026-Q4,OH,Russells Point,glp1,1,,0,,0
2026-Q4,OH,Sabina,glp1,3,,0,,0
2026-Q4,OH,Saint Clairsville,glp1,10,,0,,0
2026-Q4,OH,Saint Clairsville,trt,3,,0,,0
2026-Q4,OH,Saint Henry,glp1,2,,0,,0
2026-Q4,OH,Saint Marys,glp1,7,,0,,0
2026-Q4,OH,Saint Paris,glp1,1,,0,,0
2026-Q4,OH,Salem,glp1,6,,0,,0
2026-Q4,OH,Sandusky,glp1,24,,0,,0
2026-Q4,OH,Sandusky,trt,4,,0,,0
2026-Q4,OH,Seaman,glp1,1,,0,,0
2026-Q4,OH,Sebring,glp1,2,,0,,0
2026-Q4,OH,Seville,glp1,1,,0,,0
2026-Q4,OH,Shadyside,glp1,1,,0,,0
2026-Q4,OH,Sheffield Lake,glp1,3,,0,,0
2026-Q4,OH,Shelby,glp1,3,,0,,0
2026-Q4,OH,Sidney,glp1,10,,0,,0
2026-Q4,OH,Sidney,trt,2,,0,,0
2026-Q4,OH,Solon,glp1,5,,0,,0
2026-Q4,OH,Solon,trt,1,,0,,0
2026-Q4,OH,Somerset,glp1,4,,0,,0
2026-Q4,OH,South Point,glp1,1,,0,,0
2026-Q4,OH,Spring Valley,glp1,1,,0,,0
2026-Q4,OH,Springboro,glp1,9,,0,,0
2026-Q4,OH,Springfield,glp1,27,,0,,0
2026-Q4,OH,Springfield,trt,2,,0,,0
2026-Q4,OH,Steubenville,glp1,28,,0,,0
2026-Q4,OH,Steubenville,trt,2,,0,,0
2026-Q4,OH,Stewart,glp1,1,,0,,0
2026-Q4,OH,Stow,glp1,8,,0,,0
2026-Q4,OH,Stow,trt,3,,0,,0
2026-Q4,OH,Streetsboro,glp1,6,,0,,0
2026-Q4,OH,Streetsboro,trt,1,,0,,0
2026-Q4,OH,Strongsville,glp1,7,,0,,0
2026-Q4,OH,Strongsville,trt,2,,0,,0
2026-Q4,OH,Sunbury,glp1,2,,0,,0
2026-Q4,OH,Swanton,glp1,2,,0,,0
2026-Q4,OH,Sycamore,glp1,1,,0,,0
2026-Q4,OH,Sylvania,glp1,25,,0,,0
2026-Q4,OH,Tallmadge,glp1,7,,0,,0
2026-Q4,OH,Terrace Park,glp1,1,,0,,0
2026-Q4,OH,Thornville,glp1,1,,0,,0
2026-Q4,OH,Tiffin,glp1,7,,0,,0
2026-Q4,OH,Tiffin,trt,1,,0,,0
2026-Q4,OH,Toledo,glp1,82,,0,,0
2026-Q4,OH,Toledo,trt,20,,0,,0
2026-Q4,OH,Toronto,glp1,2,,0,,0
2026-Q4,OH,Trenton,glp1,1,,0,,0
2026-Q4,OH,Troy,glp1,9,,0,,0
2026-Q4,OH,Twinsburg,glp1,10,,0,,0
2026-Q4,OH,Twinsburg,trt,1,,0,,0
2026-Q4,OH,Union City,glp1,1,,0,,0
2026-Q4,OH,Uniontown,glp1,13,,0,,0
2026-Q4,OH,Uniontown,trt,5,,0,,0
2026-Q4,OH,Upper Sandusky,glp1,2,,0,,0
2026-Q4,OH,Upper Sandusky,trt,1,,0,,0
2026-Q4,OH,Urbana,glp1,3,,0,,0
2026-Q4,OH,Van Wert,glp1,12,,0,,0
2026-Q4,OH,Vandalia,glp1,2,,0,,0
2026-Q4,OH,Wadsworth,glp1,5,,0,,0
2026-Q4,OH,Wakeman,glp1,1,,0,,0
2026-Q4,OH,Wapakoneta,glp1,5,,0,,0
2026-Q4,OH,Warren,glp1,30,,0,,0
2026-Q4,OH,Warren,trt,2,,0,,0
2026-Q4,OH,Washington Court House,glp1,9,,0,,0
2026-Q4,OH,Waterford,glp1,1,,0,,0
2026-Q4,OH,Waterville,glp1,1,,0,,0
2026-Q4,OH,Wauseon,glp1,7,,0,,0
2026-Q4,OH,Waverly,glp1,2,,0,,0
2026-Q4,OH,Waynesville,glp1,2,,0,,0
2026-Q4,OH,Wellston,glp1,1,,0,,0
2026-Q4,OH,Wellsville,glp1,1,,0,,0
2026-Q4,OH,West Chester,glp1,26,,0,,0
2026-Q4,OH,West Chester,trt,3,,0,,0
2026-Q4,OH,West Jefferson,glp1,1,,0,,0
2026-Q4,OH,West Liberty,glp1,2,,0,,0
2026-Q4,OH,West Milton,glp1,1,,0,,0
2026-Q4,OH,West Portsmouth,glp1,1,,0,,0
2026-Q4,OH,West Union,glp1,2,,0,,0
2026-Q4,OH,Westerville,glp1,50,,0,,0
2026-Q4,OH,Westerville,trt,8,,0,,0
2026-Q4,OH,Westlake,glp1,27,,0,,0
2026-Q4,OH,Westlake,trt,9,,0,,0
2026-Q4,OH,Wheelersburg,glp1,3,,0,,0
2026-Q4,OH,Wheelersburg,trt,1,,0,,0
2026-Q4,OH,Whitehouse,glp1,1,,0,,0
2026-Q4,OH,Wickliffe,glp1,1,,0,,0
2026-Q4,OH,Wickliffe,trt,1,,0,,0
2026-Q4,OH,Willard,glp1,1,,0,,0
2026-Q4,OH,Willoughby,glp1,14,,0,,0
2026-Q4,OH,Willoughby,trt,1,,0,,0
2026-Q4,OH,Wilmington,glp1,13,,0,,0
2026-Q4,OH,Winchester,glp1,1,,0,,0
2026-Q4,OH,Woodsfield,glp1,1,,0,,0
2026-Q4,OH,Woodville,glp1,2,,0,,0
2026-Q4,OH,Wooster,glp1,20,,0,,0
2026-Q4,OH,Wooster,trt,2,,0,,0
2026-Q4,OH,Xenia,glp1,1,,0,,0
2026-Q4,OH,Youngstown,glp1,62,,0,,0
2026-Q4,OH,Youngstown,trt,3,,0,,0
2026-Q4,OH,Zanesville,glp1,38,,0,,0
2026-Q4,OH,Zanesville,trt,2,,0,,0
2026-Q4,OK,Ada,glp1,25,,0,,0
2026-Q4,OK,Ada,trt,2,,0,,0
2026-Q4,OK,Altus,glp1,6,,0,,0
2026-Q4,OK,Alva,glp1,1,,0,,0
2026-Q4,OK,Arcadia,glp1,1,,0,,0
2026-Q4,OK,Ardmore,glp1,21,,0,,0
2026-Q4,OK,Ardmore,trt,1,,0,,0
2026-Q4,OK,Bartlesville,glp1,18,,0,,0
2026-Q4,OK,Bethany,glp1,4,,0,,0
2026-Q4,OK,Bethany,trt,1,,0,,0
2026-Q4,OK,Bixby,glp1,4,,0,,0
2026-Q4,OK,Blackwell,glp1,2,,0,,0
2026-Q4,OK,Blanchard,glp1,1,,0,,0
2026-Q4,OK,Bristow,glp1,4,,0,,0
2026-Q4,OK,Broken Arrow,glp1,26,,0,,0
2026-Q4,OK,Caddo,glp1,1,,0,,0
2026-Q4,OK,Calera,glp1,1,,0,,0
2026-Q4,OK,Canton,glp1,3,,0,,0
2026-Q4,OK,Catoosa,glp1,4,,0,,0
2026-Q4,OK,Chandler,glp1,2,,0,,0
2026-Q4,OK,Checotah,glp1,1,,0,,0
2026-Q4,OK,Cherokee,glp1,1,,0,,0
2026-Q4,OK,Chickasha,glp1,3,,0,,0
2026-Q4,OK,Choctaw,glp1,8,,0,,0
2026-Q4,OK,Chouteau,glp1,1,,0,,0
2026-Q4,OK,Claremore,glp1,10,,0,,0
2026-Q4,OK,Cleveland,glp1,2,,0,,0
2026-Q4,OK,Cleveland,trt,1,,0,,0
2026-Q4,OK,Clinton,glp1,2,,0,,0
2026-Q4,OK,Collinsville,glp1,4,,0,,0
2026-Q4,OK,Comanche,glp1,1,,0,,0
2026-Q4,OK,Coweta,glp1,3,,0,,0
2026-Q4,OK,Crescent,glp1,2,,0,,0
2026-Q4,OK,Cushing,glp1,7,,0,,0
2026-Q4,OK,Davis,glp1,1,,0,,0
2026-Q4,OK,Duncan,glp1,5,,0,,0
2026-Q4,OK,Duncan,trt,2,,0,,0
2026-Q4,OK,Durant,glp1,12,,0,,0
2026-Q4,OK,Durant,trt,1,,0,,0
2026-Q4,OK,Edmond,glp1,72,,0,,0
2026-Q4,OK,Edmond,pharmacy,1,,0,,0
2026-Q4,OK,Edmond,trt,4,,0,,0
2026-Q4,OK,El Reno,glp1,2,,0,,0
2026-Q4,OK,Elk City,glp1,3,,0,,0
2026-Q4,OK,Enid,glp1,19,,0,,0
2026-Q4,OK,Enid,trt,3,,0,,0
2026-Q4,OK,Fairfax,glp1,1,,0,,0
2026-Q4,OK,Fairview,glp1,1,,0,,0
2026-Q4,OK,Fort Gibson,glp1,2,,0,,0
2026-Q4,OK,Fort Sill,glp1,1,,0,,0
2026-Q4,OK,Glenpool,glp1,3,,0,,0
2026-Q4,OK,Grove,glp1,8,,0,,0
2026-Q4,OK,Guthrie,glp1,4,,0,,0
2026-Q4,OK,Harrah,glp1,2,,0,,0
2026-Q4,OK,Henryetta,glp1,6,,0,,0
2026-Q4,OK,Holdenville,glp1,2,,0,,0
2026-Q4,OK,Hominy,glp1,1,,0,,0
2026-Q4,OK,Hugo,glp1,1,,0,,0
2026-Q4,OK,Indianola,glp1,1,,0,,0
2026-Q4,OK,Jay,glp1,2,,0,,0
2026-Q4,OK,Jenks,glp1,7,,0,,0
2026-Q4,OK,Jones,glp1,1,,0,,0
2026-Q4,OK,Kansas,glp1,1,,0,,0
2026-Q4,OK,Kingfisher,glp1,6,,0,,0
2026-Q4,OK,Konawa,glp1,1,,0,,0
2026-Q4,OK,Lawton,glp1,35,,0,,0
2026-Q4,OK,Lawton,trt,2,,0,,0
2026-Q4,OK,Lindsay,glp1,3,,0,,0
2026-Q4,OK,Locust Grove,glp1,1,,0,,0
2026-Q4,OK,Lone Grove,glp1,1,,0,,0
2026-Q4,OK,Madill,glp1,1,,0,,0
2026-Q4,OK,Mannford,glp1,1,,0,,0
2026-Q4,OK,Marietta,glp1,2,,0,,0
2026-Q4,OK,Marlow,glp1,1,,0,,0
2026-Q4,OK,McAlester,glp1,6,,0,,0
2026-Q4,OK,McAlester,trt,2,,0,,0
2026-Q4,OK,Medford,glp1,2,,0,,0
2026-Q4,OK,Medicine Park,glp1,1,,0,,0
2026-Q4,OK,Miami,glp1,9,,0,,0
2026-Q4,OK,Mounds,pharmacy,1,,0,,0
2026-Q4,OK,Muskogee,glp1,21,,0,,0
2026-Q4,OK,Muskogee,trt,5,,0,,0
2026-Q4,OK,Mustang,glp1,5,,0,,0
2026-Q4,OK,Mustang,trt,1,,0,,0
2026-Q4,OK,Newcastle,glp1,3,,0,,0
2026-Q4,OK,Norman,glp1,61,,0,,0
2026-Q4,OK,Norman,trt,4,,0,,0
2026-Q4,OK,Okeene,glp1,2,,0,,0
2026-Q4,OK,Okemah,glp1,2,,0,,0
2026-Q4,OK,Oklahoma City,glp1,245,,0,,0
2026-Q4,OK,Oklahoma City,trt,45,,0,,0
2026-Q4,OK,Okmulgee,glp1,4,,0,,0
2026-Q4,OK,Owasso,glp1,16,,0,,0
2026-Q4,OK,Owasso,trt,1,,0,,0
2026-Q4,OK,Pauls Valley,glp1,2,,0,,0
2026-Q4,OK,Pawhuska,glp1,1,,0,,0
2026-Q4,OK,Perkins,glp1,1,,0,,0
2026-Q4,OK,Perry,glp1,3,,0,,0
2026-Q4,OK,Piedmont,glp1,1,,0,,0
2026-Q4,OK,Ponca City,glp1,3,,0,,0
2026-Q4,OK,Poteau,glp1,7,,0,,0
2026-Q4,OK,Pryor,glp1,6,,0,,0
2026-Q4,OK,Purcell,glp1,6,,0,,0
2026-Q4,OK,Rattan,glp1,1,,0,,0
2026-Q4,OK,Roland,glp1,2,,0,,0
2026-Q4,OK,Sallisaw,glp1,4,,0,,0
2026-Q4,OK,Sand Springs,glp1,5,,0,,0
2026-Q4,OK,Sapulpa,glp1,4,,0,,0
2026-Q4,OK,Seminole,glp1,5,,0,,0
2026-Q4,OK,Shawnee,glp1,15,,0,,0
2026-Q4,OK,Shawnee,trt,1,,0,,0
2026-Q4,OK,Spiro,glp1,1,,0,,0
2026-Q4,OK,Stigler,glp1,2,,0,,0
2026-Q4,OK,Stillwater,glp1,17,,0,,0
2026-Q4,OK,Stillwater,trt,1,,0,,0
2026-Q4,OK,Stilwell,glp1,3,,0,,0
2026-Q4,OK,Stratford,glp1,1,,0,,0
2026-Q4,OK,Stroud,glp1,3,,0,,0
2026-Q4,OK,Sulphur,glp1,1,,0,,0
2026-Q4,OK,Sulphur,trt,1,,0,,0
2026-Q4,OK,Tahlequah,glp1,8,,0,,0
2026-Q4,OK,Talihina,glp1,1,,0,,0
2026-Q4,OK,Talihina,trt,1,,0,,0
2026-Q4,OK,Tecumseh,glp1,2,,0,,0
2026-Q4,OK,Tishomingo,glp1,2,,0,,0
2026-Q4,OK,Tonkawa,glp1,1,,0,,0
2026-Q4,OK,Tulsa,glp1,206,,0,,0
2026-Q4,OK,Tulsa,trt,22,,0,,0
2026-Q4,OK,Tuttle,glp1,1,,0,,0
2026-Q4,OK,Vian,glp1,1,,0,,0
2026-Q4,OK,Vinita,glp1,4,,0,,0
2026-Q4,OK,Vinita,trt,1,,0,,0
2026-Q4,OK,Wagoner,glp1,4,,0,,0
2026-Q4,OK,Wagoner,trt,1,,0,,0
2026-Q4,OK,Watonga,glp1,2,,0,,0
2026-Q4,OK,Weatherford,glp1,2,,0,,0
2026-Q4,OK,Westville,glp1,1,,0,,0
2026-Q4,OK,Wetumka,glp1,2,,0,,0
2026-Q4,OK,Woodward,glp1,4,,0,,0
2026-Q4,OK,Woodward,trt,1,,0,,0
2026-Q4,OK,Yukon,glp1,20,,0,,0
2026-Q4,OR,Albany,glp1,5,,0,,0
2026-Q4,OR,Albany,trt,1,,0,,0
2026-Q4,OR,Ashland,glp1,7,,0,,0
2026-Q4,OR,Ashland,trt,1,,0,,0
2026-Q4,OR,Astoria,glp1,5,,0,,0
2026-Q4,OR,Astoria,trt,3,,0,,0
2026-Q4,OR,Baker City,glp1,1,,0,,0
2026-Q4,OR,Beaverton,glp1,11,,0,,0
2026-Q4,OR,Bend,glp1,17,,0,,0
2026-Q4,OR,Bend,trt,4,,0,,0
2026-Q4,OR,Boardman,glp1,1,,0,,0
2026-Q4,OR,Brookings,glp1,1,,0,,0
2026-Q4,OR,Burns,glp1,2,,0,,0
2026-Q4,OR,Canby,glp1,1,,0,,0
2026-Q4,OR,Canyonville,glp1,1,,0,,0
2026-Q4,OR,Cave Junction,glp1,1,,0,,0
2026-Q4,OR,Central Point,glp1,4,,0,,0
2026-Q4,OR,Clackamas,glp1,2,,0,,0
2026-Q4,OR,Clackamas,trt,2,,0,,0
2026-Q4,OR,Coos Bay,glp1,3,,0,,0
2026-Q4,OR,Coos Bay,trt,1,,0,,0
2026-Q4,OR,Coquille,glp1,1,,0,,0
2026-Q4,OR,Cornelius,glp1,1,,0,,0
2026-Q4,OR,Corvallis,glp1,9,,0,,0
2026-Q4,OR,Corvallis,trt,4,,0,,0
2026-Q4,OR,Cottage Grove,glp1,1,,0,,0
2026-Q4,OR,Dallas,glp1,4,,0,,0
2026-Q4,OR,Depoe Bay,trt,1,,0,,0
2026-Q4,OR,Eagle Point,glp1,1,,0,,0
2026-Q4,OR,Elgin,glp1,1,,0,,0
2026-Q4,OR,Eugene,glp1,32,,0,,0
2026-Q4,OR,Eugene,trt,6,,0,,0
2026-Q4,OR,Forest Grove,glp1,2,,0,,0
2026-Q4,OR,Gladstone,glp1,1,,0,,0
2026-Q4,OR,Glendale,glp1,1,,0,,0
2026-Q4,OR,Grand Ronde,glp1,1,,0,,0
2026-Q4,OR,Grants Pass,glp1,19,,0,,0
2026-Q4,OR,Grants Pass,trt,2,,0,,0
2026-Q4,OR,Gresham,glp1,4,,0,,0
2026-Q4,OR,Gresham,trt,2,,0,,0
2026-Q4,OR,Happy Valley,glp1,2,,0,,0
2026-Q4,OR,Hermiston,glp1,6,,0,,0
2026-Q4,OR,Hermiston,trt,2,,0,,0
2026-Q4,OR,Hillsboro,glp1,8,,0,,0
2026-Q4,OR,Hillsboro,trt,2,,0,,0
2026-Q4,OR,Hood River,glp1,3,,0,,0
2026-Q4,OR,Jefferson,glp1,1,,0,,0
2026-Q4,OR,Klamath Falls,glp1,8,,0,,0
2026-Q4,OR,Klamath Falls,trt,2,,0,,0
2026-Q4,OR,La Grande,glp1,1,,0,,0
2026-Q4,OR,La Pine,glp1,2,,0,,0
2026-Q4,OR,La Pine,trt,1,,0,,0
2026-Q4,OR,Lake Oswego,glp1,6,,0,,0
2026-Q4,OR,Lake Oswego,trt,1,,0,,0
2026-Q4,OR,Lebanon,glp1,2,,0,,0
2026-Q4,OR,Lebanon,trt,1,,0,,0
2026-Q4,OR,Lincoln City,glp1,2,,0,,0
2026-Q4,OR,Lincoln City,trt,2,,0,,0
2026-Q4,OR,Madras,glp1,1,,0,,0
2026-Q4,OR,McMinnville,glp1,9,,0,,0
2026-Q4,OR,Medford,glp1,29,,0,,0
2026-Q4,OR,Medford,trt,9,,0,,0
2026-Q4,OR,Mount Angel,glp1,1,,0,,0
2026-Q4,OR,Myrtle Creek,glp1,1,,0,,0
2026-Q4,OR,Myrtle Point,glp1,1,,0,,0
2026-Q4,OR,Newberg,glp1,2,,0,,0
2026-Q4,OR,Newport,glp1,2,,0,,0
2026-Q4,OR,Newport,trt,1,,0,,0
2026-Q4,OR,Nyssa,glp1,1,,0,,0
2026-Q4,OR,Ontario,glp1,6,,0,,0
2026-Q4,OR,Oregon City,glp1,4,,0,,0
2026-Q4,OR,Portland,glp1,86,,0,,0
2026-Q4,OR,Portland,trt,36,,0,,0
2026-Q4,OR,Redmond,glp1,1,,0,,0
2026-Q4,OR,Roseburg,glp1,19,,0,,0
2026-Q4,OR,Roseburg,trt,3,,0,,0
2026-Q4,OR,Salem,glp1,22,,0,,0
2026-Q4,OR,Salem,trt,5,,0,,0
2026-Q4,OR,Sherwood,glp1,1,,0,,0
2026-Q4,OR,Siletz,trt,1,,0,,0
2026-Q4,OR,Silverton,glp1,2,,0,,0
2026-Q4,OR,Sisters,glp1,1,,0,,0
2026-Q4,OR,Springfield,glp1,16,,0,,0
2026-Q4,OR,Springfield,trt,2,,0,,0
2026-Q4,OR,Stayton,glp1,3,,0,,0
2026-Q4,OR,Sweet Home,glp1,1,,0,,0
2026-Q4,OR,Talent,glp1,2,,0,,0
2026-Q4,OR,The Dalles,glp1,3,,0,,0
2026-Q4,OR,Troutdale,glp1,1,,0,,0
2026-Q4,OR,Tualatin,glp1,10,,0,,0
2026-Q4,OR,Tualatin,trt,2,,0,,0
2026-Q4,OR,Waldport,glp1,1,,0,,0
2026-Q4,OR,Warm Springs,glp1,1,,0,,0
2026-Q4,OR,Warrenton,glp1,1,,0,,0
2026-Q4,OR,West Linn,glp1,8,,0,,0
2026-Q4,OR,White City,glp1,5,,0,,0
2026-Q4,OR,Wilsonville,glp1,1,,0,,0
2026-Q4,OR,Winston,glp1,1,,0,,0
2026-Q4,PA,Abington,glp1,15,,0,,0
2026-Q4,PA,Akron,glp1,1,,0,,0
2026-Q4,PA,Albion,glp1,1,,0,,0
2026-Q4,PA,Albrightsville,glp1,1,,0,,0
2026-Q4,PA,Alexandria,glp1,1,,0,,0
2026-Q4,PA,Aliquippa,glp1,10,,0,,0
2026-Q4,PA,Allentown,glp1,77,,0,,0
2026-Q4,PA,Allentown,pharmacy,2,,0,,0
2026-Q4,PA,Allentown,trt,10,,0,,0
2026-Q4,PA,Allison Park,glp1,4,,0,,0
2026-Q4,PA,Altoona,glp1,38,,0,,0
2026-Q4,PA,Altoona,trt,5,,0,,0
2026-Q4,PA,Ambler,glp1,8,,0,,0
2026-Q4,PA,Ambler,trt,2,,0,,0
2026-Q4,PA,Ambridge,glp1,3,,0,,0
2026-Q4,PA,Annville,glp1,3,,0,,0
2026-Q4,PA,Ardmore,glp1,1,,0,,0
2026-Q4,PA,Ardmore,trt,1,,0,,0
2026-Q4,PA,Ashland,glp1,3,,0,,0
2026-Q4,PA,Aston,glp1,6,,0,,0
2026-Q4,PA,Aston,trt,2,,0,,0
2026-Q4,PA,Atlasburg,glp1,1,,0,,0
2026-Q4,PA,Baden,glp1,1,,0,,0
2026-Q4,PA,Bala Cynwyd,glp1,15,,0,,0
2026-Q4,PA,Bala Cynwyd,trt,1,,0,,0
2026-Q4,PA,Bangor,glp1,1,,0,,0
2026-Q4,PA,Bartonsville,glp1,3,,0,,0
2026-Q4,PA,Beaver,glp1,10,,0,,0
2026-Q4,PA,Beaver,trt,5,,0,,0
2026-Q4,PA,Beaver Falls,glp1,9,,0,,0
2026-Q4,PA,Bedford,glp1,3,,0,,0
2026-Q4,PA,Belle Vernon,glp1,8,,0,,0
2026-Q4,PA,Bellefonte,glp1,4,,0,,0
2026-Q4,PA,Bensalem,glp1,15,,0,,0
2026-Q4,PA,Bensalem,trt,3,,0,,0
2026-Q4,PA,Bentleyville,glp1,2,,0,,0
2026-Q4,PA,Berwick,glp1,4,,0,,0
2026-Q4,PA,Berwick,trt,1,,0,,0
2026-Q4,PA,Berwyn,glp1,3,,0,,0
2026-Q4,PA,Berwyn,trt,3,,0,,0
2026-Q4,PA,Bethel Park,glp1,17,,0,,0
2026-Q4,PA,Bethel Park,trt,4,,0,,0
2026-Q4,PA,Bethlehem,glp1,45,,0,,0
2026-Q4,PA,Bethlehem,trt,11,,0,,0
2026-Q4,PA,Birdsboro,glp1,2,,0,,0
2026-Q4,PA,Blairsville,glp1,3,,0,,0
2026-Q4,PA,Blakeslee,glp1,1,,0,,0
2026-Q4,PA,Blandon,glp1,1,,0,,0
2026-Q4,PA,Bloomsburg,glp1,6,,0,,0
2026-Q4,PA,Blossburg,glp1,1,,0,,0
2026-Q4,PA,Blue Bell,glp1,9,,0,,0
2026-Q4,PA,Boiling Springs,glp1,1,,0,,0
2026-Q4,PA,Bolivar,glp1,2,,0,,0
2026-Q4,PA,Boswell,glp1,1,,0,,0
2026-Q4,PA,Boyertown,glp1,2,,0,,0
2026-Q4,PA,Bradford,glp1,4,,0,,0
2026-Q4,PA,Bridgeport,glp1,1,,0,,0
2026-Q4,PA,Bridgeville,glp1,3,,0,,0
2026-Q4,PA,Bristol,glp1,6,,0,,0
2026-Q4,PA,Broad Top,glp1,2,,0,,0
2026-Q4,PA,Brockway,glp1,1,,0,,0
2026-Q4,PA,Brodheadsville,glp1,3,,0,,0
2026-Q4,PA,Brodheadsville,trt,1,,0,,0
2026-Q4,PA,Brookhaven,glp1,2,,0,,0
2026-Q4,PA,Brookville,glp1,4,,0,,0
2026-Q4,PA,Brookville,trt,3,,0,,0
2026-Q4,PA,Broomall,glp1,15,,0,,0
2026-Q4,PA,Brownstown,glp1,1,,0,,0
2026-Q4,PA,Bryn Mawr,glp1,23,,0,,0
2026-Q4,PA,Bryn Mawr,trt,6,,0,,0
2026-Q4,PA,Buckingham,glp1,1,,0,,0
2026-Q4,PA,Burgettstown,glp1,3,,0,,0
2026-Q4,PA,Butler,glp1,37,,0,,0
2026-Q4,PA,Butler,trt,2,,0,,0
2026-Q4,PA,California,glp1,2,,0,,0
2026-Q4,PA,Cambridge Springs,glp1,1,,0,,0
2026-Q4,PA,Camp Hill,glp1,21,,0,,0
2026-Q4,PA,Camp Hill,trt,9,,0,,0
2026-Q4,PA,Canonsburg,glp1,21,,0,,0
2026-Q4,PA,Canonsburg,trt,2,,0,,0
2026-Q4,PA,Canton,glp1,1,,0,,0
2026-Q4,PA,Carbondale,glp1,8,,0,,0
2026-Q4,PA,Carlisle,glp1,13,,0,,0
2026-Q4,PA,Carlisle,trt,1,,0,,0
2026-Q4,PA,Carmichaels,glp1,2,,0,,0
2026-Q4,PA,Carnegie,glp1,4,,0,,0
2026-Q4,PA,Carnegie,trt,1,,0,,0
2026-Q4,PA,Catasauqua,glp1,2,,0,,0
2026-Q4,PA,Center Valley,glp1,5,,0,,0
2026-Q4,PA,Center Valley,trt,4,,0,,0
2026-Q4,PA,Chadds Ford,glp1,1,,0,,0
2026-Q4,PA,Chadds Ford,trt,3,,0,,0
2026-Q4,PA,Chalfont,glp1,3,,0,,0
2026-Q4,PA,Chambersburg,glp1,13,,0,,0
2026-Q4,PA,Chambersburg,trt,4,,0,,0
2026-Q4,PA,Charleroi,glp1,4,,0,,0
2026-Q4,PA,Chester,glp1,12,,0,,0
2026-Q4,PA,Chester,trt,4,,0,,0
2026-Q4,PA,Chester Springs,glp1,1,,0,,0
2026-Q4,PA,Cheswick,glp1,2,,0,,0
2026-Q4,PA,Chicora,glp1,2,,0,,0
2026-Q4,PA,Christiana,glp1,2,,0,,0
2026-Q4,PA,Clairton,glp1,16,,0,,0
2026-Q4,PA,Clairton,trt,2,,0,,0
2026-Q4,PA,Clarion,glp1,13,,0,,0
2026-Q4,PA,Clarion,trt,1,,0,,0
2026-Q4,PA,Clarks Summit,glp1,15,,0,,0
2026-Q4,PA,Claysburg,glp1,1,,0,,0
2026-Q4,PA,Claysville,glp1,4,,0,,0
2026-Q4,PA,Clearfield,glp1,6,,0,,0
2026-Q4,PA,Clifton Heights,glp1,4,,0,,0
2026-Q4,PA,Clintonville,glp1,1,,0,,0
2026-Q4,PA,Coal Center,glp1,1,,0,,0
2026-Q4,PA,Coal Township,glp1,1,,0,,0
2026-Q4,PA,Coalport,glp1,2,,0,,0
2026-Q4,PA,Coatesville,glp1,5,,0,,0
2026-Q4,PA,Coatesville,trt,1,,0,,0
2026-Q4,PA,Cochranton,glp1,4,,0,,0
2026-Q4,PA,Codorus,glp1,2,,0,,0
2026-Q4,PA,Cokeburg,glp1,1,,0,,0
2026-Q4,PA,Collegeville,glp1,13,,0,,0
2026-Q4,PA,Collegeville,trt,6,,0,,0
2026-Q4,PA,Conneaut Lake,glp1,6,,0,,0
2026-Q4,PA,Connellsville,glp1,6,,0,,0
2026-Q4,PA,Conshohocken,glp1,2,,0,,0
2026-Q4,PA,Coopersburg,glp1,3,,0,,0
2026-Q4,PA,Coraopolis,glp1,12,,0,,0
2026-Q4,PA,Corry,glp1,1,,0,,0
2026-Q4,PA,Coudersport,glp1,2,,0,,0
2026-Q4,PA,Coudersport,trt,1,,0,,0
2026-Q4,PA,Cowansville,glp1,2,,0,,0
2026-Q4,PA,Cranberry,glp1,1,,0,,0
2026-Q4,PA,Cranberry Township,glp1,17,,0,,0
2026-Q4,PA,Cranberry Township,trt,4,,0,,0
2026-Q4,PA,Cresson,glp1,3,,0,,0
2026-Q4,PA,Crum Lynne,glp1,5,,0,,0
2026-Q4,PA,Curwensville,glp1,3,,0,,0
2026-Q4,PA,Dallastown,glp1,2,,0,,0
2026-Q4,PA,Danville,glp1,5,,0,,0
2026-Q4,PA,Danville,trt,2,,0,,0
2026-Q4,PA,Darby,glp1,16,,0,,0
2026-Q4,PA,Darby,trt,5,,0,,0
2026-Q4,PA,Dauphin,glp1,2,,0,,0
2026-Q4,PA,Davidsville,glp1,1,,0,,0
2026-Q4,PA,Delmont,glp1,2,,0,,0
2026-Q4,PA,Delta,glp1,1,,0,,0
2026-Q4,PA,Devon,glp1,2,,0,,0
2026-Q4,PA,Devon,trt,1,,0,,0
2026-Q4,PA,Dillsburg,glp1,2,,0,,0
2026-Q4,PA,Dingmans Ferry,glp1,2,,0,,0
2026-Q4,PA,Douglassville,glp1,2,,0,,0
2026-Q4,PA,Dover,glp1,2,,0,,0
2026-Q4,PA,Downingtown,glp1,9,,0,,0
2026-Q4,PA,Doylestown,glp1,25,,0,,0
2026-Q4,PA,Doylestown,trt,5,,0,,0
2026-Q4,PA,Dresher,glp1,1,,0,,0
2026-Q4,PA,Drexel Hill,glp1,7,,0,,0
2026-Q4,PA,Drums,glp1,1,,0,,0
2026-Q4,PA,Du Bois,glp1,32,,0,,0
2026-Q4,PA,Du Bois,trt,5,,0,,0
2026-Q4,PA,Dublin,glp1,3,,0,,0
2026-Q4,PA,Dunbar,glp1,1,,0,,0
2026-Q4,PA,Duncansville,glp1,1,,0,,0
2026-Q4,PA,Duncansville,trt,1,,0,,0
2026-Q4,PA,Duryea,glp1,1,,0,,0
2026-Q4,PA,East Berlin,glp1,2,,0,,0
2026-Q4,PA,East Petersburg,glp1,1,,0,,0
2026-Q4,PA,East Stroudsburg,glp1,12,,0,,0
2026-Q4,PA,East Stroudsburg,trt,3,,0,,0
2026-Q4,PA,Easton,glp1,22,,0,,0
2026-Q4,PA,Easton,trt,4,,0,,0
2026-Q4,PA,Ebensburg,glp1,7,,0,,0
2026-Q4,PA,Elderton,glp1,3,,0,,0
2026-Q4,PA,Elizabeth,glp1,1,,0,,0
2026-Q4,PA,Elizabethtown,glp1,2,,0,,0
2026-Q4,PA,Elizabethville,glp1,1,,0,,0
2026-Q4,PA,Elkins Park,glp1,16,,0,,0
2026-Q4,PA,Elkins Park,trt,6,,0,,0
2026-Q4,PA,Elkland,glp1,1,,0,,0
2026-Q4,PA,Ellwood City,glp1,3,,0,,0
2026-Q4,PA,Elverson,glp1,1,,0,,0
2026-Q4,PA,Emporium,glp1,3,,0,,0
2026-Q4,PA,Enola,glp1,6,,0,,0
2026-Q4,PA,Enola,trt,1,,0,,0
2026-Q4,PA,Ephrata,glp1,1,,0,,0
2026-Q4,PA,Erie,glp1,78,,0,,0
2026-Q4,PA,Erie,trt,14,,0,,0
2026-Q4,PA,Evans City,glp1,2,,0,,0
2026-Q4,PA,Everett,glp1,3,,0,,0
2026-Q4,PA,Everett,trt,2,,0,,0
2026-Q4,PA,Exton,glp1,17,,0,,0
2026-Q4,PA,Exton,pharmacy,2,,0,,0
2026-Q4,PA,Fairless Hills,glp1,5,,0,,0
2026-Q4,PA,Fairless Hills,trt,1,,0,,0
2026-Q4,PA,Fairmount City,glp1,2,,0,,0
2026-Q4,PA,Fairview,glp1,1,,0,,0
2026-Q4,PA,Farmington,glp1,2,,0,,0
2026-Q4,PA,Farrell,glp1,2,,0,,0
2026-Q4,PA,Fayetteville,glp1,1,,0,,0
2026-Q4,PA,Feasterville Trevose,glp1,16,,0,,0
2026-Q4,PA,Feasterville Trevose,trt,3,,0,,0
2026-Q4,PA,Finleyville,glp1,1,,0,,0
2026-Q4,PA,Fleetwood,glp1,1,,0,,0
2026-Q4,PA,Flourtown,glp1,4,,0,,0
2026-Q4,PA,Fogelsville,glp1,1,,0,,0
2026-Q4,PA,Folcroft,pharmacy,1,,0,,0
2026-Q4,PA,Folsom,glp1,2,,0,,0
2026-Q4,PA,Ford City,glp1,3,,0,,0
2026-Q4,PA,Forest City,glp1,1,,0,,0
2026-Q4,PA,Fort Washington,glp1,2,,0,,0
2026-Q4,PA,Fort Washington,trt,2,,0,,0
2026-Q4,PA,Fountainville,glp1,3,,0,,0
2026-Q4,PA,Frackville,glp1,2,,0,,0
2026-Q4,PA,Franklin,glp1,5,,0,,0
2026-Q4,PA,Fredericksburg,trt,1,,0,,0
2026-Q4,PA,Fredericktown,glp1,2,,0,,0
2026-Q4,PA,Furlong,glp1,3,,0,,0
2026-Q4,PA,Garnet Valley,glp1,2,,0,,0
2026-Q4,PA,Gettysburg,glp1,11,,0,,0
2026-Q4,PA,Gettysburg,trt,4,,0,,0
2026-Q4,PA,Gibsonia,glp1,3,,0,,0
2026-Q4,PA,Gilbert,glp1,1,,0,,0
2026-Q4,PA,Gilbertsville,glp1,1,,0,,0
2026-Q4,PA,Girard,glp1,1,,0,,0
2026-Q4,PA,Glen Mills,glp1,8,,0,,0
2026-Q4,PA,Glenside,glp1,7,,0,,0
2026-Q4,PA,Greencastle,glp1,3,,0,,0
2026-Q4,PA,Greensboro,glp1,1,,0,,0
2026-Q4,PA,Greensburg,glp1,24,,0,,0
2026-Q4,PA,Greensburg,trt,2,,0,,0
2026-Q4,PA,Greenville,glp1,2,,0,,0
2026-Q4,PA,Grove City,glp1,5,,0,,0
2026-Q4,PA,Gwynedd Valley,trt,1,,0,,0
2026-Q4,PA,Halifax,glp1,1,,0,,0
2026-Q4,PA,Hallstead,glp1,3,,0,,0
2026-Q4,PA,Hamburg,glp1,2,,0,,0
2026-Q4,PA,Hamburg,trt,1,,0,,0
2026-Q4,PA,Hamlin,glp1,1,,0,,0
2026-Q4,PA,Hanover,glp1,23,,0,,0
2026-Q4,PA,Hanover,trt,3,,0,,0
2026-Q4,PA,Harleysville,glp1,3,,0,,0
2026-Q4,PA,Harleysville,trt,1,,0,,0
2026-Q4,PA,Harmony,glp1,2,,0,,0
2026-Q4,PA,Harrisburg,glp1,44,,0,,0
2026-Q4,PA,Harrisburg,trt,5,,0,,0
2026-Q4,PA,Harrison City,glp1,1,,0,,0
2026-Q4,PA,Harrisville,glp1,1,,0,,0
2026-Q4,PA,Hastings,glp1,1,,0,,0
2026-Q4,PA,Hatboro,glp1,2,,0,,0
2026-Q4,PA,Hatfield,glp1,5,,0,,0
2026-Q4,PA,Haverford,glp1,1,,0,,0
2026-Q4,PA,Haverford,trt,1,,0,,0
2026-Q4,PA,Havertown,glp1,5,,0,,0
2026-Q4,PA,Hawley,glp1,5,,0,,0
2026-Q4,PA,Hazleton,glp1,17,,0,,0
2026-Q4,PA,Hazleton,trt,4,,0,,0
2026-Q4,PA,Hellertown,glp1,1,,0,,0
2026-Q4,PA,Hermitage,glp1,17,,0,,0
2026-Q4,PA,Hermitage,trt,1,,0,,0
2026-Q4,PA,Herndon,glp1,1,,0,,0
2026-Q4,PA,Hershey,glp1,8,,0,,0
2026-Q4,PA,Hershey,trt,4,,0,,0
2026-Q4,PA,Hollidaysburg,glp1,3,,0,,0
2026-Q4,PA,Hollsopple,glp1,2,,0,,0
2026-Q4,PA,Homer City,glp1,2,,0,,0
2026-Q4,PA,Homestead,glp1,4,,0,,0
2026-Q4,PA,Honesdale,glp1,13,,0,,0
2026-Q4,PA,Honey Brook,glp1,1,,0,,0
2026-Q4,PA,Hopwood,glp1,1,,0,,0
2026-Q4,PA,Horsham,glp1,11,,0,,0
2026-Q4,PA,Horsham,trt,3,,0,,0
2026-Q4,PA,Houtzdale,glp1,1,,0,,0
2026-Q4,PA,Howard,glp1,1,,0,,0
2026-Q4,PA,Hughesville,glp1,2,,0,,0
2026-Q4,PA,Hummelstown,glp1,2,,0,,0
2026-Q4,PA,Huntingdon,glp1,9,,0,,0
2026-Q4,PA,Huntingdon,trt,1,,0,,0
2026-Q4,PA,Huntingdon Valley,glp1,12,,0,,0
2026-Q4,PA,Huntingdon Valley,trt,1,,0,,0
2026-Q4,PA,Hyndman,glp1,1,,0,,0
2026-Q4,PA,Imperial,glp1,1,,0,,0
2026-Q4,PA,Indiana,glp1,22,,0,,0
2026-Q4,PA,Indiana,trt,2,,0,,0
2026-Q4,PA,Irwin,glp1,17,,0,,0
2026-Q4,PA,Irwin,trt,2,,0,,0
2026-Q4,PA,Jeannette,glp1,5,,0,,0
2026-Q4,PA,Jenkintown,glp1,24,,0,,0
2026-Q4,PA,Jenkintown,trt,1,,0,,0
2026-Q4,PA,Jennerstown,glp1,1,,0,,0
2026-Q4,PA,Jermyn,glp1,4,,0,,0
2026-Q4,PA,Jersey Shore,glp1,1,,0,,0
2026-Q4,PA,Jessup,glp1,2,,0,,0
2026-Q4,PA,Jim Thorpe,glp1,1,,0,,0
2026-Q4,PA,Jim Thorpe,trt,1,,0,,0
2026-Q4,PA,Johnsonburg,glp1,1,,0,,0
2026-Q4,PA,Johnstown,glp1,50,,0,,0
2026-Q4,PA,Johnstown,trt,2,,0,,0
2026-Q4,PA,Kane,glp1,2,,0,,0
2026-Q4,PA,Kennett Square,glp1,4,,0,,0
2026-Q4,PA,Kimberton,glp1,1,,0,,0
2026-Q4,PA,King Of Prussia,glp1,14,,0,,0
2026-Q4,PA,King Of Prussia,trt,1,,0,,0
2026-Q4,PA,Kingston,glp1,16,,0,,0
2026-Q4,PA,Kingston,trt,2,,0,,0
2026-Q4,PA,Kittanning,glp1,8,,0,,0
2026-Q4,PA,Kittanning,trt,3,,0,,0
2026-Q4,PA,Kutztown,trt,1,,0,,0
2026-Q4,PA,La Belle,glp1,1,,0,,0
2026-Q4,PA,Lake Ariel,glp1,3,,0,,0
2026-Q4,PA,Lakeville,glp1,1,,0,,0
2026-Q4,PA,Lancaster,glp1,43,,0,,0
2026-Q4,PA,Lancaster,trt,9,,0,,0
2026-Q4,PA,Langhorne,glp1,35,,0,,0
2026-Q4,PA,Langhorne,trt,8,,0,,0
2026-Q4,PA,Lansdale,glp1,23,,0,,0
2026-Q4,PA,Lansdale,trt,4,,0,,0
2026-Q4,PA,Lansdowne,glp1,5,,0,,0
2026-Q4,PA,Latrobe,glp1,4,,0,,0
2026-Q4,PA,Laurys Station,glp1,1,,0,,0
2026-Q4,PA,Lawrenceville,glp1,1,,0,,0
2026-Q4,PA,Lebanon,glp1,19,,0,,0
2026-Q4,PA,Lebanon,trt,4,,0,,0
2026-Q4,PA,Lederach,glp1,2,,0,,0
2026-Q4,PA,Leechburg,glp1,2,,0,,0
2026-Q4,PA,Leesport,glp1,1,,0,,0
2026-Q4,PA,Leesport,trt,1,,0,,0
2026-Q4,PA,Leetsdale,glp1,1,,0,,0
2026-Q4,PA,Lehighton,glp1,7,,0,,0
2026-Q4,PA,Lehighton,trt,1,,0,,0
2026-Q4,PA,Lemoyne,glp1,4,,0,,0
2026-Q4,PA,Lemoyne,trt,2,,0,,0
2026-Q4,PA,Levittown,glp1,14,,0,,0
2026-Q4,PA,Lewisberry,glp1,1,,0,,0
2026-Q4,PA,Lewisburg,glp1,17,,0,,0
2026-Q4,PA,Lewisburg,trt,2,,0,,0
2026-Q4,PA,Lewistown,glp1,4,,0,,0
2026-Q4,PA,Ligonier,glp1,2,,0,,0
2026-Q4,PA,Linesville,glp1,1,,0,,0
2026-Q4,PA,Lititz,glp1,6,,0,,0
2026-Q4,PA,Lititz,trt,3,,0,,0
2026-Q4,PA,Lock Haven,glp1,11,,0,,0
2026-Q4,PA,Lock Haven,trt,1,,0,,0
2026-Q4,PA,Loysburg,glp1,2,,0,,0
2026-Q4,PA,Loysville,glp1,1,,0,,0
2026-Q4,PA,Lykens,glp1,1,,0,,0
2026-Q4,PA,Macungie,glp1,1,,0,,0
2026-Q4,PA,Macungie,trt,1,,0,,0
2026-Q4,PA,Mahanoy City,trt,1,,0,,0
2026-Q4,PA,Malvern,glp1,4,,0,,0
2026-Q4,PA,Malvern,trt,1,,0,,0
2026-Q4,PA,Mansfield,glp1,2,,0,,0
2026-Q4,PA,Marcus Hook,glp1,2,,0,,0
2026-Q4,PA,Marion Center,glp1,1,,0,,0
2026-Q4,PA,Mars,glp1,11,,0,,0
2026-Q4,PA,Matamoras,glp1,1,,0,,0
2026-Q4,PA,Mayport,glp1,1,,0,,0
2026-Q4,PA,Mc Connellsburg,glp1,3,,0,,0
2026-Q4,PA,Mc Donald,glp1,1,,0,,0
2026-Q4,PA,Mc Kees Rocks,glp1,9,,0,,0
2026-Q4,PA,McKeesport,glp1,5,,0,,0
2026-Q4,PA,McKeesport,trt,2,,0,,0
2026-Q4,PA,Meadville,glp1,19,,0,,0
2026-Q4,PA,Meadville,trt,5,,0,,0
2026-Q4,PA,Mechanicsburg,glp1,11,,0,,0
2026-Q4,PA,Mechanicsburg,trt,2,,0,,0
2026-Q4,PA,Media,glp1,17,,0,,0
2026-Q4,PA,Media,trt,4,,0,,0
2026-Q4,PA,Mercer,glp1,3,,0,,0
2026-Q4,PA,Meyersdale,glp1,3,,0,,0
2026-Q4,PA,Middleburg,glp1,4,,0,,0
2026-Q4,PA,Middletown,glp1,2,,0,,0
2026-Q4,PA,Midland,glp1,2,,0,,0
2026-Q4,PA,Mifflinburg,glp1,2,,0,,0
2026-Q4,PA,Mifflintown,glp1,3,,0,,0
2026-Q4,PA,Milford,glp1,2,,0,,0
2026-Q4,PA,Mill Hall,glp1,1,,0,,0
2026-Q4,PA,Millersburg,glp1,3,,0,,0
2026-Q4,PA,Millville,glp1,1,,0,,0
2026-Q4,PA,Milton,glp1,2,,0,,0
2026-Q4,PA,Minersville,glp1,2,,0,,0
2026-Q4,PA,Mohnton,glp1,1,,0,,0
2026-Q4,PA,Monaca,glp1,9,,0,,0
2026-Q4,PA,Monongahela,glp1,11,,0,,0
2026-Q4,PA,Monongahela,trt,4,,0,,0
2026-Q4,PA,Monroeville,glp1,30,,0,,0
2026-Q4,PA,Monroeville,trt,2,,0,,0
2026-Q4,PA,Montgomeryville,glp1,1,,0,,0
2026-Q4,PA,Montoursville,glp1,4,,0,,0
2026-Q4,PA,Montrose,glp1,4,,0,,0
2026-Q4,PA,Moosic,glp1,2,,0,,0
2026-Q4,PA,Morrisville,glp1,25,,0,,0
2026-Q4,PA,Morrisville,trt,2,,0,,0
2026-Q4,PA,Moscow,glp1,1,,0,,0
2026-Q4,PA,Mount Bethel,glp1,1,,0,,0
2026-Q4,PA,Mount Carmel,glp1,1,,0,,0
2026-Q4,PA,Mount Holly Springs,glp1,1,,0,,0
2026-Q4,PA,Mount Jewett,glp1,2,,0,,0
2026-Q4,PA,Mount Joy,glp1,1,,0,,0
2026-Q4,PA,Mount Morris,glp1,2,,0,,0
2026-Q4,PA,Mount Pleasant,glp1,10,,0,,0
2026-Q4,PA,Mount Pleasant Mills,glp1,1,,0,,0
2026-Q4,PA,Mount Union,glp1,1,,0,,0
2026-Q4,PA,Mountain Top,glp1,1,,0,,0
2026-Q4,PA,Mountain Top,trt,1,,0,,0
2026-Q4,PA,Muncy,glp1,2,,0,,0
2026-Q4,PA,Murrysville,glp1,3,,0,,0
2026-Q4,PA,Myerstown,glp1,1,,0,,0
2026-Q4,PA,Nanticoke,glp1,2,,0,,0
2026-Q4,PA,Nanty Glo,glp1,1,,0,,0
2026-Q4,PA,Narberth,glp1,7,,0,,0
2026-Q4,PA,Narberth,trt,1,,0,,0
2026-Q4,PA,Natrona Heights,glp1,6,,0,,0
2026-Q4,PA,Natrona Heights,trt,1,,0,,0
2026-Q4,PA,Nazareth,glp1,4,,0,,0
2026-Q4,PA,New Alexandria,glp1,1,,0,,0
2026-Q4,PA,New Brighton,glp1,1,,0,,0
2026-Q4,PA,New Castle,glp1,22,,0,,0
2026-Q4,PA,New Castle,trt,3,,0,,0
2026-Q4,PA,New Cumberland,glp1,4,,0,,0
2026-Q4,PA,New Holland,glp1,1,,0,,0
2026-Q4,PA,New Hope,glp1,2,,0,,0
2026-Q4,PA,New Hope,trt,1,,0,,0
2026-Q4,PA,New Kensington,glp1,3,,0,,0
2026-Q4,PA,New Kensington,trt,1,,0,,0
2026-Q4,PA,New Milford,glp1,1,,0,,0
2026-Q4,PA,New Oxford,glp1,1,,0,,0
2026-Q4,PA,New Paris,glp1,1,,0,,0
2026-Q4,PA,New Providence,glp1,1,,0,,0
2026-Q4,PA,New Ringgold,glp1,2,,0,,0
2026-Q4,PA,New Stanton,glp1,1,,0,,0
2026-Q4,PA,New Wilmington,glp1,3,,0,,0
2026-Q4,PA,Newport,glp1,5,,0,,0
2026-Q4,PA,Newtown,glp1,14,,0,,0
2026-Q4,PA,Newtown Square,glp1,4,,0,,0
2026-Q4,PA,Newtown Square,trt,2,,0,,0
2026-Q4,PA,Newville,glp1,1,,0,,0
2026-Q4,PA,Norristown,glp1,17,,0,,0
2026-Q4,PA,Norristown,trt,1,,0,,0
2026-Q4,PA,North East,glp1,3,,0,,0
2026-Q4,PA,North Versailles,glp1,2,,0,,0
2026-Q4,PA,North Wales,glp1,4,,0,,0
2026-Q4,PA,North Wales,trt,1,,0,,0
2026-Q4,PA,Northampton,glp1,1,,0,,0
2026-Q4,PA,Northern Cambria,glp1,5,,0,,0
2026-Q4,PA,Northumberland,glp1,2,,0,,0
2026-Q4,PA,Oakdale,glp1,2,,0,,0
2026-Q4,PA,Oakmont,glp1,5,,0,,0
2026-Q4,PA,Oaks,glp1,1,,0,,0
2026-Q4,PA,Oil City,glp1,3,,0,,0
2026-Q4,PA,Old Forge,glp1,2,,0,,0
2026-Q4,PA,Old Forge,trt,1,,0,,0
2026-Q4,PA,Oley,glp1,2,,0,,0
2026-Q4,PA,Olyphant,glp1,4,,0,,0
2026-Q4,PA,Orbisonia,glp1,2,,0,,0
2026-Q4,PA,Orwigsburg,glp1,3,,0,,0
2026-Q4,PA,Oxford,glp1,1,,0,,0
2026-Q4,PA,Palmerton,glp1,2,,0,,0
2026-Q4,PA,Palmerton,trt,1,,0,,0
2026-Q4,PA,Palmyra,glp1,2,,0,,0
2026-Q4,PA,Paoli,glp1,13,,0,,0
2026-Q4,PA,Paoli,trt,2,,0,,0
2026-Q4,PA,Parker,glp1,1,,0,,0
2026-Q4,PA,Parkesburg,glp1,3,,0,,0
2026-Q4,PA,Parkesburg,trt,1,,0,,0
2026-Q4,PA,Peckville,glp1,2,,0,,0
2026-Q4,PA,Penn Run,glp1,1,,0,,0
2026-Q4,PA,Pennsburg,glp1,4,,0,,0
2026-Q4,PA,Pennsburg,trt,1,,0,,0
2026-Q4,PA,Perkasie,glp1,2,,0,,0
2026-Q4,PA,Perryopolis,glp1,2,,0,,0
2026-Q4,PA,Philadelphia,glp1,384,,0,,0
2026-Q4,PA,Philadelphia,trt,79,,0,,0
2026-Q4,PA,Philipsburg,glp1,4,,0,,0
2026-Q4,PA,Philipsburg,trt,2,,0,,0
2026-Q4,PA,Phoenixville,glp1,10,,0,,0
2026-Q4,PA,Phoenixville,trt,2,,0,,0
2026-Q4,PA,Pine Grove,glp1,3,,0,,0
2026-Q4,PA,Pipersville,glp1,1,,0,,0
2026-Q4,PA,Pittsburgh,glp1,227,,0,,0
2026-Q4,PA,Pittsburgh,trt,52,,0,,0
2026-Q4,PA,Pittston,glp1,7,,0,,0
2026-Q4,PA,Pleasantville,glp1,1,,0,,0
2026-Q4,PA,Plumsteadville,glp1,1,,0,,0
2026-Q4,PA,Plumville,glp1,1,,0,,0
2026-Q4,PA,Plymouth Meeting,glp1,4,,0,,0
2026-Q4,PA,Plymouth Meeting,trt,2,,0,,0
2026-Q4,PA,Pocono Summit,trt,1,,0,,0
2026-Q4,PA,Port Matilda,glp1,1,,0,,0
2026-Q4,PA,Portersville,glp1,2,,0,,0
2026-Q4,PA,Pottstown,glp1,16,,0,,0
2026-Q4,PA,Pottsville,glp1,11,,0,,0
2026-Q4,PA,Pottsville,trt,2,,0,,0
2026-Q4,PA,Presto,glp1,2,,0,,0
2026-Q4,PA,Prospect Park,glp1,1,,0,,0
2026-Q4,PA,Punxsutawney,glp1,12,,0,,0
2026-Q4,PA,Punxsutawney,trt,2,,0,,0
2026-Q4,PA,Quakertown,glp1,10,,0,,0
2026-Q4,PA,Quakertown,trt,3,,0,,0
2026-Q4,PA,Reading,glp1,60,,0,,0
2026-Q4,PA,Reading,trt,14,,0,,0
2026-Q4,PA,Red Lion,glp1,2,,0,,0
2026-Q4,PA,Reedsville,glp1,1,,0,,0
2026-Q4,PA,Reedsville,trt,1,,0,,0
2026-Q4,PA,Reinholds,glp1,1,,0,,0
2026-Q4,PA,Republic,glp1,1,,0,,0
2026-Q4,PA,Reynoldsville,glp1,1,,0,,0
2026-Q4,PA,Richboro,glp1,12,,0,,0
2026-Q4,PA,Ridgway,glp1,4,,0,,0
2026-Q4,PA,Ridley Park,glp1,4,,0,,0
2026-Q4,PA,Rimersburg,glp1,1,,0,,0
2026-Q4,PA,Roaring Spring,glp1,5,,0,,0
2026-Q4,PA,Roaring Spring,trt,1,,0,,0
2026-Q4,PA,Rochester,glp1,1,,0,,0
2026-Q4,PA,Rogersville,glp1,1,,0,,0
2026-Q4,PA,Royersford,glp1,11,,0,,0
2026-Q4,PA,Royersford,trt,2,,0,,0
2026-Q4,PA,Russell,glp1,1,,0,,0
2026-Q4,PA,Saegertown,glp1,3,,0,,0
2026-Q4,PA,Saint Marys,glp1,10,,0,,0
2026-Q4,PA,Saint Marys,trt,2,,0,,0
2026-Q4,PA,Sarver,glp1,2,,0,,0
2026-Q4,PA,Saxonburg,glp1,4,,0,,0
2026-Q4,PA,Saxton,glp1,1,,0,,0
2026-Q4,PA,Sayre,glp1,3,,0,,0
2026-Q4,PA,Sayre,trt,3,,0,,0
2026-Q4,PA,Schnecksville,glp1,3,,0,,0
2026-Q4,PA,Schwenksville,glp1,1,,0,,0
2026-Q4,PA,Scotland,glp1,2,,0,,0
2026-Q4,PA,Scottdale,glp1,2,,0,,0
2026-Q4,PA,Scranton,glp1,52,,0,,0
2026-Q4,PA,Scranton,trt,7,,0,,0
2026-Q4,PA,Selinsgrove,glp1,9,,0,,0
2026-Q4,PA,Sellersville,glp1,11,,0,,0
2026-Q4,PA,Seneca,glp1,4,,0,,0
2026-Q4,PA,Seward,glp1,1,,0,,0
2026-Q4,PA,Sewickley,glp1,15,,0,,0
2026-Q4,PA,Sewickley,trt,4,,0,,0
2026-Q4,PA,Shamokin,glp1,3,,0,,0
2026-Q4,PA,Shamokin Dam,glp1,1,,0,,0
2026-Q4,PA,Sharon,glp1,4,,0,,0
2026-Q4,PA,Sharon,trt,1,,0,,0
2026-Q4,PA,Shavertown,glp1,2,,0,,0
2026-Q4,PA,Shawnee On Delaware,glp1,1,,0,,0
2026-Q4,PA,Shenandoah,glp1,1,,0,,0
2026-Q4,PA,Shermans Dale,glp1,1,,0,,0
2026-Q4,PA,Shickshinny,glp1,1,,0,,0
2026-Q4,PA,Shippensburg,glp1,7,,0,,0
2026-Q4,PA,Shippenville,glp1,2,,0,,0
2026-Q4,PA,Shrewsbury,glp1,1,,0,,0
2026-Q4,PA,Sidman,glp1,2,,0,,0
2026-Q4,PA,Silverdale,glp1,3,,0,,0
2026-Q4,PA,Skippack,glp1,1,,0,,0
2026-Q4,PA,Slickville,glp1,2,,0,,0
2026-Q4,PA,Slippery Rock,glp1,4,,0,,0
2026-Q4,PA,Smithfield,glp1,5,,0,,0
2026-Q4,PA,Somerset,glp1,7,,0,,0
2026-Q4,PA,Souderton,glp1,3,,0,,0
2026-Q4,PA,Southampton,glp1,8,,0,,0
2026-Q4,PA,Southeastern,trt,1,,0,,0
2026-Q4,PA,Spartansburg,glp1,1,,0,,0
2026-Q4,PA,Spring Grove,glp1,2,,0,,0
2026-Q4,PA,Spring Mills,glp1,1,,0,,0
2026-Q4,PA,Springfield,glp1,14,,0,,0
2026-Q4,PA,Springfield,trt,3,,0,,0
2026-Q4,PA,State College,glp1,30,,0,,0
2026-Q4,PA,State College,trt,2,,0,,0
2026-Q4,PA,Stoystown,glp1,3,,0,,0
2026-Q4,PA,Strasburg,glp1,1,,0,,0
2026-Q4,PA,Stroudsburg,glp1,4,,0,,0
2026-Q4,PA,Stroudsburg,trt,3,,0,,0
2026-Q4,PA,Sugarloaf,glp1,2,,0,,0
2026-Q4,PA,Sunbury,glp1,3,,0,,0
2026-Q4,PA,Susquehanna,glp1,3,,0,,0
2026-Q4,PA,Tamaqua,glp1,1,,0,,0
2026-Q4,PA,Tamaqua,trt,1,,0,,0
2026-Q4,PA,Tannersville,glp1,1,,0,,0
2026-Q4,PA,Tannersville,trt,1,,0,,0
2026-Q4,PA,Tarentum,glp1,1,,0,,0
2026-Q4,PA,Taylor,glp1,1,,0,,0
2026-Q4,PA,Telford,glp1,3,,0,,0
2026-Q4,PA,Thorndale,glp1,7,,0,,0
2026-Q4,PA,Titusville,glp1,3,,0,,0
2026-Q4,PA,Tobyhanna,glp1,2,,0,,0
2026-Q4,PA,Topton,glp1,1,,0,,0
2026-Q4,PA,Towanda,glp1,4,,0,,0
2026-Q4,PA,Towanda,trt,1,,0,,0
2026-Q4,PA,Trexlertown,glp1,1,,0,,0
2026-Q4,PA,Troy,glp1,4,,0,,0
2026-Q4,PA,Tunkhannock,glp1,5,,0,,0
2026-Q4,PA,Tunkhannock,trt,1,,0,,0
2026-Q4,PA,Turtle Creek,glp1,1,,0,,0
2026-Q4,PA,Tyrone,glp1,6,,0,,0
2026-Q4,PA,Union City,glp1,1,,0,,0
2026-Q4,PA,Uniontown,glp1,16,,0,,0
2026-Q4,PA,Upper Darby,glp1,3,,0,,0
2026-Q4,PA,Valencia,glp1,2,,0,,0
2026-Q4,PA,Valley View,glp1,2,,0,,0
2026-Q4,PA,Villanova,glp1,2,,0,,0
2026-Q4,PA,Walnutport,glp1,1,,0,,0
2026-Q4,PA,Warfordsburg,glp1,1,,0,,0
2026-Q4,PA,Warminster,glp1,7,,0,,0
2026-Q4,PA,Warren,glp1,10,,0,,0
2026-Q4,PA,Warrington,glp1,8,,0,,0
2026-Q4,PA,Washington,glp1,19,,0,,0
2026-Q4,PA,Washington,trt,2,,0,,0
2026-Q4,PA,Washington Crossing,glp1,2,,0,,0
2026-Q4,PA,Waterford,glp1,5,,0,,0
2026-Q4,PA,Watsontown,glp1,2,,0,,0
2026-Q4,PA,Waymart,glp1,2,,0,,0
2026-Q4,PA,Wayne,glp1,11,,0,,0
2026-Q4,PA,Wayne,trt,3,,0,,0
2026-Q4,PA,Waynesboro,glp1,6,,0,,0
2026-Q4,PA,Waynesburg,glp1,7,,0,,0
2026-Q4,PA,Wellsboro,glp1,3,,0,,0
2026-Q4,PA,Wernersville,glp1,1,,0,,0
2026-Q4,PA,Wernersville,trt,1,,0,,0
2026-Q4,PA,West Chester,glp1,35,,0,,0
2026-Q4,PA,West Chester,trt,4,,0,,0
2026-Q4,PA,West Grove,glp1,2,,0,,0
2026-Q4,PA,West Mifflin,glp1,1,,0,,0
2026-Q4,PA,Westfield,glp1,1,,0,,0
2026-Q4,PA,Wexford,glp1,26,,0,,0
2026-Q4,PA,Wexford,trt,6,,0,,0
2026-Q4,PA,Whitehall,glp1,10,,0,,0
2026-Q4,PA,Whitehall,trt,2,,0,,0
2026-Q4,PA,Wilkes Barre,glp1,36,,0,,0
2026-Q4,PA,Wilkes Barre,trt,3,,0,,0
2026-Q4,PA,Williamsburg,glp1,1,,0,,0
2026-Q4,PA,Williamsport,glp1,14,,0,,0
2026-Q4,PA,Williamsport,trt,2,,0,,0
2026-Q4,PA,Willow Grove,glp1,6,,0,,0
2026-Q4,PA,Willow Grove,trt,5,,0,,0
2026-Q4,PA,Wind Gap,glp1,2,,0,,0
2026-Q4,PA,Wind Gap,trt,3,,0,,0
2026-Q4,PA,Windber,glp1,6,,0,,0
2026-Q4,PA,Woodlyn,glp1,1,,0,,0
2026-Q4,PA,Worthington,glp1,1,,0,,0
2026-Q4,PA,Wrightsville,glp1,1,,0,,0
2026-Q4,PA,Wyncote,glp1,2,,0,,0
2026-Q4,PA,Wynnewood,glp1,27,,0,,0
2026-Q4,PA,Wynnewood,trt,7,,0,,0
2026-Q4,PA,Wyoming,glp1,1,,0,,0
2026-Q4,PA,York,glp1,29,,0,,0
2026-Q4,PA,York,trt,3,,0,,0
2026-Q4,PA,York Haven,glp1,1,,0,,0
2026-Q4,PA,Youngsville,glp1,1,,0,,0
2026-Q4,PA,Youngwood,glp1,1,,0,,0
2026-Q4,PA,Zelienople,glp1,1,,0,,0
2026-Q4,RI,Barrington,glp1,1,,0,,0
2026-Q4,RI,Bristol,glp1,2,,0,,0
2026-Q4,RI,Bristol,trt,1,,0,,0
2026-Q4,RI,Central Falls,glp1,1,,0,,0
2026-Q4,RI,Chepachet,glp1,1,,0,,0
2026-Q4,RI,Coventry,glp1,4,,0,,0
2026-Q4,RI,Cranston,glp1,23,,0,,0
2026-Q4,RI,Cranston,trt,3,,0,,0
2026-Q4,RI,Cumberland,glp1,11,,0,,0
2026-Q4,RI,East Greenwich,glp1,10,,0,,0
2026-Q4,RI,East Providence,glp1,15,,0,,0
2026-Q4,RI,East Providence,trt,1,,0,,0
2026-Q4,RI,Greenville,glp1,3,,0,,0
2026-Q4,RI,Johnston,glp1,6,,0,,0
2026-Q4,RI,Johnston,trt,2,,0,,0
2026-Q4,RI,Lincoln,glp1,11,,0,,0
2026-Q4,RI,Lincoln,trt,1,,0,,0
2026-Q4,RI,Middletown,glp1,2,,0,,0
2026-Q4,RI,Newport,glp1,3,,0,,0
2026-Q4,RI,North Kingstown,glp1,1,,0,,0
2026-Q4,RI,North Providence,glp1,1,,0,,0
2026-Q4,RI,North Providence,trt,1,,0,,0
2026-Q4,RI,North Smithfield,glp1,3,,0,,0
2026-Q4,RI,Pawtucket,glp1,11,,0,,0
2026-Q4,RI,Pawtucket,trt,2,,0,,0
2026-Q4,RI,Providence,glp1,51,,0,,0
2026-Q4,RI,Providence,trt,13,,0,,0
2026-Q4,RI,Riverside,glp1,7,,0,,0
2026-Q4,RI,Riverside,trt,2,,0,,0
2026-Q4,RI,Smithfield,glp1,9,,0,,0
2026-Q4,RI,Tiverton,glp1,2,,0,,0
2026-Q4,RI,Wakefield,glp1,10,,0,,0
2026-Q4,RI,Wakefield,trt,1,,0,,0
2026-Q4,RI,Warwick,glp1,24,,0,,0
2026-Q4,RI,Warwick,trt,7,,0,,0
2026-Q4,RI,West Warwick,glp1,5,,0,,0
2026-Q4,RI,Westerly,glp1,4,,0,,0
2026-Q4,RI,Westerly,trt,1,,0,,0
2026-Q4,RI,Woonsocket,glp1,9,,0,,0
2026-Q4,RI,Woonsocket,trt,4,,0,,0
2026-Q4,SC,Abbeville,glp1,4,,0,,0
2026-Q4,SC,Aiken,glp1,28,,0,,0
2026-Q4,SC,Aiken,trt,2,,0,,0
2026-Q4,SC,Allendale,glp1,1,,0,,0
2026-Q4,SC,Anderson,glp1,53,,0,,0
2026-Q4,SC,Anderson,trt,6,,0,,0
2026-Q4,SC,Aynor,glp1,3,,0,,0
2026-Q4,SC,Bamberg,glp1,4,,0,,0
2026-Q4,SC,Barnwell,glp1,2,,0,,0
2026-Q4,SC,Batesburg,glp1,1,,0,,0
2026-Q4,SC,Beaufort,glp1,9,,0,,0
2026-Q4,SC,Beaufort,trt,1,,0,,0
2026-Q4,SC,Beech Island,glp1,1,,0,,0
2026-Q4,SC,Belton,glp1,1,,0,,0
2026-Q4,SC,Bennettsville,glp1,5,,0,,0
2026-Q4,SC,Bishopville,glp1,3,,0,,0
2026-Q4,SC,Blacksburg,glp1,1,,0,,0
2026-Q4,SC,Blacksburg,pharmacy,1,,0,,0
2026-Q4,SC,Blackville,glp1,2,,0,,0
2026-Q4,SC,Bluffton,glp1,19,,0,,0
2026-Q4,SC,Bluffton,trt,1,,0,,0
2026-Q4,SC,Blythewood,glp1,5,,0,,0
2026-Q4,SC,Boiling Springs,glp1,7,,0,,0
2026-Q4,SC,Bonneau,glp1,1,,0,,0
2026-Q4,SC,Cades,glp1,1,,0,,0
2026-Q4,SC,Calhoun Falls,glp1,1,,0,,0
2026-Q4,SC,Camden,glp1,4,,0,,0
2026-Q4,SC,Cayce,glp1,6,,0,,0
2026-Q4,SC,Chapin,glp1,5,,0,,0
2026-Q4,SC,Charleston,glp1,100,,0,,0
2026-Q4,SC,Charleston,trt,23,,0,,0
2026-Q4,SC,Charleston Afb,glp1,1,,0,,0
2026-Q4,SC,Cheraw,glp1,8,,0,,0
2026-Q4,SC,Cheraw,trt,2,,0,,0
2026-Q4,SC,Chester,glp1,3,,0,,0
2026-Q4,SC,Chesterfield,glp1,2,,0,,0
2026-Q4,SC,Clemson,glp1,10,,0,,0
2026-Q4,SC,Clinton,glp1,7,,0,,0
2026-Q4,SC,Clinton,trt,1,,0,,0
2026-Q4,SC,Clover,glp1,2,,0,,0
2026-Q4,SC,Columbia,glp1,166,,0,,0
2026-Q4,SC,Columbia,trt,17,,0,,0
2026-Q4,SC,Conway,glp1,35,,0,,0
2026-Q4,SC,Conway,trt,2,,0,,0
2026-Q4,SC,Darlington,glp1,4,,0,,0
2026-Q4,SC,Dillon,glp1,6,,0,,0
2026-Q4,SC,Due West,glp1,2,,0,,0
2026-Q4,SC,Duncan,glp1,5,,0,,0
2026-Q4,SC,Duncan,trt,1,,0,,0
2026-Q4,SC,Easley,glp1,16,,0,,0
2026-Q4,SC,Eastover,glp1,1,,0,,0
2026-Q4,SC,Edgefield,glp1,3,,0,,0
2026-Q4,SC,Edisto Island,glp1,1,,0,,0
2026-Q4,SC,Elgin,glp1,5,,0,,0
2026-Q4,SC,Elloree,glp1,1,,0,,0
2026-Q4,SC,Fairfax,glp1,1,,0,,0
2026-Q4,SC,Florence,glp1,59,,0,,0
2026-Q4,SC,Florence,trt,13,,0,,0
2026-Q4,SC,Fort Mill,glp1,24,,0,,0
2026-Q4,SC,Fort Mill,trt,3,,0,,0
2026-Q4,SC,Fountain Inn,glp1,6,,0,,0
2026-Q4,SC,Gaffney,glp1,13,,0,,0
2026-Q4,SC,Georgetown,glp1,6,,0,,0
2026-Q4,SC,Goose Creek,glp1,11,,0,,0
2026-Q4,SC,Graniteville,glp1,2,,0,,0
2026-Q4,SC,Great Falls,glp1,2,,0,,0
2026-Q4,SC,Greenville,glp1,120,,0,,0
2026-Q4,SC,Greenville,trt,15,,0,,0
2026-Q4,SC,Greenwood,glp1,20,,0,,0
2026-Q4,SC,Greenwood,trt,2,,0,,0
2026-Q4,SC,Greer,glp1,32,,0,,0
2026-Q4,SC,Greer,trt,3,,0,,0
2026-Q4,SC,Gresham,glp1,1,,0,,0
2026-Q4,SC,Hampton,glp1,1,,0,,0
2026-Q4,SC,Hardeeville,glp1,1,,0,,0
2026-Q4,SC,Hartsville,glp1,14,,0,,0
2026-Q4,SC,Hartsville,trt,4,,0,,0
2026-Q4,SC,Heath Springs,glp1,1,,0,,0
2026-Q4,SC,Hilton Head Island,glp1,20,,0,,0
2026-Q4,SC,Hilton Head Island,trt,2,,0,,0
2026-Q4,SC,Hodges,glp1,1,,0,,0
2026-Q4,SC,Hollywood,glp1,1,,0,,0
2026-Q4,SC,Honea Path,glp1,1,,0,,0
2026-Q4,SC,Hopkins,glp1,1,,0,,0
2026-Q4,SC,Inman,glp1,7,,0,,0
2026-Q4,SC,Irmo,glp1,6,,0,,0
2026-Q4,SC,Iva,glp1,2,,0,,0
2026-Q4,SC,Jefferson,glp1,1,,0,,0
2026-Q4,SC,Jenkinsville,glp1,1,,0,,0
2026-Q4,SC,Johns Island,glp1,7,,0,,0
2026-Q4,SC,Johnsonville,glp1,3,,0,,0
2026-Q4,SC,Kershaw,glp1,2,,0,,0
2026-Q4,SC,Kershaw,trt,1,,0,,0
2026-Q4,SC,Kingstree,glp1,5,,0,,0
2026-Q4,SC,Ladson,glp1,3,,0,,0
2026-Q4,SC,Ladson,trt,3,,0,,0
2026-Q4,SC,Lake City,glp1,7,,0,,0
2026-Q4,SC,Lake View,glp1,1,,0,,0
2026-Q4,SC,Lamar,glp1,1,,0,,0
2026-Q4,SC,Lancaster,glp1,13,,0,,0
2026-Q4,SC,Lancaster,trt,2,,0,,0
2026-Q4,SC,Landrum,glp1,1,,0,,0
2026-Q4,SC,Latta,glp1,2,,0,,0
2026-Q4,SC,Laurens,glp1,7,,0,,0
2026-Q4,SC,Leesville,glp1,4,,0,,0
2026-Q4,SC,Lexington,glp1,18,,0,,0
2026-Q4,SC,Liberty,glp1,2,,0,,0
2026-Q4,SC,Little River,glp1,27,,0,,0
2026-Q4,SC,Little River,trt,1,,0,,0
2026-Q4,SC,Loris,glp1,5,,0,,0
2026-Q4,SC,Lugoff,glp1,3,,0,,0
2026-Q4,SC,Lugoff,trt,2,,0,,0
2026-Q4,SC,Lyman,trt,1,,0,,0
2026-Q4,SC,Manning,glp1,8,,0,,0
2026-Q4,SC,Manning,trt,2,,0,,0
2026-Q4,SC,Marion,glp1,1,,0,,0
2026-Q4,SC,Mauldin,glp1,10,,0,,0
2026-Q4,SC,Mc Bee,glp1,2,,0,,0
2026-Q4,SC,Mc Coll,glp1,1,,0,,0
2026-Q4,SC,Mc Cormick,glp1,2,,0,,0
2026-Q4,SC,Moncks Corner,glp1,9,,0,,0
2026-Q4,SC,Mount Pleasant,glp1,41,,0,,0
2026-Q4,SC,Mount Pleasant,trt,7,,0,,0
2026-Q4,SC,Mullins,glp1,4,,0,,0
2026-Q4,SC,Murrells Inlet,glp1,29,,0,,0
2026-Q4,SC,Murrells Inlet,trt,2,,0,,0
2026-Q4,SC,Myrtle Beach,glp1,78,,0,,0
2026-Q4,SC,Myrtle Beach,trt,8,,0,,0
2026-Q4,SC,Newberry,glp1,7,,0,,0
2026-Q4,SC,Ninety Six,glp1,1,,0,,0
2026-Q4,SC,North,glp1,1,,0,,0
2026-Q4,SC,North Augusta,glp1,8,,0,,0
2026-Q4,SC,North Augusta,trt,1,,0,,0
2026-Q4,SC,North Charleston,glp1,10,,0,,0
2026-Q4,SC,North Charleston,trt,1,,0,,0
2026-Q4,SC,North Myrtle Beach,glp1,6,,0,,0
2026-Q4,SC,Okatie,glp1,8,,0,,0
2026-Q4,SC,Okatie,trt,1,,0,,0
2026-Q4,SC,Olanta,glp1,1,,0,,0
2026-Q4,SC,Orangeburg,glp1,10,,0,,0
2026-Q4,SC,Orangeburg,trt,7,,0,,0
2026-Q4,SC,Pacolet,glp1,1,,0,,0
2026-Q4,SC,Pawleys Island,glp1,12,,0,,0
2026-Q4,SC,Peak,glp1,2,,0,,0
2026-Q4,SC,Pelion,glp1,2,,0,,0
2026-Q4,SC,Pendleton,glp1,3,,0,,0
2026-Q4,SC,Piedmont,glp1,2,,0,,0
2026-Q4,SC,Pinewood,glp1,1,,0,,0
2026-Q4,SC,Port Royal,glp1,1,,0,,0
2026-Q4,SC,Prosperity,glp1,2,,0,,0
2026-Q4,SC,Richburg,glp1,2,,0,,0
2026-Q4,SC,Ridge Spring,glp1,1,,0,,0
2026-Q4,SC,Ridgeland,glp1,4,,0,,0
2026-Q4,SC,Ridgeway,glp1,1,,0,,0
2026-Q4,SC,Rock Hill,glp1,31,,0,,0
2026-Q4,SC,Rock Hill,trt,1,,0,,0
2026-Q4,SC,Roebuck,glp1,1,,0,,0
2026-Q4,SC,Saluda,glp1,4,,0,,0
2026-Q4,SC,Seneca,glp1,20,,0,,0
2026-Q4,SC,Shaw Afb,glp1,1,,0,,0
2026-Q4,SC,Simpsonville,glp1,28,,0,,0
2026-Q4,SC,Simpsonville,trt,1,,0,,0
2026-Q4,SC,Society Hill,glp1,1,,0,,0
2026-Q4,SC,Spartanburg,glp1,58,,0,,0
2026-Q4,SC,Spartanburg,trt,9,,0,,0
2026-Q4,SC,Sullivans Island,glp1,1,,0,,0
2026-Q4,SC,Summerville,glp1,48,,0,,0
2026-Q4,SC,Summerville,trt,5,,0,,0
2026-Q4,SC,Sumter,glp1,24,,0,,0
2026-Q4,SC,Sumter,trt,3,,0,,0
2026-Q4,SC,Swansea,glp1,2,,0,,0
2026-Q4,SC,Taylors,glp1,1,,0,,0
2026-Q4,SC,Timmonsville,glp1,2,,0,,0
2026-Q4,SC,Travelers Rest,glp1,5,,0,,0
2026-Q4,SC,Turbeville,glp1,3,,0,,0
2026-Q4,SC,Union,glp1,5,,0,,0
2026-Q4,SC,Vance,glp1,1,,0,,0
2026-Q4,SC,Varnville,glp1,1,,0,,0
2026-Q4,SC,Walhalla,glp1,1,,0,,0
2026-Q4,SC,Walterboro,glp1,8,,0,,0
2026-Q4,SC,Walterboro,trt,1,,0,,0
2026-Q4,SC,Ware Shoals,glp1,2,,0,,0
2026-Q4,SC,Wellford,glp1,2,,0,,0
2026-Q4,SC,West Columbia,glp1,29,,0,,0
2026-Q4,SC,West Columbia,pharmacy,1,,0,,0
2026-Q4,SC,West Columbia,trt,6,,0,,0
2026-Q4,SC,West Union,glp1,2,,0,,0
2026-Q4,SC,Westminster,glp1,1,,0,,0
2026-Q4,SC,Whitmire,glp1,1,,0,,0
2026-Q4,SC,Williamston,glp1,1,,0,,0
2026-Q4,SC,Williston,glp1,2,,0,,0
2026-Q4,SC,Winnsboro,glp1,6,,0,,0
2026-Q4,SC,Woodruff,glp1,5,,0,,0
2026-Q4,SC,York,glp1,1,,0,,0
2026-Q4,SD,Aberdeen,glp1,6,,0,,0
2026-Q4,SD,Alcester,glp1,1,,0,,0
2026-Q4,SD,Belle Fourche,glp1,1,,0,,0
2026-Q4,SD,Bowdle,glp1,1,,0,,0
2026-Q4,SD,Brandon,glp1,3,,0,,0
2026-Q4,SD,Brookings,glp1,2,,0,,0
2026-Q4,SD,Canton,glp1,1,,0,,0
2026-Q4,SD,Chamberlain,glp1,1,,0,,0
2026-Q4,SD,Clark,glp1,1,,0,,0
2026-Q4,SD,Custer,glp1,5,,0,,0
2026-Q4,SD,De Smet,glp1,1,,0,,0
2026-Q4,SD,Dell Rapids,glp1,1,,0,,0
2026-Q4,SD,Elk Point,glp1,1,,0,,0
2026-Q4,SD,Ellsworth Afb,glp1,1,,0,,0
2026-Q4,SD,Eureka,glp1,1,,0,,0
2026-Q4,SD,Faith,glp1,1,,0,,0
2026-Q4,SD,Freeman,glp1,1,,0,,0
2026-Q4,SD,Gettysburg,glp1,1,,0,,0
2026-Q4,SD,Harrisburg,glp1,5,,0,,0
2026-Q4,SD,Hartford,glp1,2,,0,,0
2026-Q4,SD,Herreid,glp1,1,,0,,0
2026-Q4,SD,Hill City,glp1,2,,0,,0
2026-Q4,SD,Hot Springs,glp1,2,,0,,0
2026-Q4,SD,Huron,glp1,6,,0,,0
2026-Q4,SD,Kadoka,glp1,1,,0,,0
2026-Q4,SD,Lemmon,glp1,1,,0,,0
2026-Q4,SD,Milbank,glp1,2,,0,,0
2026-Q4,SD,Mitchell,glp1,6,,0,,0
2026-Q4,SD,Mobridge,glp1,1,,0,,0
2026-Q4,SD,North Sioux City,glp1,3,,0,,0
2026-Q4,SD,North Sioux City,trt,2,,0,,0
2026-Q4,SD,Philip,glp1,1,,0,,0
2026-Q4,SD,Pierre,glp1,7,,0,,0
2026-Q4,SD,Pine Ridge,glp1,1,,0,,0
2026-Q4,SD,Plankinton,glp1,1,,0,,0
2026-Q4,SD,Rapid City,glp1,24,,0,,0
2026-Q4,SD,Rapid City,trt,3,,0,,0
2026-Q4,SD,Rosebud,trt,1,,0,,0
2026-Q4,SD,Sioux Falls,glp1,56,,0,,0
2026-Q4,SD,Sioux Falls,trt,17,,0,,0
2026-Q4,SD,Sisseton,glp1,2,,0,,0
2026-Q4,SD,Spearfish,glp1,2,,0,,0
2026-Q4,SD,Spearfish,trt,1,,0,,0
2026-Q4,SD,Sturgis,glp1,2,,0,,0
2026-Q4,SD,Tea,glp1,1,,0,,0
2026-Q4,SD,Timber Lake,glp1,1,,0,,0
2026-Q4,SD,Tyndall,glp1,1,,0,,0
2026-Q4,SD,Vermillion,glp1,1,,0,,0
2026-Q4,SD,Viborg,glp1,2,,0,,0
2026-Q4,SD,Watertown,glp1,4,,0,,0
2026-Q4,SD,Waubay,glp1,1,,0,,0
2026-Q4,SD,Wessington Springs,glp1,2,,0,,0
2026-Q4,SD,Winner,glp1,3,,0,,0
2026-Q4,SD,Yankton,glp1,2,,0,,0
2026-Q4,TN,Adamsville,glp1,4,,0,,0
2026-Q4,TN,Alamo,glp1,3,,0,,0
2026-Q4,TN,Alcoa,glp1,8,,0,,0
2026-Q4,TN,Antioch,glp1,5,,0,,0
2026-Q4,TN,Ardmore,glp1,2,,0,,0
2026-Q4,TN,Arlington,glp1,6,,0,,0
2026-Q4,TN,Ashland City,glp1,3,,0,,0
2026-Q4,TN,Athens,glp1,16,,0,,0
2026-Q4,TN,Atoka,glp1,5,,0,,0
2026-Q4,TN,Baxter,glp1,1,,0,,0
2026-Q4,TN,Bean Station,glp1,2,,0,,0
2026-Q4,TN,Bells,glp1,1,,0,,0
2026-Q4,TN,Benton,glp1,2,,0,,0
2026-Q4,TN,Blountville,glp1,1,,0,,0
2026-Q4,TN,Bluff City,glp1,3,,0,,0
2026-Q4,TN,Bolivar,glp1,3,,0,,0
2026-Q4,TN,Brentwood,glp1,35,,0,,0
2026-Q4,TN,Brentwood,gym,1,,0,,0
2026-Q4,TN,Brentwood,trt,6,,0,,0
2026-Q4,TN,Brighton,glp1,3,,0,,0
2026-Q4,TN,Bristol,glp1,24,,0,,0
2026-Q4,TN,Bristol,trt,2,,0,,0
2026-Q4,TN,Brownsville,glp1,7,,0,,0
2026-Q4,TN,Bulls Gap,glp1,2,,0,,0
2026-Q4,TN,Byrdstown,glp1,5,,0,,0
2026-Q4,TN,Calhoun,glp1,1,,0,,0
2026-Q4,TN,Camden,glp1,8,,0,,0
2026-Q4,TN,Camden,trt,1,,0,,0
2026-Q4,TN,Carthage,glp1,4,,0,,0
2026-Q4,TN,Caryville,glp1,1,,0,,0
2026-Q4,TN,Celina,glp1,3,,0,,0
2026-Q4,TN,Centerville,glp1,1,,0,,0
2026-Q4,TN,Chattanooga,glp1,158,,0,,0
2026-Q4,TN,Chattanooga,trt,13,,0,,0
2026-Q4,TN,Church Hill,glp1,4,,0,,0
2026-Q4,TN,Church Hill,trt,1,,0,,0
2026-Q4,TN,Clarksville,glp1,33,,0,,0
2026-Q4,TN,Cleveland,glp1,48,,0,,0
2026-Q4,TN,Cleveland,trt,1,,0,,0
2026-Q4,TN,Clinton,glp1,9,,0,,0
2026-Q4,TN,Coalmont,glp1,3,,0,,0
2026-Q4,TN,Collierville,glp1,18,,0,,0
2026-Q4,TN,Columbia,glp1,28,,0,,0
2026-Q4,TN,Columbia,trt,3,,0,,0
2026-Q4,TN,Cookeville,glp1,50,,0,,0
2026-Q4,TN,Cookeville,pharmacy,1,,0,,0
2026-Q4,TN,Cookeville,trt,3,,0,,0
2026-Q4,TN,Copperhill,glp1,3,,0,,0
2026-Q4,TN,Cordova,glp1,20,,0,,0
2026-Q4,TN,Cordova,trt,1,,0,,0
2026-Q4,TN,Covington,glp1,14,,0,,0
2026-Q4,TN,Crossville,glp1,18,,0,,0
2026-Q4,TN,Crossville,trt,1,,0,,0
2026-Q4,TN,Dandridge,glp1,3,,0,,0
2026-Q4,TN,Dayton,glp1,10,,0,,0
2026-Q4,TN,Decatur,glp1,8,,0,,0
2026-Q4,TN,Decherd,glp1,3,,0,,0
2026-Q4,TN,Dickson,glp1,24,,0,,0
2026-Q4,TN,Dickson,trt,1,,0,,0
2026-Q4,TN,Dover,glp1,3,,0,,0
2026-Q4,TN,Dresden,glp1,6,,0,,0
2026-Q4,TN,Dunlap,glp1,3,,0,,0
2026-Q4,TN,Dyer,glp1,1,,0,,0
2026-Q4,TN,Dyersburg,glp1,13,,0,,0
2026-Q4,TN,Dyersburg,pharmacy,1,,0,,0
2026-Q4,TN,Dyersburg,trt,2,,0,,0
2026-Q4,TN,Eads,trt,1,,0,,0
2026-Q4,TN,Elizabethton,glp1,12,,0,,0
2026-Q4,TN,Englewood,glp1,1,,0,,0
2026-Q4,TN,Erin,glp1,5,,0,,0
2026-Q4,TN,Erwin,glp1,7,,0,,0
2026-Q4,TN,Estill Springs,glp1,1,,0,,0
2026-Q4,TN,Ethridge,glp1,2,,0,,0
2026-Q4,TN,Etowah,glp1,8,,0,,0
2026-Q4,TN,Fairview,glp1,3,,0,,0
2026-Q4,TN,Fayetteville,glp1,5,,0,,0
2026-Q4,TN,Franklin,glp1,31,,0,,0
2026-Q4,TN,Franklin,gym,3,,0,,0
2026-Q4,TN,Franklin,trt,4,,0,,0
2026-Q4,TN,Gallatin,glp1,26,,0,,0
2026-Q4,TN,Gallatin,trt,3,,0,,0
2026-Q4,TN,Gatlinburg,glp1,1,,0,,0
2026-Q4,TN,Georgetown,glp1,1,,0,,0
2026-Q4,TN,Germantown,glp1,54,,0,,0
2026-Q4,TN,Germantown,trt,3,,0,,0
2026-Q4,TN,Gleason,glp1,1,,0,,0
2026-Q4,TN,Goodlettsville,glp1,13,,0,,0
2026-Q4,TN,Gordonsville,glp1,4,,0,,0
2026-Q4,TN,Greenbrier,glp1,3,,0,,0
2026-Q4,TN,Greeneville,glp1,29,,0,,0
2026-Q4,TN,Greenfield,glp1,1,,0,,0
2026-Q4,TN,Halls,glp1,4,,0,,0
2026-Q4,TN,Hampton,glp1,1,,0,,0
2026-Q4,TN,Harriman,glp1,5,,0,,0
2026-Q4,TN,Harrison,glp1,1,,0,,0
2026-Q4,TN,Harrogate,glp1,10,,0,,0
2026-Q4,TN,Hartsville,glp1,3,,0,,0
2026-Q4,TN,Helenwood,glp1,1,,0,,0
2026-Q4,TN,Henderson,glp1,8,,0,,0
2026-Q4,TN,Hendersonville,glp1,36,,0,,0
2026-Q4,TN,Hendersonville,trt,2,,0,,0
2026-Q4,TN,Henry,glp1,1,,0,,0
2026-Q4,TN,Hermitage,glp1,23,,0,,0
2026-Q4,TN,Hermitage,gym,1,,0,,0
2026-Q4,TN,Hermitage,trt,3,,0,,0
2026-Q4,TN,Hixson,glp1,23,,0,,0
2026-Q4,TN,Hixson,trt,1,,0,,0
2026-Q4,TN,Hohenwald,glp1,1,,0,,0
2026-Q4,TN,Humboldt,glp1,4,,0,,0
2026-Q4,TN,Huntingdon,glp1,10,,0,,0
2026-Q4,TN,Huntsville,glp1,4,,0,,0
2026-Q4,TN,Jacksboro,glp1,5,,0,,0
2026-Q4,TN,Jackson,glp1,46,,0,,0
2026-Q4,TN,Jackson,trt,5,,0,,0
2026-Q4,TN,Jamestown,glp1,8,,0,,0
2026-Q4,TN,Jasper,glp1,4,,0,,0
2026-Q4,TN,Jefferson City,glp1,9,,0,,0
2026-Q4,TN,Jellico,glp1,2,,0,,0
2026-Q4,TN,Jellico,trt,1,,0,,0
2026-Q4,TN,Johnson City,glp1,64,,0,,0
2026-Q4,TN,Johnson City,trt,11,,0,,0
2026-Q4,TN,Jonesborough,glp1,2,,0,,0
2026-Q4,TN,Kingsport,glp1,58,,0,,0
2026-Q4,TN,Kingsport,trt,3,,0,,0
2026-Q4,TN,Kingston,glp1,5,,0,,0
2026-Q4,TN,Kingston Springs,glp1,2,,0,,0
2026-Q4,TN,Knoxville,glp1,224,,0,,0
2026-Q4,TN,Knoxville,trt,7,,0,,0
2026-Q4,TN,Kodak,glp1,1,,0,,0
2026-Q4,TN,La Follette,glp1,8,,0,,0
2026-Q4,TN,La Follette,trt,1,,0,,0
2026-Q4,TN,La Vergne,glp1,3,,0,,0
2026-Q4,TN,Lafayette,glp1,7,,0,,0
2026-Q4,TN,Lawrenceburg,glp1,17,,0,,0
2026-Q4,TN,Lebanon,glp1,26,,0,,0
2026-Q4,TN,Lenoir City,glp1,16,,0,,0
2026-Q4,TN,Lenoir City,trt,1,,0,,0
2026-Q4,TN,Leoma,glp1,1,,0,,0
2026-Q4,TN,Lewisburg,glp1,7,,0,,0
2026-Q4,TN,Lewisburg,pharmacy,1,,0,,0
2026-Q4,TN,Lexington,glp1,12,,0,,0
2026-Q4,TN,Linden,glp1,1,,0,,0
2026-Q4,TN,Livingston,glp1,4,,0,,0
2026-Q4,TN,Loretto,glp1,1,,0,,0
2026-Q4,TN,Loudon,glp1,2,,0,,0
2026-Q4,TN,Louisville,glp1,1,,0,,0
2026-Q4,TN,Lyles,glp1,1,,0,,0
2026-Q4,TN,Lynchburg,glp1,4,,0,,0
2026-Q4,TN,Madison,glp1,7,,0,,0
2026-Q4,TN,Madison,gym,1,,0,,0
2026-Q4,TN,Madison,trt,1,,0,,0
2026-Q4,TN,Madisonville,glp1,9,,0,,0
2026-Q4,TN,Manchester,glp1,21,,0,,0
2026-Q4,TN,Martin,glp1,7,,0,,0
2026-Q4,TN,Maryville,glp1,29,,0,,0
2026-Q4,TN,Maryville,trt,2,,0,,0
2026-Q4,TN,Maynardville,glp1,4,,0,,0
2026-Q4,TN,Mc Donald,glp1,1,,0,,0
2026-Q4,TN,Mc Kenzie,glp1,5,,0,,0
2026-Q4,TN,McMinnville,glp1,10,,0,,0
2026-Q4,TN,Medina,glp1,3,,0,,0
2026-Q4,TN,Memphis,glp1,212,,0,,0
2026-Q4,TN,Memphis,pharmacy,1,,0,,0
2026-Q4,TN,Memphis,trt,34,,0,,0
2026-Q4,TN,Milan,glp1,6,,0,,0
2026-Q4,TN,Millington,glp1,8,,0,,0
2026-Q4,TN,Millington,trt,1,,0,,0
2026-Q4,TN,Monteagle,glp1,1,,0,,0
2026-Q4,TN,Monterey,glp1,3,,0,,0
2026-Q4,TN,Morristown,glp1,28,,0,,0
2026-Q4,TN,Morristown,trt,1,,0,,0
2026-Q4,TN,Mount Juliet,glp1,18,,0,,0
2026-Q4,TN,Mount Juliet,trt,1,,0,,0
2026-Q4,TN,Mount Pleasant,glp1,2,,0,,0
2026-Q4,TN,Mountain City,glp1,1,,0,,0
2026-Q4,TN,Munford,glp1,3,,0,,0
2026-Q4,TN,Murfreesboro,glp1,83,,0,,0
2026-Q4,TN,Murfreesboro,gym,2,,0,,0
2026-Q4,TN,Murfreesboro,pharmacy,1,,0,,0
2026-Q4,TN,Murfreesboro,trt,4,,0,,0
2026-Q4,TN,Nashville,glp1,188,,0,,0
2026-Q4,TN,Nashville,gym,10,,0,,0
2026-Q4,TN,Nashville,trt,38,,0,,0
2026-Q4,TN,New Tazewell,glp1,1,,0,,0
2026-Q4,TN,Newbern,glp1,4,,0,,0
2026-Q4,TN,Newbern,trt,1,,0,,0
2026-Q4,TN,Newport,glp1,12,,0,,0
2026-Q4,TN,Nolensville,glp1,4,,0,,0
2026-Q4,TN,Oak Ridge,glp1,17,,0,,0
2026-Q4,TN,Oak Ridge,trt,1,,0,,0
2026-Q4,TN,Ocoee,glp1,3,,0,,0
2026-Q4,TN,Oneida,glp1,6,,0,,0
2026-Q4,TN,Ooltewah,glp1,15,,0,,0
2026-Q4,TN,Ooltewah,trt,1,,0,,0
2026-Q4,TN,Palmer,glp1,1,,0,,0
2026-Q4,TN,Paris,glp1,12,,0,,0
2026-Q4,TN,Parrottsville,glp1,1,,0,,0
2026-Q4,TN,Parsons,glp1,2,,0,,0
2026-Q4,TN,Pigeon Forge,glp1,2,,0,,0
2026-Q4,TN,Pikeville,glp1,6,,0,,0
2026-Q4,TN,Pleasant View,glp1,16,,0,,0
2026-Q4,TN,Portland,glp1,7,,0,,0
2026-Q4,TN,Powell,glp1,10,,0,,0
2026-Q4,TN,Pulaski,glp1,12,,0,,0
2026-Q4,TN,Puryear,glp1,1,,0,,0
2026-Q4,TN,Ramer,glp1,1,,0,,0
2026-Q4,TN,Red Boiling Springs,trt,1,,0,,0
2026-Q4,TN,Ripley,glp1,4,,0,,0
2026-Q4,TN,Roan Mountain,glp1,1,,0,,0
2026-Q4,TN,Rockwood,glp1,2,,0,,0
2026-Q4,TN,Rogersville,glp1,14,,0,,0
2026-Q4,TN,Rogersville,trt,1,,0,,0
2026-Q4,TN,Rutledge,glp1,1,,0,,0
2026-Q4,TN,Sale Creek,glp1,2,,0,,0
2026-Q4,TN,Savannah,glp1,7,,0,,0
2026-Q4,TN,Scotts Hill,glp1,2,,0,,0
2026-Q4,TN,Selmer,glp1,6,,0,,0
2026-Q4,TN,Sevierville,glp1,13,,0,,0
2026-Q4,TN,Sewanee,glp1,1,,0,,0
2026-Q4,TN,Seymour,glp1,8,,0,,0
2026-Q4,TN,Shelbyville,glp1,16,,0,,0
2026-Q4,TN,Signal Mountain,glp1,7,,0,,0
2026-Q4,TN,Smithville,glp1,5,,0,,0
2026-Q4,TN,Smyrna,glp1,37,,0,,0
2026-Q4,TN,Smyrna,trt,1,,0,,0
2026-Q4,TN,Soddy Daisy,glp1,5,,0,,0
2026-Q4,TN,Somerville,glp1,4,,0,,0
2026-Q4,TN,South Pittsburg,glp1,1,,0,,0
2026-Q4,TN,Sparta,glp1,7,,0,,0
2026-Q4,TN,Spencer,glp1,2,,0,,0
2026-Q4,TN,Spring City,glp1,3,,0,,0
2026-Q4,TN,Spring Hill,glp1,8,,0,,0
2026-Q4,TN,Springfield,glp1,10,,0,,0
2026-Q4,TN,Springville,glp1,1,,0,,0
2026-Q4,TN,Stanton,glp1,1,,0,,0
2026-Q4,TN,Sweetwater,glp1,8,,0,,0
2026-Q4,TN,Talbott,glp1,4,,0,,0
2026-Q4,TN,Tazewell,glp1,5,,0,,0
2026-Q4,TN,Telford,glp1,1,,0,,0
2026-Q4,TN,Tellico Plains,glp1,1,,0,,0
2026-Q4,TN,Thompsons Station,glp1,7,,0,,0
2026-Q4,TN,Tiptonville,glp1,3,,0,,0
2026-Q4,TN,Tullahoma,glp1,19,,0,,0
2026-Q4,TN,Tullahoma,trt,1,,0,,0
2026-Q4,TN,Union City,glp1,20,,0,,0
2026-Q4,TN,Vonore,glp1,2,,0,,0
2026-Q4,TN,Wartburg,glp1,7,,0,,0
2026-Q4,TN,Wartrace,glp1,1,,0,,0
2026-Q4,TN,Waverly,glp1,7,,0,,0
2026-Q4,TN,Waynesboro,glp1,1,,0,,0
2026-Q4,TN,Westmoreland,glp1,5,,0,,0
2026-Q4,TN,White Bluff,glp1,3,,0,,0
2026-Q4,TN,White House,glp1,11,,0,,0
2026-Q4,TN,White Pine,glp1,1,,0,,0
2026-Q4,TN,Whitesburg,glp1,1,,0,,0
2026-Q4,TN,Whitwell,glp1,1,,0,,0
2026-Q4,TN,Winchester,glp1,9,,0,,0
2026-Q4,TN,Winfield,glp1,1,,0,,0
2026-Q4,TN,Woodbury,glp1,7,,0,,0
2026-Q4,TX,Abilene,glp1,41,,0,,0
2026-Q4,TX,Abilene,trt,5,,0,,0
2026-Q4,TX,Addison,glp1,8,,0,,0
2026-Q4,TX,Addison,gym,1,,0,,0
2026-Q4,TX,Addison,pharmacy,1,,0,,0
2026-Q4,TX,Adkins,glp1,4,,0,,0
2026-Q4,TX,Alamo,glp1,4,,0,,0
2026-Q4,TX,Aledo,glp1,7,,0,,0
2026-Q4,TX,Alice,glp1,13,,0,,0
2026-Q4,TX,Allen,glp1,40,,0,,0
2026-Q4,TX,Allen,gym,1,,0,,0
2026-Q4,TX,Allen,trt,4,,0,,0
2026-Q4,TX,Alto,glp1,1,,0,,0
2026-Q4,TX,Alvarado,glp1,4,,0,,0
2026-Q4,TX,Alvin,glp1,8,,0,,0
2026-Q4,TX,Alvord,glp1,2,,0,,0
2026-Q4,TX,Amarillo,glp1,76,,0,,0
2026-Q4,TX,Amarillo,trt,7,,0,,0
2026-Q4,TX,Anahuac,glp1,3,,0,,0
2026-Q4,TX,Andrews,glp1,1,,0,,0
2026-Q4,TX,Angleton,glp1,7,,0,,0
2026-Q4,TX,Angleton,trt,1,,0,,0
2026-Q4,TX,Anna,glp1,1,,0,,0
2026-Q4,TX,Anna,trt,1,,0,,0
2026-Q4,TX,Anson,glp1,1,,0,,0
2026-Q4,TX,Anthony,glp1,1,,0,,0
2026-Q4,TX,Aransas Pass,glp1,2,,0,,0
2026-Q4,TX,Argyle,glp1,5,,0,,0
2026-Q4,TX,Argyle,gym,1,,0,,0
2026-Q4,TX,Arlington,glp1,118,,0,,0
2026-Q4,TX,Arlington,gym,3,,0,,0
2026-Q4,TX,Arlington,trt,8,,0,,0
2026-Q4,TX,Athens,glp1,7,,0,,0
2026-Q4,TX,Atlanta,glp1,4,,0,,0
2026-Q4,TX,Aubrey,glp1,7,,0,,0
2026-Q4,TX,Austin,glp1,387,,0,,0
2026-Q4,TX,Austin,gym,37,,0,,0
2026-Q4,TX,Austin,pharmacy,2,,0,,0
2026-Q4,TX,Austin,trt,45,,0,,0
2026-Q4,TX,Azle,glp1,8,,0,,0
2026-Q4,TX,Balch Springs,glp1,2,,0,,0
2026-Q4,TX,Ballinger,glp1,4,,0,,0
2026-Q4,TX,Bandera,glp1,4,,0,,0
2026-Q4,TX,Banquete,glp1,1,,0,,0
2026-Q4,TX,Bastrop,glp1,21,,0,,0
2026-Q4,TX,Bay City,glp1,9,,0,,0
2026-Q4,TX,Baytown,glp1,49,,0,,0
2026-Q4,TX,Baytown,gym,1,,0,,0
2026-Q4,TX,Baytown,trt,2,,0,,0
2026-Q4,TX,Beaumont,glp1,52,,0,,0
2026-Q4,TX,Beaumont,trt,13,,0,,0
2026-Q4,TX,Bedford,glp1,32,,0,,0
2026-Q4,TX,Bedford,gym,4,,0,,0
2026-Q4,TX,Bedford,trt,4,,0,,0
2026-Q4,TX,Beeville,glp1,8,,0,,0
2026-Q4,TX,Bellaire,glp1,28,,0,,0
2026-Q4,TX,Bellaire,trt,5,,0,,0
2026-Q4,TX,Belton,glp1,11,,0,,0
2026-Q4,TX,Big Spring,glp1,4,,0,,0
2026-Q4,TX,Boerne,glp1,26,,0,,0
2026-Q4,TX,Boerne,gym,2,,0,,0
2026-Q4,TX,Boerne,trt,1,,0,,0
2026-Q4,TX,Bonham,glp1,2,,0,,0
2026-Q4,TX,Bonham,trt,1,,0,,0
2026-Q4,TX,Borger,glp1,2,,0,,0
2026-Q4,TX,Bowie,glp1,1,,0,,0
2026-Q4,TX,Boyd,glp1,2,,0,,0
2026-Q4,TX,Brady,glp1,2,,0,,0
2026-Q4,TX,Brazoria,glp1,1,,0,,0
2026-Q4,TX,Breckenridge,glp1,1,,0,,0
2026-Q4,TX,Bremond,glp1,1,,0,,0
2026-Q4,TX,Brenham,glp1,2,,0,,0
2026-Q4,TX,Bridge City,glp1,3,,0,,0
2026-Q4,TX,Bridgeport,glp1,2,,0,,0
2026-Q4,TX,Broaddus,glp1,1,,0,,0
2026-Q4,TX,Brookshire,glp1,1,,0,,0
2026-Q4,TX,Brownfield,glp1,2,,0,,0
2026-Q4,TX,Brownsboro,glp1,1,,0,,0
2026-Q4,TX,Brownsville,glp1,86,,0,,0
2026-Q4,TX,Brownsville,trt,4,,0,,0
2026-Q4,TX,Brownwood,glp1,14,,0,,0
2026-Q4,TX,Bryan,glp1,26,,0,,0
2026-Q4,TX,Bryan,trt,4,,0,,0
2026-Q4,TX,Buda,glp1,7,,0,,0
2026-Q4,TX,Buda,trt,1,,0,,0
2026-Q4,TX,Buffalo,glp1,1,,0,,0
2026-Q4,TX,Bullard,glp1,3,,0,,0
2026-Q4,TX,Bulverde,glp1,5,,0,,0
2026-Q4,TX,Bulverde,trt,1,,0,,0
2026-Q4,TX,Burleson,glp1,30,,0,,0
2026-Q4,TX,Burleson,gym,1,,0,,0
2026-Q4,TX,Burleson,trt,1,,0,,0
2026-Q4,TX,Burnet,glp1,4,,0,,0
2026-Q4,TX,Caddo Mills,glp1,1,,0,,0
2026-Q4,TX,Caldwell,glp1,1,,0,,0
2026-Q4,TX,Cameron,glp1,2,,0,,0
2026-Q4,TX,Canton,glp1,6,,0,,0
2026-Q4,TX,Canutillo,glp1,1,,0,,0
2026-Q4,TX,Canyon,glp1,6,,0,,0
2026-Q4,TX,Carrollton,glp1,37,,0,,0
2026-Q4,TX,Carrollton,gym,1,,0,,0
2026-Q4,TX,Carrollton,trt,3,,0,,0
2026-Q4,TX,Carthage,glp1,4,,0,,0
2026-Q4,TX,Castroville,glp1,8,,0,,0
2026-Q4,TX,Cedar Hill,glp1,8,,0,,0
2026-Q4,TX,Cedar Hill,gym,1,,0,,0
2026-Q4,TX,Cedar Park,glp1,35,,0,,0
2026-Q4,TX,Cedar Park,gym,1,,0,,0
2026-Q4,TX,Cedar Park,trt,6,,0,,0
2026-Q4,TX,Celina,glp1,6,,0,,0
2026-Q4,TX,Center,glp1,3,,0,,0
2026-Q4,TX,Chandler,glp1,3,,0,,0
2026-Q4,TX,Channelview,glp1,2,,0,,0
2026-Q4,TX,Childress,glp1,4,,0,,0
2026-Q4,TX,China Spring,glp1,1,,0,,0
2026-Q4,TX,Cibolo,glp1,4,,0,,0
2026-Q4,TX,Cisco,glp1,3,,0,,0
2026-Q4,TX,Clarendon,glp1,2,,0,,0
2026-Q4,TX,Clarksville,glp1,4,,0,,0
2026-Q4,TX,Cleburne,glp1,11,,0,,0
2026-Q4,TX,Cleveland,glp1,13,,0,,0
2026-Q4,TX,Cleveland,trt,2,,0,,0
2026-Q4,TX,Clifton,glp1,2,,0,,0
2026-Q4,TX,Clyde,glp1,1,,0,,0
2026-Q4,TX,Coleman,glp1,2,,0,,0
2026-Q4,TX,College Station,glp1,25,,0,,0
2026-Q4,TX,College Station,trt,7,,0,,0
2026-Q4,TX,Colleyville,glp1,13,,0,,0
2026-Q4,TX,Colleyville,trt,2,,0,,0
2026-Q4,TX,Colorado City,glp1,1,,0,,0
2026-Q4,TX,Comanche,glp1,4,,0,,0
2026-Q4,TX,Commerce,glp1,1,,0,,0
2026-Q4,TX,Concan,trt,1,,0,,0
2026-Q4,TX,Conroe,glp1,118,,0,,0
2026-Q4,TX,Conroe,trt,6,,0,,0
2026-Q4,TX,Converse,glp1,7,,0,,0
2026-Q4,TX,Coppell,glp1,21,,0,,0
2026-Q4,TX,Coppell,gym,2,,0,,0
2026-Q4,TX,Coppell,trt,1,,0,,0
2026-Q4,TX,Copperas Cove,glp1,3,,0,,0
2026-Q4,TX,Corpus Christi,glp1,166,,0,,0
2026-Q4,TX,Corpus Christi,trt,12,,0,,0
2026-Q4,TX,Corrigan,glp1,1,,0,,0
2026-Q4,TX,Corsicana,glp1,11,,0,,0
2026-Q4,TX,Corsicana,trt,1,,0,,0
2026-Q4,TX,Crandall,gym,1,,0,,0
2026-Q4,TX,Crockett,glp1,3,,0,,0
2026-Q4,TX,Crosby,glp1,1,,0,,0
2026-Q4,TX,Crowell,glp1,1,,0,,0
2026-Q4,TX,Crowley,glp1,9,,0,,0
2026-Q4,TX,Cuero,glp1,4,,0,,0
2026-Q4,TX,Cypress,glp1,80,,0,,0
2026-Q4,TX,Cypress,trt,4,,0,,0
2026-Q4,TX,Daingerfield,glp1,1,,0,,0
2026-Q4,TX,Dalhart,glp1,1,,0,,0
2026-Q4,TX,Dallas,glp1,483,,0,,0
2026-Q4,TX,Dallas,gym,20,,0,,0
2026-Q4,TX,Dallas,pharmacy,4,,0,,0
2026-Q4,TX,Dallas,trt,65,,0,,0
2026-Q4,TX,Dayton,glp1,5,,0,,0
2026-Q4,TX,De Kalb,glp1,1,,0,,0
2026-Q4,TX,De Leon,glp1,2,,0,,0
2026-Q4,TX,Decatur,glp1,19,,0,,0
2026-Q4,TX,Decatur,gym,1,,0,,0
2026-Q4,TX,Decatur,trt,1,,0,,0
2026-Q4,TX,Deer Park,glp1,4,,0,,0
2026-Q4,TX,Deer Park,trt,1,,0,,0
2026-Q4,TX,Del Rio,glp1,6,,0,,0
2026-Q4,TX,Del Rio,trt,2,,0,,0
2026-Q4,TX,Del Valle,trt,1,,0,,0
2026-Q4,TX,Denison,glp1,15,,0,,0
2026-Q4,TX,Denison,trt,3,,0,,0
2026-Q4,TX,Denton,glp1,55,,0,,0
2026-Q4,TX,Denton,gym,4,,0,,0
2026-Q4,TX,Denton,trt,4,,0,,0
2026-Q4,TX,Denver City,glp1,3,,0,,0
2026-Q4,TX,Desoto,glp1,21,,0,,0
2026-Q4,TX,Desoto,trt,1,,0,,0
2026-Q4,TX,Detroit,glp1,1,,0,,0
2026-Q4,TX,Dickinson,glp1,8,,0,,0
2026-Q4,TX,Dilley,glp1,1,,0,,0
2026-Q4,TX,Donna,glp1,13,,0,,0
2026-Q4,TX,Donna,trt,1,,0,,0
2026-Q4,TX,Dripping Springs,glp1,13,,0,,0
2026-Q4,TX,Dumas,glp1,1,,0,,0
2026-Q4,TX,Duncanville,glp1,15,,0,,0
2026-Q4,TX,Duncanville,trt,4,,0,,0
2026-Q4,TX,Dyess Afb,glp1,1,,0,,0
2026-Q4,TX,Eagle Lake,glp1,1,,0,,0
2026-Q4,TX,Eagle Pass,glp1,23,,0,,0
2026-Q4,TX,Eagle Pass,trt,1,,0,,0
2026-Q4,TX,Early,glp1,1,,0,,0
2026-Q4,TX,Eastland,glp1,5,,0,,0
2026-Q4,TX,Edcouch,glp1,1,,0,,0
2026-Q4,TX,Edgewood,glp1,1,,0,,0
2026-Q4,TX,Edinburg,glp1,63,,0,,0
2026-Q4,TX,Edinburg,trt,10,,0,,0
2026-Q4,TX,Edna,glp1,2,,0,,0
2026-Q4,TX,El Campo,glp1,4,,0,,0
2026-Q4,TX,El Paso,glp1,290,,0,,0
2026-Q4,TX,El Paso,trt,22,,0,,0
2026-Q4,TX,Electra,glp1,1,,0,,0
2026-Q4,TX,Elgin,glp1,3,,0,,0
2026-Q4,TX,Elsa,glp1,9,,0,,0
2026-Q4,TX,Emory,glp1,1,,0,,0
2026-Q4,TX,Encinal,glp1,1,,0,,0
2026-Q4,TX,Ennis,glp1,11,,0,,0
2026-Q4,TX,Etoile,glp1,1,,0,,0
2026-Q4,TX,Euless,glp1,4,,0,,0
2026-Q4,TX,Euless,gym,1,,0,,0
2026-Q4,TX,Euless,trt,1,,0,,0
2026-Q4,TX,Eustace,glp1,1,,0,,0
2026-Q4,TX,Fairfield,glp1,1,,0,,0
2026-Q4,TX,Falfurrias,glp1,1,,0,,0
2026-Q4,TX,Farmersville,gym,1,,0,,0
2026-Q4,TX,Farwell,glp1,1,,0,,0
2026-Q4,TX,Flint,glp1,2,,0,,0
2026-Q4,TX,Floresville,glp1,11,,0,,0
2026-Q4,TX,Flower Mound,glp1,30,,0,,0
2026-Q4,TX,Flower Mound,gym,3,,0,,0
2026-Q4,TX,Flower Mound,trt,3,,0,,0
2026-Q4,TX,Floydada,glp1,1,,0,,0
2026-Q4,TX,Forney,glp1,17,,0,,0
2026-Q4,TX,Forney,gym,1,,0,,0
2026-Q4,TX,Forney,trt,1,,0,,0
2026-Q4,TX,Forreston,glp1,1,,0,,0
2026-Q4,TX,Fort Bliss,glp1,1,,0,,0
2026-Q4,TX,Fort Hood,glp1,2,,0,,0
2026-Q4,TX,Fort Hood,trt,2,,0,,0
2026-Q4,TX,Fort Worth,glp1,254,,0,,0
2026-Q4,TX,Fort Worth,gym,4,,0,,0
2026-Q4,TX,Fort Worth,trt,22,,0,,0
2026-Q4,TX,Franklin,glp1,1,,0,,0
2026-Q4,TX,Fredericksburg,glp1,6,,0,,0
2026-Q4,TX,Fredericksburg,trt,1,,0,,0
2026-Q4,TX,Freeport,trt,1,,0,,0
2026-Q4,TX,Fresno,glp1,1,,0,,0
2026-Q4,TX,Friendswood,glp1,14,,0,,0
2026-Q4,TX,Friona,glp1,1,,0,,0
2026-Q4,TX,Frisco,glp1,101,,0,,0
2026-Q4,TX,Frisco,gym,9,,0,,0
2026-Q4,TX,Frisco,trt,5,,0,,0
2026-Q4,TX,Fulshear,glp1,6,,0,,0
2026-Q4,TX,Fulshear,gym,1,,0,,0
2026-Q4,TX,Gainesville,glp1,14,,0,,0
2026-Q4,TX,Gainesville,trt,2,,0,,0
2026-Q4,TX,Galveston,glp1,16,,0,,0
2026-Q4,TX,Galveston,trt,9,,0,,0
2026-Q4,TX,Ganado,glp1,2,,0,,0
2026-Q4,TX,Garland,glp1,46,,0,,0
2026-Q4,TX,Garland,gym,2,,0,,0
2026-Q4,TX,Garland,trt,2,,0,,0
2026-Q4,TX,Garrison,glp1,1,,0,,0
2026-Q4,TX,Gatesville,glp1,4,,0,,0
2026-Q4,TX,George West,glp1,1,,0,,0
2026-Q4,TX,Georgetown,glp1,14,,0,,0
2026-Q4,TX,Georgetown,gym,7,,0,,0
2026-Q4,TX,Georgetown,trt,3,,0,,0
2026-Q4,TX,Giddings,glp1,4,,0,,0
2026-Q4,TX,Gilmer,glp1,4,,0,,0
2026-Q4,TX,Glen Rose,glp1,6,,0,,0
2026-Q4,TX,Godley,glp1,3,,0,,0
2026-Q4,TX,Goldthwaite,glp1,1,,0,,0
2026-Q4,TX,Goliad,glp1,1,,0,,0
2026-Q4,TX,Gonzales,glp1,4,,0,,0
2026-Q4,TX,Graham,glp1,4,,0,,0
2026-Q4,TX,Granbury,glp1,22,,0,,0
2026-Q4,TX,Grand Prairie,glp1,32,,0,,0
2026-Q4,TX,Grand Prairie,gym,1,,0,,0
2026-Q4,TX,Grand Prairie,trt,3,,0,,0
2026-Q4,TX,Grapevine,glp1,28,,0,,0
2026-Q4,TX,Grapevine,gym,2,,0,,0
2026-Q4,TX,Grapevine,trt,3,,0,,0
2026-Q4,TX,Greenville,glp1,22,,0,,0
2026-Q4,TX,Groesbeck,glp1,4,,0,,0
2026-Q4,TX,Groves,glp1,2,,0,,0
2026-Q4,TX,Groveton,glp1,2,,0,,0
2026-Q4,TX,Hale Center,glp1,1,,0,,0
2026-Q4,TX,Hallsville,trt,1,,0,,0
2026-Q4,TX,Haltom City,glp1,2,,0,,0
2026-Q4,TX,Hamilton,glp1,2,,0,,0
2026-Q4,TX,Harker Heights,glp1,12,,0,,0
2026-Q4,TX,Harker Heights,trt,1,,0,,0
2026-Q4,TX,Harlingen,glp1,56,,0,,0
2026-Q4,TX,Harlingen,trt,5,,0,,0
2026-Q4,TX,Haslet,glp1,1,,0,,0
2026-Q4,TX,Hearne,glp1,2,,0,,0
2026-Q4,TX,Helotes,glp1,6,,0,,0
2026-Q4,TX,Helotes,gym,1,,0,,0
2026-Q4,TX,Hempstead,glp1,1,,0,,0
2026-Q4,TX,Henderson,glp1,5,,0,,0
2026-Q4,TX,Henrietta,glp1,3,,0,,0
2026-Q4,TX,Hereford,glp1,3,,0,,0
2026-Q4,TX,Hewitt,glp1,3,,0,,0
2026-Q4,TX,Hico,glp1,1,,0,,0
2026-Q4,TX,Highlands,glp1,1,,0,,0
2026-Q4,TX,Hillsboro,glp1,3,,0,,0
2026-Q4,TX,Hondo,glp1,4,,0,,0
2026-Q4,TX,Honey Grove,glp1,1,,0,,0
2026-Q4,TX,Horseshoe Bay,glp1,1,,0,,0
2026-Q4,TX,Houston,glp1,856,,0,,0
2026-Q4,TX,Houston,gym,32,,0,,0
2026-Q4,TX,Houston,pharmacy,9,,0,,0
2026-Q4,TX,Houston,trt,147,,0,,0
2026-Q4,TX,Humble,glp1,50,,0,,0
2026-Q4,TX,Humble,gym,3,,0,,0
2026-Q4,TX,Humble,trt,11,,0,,0
2026-Q4,TX,Huntington,glp1,3,,0,,0
2026-Q4,TX,Huntsville,glp1,13,,0,,0
2026-Q4,TX,Hurst,glp1,11,,0,,0
2026-Q4,TX,Hurst,gym,3,,0,,0
2026-Q4,TX,Hurst,trt,1,,0,,0
2026-Q4,TX,Hutto,glp1,2,,0,,0
2026-Q4,TX,Hutto,trt,1,,0,,0
2026-Q4,TX,Inez,glp1,1,,0,,0
2026-Q4,TX,Iowa Park,glp1,1,,0,,0
2026-Q4,TX,Iraan,glp1,1,,0,,0
2026-Q4,TX,Irving,glp1,72,,0,,0
2026-Q4,TX,Irving,gym,1,,0,,0
2026-Q4,TX,Irving,pharmacy,2,,0,,0
2026-Q4,TX,Irving,trt,11,,0,,0
2026-Q4,TX,Jacksboro,glp1,1,,0,,0
2026-Q4,TX,Jacksonville,glp1,6,,0,,0
2026-Q4,TX,Jacksonville,trt,1,,0,,0
2026-Q4,TX,Jasper,glp1,7,,0,,0
2026-Q4,TX,Jbsa Ft Sam Houston,glp1,4,,0,,0
2026-Q4,TX,Jbsa Ft Sam Houston,gym,1,,0,,0
2026-Q4,TX,Jbsa Ft Sam Houston,trt,8,,0,,0
2026-Q4,TX,Jbsa Lackland,glp1,3,,0,,0
2026-Q4,TX,Jbsa Lackland,trt,2,,0,,0
2026-Q4,TX,Jbsa Randolph,glp1,1,,0,,0
2026-Q4,TX,Jbsa Randolph,gym,1,,0,,0
2026-Q4,TX,Jewett,glp1,2,,0,,0
2026-Q4,TX,Johnson City,glp1,2,,0,,0
2026-Q4,TX,Joshua,glp1,2,,0,,0
2026-Q4,TX,Joshua,gym,1,,0,,0
2026-Q4,TX,Jourdanton,glp1,1,,0,,0
2026-Q4,TX,Justin,glp1,2,,0,,0
2026-Q4,TX,Katy,glp1,105,,0,,0
2026-Q4,TX,Katy,gym,2,,0,,0
2026-Q4,TX,Katy,pharmacy,1,,0,,0
2026-Q4,TX,Katy,trt,14,,0,,0
2026-Q4,TX,Kaufman,glp1,6,,0,,0
2026-Q4,TX,Keller,glp1,45,,0,,0
2026-Q4,TX,Keller,trt,2,,0,,0
2026-Q4,TX,Kemp,glp1,1,,0,,0
2026-Q4,TX,Kenedy,glp1,2,,0,,0
2026-Q4,TX,Kermit,glp1,2,,0,,0
2026-Q4,TX,Kerrville,glp1,17,,0,,0
2026-Q4,TX,Kerrville,trt,2,,0,,0
2026-Q4,TX,Kilgore,glp1,3,,0,,0
2026-Q4,TX,Killeen,glp1,17,,0,,0
2026-Q4,TX,Killeen,trt,3,,0,,0
2026-Q4,TX,Kingsland,glp1,1,,0,,0
2026-Q4,TX,Kingsville,glp1,7,,0,,0
2026-Q4,TX,Kingwood,glp1,55,,0,,0
2026-Q4,TX,Kingwood,gym,1,,0,,0
2026-Q4,TX,Kingwood,trt,4,,0,,0
2026-Q4,TX,Kosse,glp1,1,,0,,0
2026-Q4,TX,Krum,trt,1,,0,,0
2026-Q4,TX,Kyle,glp1,23,,0,,0
2026-Q4,TX,Kyle,trt,1,,0,,0
2026-Q4,TX,La Feria,glp1,1,,0,,0
2026-Q4,TX,La Grange,glp1,2,,0,,0
2026-Q4,TX,La Joya,glp1,7,,0,,0
2026-Q4,TX,La Marque,glp1,1,,0,,0
2026-Q4,TX,La Porte,glp1,5,,0,,0
2026-Q4,TX,La Porte,gym,1,,0,,0
2026-Q4,TX,La Porte,trt,5,,0,,0
2026-Q4,TX,La Vernia,glp1,7,,0,,0
2026-Q4,TX,Lake Dallas,glp1,2,,0,,0
2026-Q4,TX,Lake Jackson,glp1,22,,0,,0
2026-Q4,TX,Lamesa,glp1,1,,0,,0
2026-Q4,TX,Lampasas,glp1,3,,0,,0
2026-Q4,TX,Lancaster,glp1,2,,0,,0
2026-Q4,TX,Laredo,glp1,68,,0,,0
2026-Q4,TX,Laredo,trt,1,,0,,0
2026-Q4,TX,Laughlin Afb,glp1,1,,0,,0
2026-Q4,TX,League City,glp1,24,,0,,0
2026-Q4,TX,League City,gym,1,,0,,0
2026-Q4,TX,League City,trt,2,,0,,0
2026-Q4,TX,Leander,glp1,12,,0,,0
2026-Q4,TX,Leander,gym,5,,0,,0
2026-Q4,TX,Leonard,glp1,1,,0,,0
2026-Q4,TX,Levelland,glp1,10,,0,,0
2026-Q4,TX,Lewisville,glp1,30,,0,,0
2026-Q4,TX,Lewisville,trt,1,,0,,0
2026-Q4,TX,Liberty,glp1,4,,0,,0
2026-Q4,TX,Liberty Hill,glp1,7,,0,,0
2026-Q4,TX,Liberty Hill,pharmacy,1,,0,,0
2026-Q4,TX,Lindale,glp1,7,,0,,0
2026-Q4,TX,Linden,glp1,1,,0,,0
2026-Q4,TX,Little Elm,glp1,5,,0,,0
2026-Q4,TX,Littlefield,glp1,2,,0,,0
2026-Q4,TX,Livingston,glp1,12,,0,,0
2026-Q4,TX,Llano,glp1,3,,0,,0
2026-Q4,TX,Lockney,glp1,2,,0,,0
2026-Q4,TX,Lone Star,glp1,1,,0,,0
2026-Q4,TX,Longview,glp1,46,,0,,0
2026-Q4,TX,Longview,trt,5,,0,,0
2026-Q4,TX,Lorena,glp1,2,,0,,0
2026-Q4,TX,Los Fresnos,glp1,3,,0,,0
2026-Q4,TX,Lubbock,glp1,103,,0,,0
2026-Q4,TX,Lubbock,trt,13,,0,,0
2026-Q4,TX,Lufkin,glp1,36,,0,,0
2026-Q4,TX,Lufkin,trt,2,,0,,0
2026-Q4,TX,Luling,glp1,1,,0,,0
2026-Q4,TX,Lumberton,glp1,5,,0,,0
2026-Q4,TX,Lyford,glp1,1,,0,,0
2026-Q4,TX,Mabank,glp1,11,,0,,0
2026-Q4,TX,Madisonville,glp1,2,,0,,0
2026-Q4,TX,Magnolia,glp1,10,,0,,0
2026-Q4,TX,Magnolia,gym,1,,0,,0
2026-Q4,TX,Manor,glp1,2,,0,,0
2026-Q4,TX,Mansfield,glp1,53,,0,,0
2026-Q4,TX,Mansfield,trt,3,,0,,0
2026-Q4,TX,Manvel,glp1,2,,0,,0
2026-Q4,TX,Marble Falls,glp1,8,,0,,0
2026-Q4,TX,Marble Falls,trt,1,,0,,0
2026-Q4,TX,Marlin,glp1,2,,0,,0
2026-Q4,TX,Marquez,glp1,1,,0,,0
2026-Q4,TX,Marshall,glp1,10,,0,,0
2026-Q4,TX,Mart,glp1,1,,0,,0
2026-Q4,TX,Mathis,glp1,1,,0,,0
2026-Q4,TX,Mc Camey,glp1,1,,0,,0
2026-Q4,TX,Mc Gregor,glp1,6,,0,,0
2026-Q4,TX,McAllen,glp1,113,,0,,0
2026-Q4,TX,McAllen,trt,7,,0,,0
2026-Q4,TX,McKinney,glp1,81,,0,,0
2026-Q4,TX,McKinney,gym,4,,0,,0
2026-Q4,TX,McKinney,pharmacy,1,,0,,0
2026-Q4,TX,McKinney,trt,6,,0,,0
2026-Q4,TX,Medina,glp1,1,,0,,0
2026-Q4,TX,Melissa,glp1,4,,0,,0
2026-Q4,TX,Mercedes,glp1,4,,0,,0
2026-Q4,TX,Mesquite,glp1,52,,0,,0
2026-Q4,TX,Mesquite,gym,1,,0,,0
2026-Q4,TX,Mesquite,trt,4,,0,,0
2026-Q4,TX,Mexia,glp1,4,,0,,0
2026-Q4,TX,Midland,glp1,61,,0,,0
2026-Q4,TX,Midland,trt,2,,0,,0
2026-Q4,TX,Midlothian,glp1,13,,0,,0
2026-Q4,TX,Midlothian,trt,1,,0,,0
2026-Q4,TX,Millsap,glp1,1,,0,,0
2026-Q4,TX,Mineola,glp1,4,,0,,0
2026-Q4,TX,Mineral Wells,glp1,5,,0,,0
2026-Q4,TX,Mineral Wells,trt,2,,0,,0
2026-Q4,TX,Mission,glp1,53,,0,,0
2026-Q4,TX,Mission,trt,1,,0,,0
2026-Q4,TX,Missouri City,glp1,32,,0,,0
2026-Q4,TX,Missouri City,trt,5,,0,,0
2026-Q4,TX,Monahans,glp1,3,,0,,0
2026-Q4,TX,Montgomery,glp1,9,,0,,0
2026-Q4,TX,Moody,glp1,1,,0,,0
2026-Q4,TX,Morton,glp1,1,,0,,0
2026-Q4,TX,Mount Enterprise,glp1,1,,0,,0
2026-Q4,TX,Mount Pleasant,glp1,10,,0,,0
2026-Q4,TX,Mount Vernon,glp1,4,,0,,0
2026-Q4,TX,Muleshoe,glp1,1,,0,,0
2026-Q4,TX,Nacogdoches,glp1,33,,0,,0
2026-Q4,TX,Navasota,glp1,1,,0,,0
2026-Q4,TX,Nederland,glp1,12,,0,,0
2026-Q4,TX,Nederland,trt,1,,0,,0
2026-Q4,TX,Needville,glp1,2,,0,,0
2026-Q4,TX,New Boston,glp1,3,,0,,0
2026-Q4,TX,New Braunfels,glp1,62,,0,,0
2026-Q4,TX,New Braunfels,gym,1,,0,,0
2026-Q4,TX,New Braunfels,trt,3,,0,,0
2026-Q4,TX,New Caney,glp1,5,,0,,0
2026-Q4,TX,New Caney,gym,1,,0,,0
2026-Q4,TX,New Waverly,glp1,2,,0,,0
2026-Q4,TX,Newark,glp1,1,,0,,0
2026-Q4,TX,Normanna,glp1,1,,0,,0
2026-Q4,TX,North Richland Hills,glp1,21,,0,,0
2026-Q4,TX,North Richland Hills,trt,1,,0,,0
2026-Q4,TX,Odessa,glp1,64,,0,,0
2026-Q4,TX,Odessa,trt,7,,0,,0
2026-Q4,TX,Olmito,glp1,3,,0,,0
2026-Q4,TX,Olney,glp1,3,,0,,0
2026-Q4,TX,Onalaska,glp1,2,,0,,0
2026-Q4,TX,Orange,glp1,13,,0,,0
2026-Q4,TX,Ozona,glp1,1,,0,,0
2026-Q4,TX,Palestine,glp1,9,,0,,0
2026-Q4,TX,Palestine,trt,1,,0,,0
2026-Q4,TX,Pampa,glp1,2,,0,,0
2026-Q4,TX,Pampa,trt,1,,0,,0
2026-Q4,TX,Panhandle,glp1,1,,0,,0
2026-Q4,TX,Paradise,glp1,2,,0,,0
2026-Q4,TX,Paris,glp1,24,,0,,0
2026-Q4,TX,Paris,trt,1,,0,,0
2026-Q4,TX,Pasadena,glp1,48,,0,,0
2026-Q4,TX,Pasadena,gym,1,,0,,0
2026-Q4,TX,Pasadena,trt,7,,0,,0
2026-Q4,TX,Pearland,glp1,48,,0,,0
2026-Q4,TX,Pearland,gym,1,,0,,0
2026-Q4,TX,Pearland,trt,5,,0,,0
2026-Q4,TX,Pearsall,glp1,2,,0,,0
2026-Q4,TX,Penitas,glp1,1,,0,,0
2026-Q4,TX,Pflugerville,glp1,10,,0,,0
2026-Q4,TX,Pflugerville,gym,1,,0,,0
2026-Q4,TX,Pharr,glp1,16,,0,,0
2026-Q4,TX,Pipe Creek,glp1,1,,0,,0
2026-Q4,TX,Pittsburg,glp1,1,,0,,0
2026-Q4,TX,Plainview,glp1,5,,0,,0
2026-Q4,TX,Plano,glp1,196,,0,,0
2026-Q4,TX,Plano,gym,8,,0,,0
2026-Q4,TX,Plano,trt,27,,0,,0
2026-Q4,TX,Pleasanton,glp1,5,,0,,0
2026-Q4,TX,Port Aransas,glp1,2,,0,,0
2026-Q4,TX,Port Arthur,glp1,12,,0,,0
2026-Q4,TX,Port Isabel,glp1,4,,0,,0
2026-Q4,TX,Port Lavaca,glp1,4,,0,,0
2026-Q4,TX,Port Neches,glp1,7,,0,,0
2026-Q4,TX,Porter,glp1,4,,0,,0
2026-Q4,TX,Porter,trt,1,,0,,0
2026-Q4,TX,Portland,glp1,10,,0,,0
2026-Q4,TX,Portland,trt,1,,0,,0
2026-Q4,TX,Post,glp1,1,,0,,0
2026-Q4,TX,Poteet,glp1,1,,0,,0
2026-Q4,TX,Prosper,glp1,16,,0,,0
2026-Q4,TX,Prosper,gym,1,,0,,0
2026-Q4,TX,Prosper,trt,1,,0,,0
2026-Q4,TX,Quitman,glp1,2,,0,,0
2026-Q4,TX,Rankin,glp1,1,,0,,0
2026-Q4,TX,Raymondville,glp1,3,,0,,0
2026-Q4,TX,Red Oak,glp1,4,,0,,0
2026-Q4,TX,Rhome,glp1,1,,0,,0
2026-Q4,TX,Richardson,glp1,55,,0,,0
2026-Q4,TX,Richardson,gym,6,,0,,0
2026-Q4,TX,Richardson,trt,4,,0,,0
2026-Q4,TX,Richmond,glp1,39,,0,,0
2026-Q4,TX,Richmond,gym,3,,0,,0
2026-Q4,TX,Richmond,trt,3,,0,,0
2026-Q4,TX,Rio Grande City,glp1,12,,0,,0
2026-Q4,TX,Rio Hondo,glp1,1,,0,,0
2026-Q4,TX,Rising Star,glp1,1,,0,,0
2026-Q4,TX,Roanoke,glp1,9,,0,,0
2026-Q4,TX,Roanoke,gym,3,,0,,0
2026-Q4,TX,Robstown,glp1,3,,0,,0
2026-Q4,TX,Rockdale,glp1,2,,0,,0
2026-Q4,TX,Rockport,glp1,8,,0,,0
2026-Q4,TX,Rockwall,glp1,41,,0,,0
2026-Q4,TX,Rockwall,gym,2,,0,,0
2026-Q4,TX,Rockwall,trt,1,,0,,0
2026-Q4,TX,Rosenberg,glp1,5,,0,,0
2026-Q4,TX,Rosenberg,trt,1,,0,,0
2026-Q4,TX,Rosharon,glp1,2,,0,,0
2026-Q4,TX,Round Rock,glp1,53,,0,,0
2026-Q4,TX,Round Rock,gym,3,,0,,0
2026-Q4,TX,Round Rock,trt,5,,0,,0
2026-Q4,TX,Rowlett,glp1,16,,0,,0
2026-Q4,TX,Royse City,glp1,3,,0,,0
2026-Q4,TX,Royse City,gym,1,,0,,0
2026-Q4,TX,Rusk,glp1,3,,0,,0
2026-Q4,TX,Sachse,glp1,7,,0,,0
2026-Q4,TX,Salado,glp1,1,,0,,0
2026-Q4,TX,San Angelo,glp1,28,,0,,0
2026-Q4,TX,San Antonio,glp1,575,,0,,0
2026-Q4,TX,San Antonio,gym,25,,0,,0
2026-Q4,TX,San Antonio,pharmacy,1,,0,,0
2026-Q4,TX,San Antonio,trt,62,,0,,0
2026-Q4,TX,San Augustine,glp1,1,,0,,0
2026-Q4,TX,San Benito,glp1,5,,0,,0
2026-Q4,TX,San Elizario,glp1,2,,0,,0
2026-Q4,TX,San Juan,glp1,5,,0,,0
2026-Q4,TX,San Marcos,glp1,21,,0,,0
2026-Q4,TX,San Marcos,trt,1,,0,,0
2026-Q4,TX,Sandia,glp1,1,,0,,0
2026-Q4,TX,Santa Fe,glp1,5,,0,,0
2026-Q4,TX,Santa Fe,gym,1,,0,,0
2026-Q4,TX,Schertz,glp1,13,,0,,0
2026-Q4,TX,Schertz,pharmacy,1,,0,,0
2026-Q4,TX,Schertz,trt,1,,0,,0
2026-Q4,TX,Seabrook,glp1,1,,0,,0
2026-Q4,TX,Seagoville,glp1,1,,0,,0
2026-Q4,TX,Sealy,glp1,1,,0,,0
2026-Q4,TX,Seguin,glp1,13,,0,,0
2026-Q4,TX,Seguin,trt,1,,0,,0
2026-Q4,TX,Seminole,glp1,2,,0,,0
2026-Q4,TX,Seymour,glp1,1,,0,,0
2026-Q4,TX,Shepherd,glp1,2,,0,,0
2026-Q4,TX,Sherman,glp1,31,,0,,0
2026-Q4,TX,Shiner,glp1,3,,0,,0
2026-Q4,TX,Silsbee,glp1,5,,0,,0
2026-Q4,TX,Silverton,glp1,1,,0,,0
2026-Q4,TX,Sinton,glp1,1,,0,,0
2026-Q4,TX,Smithville,glp1,1,,0,,0
2026-Q4,TX,Snyder,glp1,2,,0,,0
2026-Q4,TX,Somerville,glp1,1,,0,,0
2026-Q4,TX,Southlake,glp1,22,,0,,0
2026-Q4,TX,Southlake,gym,3,,0,,0
2026-Q4,TX,Southlake,pharmacy,1,,0,,0
2026-Q4,TX,Southlake,trt,3,,0,,0
2026-Q4,TX,Spicewood,glp1,1,,0,,0
2026-Q4,TX,Spicewood,gym,1,,0,,0
2026-Q4,TX,Splendora,glp1,2,,0,,0
2026-Q4,TX,Spring,glp1,138,,0,,0
2026-Q4,TX,Spring,gym,5,,0,,0
2026-Q4,TX,Spring,trt,9,,0,,0
2026-Q4,TX,Spring Branch,glp1,6,,0,,0
2026-Q4,TX,Springtown,glp1,2,,0,,0
2026-Q4,TX,Stafford,glp1,1,,0,,0
2026-Q4,TX,Stafford,gym,1,,0,,0
2026-Q4,TX,Stafford,trt,3,,0,,0
2026-Q4,TX,Stanton,glp1,7,,0,,0
2026-Q4,TX,Stephenville,glp1,3,,0,,0
2026-Q4,TX,Stockdale,glp1,1,,0,,0
2026-Q4,TX,Stratford,glp1,1,,0,,0
2026-Q4,TX,Sudan,glp1,1,,0,,0
2026-Q4,TX,Sugar Land,glp1,144,,0,,0
2026-Q4,TX,Sugar Land,gym,2,,0,,0
2026-Q4,TX,Sugar Land,pharmacy,2,,0,,0
2026-Q4,TX,Sugar Land,trt,19,,0,,0
2026-Q4,TX,Sulphur Springs,glp1,7,,0,,0
2026-Q4,TX,Sulphur Springs,trt,2,,0,,0
2026-Q4,TX,Sunnyvale,glp1,7,,0,,0
2026-Q4,TX,Sunset,glp1,1,,0,,0
2026-Q4,TX,Sweeny,glp1,2,,0,,0
2026-Q4,TX,Sweetwater,glp1,2,,0,,0
2026-Q4,TX,Tahoka,glp1,2,,0,,0
2026-Q4,TX,Tarpley,trt,1,,0,,0
2026-Q4,TX,Taylor,glp1,2,,0,,0
2026-Q4,TX,Temple,glp1,20,,0,,0
2026-Q4,TX,Temple,trt,7,,0,,0
2026-Q4,TX,Tenaha,glp1,1,,0,,0
2026-Q4,TX,Terrell,glp1,2,,0,,0
2026-Q4,TX,Texarkana,glp1,31,,0,,0
2026-Q4,TX,Texarkana,trt,2,,0,,0
2026-Q4,TX,Texas City,glp1,10,,0,,0
2026-Q4,TX,Texas City,gym,2,,0,,0
2026-Q4,TX,The Colony,glp1,11,,0,,0
2026-Q4,TX,Thorndale,glp1,2,,0,,0
2026-Q4,TX,Three Rivers,glp1,3,,0,,0
2026-Q4,TX,Throckmorton,glp1,1,,0,,0
2026-Q4,TX,Tilden,glp1,1,,0,,0
2026-Q4,TX,Timpson,glp1,1,,0,,0
2026-Q4,TX,Tomball,glp1,44,,0,,0
2026-Q4,TX,Tomball,gym,4,,0,,0
2026-Q4,TX,Tomball,trt,3,,0,,0
2026-Q4,TX,Tulia,glp1,1,,0,,0
2026-Q4,TX,Tye,glp1,1,,0,,0
2026-Q4,TX,Tyler,glp1,63,,0,,0
2026-Q4,TX,Tyler,trt,14,,0,,0
2026-Q4,TX,Universal City,glp1,3,,0,,0
2026-Q4,TX,Uvalde,glp1,7,,0,,0
2026-Q4,TX,Valley View,glp1,2,,0,,0
2026-Q4,TX,Van Alstyne,glp1,1,,0,,0
2026-Q4,TX,Van Vleck,glp1,1,,0,,0
2026-Q4,TX,Venus,glp1,1,,0,,0
2026-Q4,TX,Vernon,glp1,4,,0,,0
2026-Q4,TX,Victoria,glp1,57,,0,,0
2026-Q4,TX,Victoria,trt,3,,0,,0
2026-Q4,TX,Vidor,glp1,3,,0,,0
2026-Q4,TX,Vidor,trt,1,,0,,0
2026-Q4,TX,Waco,glp1,34,,0,,0
2026-Q4,TX,Waco,pharmacy,1,,0,,0
2026-Q4,TX,Waco,trt,1,,0,,0
2026-Q4,TX,Waelder,glp1,1,,0,,0
2026-Q4,TX,Waka,gym,1,,0,,0
2026-Q4,TX,Waller,glp1,2,,0,,0
2026-Q4,TX,Wallis,glp1,1,,0,,0
2026-Q4,TX,Wallisville,glp1,1,,0,,0
2026-Q4,TX,Waxahachie,glp1,24,,0,,0
2026-Q4,TX,Weatherford,glp1,32,,0,,0
2026-Q4,TX,Weatherford,trt,2,,0,,0
2026-Q4,TX,Webster,glp1,68,,0,,0
2026-Q4,TX,Webster,gym,2,,0,,0
2026-Q4,TX,Webster,trt,8,,0,,0
2026-Q4,TX,Weslaco,glp1,29,,0,,0
2026-Q4,TX,Weslaco,trt,1,,0,,0
2026-Q4,TX,West,glp1,2,,0,,0
2026-Q4,TX,West Columbia,glp1,1,,0,,0
2026-Q4,TX,Wharton,glp1,5,,0,,0
2026-Q4,TX,White Oak,glp1,2,,0,,0
2026-Q4,TX,Whitehouse,glp1,6,,0,,0
2026-Q4,TX,Whitesboro,glp1,1,,0,,0
2026-Q4,TX,Whitney,glp1,2,,0,,0
2026-Q4,TX,Wichita Falls,glp1,31,,0,,0
2026-Q4,TX,Wichita Falls,trt,8,,0,,0
2026-Q4,TX,Willis,glp1,5,,0,,0
2026-Q4,TX,Wimberley,glp1,3,,0,,0
2026-Q4,TX,Winnie,glp1,1,,0,,0
2026-Q4,TX,Winnsboro,glp1,3,,0,,0
2026-Q4,TX,Wolfforth,glp1,3,,0,,0
2026-Q4,TX,Woodville,glp1,4,,0,,0
2026-Q4,TX,Woodway,glp1,49,,0,,0
2026-Q4,TX,Woodway,trt,5,,0,,0
2026-Q4,TX,Wylie,glp1,9,,0,,0
2026-Q4,TX,Wylie,gym,1,,0,,0
2026-Q4,TX,Wylie,trt,1,,0,,0
2026-Q4,TX,Yoakum,glp1,2,,0,,0
2026-Q4,TX,Zapata,glp1,1,,0,,0
2026-Q4,UT,Alpine,glp1,2,,0,,0
2026-Q4,UT,American Fork,glp1,13,,0,,0
2026-Q4,UT,American Fork,gym,3,,0,,0
2026-Q4,UT,American Fork,trt,1,,0,,0
2026-Q4,UT,Bountiful,glp1,10,,0,,0
2026-Q4,UT,Bountiful,gym,2,,0,,0
2026-Q4,UT,Bountiful,trt,2,,0,,0
2026-Q4,UT,Brigham City,glp1,7,,0,,0
2026-Q4,UT,Cedar City,glp1,4,,0,,0
2026-Q4,UT,Centerville,gym,1,,0,,0
2026-Q4,UT,Clearfield,glp1,9,,0,,0
2026-Q4,UT,Coalville,glp1,2,,0,,0
2026-Q4,UT,Draper,glp1,18,,0,,0
2026-Q4,UT,Draper,gym,1,,0,,0
2026-Q4,UT,Duchesne,glp1,1,,0,,0
2026-Q4,UT,Eagle Mountain,glp1,5,,0,,0
2026-Q4,UT,Enterprise,glp1,4,,0,,0
2026-Q4,UT,Farmington,glp1,5,,0,,0
2026-Q4,UT,Farmington,gym,1,,0,,0
2026-Q4,UT,Farmington,trt,1,,0,,0
2026-Q4,UT,Garden City,glp1,2,,0,,0
2026-Q4,UT,Garland,glp1,2,,0,,0
2026-Q4,UT,Grantsville,glp1,4,,0,,0
2026-Q4,UT,Gunnison,glp1,2,,0,,0
2026-Q4,UT,Heber City,glp1,2,,0,,0
2026-Q4,UT,Herriman,glp1,8,,0,,0
2026-Q4,UT,Herriman,gym,3,,0,,0
2026-Q4,UT,Hurricane,trt,1,,0,,0
2026-Q4,UT,Hyde Park,glp1,2,,0,,0
2026-Q4,UT,Hyrum,glp1,2,,0,,0
2026-Q4,UT,Kamas,glp1,2,,0,,0
2026-Q4,UT,Kaysville,glp1,4,,0,,0
2026-Q4,UT,Kaysville,trt,2,,0,,0
2026-Q4,UT,Layton,glp1,21,,0,,0
2026-Q4,UT,Layton,trt,3,,0,,0
2026-Q4,UT,Lehi,glp1,13,,0,,0
2026-Q4,UT,Lehi,gym,2,,0,,0
2026-Q4,UT,Lehi,trt,2,,0,,0
2026-Q4,UT,Lindon,glp1,2,,0,,0
2026-Q4,UT,Lindon,gym,1,,0,,0
2026-Q4,UT,Logan,glp1,8,,0,,0
2026-Q4,UT,Logan,trt,1,,0,,0
2026-Q4,UT,Magna,glp1,2,,0,,0
2026-Q4,UT,Magna,gym,1,,0,,0
2026-Q4,UT,Mapleton,glp1,1,,0,,0
2026-Q4,UT,Midvale,glp1,5,,0,,0
2026-Q4,UT,Midvale,gym,1,,0,,0
2026-Q4,UT,Morgan,glp1,1,,0,,0
2026-Q4,UT,Mount Pleasant,glp1,2,,0,,0
2026-Q4,UT,Nephi,glp1,1,,0,,0
2026-Q4,UT,Newton,glp1,1,,0,,0
2026-Q4,UT,North Salt Lake,glp1,1,,0,,0
2026-Q4,UT,Ogden,glp1,31,,0,,0
2026-Q4,UT,Ogden,trt,6,,0,,0
2026-Q4,UT,Orem,glp1,18,,0,,0
2026-Q4,UT,Orem,gym,3,,0,,0
2026-Q4,UT,Panguitch,glp1,1,,0,,0
2026-Q4,UT,Park City,glp1,6,,0,,0
2026-Q4,UT,Park City,trt,3,,0,,0
2026-Q4,UT,Payson,glp1,6,,0,,0
2026-Q4,UT,Pleasant Grove,glp1,5,,0,,0
2026-Q4,UT,Pleasant Grove,gym,1,,0,,0
2026-Q4,UT,Price,glp1,3,,0,,0
2026-Q4,UT,Providence,glp1,6,,0,,0
2026-Q4,UT,Provo,glp1,21,,0,,0
2026-Q4,UT,Provo,trt,7,,0,,0
2026-Q4,UT,Richfield,glp1,6,,0,,0
2026-Q4,UT,Riverton,glp1,13,,0,,0
2026-Q4,UT,Riverton,gym,1,,0,,0
2026-Q4,UT,Riverton,pharmacy,1,,0,,0
2026-Q4,UT,Roosevelt,glp1,6,,0,,0
2026-Q4,UT,Roy,glp1,3,,0,,0
2026-Q4,UT,Saint George,glp1,25,,0,,0
2026-Q4,UT,Saint George,trt,4,,0,,0
2026-Q4,UT,Salem,glp1,6,,0,,0
2026-Q4,UT,Salt Lake City,glp1,119,,0,,0
2026-Q4,UT,Salt Lake City,gym,21,,0,,0
2026-Q4,UT,Salt Lake City,pharmacy,1,,0,,0
2026-Q4,UT,Salt Lake City,trt,31,,0,,0
2026-Q4,UT,Sandy,glp1,14,,0,,0
2026-Q4,UT,Sandy,gym,4,,0,,0
2026-Q4,UT,Sandy,trt,5,,0,,0
2026-Q4,UT,Santaquin,glp1,3,,0,,0
2026-Q4,UT,Saratoga Springs,glp1,4,,0,,0
2026-Q4,UT,Saratoga Springs,gym,3,,0,,0
2026-Q4,UT,South Jordan,glp1,8,,0,,0
2026-Q4,UT,South Jordan,gym,2,,0,,0
2026-Q4,UT,Spanish Fork,glp1,1,,0,,0
2026-Q4,UT,Springville,glp1,2,,0,,0
2026-Q4,UT,Springville,trt,1,,0,,0
2026-Q4,UT,Syracuse,glp1,1,,0,,0
2026-Q4,UT,Tooele,glp1,22,,0,,0
2026-Q4,UT,Tooele,gym,1,,0,,0
2026-Q4,UT,Vernal,glp1,6,,0,,0
2026-Q4,UT,West Jordan,glp1,18,,0,,0
2026-Q4,UT,West Jordan,gym,8,,0,,0
2026-Q4,UT,West Jordan,trt,3,,0,,0
2026-Q4,UT,West Valley City,glp1,12,,0,,0
2026-Q4,UT,West Valley City,gym,2,,0,,0
2026-Q4,UT,West Valley City,trt,2,,0,,0
2026-Q4,UT,Willard,glp1,1,,0,,0
2026-Q4,VA,Abingdon,glp1,28,,0,,0
2026-Q4,VA,Abingdon,trt,1,,0,,0
2026-Q4,VA,Alberta,glp1,1,,0,,0
2026-Q4,VA,Aldie,glp1,5,,0,,0
2026-Q4,VA,Alexandria,glp1,87,,0,,0
2026-Q4,VA,Alexandria,gym,13,,0,,0
2026-Q4,VA,Alexandria,pharmacy,1,,0,,0
2026-Q4,VA,Alexandria,trt,16,,0,,0
2026-Q4,VA,Amelia Court House,glp1,4,,0,,0
2026-Q4,VA,Amherst,glp1,4,,0,,0
2026-Q4,VA,Annandale,glp1,27,,0,,0
2026-Q4,VA,Appomattox,glp1,2,,0,,0
2026-Q4,VA,Arlington,glp1,73,,0,,0
2026-Q4,VA,Arlington,gym,10,,0,,0
2026-Q4,VA,Arlington,trt,8,,0,,0
2026-Q4,VA,Arrington,glp1,2,,0,,0
2026-Q4,VA,Ashburn,glp1,16,,0,,0
2026-Q4,VA,Ashburn,gym,4,,0,,0
2026-Q4,VA,Ashburn,trt,2,,0,,0
2026-Q4,VA,Ashland,glp1,3,,0,,0
2026-Q4,VA,Ashland,trt,1,,0,,0
2026-Q4,VA,Axton,glp1,1,,0,,0
2026-Q4,VA,Aylett,glp1,2,,0,,0
2026-Q4,VA,Bassett,glp1,3,,0,,0
2026-Q4,VA,Bastian,glp1,1,,0,,0
2026-Q4,VA,Bealeton,glp1,1,,0,,0
2026-Q4,VA,Bedford,glp1,2,,0,,0
2026-Q4,VA,Bedford,trt,1,,0,,0
2026-Q4,VA,Big Stone Gap,glp1,3,,0,,0
2026-Q4,VA,Blacksburg,glp1,8,,0,,0
2026-Q4,VA,Blackstone,glp1,1,,0,,0
2026-Q4,VA,Bluefield,glp1,9,,0,,0
2026-Q4,VA,Bluefield,trt,1,,0,,0
2026-Q4,VA,Boones Mill,glp1,1,,0,,0
2026-Q4,VA,Bowling Green,glp1,4,,0,,0
2026-Q4,VA,Bridgewater,glp1,1,,0,,0
2026-Q4,VA,Bristol,glp1,5,,0,,0
2026-Q4,VA,Bristow,glp1,1,,0,,0
2026-Q4,VA,Bristow,gym,1,,0,,0
2026-Q4,VA,Broadway,glp1,3,,0,,0
2026-Q4,VA,Brookneal,glp1,1,,0,,0
2026-Q4,VA,Buchanan,glp1,1,,0,,0
2026-Q4,VA,Buena Vista,glp1,1,,0,,0
2026-Q4,VA,Burke,glp1,11,,0,,0
2026-Q4,VA,Burke,gym,3,,0,,0
2026-Q4,VA,Burke,trt,2,,0,,0
2026-Q4,VA,Callao,glp1,1,,0,,0
2026-Q4,VA,Cana,glp1,1,,0,,0
2026-Q4,VA,Carrollton,glp1,3,,0,,0
2026-Q4,VA,Castlewood,glp1,2,,0,,0
2026-Q4,VA,Cedar Bluff,glp1,3,,0,,0
2026-Q4,VA,Centreville,glp1,8,,0,,0
2026-Q4,VA,Centreville,gym,1,,0,,0
2026-Q4,VA,Chantilly,glp1,12,,0,,0
2026-Q4,VA,Chantilly,gym,4,,0,,0
2026-Q4,VA,Charles City,glp1,1,,0,,0
2026-Q4,VA,Charlottesville,glp1,51,,0,,0
2026-Q4,VA,Charlottesville,trt,22,,0,,0
2026-Q4,VA,Chase City,glp1,2,,0,,0
2026-Q4,VA,Chatham,glp1,3,,0,,0
2026-Q4,VA,Chesapeake,glp1,78,,0,,0
2026-Q4,VA,Chesapeake,trt,8,,0,,0
2026-Q4,VA,Chester,glp1,10,,0,,0
2026-Q4,VA,Chesterfield,glp1,8,,0,,0
2026-Q4,VA,Chilhowie,glp1,1,,0,,0
2026-Q4,VA,Christiansburg,glp1,10,,0,,0
2026-Q4,VA,Christiansburg,trt,2,,0,,0
2026-Q4,VA,Clifton,gym,1,,0,,0
2026-Q4,VA,Clifton Forge,glp1,1,,0,,0
2026-Q4,VA,Clintwood,glp1,3,,0,,0
2026-Q4,VA,Coeburn,glp1,1,,0,,0
2026-Q4,VA,Collinsville,glp1,1,,0,,0
2026-Q4,VA,Colonial Beach,glp1,1,,0,,0
2026-Q4,VA,Colonial Heights,glp1,14,,0,,0
2026-Q4,VA,Colonial Heights,trt,4,,0,,0
2026-Q4,VA,Covington,glp1,3,,0,,0
2026-Q4,VA,Culpeper,glp1,17,,0,,0
2026-Q4,VA,Dahlgren,glp1,1,,0,,0
2026-Q4,VA,Daleville,glp1,2,,0,,0
2026-Q4,VA,Danville,glp1,30,,0,,0
2026-Q4,VA,Danville,trt,1,,0,,0
2026-Q4,VA,Deltaville,glp1,3,,0,,0
2026-Q4,VA,Dendron,glp1,1,,0,,0
2026-Q4,VA,Dinwiddie,glp1,1,,0,,0
2026-Q4,VA,Dublin,glp1,9,,0,,0
2026-Q4,VA,Duffield,glp1,2,,0,,0
2026-Q4,VA,Dumfries,glp1,3,,0,,0
2026-Q4,VA,Dumfries,gym,2,,0,,0
2026-Q4,VA,Dumfries,trt,1,,0,,0
2026-Q4,VA,Dungannon,glp1,4,,0,,0
2026-Q4,VA,Earlysville,glp1,1,,0,,0
2026-Q4,VA,Eastville,glp1,2,,0,,0
2026-Q4,VA,Elkton,glp1,1,,0,,0
2026-Q4,VA,Emporia,glp1,4,,0,,0
2026-Q4,VA,Esmont,glp1,1,,0,,0
2026-Q4,VA,Ewing,glp1,1,,0,,0
2026-Q4,VA,Fairfax,glp1,109,,0,,0
2026-Q4,VA,Fairfax,gym,7,,0,,0
2026-Q4,VA,Fairfax,trt,18,,0,,0
2026-Q4,VA,Fairfax Station,glp1,2,,0,,0
2026-Q4,VA,Fairfax Station,gym,1,,0,,0
2026-Q4,VA,Falls Church,glp1,60,,0,,0
2026-Q4,VA,Falls Church,gym,8,,0,,0
2026-Q4,VA,Falls Church,trt,13,,0,,0
2026-Q4,VA,Fancy Gap,glp1,1,,0,,0
2026-Q4,VA,Farmville,glp1,8,,0,,0
2026-Q4,VA,Farmville,trt,1,,0,,0
2026-Q4,VA,Fishersville,glp1,18,,0,,0
2026-Q4,VA,Fishersville,trt,5,,0,,0
2026-Q4,VA,Floyd,glp1,2,,0,,0
2026-Q4,VA,Forest,glp1,8,,0,,0
2026-Q4,VA,Fork Union,glp1,1,,0,,0
2026-Q4,VA,Fort Belvoir,glp1,3,,0,,0
2026-Q4,VA,Fort Belvoir,trt,3,,0,,0
2026-Q4,VA,Fort Myer,gym,2,,0,,0
2026-Q4,VA,Franklin,glp1,2,,0,,0
2026-Q4,VA,Fredericksburg,glp1,98,,0,,0
2026-Q4,VA,Fredericksburg,trt,5,,0,,0
2026-Q4,VA,Fries,glp1,1,,0,,0
2026-Q4,VA,Front Royal,glp1,9,,0,,0
2026-Q4,VA,Front Royal,trt,3,,0,,0
2026-Q4,VA,Gainesville,glp1,18,,0,,0
2026-Q4,VA,Gainesville,gym,3,,0,,0
2026-Q4,VA,Galax,glp1,7,,0,,0
2026-Q4,VA,Gate City,glp1,1,,0,,0
2026-Q4,VA,Glade Spring,glp1,1,,0,,0
2026-Q4,VA,Glasgow,glp1,1,,0,,0
2026-Q4,VA,Glen Allen,glp1,14,,0,,0
2026-Q4,VA,Glen Allen,trt,1,,0,,0
2026-Q4,VA,Gloucester,glp1,9,,0,,0
2026-Q4,VA,Gordonsville,glp1,1,,0,,0
2026-Q4,VA,Gordonsville,trt,1,,0,,0
2026-Q4,VA,Great Falls,gym,1,,0,,0
2026-Q4,VA,Gretna,glp1,1,,0,,0
2026-Q4,VA,Grundy,glp1,5,,0,,0
2026-Q4,VA,Grundy,trt,1,,0,,0
2026-Q4,VA,Hampton,glp1,25,,0,,0
2026-Q4,VA,Hampton,trt,4,,0,,0
2026-Q4,VA,Hardy,glp1,2,,0,,0
2026-Q4,VA,Harrisonburg,glp1,31,,0,,0
2026-Q4,VA,Harrisonburg,trt,1,,0,,0
2026-Q4,VA,Hayes,glp1,2,,0,,0
2026-Q4,VA,Haymarket,glp1,1,,0,,0
2026-Q4,VA,Haymarket,gym,1,,0,,0
2026-Q4,VA,Henrico,glp1,80,,0,,0
2026-Q4,VA,Henrico,trt,11,,0,,0
2026-Q4,VA,Herndon,glp1,8,,0,,0
2026-Q4,VA,Herndon,gym,2,,0,,0
2026-Q4,VA,Herndon,trt,1,,0,,0
2026-Q4,VA,Hillsville,glp1,4,,0,,0
2026-Q4,VA,Honaker,glp1,1,,0,,0
2026-Q4,VA,Hopewell,glp1,5,,0,,0
2026-Q4,VA,Hot Springs,glp1,1,,0,,0
2026-Q4,VA,Hurt,glp1,1,,0,,0
2026-Q4,VA,Independence,glp1,1,,0,,0
2026-Q4,VA,Ivanhoe,glp1,1,,0,,0
2026-Q4,VA,Ivor,glp1,2,,0,,0
2026-Q4,VA,Jonesville,glp1,3,,0,,0
2026-Q4,VA,Kilmarnock,glp1,3,,0,,0
2026-Q4,VA,King George,glp1,5,,0,,0
2026-Q4,VA,King William,glp1,1,,0,,0
2026-Q4,VA,Laurel Fork,glp1,1,,0,,0
2026-Q4,VA,Lawrenceville,glp1,1,,0,,0
2026-Q4,VA,Lebanon,glp1,8,,0,,0
2026-Q4,VA,Leesburg,glp1,54,,0,,0
2026-Q4,VA,Leesburg,gym,2,,0,,0
2026-Q4,VA,Leesburg,pharmacy,1,,0,,0
2026-Q4,VA,Leesburg,trt,6,,0,,0
2026-Q4,VA,Lexington,glp1,6,,0,,0
2026-Q4,VA,Locust Grove,glp1,4,,0,,0
2026-Q4,VA,Lorton,glp1,3,,0,,0
2026-Q4,VA,Lorton,pharmacy,1,,0,,0
2026-Q4,VA,Louisa,glp1,4,,0,,0
2026-Q4,VA,Lovettsville,glp1,1,,0,,0
2026-Q4,VA,Low Moor,glp1,9,,0,,0
2026-Q4,VA,Luray,glp1,5,,0,,0
2026-Q4,VA,Lynchburg,glp1,42,,0,,0
2026-Q4,VA,Lynchburg,trt,10,,0,,0
2026-Q4,VA,Madison,glp1,1,,0,,0
2026-Q4,VA,Madison Heights,glp1,6,,0,,0
2026-Q4,VA,Manakin Sabot,glp1,2,,0,,0
2026-Q4,VA,Manassas,glp1,38,,0,,0
2026-Q4,VA,Manassas,gym,2,,0,,0
2026-Q4,VA,Manassas,trt,5,,0,,0
2026-Q4,VA,Marion,glp1,5,,0,,0
2026-Q4,VA,Marshall,glp1,1,,0,,0
2026-Q4,VA,Martinsville,glp1,20,,0,,0
2026-Q4,VA,Mathews,glp1,2,,0,,0
2026-Q4,VA,Max Meadows,glp1,4,,0,,0
2026-Q4,VA,McLean,glp1,22,,0,,0
2026-Q4,VA,McLean,gym,1,,0,,0
2026-Q4,VA,Meadowview,glp1,1,,0,,0
2026-Q4,VA,Mechanicsville,glp1,34,,0,,0
2026-Q4,VA,Mechanicsville,trt,6,,0,,0
2026-Q4,VA,Middlebrook,glp1,2,,0,,0
2026-Q4,VA,Midlothian,glp1,50,,0,,0
2026-Q4,VA,Midlothian,trt,5,,0,,0
2026-Q4,VA,Moneta,glp1,3,,0,,0
2026-Q4,VA,Moneta,trt,2,,0,,0
2026-Q4,VA,Montpelier,glp1,3,,0,,0
2026-Q4,VA,Mount Jackson,glp1,1,,0,,0
2026-Q4,VA,Nathalie,glp1,1,,0,,0
2026-Q4,VA,New Canton,glp1,3,,0,,0
2026-Q4,VA,New Church,glp1,1,,0,,0
2026-Q4,VA,New Market,glp1,1,,0,,0
2026-Q4,VA,Newington,glp1,1,,0,,0
2026-Q4,VA,Newport News,glp1,58,,0,,0
2026-Q4,VA,Newport News,trt,8,,0,,0
2026-Q4,VA,Nokesville,glp1,1,,0,,0
2026-Q4,VA,Nokesville,gym,1,,0,,0
2026-Q4,VA,Norfolk,glp1,67,,0,,0
2026-Q4,VA,Norfolk,trt,5,,0,,0
2026-Q4,VA,Norton,glp1,10,,0,,0
2026-Q4,VA,Oakton,glp1,1,,0,,0
2026-Q4,VA,Oakwood,glp1,1,,0,,0
2026-Q4,VA,Onancock,glp1,1,,0,,0
2026-Q4,VA,Onley,glp1,4,,0,,0
2026-Q4,VA,Orange,glp1,5,,0,,0
2026-Q4,VA,Palmyra,glp1,3,,0,,0
2026-Q4,VA,Pembroke,glp1,1,,0,,0
2026-Q4,VA,Pennington Gap,glp1,4,,0,,0
2026-Q4,VA,Petersburg,glp1,12,,0,,0
2026-Q4,VA,Petersburg,trt,1,,0,,0
2026-Q4,VA,Portsmouth,glp1,16,,0,,0
2026-Q4,VA,Portsmouth,trt,3,,0,,0
2026-Q4,VA,Pounding Mill,glp1,4,,0,,0
2026-Q4,VA,Powhatan,glp1,10,,0,,0
2026-Q4,VA,Powhatan,trt,1,,0,,0
2026-Q4,VA,Prince George,glp1,10,,0,,0
2026-Q4,VA,Providence Forge,glp1,1,,0,,0
2026-Q4,VA,Pulaski,glp1,3,,0,,0
2026-Q4,VA,Purcellville,glp1,4,,0,,0
2026-Q4,VA,Quantico,glp1,3,,0,,0
2026-Q4,VA,Quinton,glp1,2,,0,,0
2026-Q4,VA,Radford,glp1,7,,0,,0
2026-Q4,VA,Raphine,glp1,1,,0,,0
2026-Q4,VA,Reston,glp1,36,,0,,0
2026-Q4,VA,Reston,gym,1,,0,,0
2026-Q4,VA,Reston,trt,3,,0,,0
2026-Q4,VA,Rich Creek,glp1,2,,0,,0
2026-Q4,VA,Richlands,glp1,7,,0,,0
2026-Q4,VA,Richlands,trt,1,,0,,0
2026-Q4,VA,Richmond,glp1,122,,0,,0
2026-Q4,VA,Richmond,trt,25,,0,,0
2026-Q4,VA,Ridgeway,glp1,3,,0,,0
2026-Q4,VA,Ringgold,glp1,1,,0,,0
2026-Q4,VA,Roanoke,glp1,51,,0,,0
2026-Q4,VA,Roanoke,trt,7,,0,,0
2026-Q4,VA,Rocky Mount,glp1,1,,0,,0
2026-Q4,VA,Rosedale,glp1,1,,0,,0
2026-Q4,VA,Ruckersville,glp1,2,,0,,0
2026-Q4,VA,Rural Retreat,glp1,3,,0,,0
2026-Q4,VA,Rustburg,glp1,1,,0,,0
2026-Q4,VA,Ruther Glen,glp1,2,,0,,0
2026-Q4,VA,Saint Paul,glp1,3,,0,,0
2026-Q4,VA,Saint Stephens Church,glp1,1,,0,,0
2026-Q4,VA,Salem,glp1,9,,0,,0
2026-Q4,VA,Salem,trt,4,,0,,0
2026-Q4,VA,Saluda,glp1,1,,0,,0
2026-Q4,VA,Sandston,glp1,1,,0,,0
2026-Q4,VA,Scottsville,glp1,2,,0,,0
2026-Q4,VA,Scottsville,trt,1,,0,,0
2026-Q4,VA,Smithfield,glp1,2,,0,,0
2026-Q4,VA,South Boston,glp1,15,,0,,0
2026-Q4,VA,South Boston,trt,2,,0,,0
2026-Q4,VA,South Hill,glp1,4,,0,,0
2026-Q4,VA,South Hill,trt,1,,0,,0
2026-Q4,VA,Spotsylvania,glp1,2,,0,,0
2026-Q4,VA,Springfield,glp1,25,,0,,0
2026-Q4,VA,Springfield,gym,2,,0,,0
2026-Q4,VA,Springfield,trt,2,,0,,0
2026-Q4,VA,Stafford,glp1,24,,0,,0
2026-Q4,VA,Staunton,glp1,7,,0,,0
2026-Q4,VA,Staunton,trt,1,,0,,0
2026-Q4,VA,Stephens City,glp1,3,,0,,0
2026-Q4,VA,Sterling,glp1,38,,0,,0
2026-Q4,VA,Sterling,gym,5,,0,,0
2026-Q4,VA,Sterling,trt,4,,0,,0
2026-Q4,VA,Strasburg,glp1,3,,0,,0
2026-Q4,VA,Stuart,glp1,4,,0,,0
2026-Q4,VA,Suffolk,glp1,35,,0,,0
2026-Q4,VA,Suffolk,trt,5,,0,,0
2026-Q4,VA,Sutherland,glp1,1,,0,,0
2026-Q4,VA,Tappahannock,glp1,4,,0,,0
2026-Q4,VA,Tappahannock,trt,1,,0,,0
2026-Q4,VA,Tazewell,glp1,1,,0,,0
2026-Q4,VA,Toano,trt,1,,0,,0
2026-Q4,VA,Vansant,glp1,1,,0,,0
2026-Q4,VA,Verona,glp1,1,,0,,0
2026-Q4,VA,Victoria,glp1,2,,0,,0
2026-Q4,VA,Vienna,glp1,39,,0,,0
2026-Q4,VA,Vienna,gym,5,,0,,0
2026-Q4,VA,Vienna,trt,7,,0,,0
2026-Q4,VA,Vinton,glp1,2,,0,,0
2026-Q4,VA,Virginia Beach,glp1,116,,0,,0
2026-Q4,VA,Virginia Beach,trt,10,,0,,0
2026-Q4,VA,Warrenton,glp1,18,,0,,0
2026-Q4,VA,Warrenton,trt,1,,0,,0
2026-Q4,VA,Warsaw,glp1,2,,0,,0
2026-Q4,VA,Washington,glp1,1,,0,,0
2026-Q4,VA,Waverly,glp1,1,,0,,0
2026-Q4,VA,Waynesboro,glp1,4,,0,,0
2026-Q4,VA,Weber City,glp1,3,,0,,0
2026-Q4,VA,West Point,glp1,1,,0,,0
2026-Q4,VA,Weyers Cave,glp1,2,,0,,0
2026-Q4,VA,White Marsh,glp1,1,,0,,0
2026-Q4,VA,Williamsburg,glp1,36,,0,,0
2026-Q4,VA,Williamsburg,trt,8,,0,,0
2026-Q4,VA,Winchester,glp1,61,,0,,0
2026-Q4,VA,Winchester,trt,8,,0,,0
2026-Q4,VA,Wirtz,glp1,1,,0,,0
2026-Q4,VA,Wise,glp1,1,,0,,0
2026-Q4,VA,Woodbridge,glp1,61,,0,,0
2026-Q4,VA,Woodbridge,gym,6,,0,,0
2026-Q4,VA,Woodbridge,trt,7,,0,,0
2026-Q4,VA,Woodlawn,glp1,2,,0,,0
2026-Q4,VA,Woodstock,glp1,12,,0,,0
2026-Q4,VA,Wytheville,glp1,12,,0,,0
2026-Q4,VA,Yorktown,glp1,10,,0,,0
2026-Q4,VT,Bennington,glp1,1,,0,,0
2026-Q4,VT,Bennington,trt,1,,0,,0
2026-Q4,VT,Brattleboro,glp1,1,,0,,0
2026-Q4,VT,Brattleboro,trt,1,,0,,0
2026-Q4,VT,Burlington,glp1,3,,0,,0
2026-Q4,VT,Burlington,trt,6,,0,,0
2026-Q4,VT,Middlebury,glp1,1,,0,,0
2026-Q4,VT,Milton,glp1,1,,0,,0
2026-Q4,VT,Montpelier,trt,2,,0,,0
2026-Q4,VT,Rutland,glp1,1,,0,,0
2026-Q4,VT,Rutland,trt,2,,0,,0
2026-Q4,VT,Saint Albans,glp1,1,,0,,0
2026-Q4,VT,Saint Albans,trt,1,,0,,0
2026-Q4,VT,South Burlington,glp1,2,,0,,0
2026-Q4,VT,South Burlington,trt,2,,0,,0
2026-Q4,VT,White River Junction,trt,1,,0,,0
2026-Q4,WA,Aberdeen,glp1,5,,0,,0
2026-Q4,WA,Anacortes,glp1,1,,0,,0
2026-Q4,WA,Arlington,glp1,1,,0,,0
2026-Q4,WA,Arlington,trt,1,,0,,0
2026-Q4,WA,Auburn,glp1,11,,0,,0
2026-Q4,WA,Auburn,gym,2,,0,,0
2026-Q4,WA,Auburn,trt,2,,0,,0
2026-Q4,WA,Bainbridge Island,gym,2,,0,,0
2026-Q4,WA,Bainbridge Island,pharmacy,1,,0,,0
2026-Q4,WA,Bainbridge Island,trt,1,,0,,0
2026-Q4,WA,Bellevue,glp1,41,,0,,0
2026-Q4,WA,Bellevue,gym,3,,0,,0
2026-Q4,WA,Bellevue,trt,11,,0,,0
2026-Q4,WA,Bellingham,glp1,10,,0,,0
2026-Q4,WA,Bellingham,trt,6,,0,,0
2026-Q4,WA,Benton City,glp1,1,,0,,0
2026-Q4,WA,Black Diamond,gym,1,,0,,0
2026-Q4,WA,Bonney Lake,glp1,5,,0,,0
2026-Q4,WA,Bothell,glp1,5,,0,,0
2026-Q4,WA,Bothell,gym,2,,0,,0
2026-Q4,WA,Bothell,pharmacy,1,,0,,0
2026-Q4,WA,Bothell,trt,2,,0,,0
2026-Q4,WA,Bremerton,glp1,6,,0,,0
2026-Q4,WA,Bremerton,gym,2,,0,,0
2026-Q4,WA,Bremerton,trt,5,,0,,0
2026-Q4,WA,Buckley,glp1,2,,0,,0
2026-Q4,WA,Burlington,glp1,1,,0,,0
2026-Q4,WA,Camano Island,glp1,1,,0,,0
2026-Q4,WA,Camas,glp1,1,,0,,0
2026-Q4,WA,Centralia,glp1,4,,0,,0
2026-Q4,WA,Chehalis,glp1,2,,0,,0
2026-Q4,WA,Chelan,trt,1,,0,,0
2026-Q4,WA,Chewelah,glp1,4,,0,,0
2026-Q4,WA,Clarkston,glp1,1,,0,,0
2026-Q4,WA,Cle Elum,glp1,1,,0,,0
2026-Q4,WA,Colfax,glp1,2,,0,,0
2026-Q4,WA,College Place,glp1,2,,0,,0
2026-Q4,WA,Colville,glp1,2,,0,,0
2026-Q4,WA,Colville,trt,1,,0,,0
2026-Q4,WA,Coupeville,glp1,1,,0,,0
2026-Q4,WA,Davenport,glp1,3,,0,,0
2026-Q4,WA,Deer Park,glp1,11,,0,,0
2026-Q4,WA,Duvall,gym,1,,0,,0
2026-Q4,WA,Eastsound,glp1,1,,0,,0
2026-Q4,WA,Edmonds,glp1,5,,0,,0
2026-Q4,WA,Edmonds,trt,2,,0,,0
2026-Q4,WA,Elma,glp1,3,,0,,0
2026-Q4,WA,Enumclaw,glp1,4,,0,,0
2026-Q4,WA,Enumclaw,gym,1,,0,,0
2026-Q4,WA,Everett,glp1,16,,0,,0
2026-Q4,WA,Everett,gym,2,,0,,0
2026-Q4,WA,Everett,trt,13,,0,,0
2026-Q4,WA,Fairchild Air Force Base,glp1,2,,0,,0
2026-Q4,WA,Federal Way,glp1,15,,0,,0
2026-Q4,WA,Federal Way,gym,4,,0,,0
2026-Q4,WA,Federal Way,pharmacy,1,,0,,0
2026-Q4,WA,Federal Way,trt,6,,0,,0
2026-Q4,WA,Ferndale,glp1,1,,0,,0
2026-Q4,WA,Freeland,glp1,1,,0,,0
2026-Q4,WA,Gig Harbor,glp1,13,,0,,0
2026-Q4,WA,Gig Harbor,gym,1,,0,,0
2026-Q4,WA,Gig Harbor,pharmacy,1,,0,,0
2026-Q4,WA,Grandview,glp1,4,,0,,0
2026-Q4,WA,Hoquiam,glp1,1,,0,,0
2026-Q4,WA,Ilwaco,glp1,1,,0,,0
2026-Q4,WA,Issaquah,glp1,4,,0,,0
2026-Q4,WA,Issaquah,gym,2,,0,,0
2026-Q4,WA,Issaquah,trt,2,,0,,0
2026-Q4,WA,Kenmore,gym,1,,0,,0
2026-Q4,WA,Kennewick,glp1,31,,0,,0
2026-Q4,WA,Kennewick,trt,2,,0,,0
2026-Q4,WA,Kent,glp1,5,,0,,0
2026-Q4,WA,Kent,gym,6,,0,,0
2026-Q4,WA,Kent,trt,2,,0,,0
2026-Q4,WA,Kingston,glp1,1,,0,,0
2026-Q4,WA,Kingston,gym,1,,0,,0
2026-Q4,WA,Kirkland,glp1,15,,0,,0
2026-Q4,WA,Kirkland,gym,4,,0,,0
2026-Q4,WA,Kirkland,trt,9,,0,,0
2026-Q4,WA,Lacey,glp1,1,,0,,0
2026-Q4,WA,Lacey,trt,2,,0,,0
2026-Q4,WA,Lakewood,glp1,14,,0,,0
2026-Q4,WA,Lakewood,gym,2,,0,,0
2026-Q4,WA,Lakewood,trt,1,,0,,0
2026-Q4,WA,Liberty Lake,glp1,7,,0,,0
2026-Q4,WA,Longview,glp1,8,,0,,0
2026-Q4,WA,Lynnwood,glp1,8,,0,,0
2026-Q4,WA,Lynnwood,gym,5,,0,,0
2026-Q4,WA,Lynnwood,trt,1,,0,,0
2026-Q4,WA,Maple Valley,glp1,3,,0,,0
2026-Q4,WA,Maple Valley,gym,4,,0,,0
2026-Q4,WA,Maple Valley,trt,1,,0,,0
2026-Q4,WA,Marysville,glp1,3,,0,,0
2026-Q4,WA,McChord Afb,gym,2,,0,,0
2026-Q4,WA,McCleary,glp1,1,,0,,0
2026-Q4,WA,Medical Lake,glp1,2,,0,,0
2026-Q4,WA,Mercer Island,gym,4,,0,,0
2026-Q4,WA,Mercer Island,trt,1,,0,,0
2026-Q4,WA,Milton,glp1,1,,0,,0
2026-Q4,WA,Monroe,glp1,3,,0,,0
2026-Q4,WA,Monroe,gym,1,,0,,0
2026-Q4,WA,Monroe,trt,1,,0,,0
2026-Q4,WA,Montesano,glp1,1,,0,,0
2026-Q4,WA,Moses Lake,glp1,3,,0,,0
2026-Q4,WA,Moses Lake,trt,1,,0,,0
2026-Q4,WA,Mount Vernon,glp1,5,,0,,0
2026-Q4,WA,Mount Vernon,trt,2,,0,,0
2026-Q4,WA,Mountlake Terrace,glp1,1,,0,,0
2026-Q4,WA,Mountlake Terrace,gym,2,,0,,0
2026-Q4,WA,Mountlake Terrace,trt,1,,0,,0
2026-Q4,WA,Mukilteo,glp1,2,,0,,0
2026-Q4,WA,Mukilteo,gym,1,,0,,0
2026-Q4,WA,Mukilteo,trt,2,,0,,0
2026-Q4,WA,Newport,glp1,2,,0,,0
2026-Q4,WA,Oak Harbor,glp1,4,,0,,0
2026-Q4,WA,Olympia,glp1,37,,0,,0
2026-Q4,WA,Olympia,trt,3,,0,,0
2026-Q4,WA,Omak,trt,1,,0,,0
2026-Q4,WA,Pasco,glp1,8,,0,,0
2026-Q4,WA,Pasco,trt,1,,0,,0
2026-Q4,WA,Port Angeles,glp1,2,,0,,0
2026-Q4,WA,Port Orchard,glp1,7,,0,,0
2026-Q4,WA,Port Orchard,gym,2,,0,,0
2026-Q4,WA,Port Townsend,glp1,1,,0,,0
2026-Q4,WA,Poulsbo,glp1,4,,0,,0
2026-Q4,WA,Prosser,glp1,3,,0,,0
2026-Q4,WA,Pullman,glp1,1,,0,,0
2026-Q4,WA,Pullman,trt,1,,0,,0
2026-Q4,WA,Puyallup,glp1,20,,0,,0
2026-Q4,WA,Puyallup,gym,4,,0,,0
2026-Q4,WA,Puyallup,pharmacy,1,,0,,0
2026-Q4,WA,Puyallup,trt,6,,0,,0
2026-Q4,WA,Redmond,glp1,8,,0,,0
2026-Q4,WA,Redmond,gym,8,,0,,0
2026-Q4,WA,Redmond,trt,1,,0,,0
2026-Q4,WA,Renton,glp1,9,,0,,0
2026-Q4,WA,Renton,gym,9,,0,,0
2026-Q4,WA,Renton,trt,11,,0,,0
2026-Q4,WA,Richland,glp1,24,,0,,0
2026-Q4,WA,Richland,trt,4,,0,,0
2026-Q4,WA,Ridgefield,glp1,4,,0,,0
2026-Q4,WA,Ritzville,glp1,1,,0,,0
2026-Q4,WA,Sammamish,gym,3,,0,,0
2026-Q4,WA,Seattle,glp1,79,,0,,0
2026-Q4,WA,Seattle,gym,27,,0,,0
2026-Q4,WA,Seattle,pharmacy,3,,0,,0
2026-Q4,WA,Seattle,trt,69,,0,,0
2026-Q4,WA,Sedro Woolley,trt,1,,0,,0
2026-Q4,WA,Selah,glp1,2,,0,,0
2026-Q4,WA,Sequim,glp1,1,,0,,0
2026-Q4,WA,Shelton,glp1,2,,0,,0
2026-Q4,WA,Silverdale,glp1,8,,0,,0
2026-Q4,WA,Silverdale,trt,3,,0,,0
2026-Q4,WA,Snohomish,glp1,1,,0,,0
2026-Q4,WA,Snohomish,gym,1,,0,,0
2026-Q4,WA,Snoqualmie,glp1,4,,0,,0
2026-Q4,WA,Snoqualmie,gym,1,,0,,0
2026-Q4,WA,Snoqualmie,pharmacy,1,,0,,0
2026-Q4,WA,Spokane,glp1,102,,0,,0
2026-Q4,WA,Spokane,trt,22,,0,,0
2026-Q4,WA,Stanwood,glp1,1,,0,,0
2026-Q4,WA,Sultan,gym,1,,0,,0
2026-Q4,WA,Sumner,gym,3,,0,,0
2026-Q4,WA,Sunnyside,glp1,9,,0,,0
2026-Q4,WA,Sunnyside,trt,2,,0,,0
2026-Q4,WA,Tacoma,glp1,62,,0,,0
2026-Q4,WA,Tacoma,gym,7,,0,,0
2026-Q4,WA,Tacoma,trt,20,,0,,0
2026-Q4,WA,Tekoa,glp1,1,,0,,0
2026-Q4,WA,Toppenish,trt,1,,0,,0
2026-Q4,WA,University Place,glp1,1,,0,,0
2026-Q4,WA,Vancouver,glp1,28,,0,,0
2026-Q4,WA,Vancouver,trt,9,,0,,0
2026-Q4,WA,Vashon,gym,1,,0,,0
2026-Q4,WA,Vashon,trt,1,,0,,0
2026-Q4,WA,Veradale,glp1,1,,0,,0
2026-Q4,WA,Veradale,trt,1,,0,,0
2026-Q4,WA,Walla Walla,glp1,5,,0,,0
2026-Q4,WA,Walla Walla,trt,2,,0,,0
2026-Q4,WA,Wapato,glp1,2,,0,,0
2026-Q4,WA,Wenatchee,glp1,5,,0,,0
2026-Q4,WA,Wenatchee,trt,2,,0,,0
2026-Q4,WA,West Richland,glp1,1,,0,,0
2026-Q4,WA,White Salmon,glp1,1,,0,,0
2026-Q4,WA,Woodinville,glp1,1,,0,,0
2026-Q4,WA,Woodinville,gym,1,,0,,0
2026-Q4,WA,Woodland,glp1,2,,0,,0
2026-Q4,WA,Yakima,glp1,24,,0,,0
2026-Q4,WA,Yakima,trt,9,,0,,0
2026-Q4,WA,Yelm,glp1,2,,0,,0
2026-Q4,WA,Zillah,glp1,1,,0,,0
2026-Q4,WI,Amery,glp1,1,,0,,0
2026-Q4,WI,Antigo,glp1,1,,0,,0
2026-Q4,WI,Appleton,glp1,14,,0,,0
2026-Q4,WI,Appleton,trt,3,,0,,0
2026-Q4,WI,Ashland,trt,1,,0,,0
2026-Q4,WI,Athens,glp1,1,,0,,0
2026-Q4,WI,Baldwin,glp1,1,,0,,0
2026-Q4,WI,Baldwin,trt,1,,0,,0
2026-Q4,WI,Barron,glp1,1,,0,,0
2026-Q4,WI,Beaver Dam,glp1,5,,0,,0
2026-Q4,WI,Beloit,glp1,9,,0,,0
2026-Q4,WI,Beloit,trt,4,,0,,0
2026-Q4,WI,Black River Falls,glp1,2,,0,,0
2026-Q4,WI,Bloomer,glp1,1,,0,,0
2026-Q4,WI,Brookfield,glp1,9,,0,,0
2026-Q4,WI,Brookfield,trt,1,,0,,0
2026-Q4,WI,Burlington,glp1,2,,0,,0
2026-Q4,WI,Butler,glp1,1,,0,,0
2026-Q4,WI,Cedarburg,glp1,1,,0,,0
2026-Q4,WI,Chippewa Falls,glp1,1,,0,,0
2026-Q4,WI,Clinton,glp1,1,,0,,0
2026-Q4,WI,Clintonville,glp1,1,,0,,0
2026-Q4,WI,Columbus,glp1,2,,0,,0
2026-Q4,WI,Cornell,glp1,1,,0,,0
2026-Q4,WI,Cuba City,glp1,1,,0,,0
2026-Q4,WI,Cudahy,trt,1,,0,,0
2026-Q4,WI,Darien,glp1,1,,0,,0
2026-Q4,WI,Darlington,glp1,3,,0,,0
2026-Q4,WI,Delavan,glp1,2,,0,,0
2026-Q4,WI,Dodgeville,glp1,1,,0,,0
2026-Q4,WI,Durand,glp1,2,,0,,0
2026-Q4,WI,Eagle River,glp1,2,,0,,0
2026-Q4,WI,Eau Claire,glp1,18,,0,,0
2026-Q4,WI,Eau Claire,trt,4,,0,,0
2026-Q4,WI,Edgerton,glp1,1,,0,,0
2026-Q4,WI,Edgerton,trt,2,,0,,0
2026-Q4,WI,Elkhorn,glp1,2,,0,,0
2026-Q4,WI,Fennimore,glp1,1,,0,,0
2026-Q4,WI,Fond Du Lac,glp1,4,,0,,0
2026-Q4,WI,Fond Du Lac,trt,3,,0,,0
2026-Q4,WI,Fort Atkinson,glp1,1,,0,,0
2026-Q4,WI,Franklin,glp1,3,,0,,0
2026-Q4,WI,Franklin,trt,3,,0,,0
2026-Q4,WI,Friendship,glp1,1,,0,,0
2026-Q4,WI,Germantown,glp1,3,,0,,0
2026-Q4,WI,Grafton,glp1,1,,0,,0
2026-Q4,WI,Grafton,trt,1,,0,,0
2026-Q4,WI,Green Bay,glp1,17,,0,,0
2026-Q4,WI,Green Bay,trt,11,,0,,0
2026-Q4,WI,Greendale,glp1,1,,0,,0
2026-Q4,WI,Greenville,glp1,1,,0,,0
2026-Q4,WI,Hartford,glp1,1,,0,,0
2026-Q4,WI,Hartland,glp1,1,,0,,0
2026-Q4,WI,Hartland,trt,1,,0,,0
2026-Q4,WI,Hayward,glp1,1,,0,,0
2026-Q4,WI,Hudson,glp1,3,,0,,0
2026-Q4,WI,Hudson,gym,2,,0,,0
2026-Q4,WI,Hudson,pharmacy,1,,0,,0
2026-Q4,WI,Hudson,trt,1,,0,,0
2026-Q4,WI,Iola,trt,1,,0,,0
2026-Q4,WI,Janesville,glp1,8,,0,,0
2026-Q4,WI,Janesville,trt,1,,0,,0
2026-Q4,WI,Kaukauna,glp1,1,,0,,0
2026-Q4,WI,Kenosha,glp1,31,,0,,0
2026-Q4,WI,Kenosha,trt,5,,0,,0
2026-Q4,WI,La Crosse,glp1,9,,0,,0
2026-Q4,WI,La Crosse,trt,3,,0,,0
2026-Q4,WI,Lac Du Flambeau,glp1,1,,0,,0
2026-Q4,WI,Ladysmith,glp1,2,,0,,0
2026-Q4,WI,Lake Geneva,trt,1,,0,,0
2026-Q4,WI,Lancaster,glp1,1,,0,,0
2026-Q4,WI,Lena,glp1,1,,0,,0
2026-Q4,WI,Madison,glp1,21,,0,,0
2026-Q4,WI,Madison,trt,16,,0,,0
2026-Q4,WI,Manitowoc,glp1,4,,0,,0
2026-Q4,WI,Marinette,glp1,2,,0,,0
2026-Q4,WI,Marinette,trt,2,,0,,0
2026-Q4,WI,Marshfield,glp1,3,,0,,0
2026-Q4,WI,Marshfield,trt,1,,0,,0
2026-Q4,WI,Mayville,glp1,1,,0,,0
2026-Q4,WI,Mazomanie,glp1,1,,0,,0
2026-Q4,WI,Medford,glp1,1,,0,,0
2026-Q4,WI,Menasha,glp1,2,,0,,0
2026-Q4,WI,Menasha,trt,1,,0,,0
2026-Q4,WI,Menomonee Falls,glp1,4,,0,,0
2026-Q4,WI,Menomonee Falls,trt,6,,0,,0
2026-Q4,WI,Menomonie,glp1,1,,0,,0
2026-Q4,WI,Mequon,glp1,11,,0,,0
2026-Q4,WI,Mequon,trt,2,,0,,0
2026-Q4,WI,Merrill,glp1,1,,0,,0
2026-Q4,WI,Middleton,glp1,3,,0,,0
2026-Q4,WI,Milton,glp1,1,,0,,0
2026-Q4,WI,Milwaukee,glp1,115,,0,,0
2026-Q4,WI,Milwaukee,trt,32,,0,,0
2026-Q4,WI,Monroe,trt,1,,0,,0
2026-Q4,WI,Muskego,glp1,1,,0,,0
2026-Q4,WI,Neenah,glp1,12,,0,,0
2026-Q4,WI,Neenah,trt,2,,0,,0
2026-Q4,WI,New Berlin,glp1,7,,0,,0
2026-Q4,WI,New London,glp1,2,,0,,0
2026-Q4,WI,New Richmond,glp1,1,,0,,0
2026-Q4,WI,Niagara,glp1,1,,0,,0
2026-Q4,WI,Oak Creek,glp1,4,,0,,0
2026-Q4,WI,Oak Creek,trt,1,,0,,0
2026-Q4,WI,Oconomowoc,glp1,2,,0,,0
2026-Q4,WI,Oconomowoc,trt,1,,0,,0
2026-Q4,WI,Oconto Falls,glp1,1,,0,,0
2026-Q4,WI,Onalaska,glp1,6,,0,,0
2026-Q4,WI,Oneida,glp1,1,,0,,0
2026-Q4,WI,Osceola,glp1,1,,0,,0
2026-Q4,WI,Oshkosh,glp1,9,,0,,0
2026-Q4,WI,Oshkosh,trt,2,,0,,0
2026-Q4,WI,Oxford,glp1,1,,0,,0
2026-Q4,WI,Pewaukee,glp1,3,,0,,0
2026-Q4,WI,Phillips,glp1,1,,0,,0
2026-Q4,WI,Pickett,trt,1,,0,,0
2026-Q4,WI,Platteville,glp1,1,,0,,0
2026-Q4,WI,Pleasant Prairie,glp1,17,,0,,0
2026-Q4,WI,Pleasant Prairie,trt,2,,0,,0
2026-Q4,WI,Plymouth,glp1,2,,0,,0
2026-Q4,WI,Port Washington,trt,1,,0,,0
2026-Q4,WI,Portage,glp1,1,,0,,0
2026-Q4,WI,Portage,trt,1,,0,,0
2026-Q4,WI,Potosi,glp1,1,,0,,0
2026-Q4,WI,Prairie Du Chien,glp1,2,,0,,0
2026-Q4,WI,Prairie Du Sac,glp1,1,,0,,0
2026-Q4,WI,Racine,glp1,10,,0,,0
2026-Q4,WI,Racine,trt,4,,0,,0
2026-Q4,WI,Randolph,glp1,2,,0,,0
2026-Q4,WI,Reedsburg,glp1,2,,0,,0
2026-Q4,WI,Rhinelander,glp1,1,,0,,0
2026-Q4,WI,Rice Lake,glp1,2,,0,,0
2026-Q4,WI,Richland Center,glp1,1,,0,,0
2026-Q4,WI,River Falls,glp1,2,,0,,0
2026-Q4,WI,Saint Francis,glp1,1,,0,,0
2026-Q4,WI,Saint Francis,trt,1,,0,,0
2026-Q4,WI,Salem,glp1,3,,0,,0
2026-Q4,WI,Saukville,glp1,1,,0,,0
2026-Q4,WI,Schofield,glp1,4,,0,,0
2026-Q4,WI,Schofield,trt,2,,0,,0
2026-Q4,WI,Seymour,glp1,1,,0,,0
2026-Q4,WI,Shawano,glp1,1,,0,,0
2026-Q4,WI,Sheboygan,glp1,4,,0,,0
2026-Q4,WI,Sheboygan,trt,3,,0,,0
2026-Q4,WI,Silver Lake,glp1,1,,0,,0
2026-Q4,WI,Spring Green,glp1,3,,0,,0
2026-Q4,WI,Spring Green,trt,1,,0,,0
2026-Q4,WI,Stevens Point,glp1,3,,0,,0
2026-Q4,WI,Sturgeon Bay,trt,1,,0,,0
2026-Q4,WI,Superior,glp1,1,,0,,0
2026-Q4,WI,Suring,glp1,1,,0,,0
2026-Q4,WI,Sussex,glp1,1,,0,,0
2026-Q4,WI,Union Grove,glp1,1,,0,,0
2026-Q4,WI,Verona,glp1,3,,0,,0
2026-Q4,WI,Viroqua,glp1,1,,0,,0
2026-Q4,WI,Waterford,glp1,1,,0,,0
2026-Q4,WI,Watertown,glp1,2,,0,,0
2026-Q4,WI,Waukesha,glp1,13,,0,,0
2026-Q4,WI,Waukesha,trt,3,,0,,0
2026-Q4,WI,Waupun,glp1,1,,0,,0
2026-Q4,WI,Wausau,glp1,12,,0,,0
2026-Q4,WI,Wausau,trt,3,,0,,0
2026-Q4,WI,West Bend,glp1,4,,0,,0
2026-Q4,WI,West Salem,glp1,1,,0,,0
2026-Q4,WI,Whitehall,glp1,1,,0,,0
2026-Q4,WI,Whitewater,glp1,1,,0,,0
2026-Q4,WI,Wisconsin Rapids,glp1,2,,0,,0
2026-Q4,WI,Woodruff,glp1,2,,0,,0
2026-Q4,WV,Ansted,glp1,1,,0,,0
2026-Q4,WV,Arnoldsburg,glp1,1,,0,,0
2026-Q4,WV,Athens,glp1,1,,0,,0
2026-Q4,WV,Baker,glp1,1,,0,,0
2026-Q4,WV,Barboursville,glp1,9,,0,,0
2026-Q4,WV,Barboursville,trt,2,,0,,0
2026-Q4,WV,Beaver,glp1,2,,0,,0
2026-Q4,WV,Beckley,glp1,32,,0,,0
2026-Q4,WV,Belington,glp1,2,,0,,0
2026-Q4,WV,Belle,glp1,1,,0,,0
2026-Q4,WV,Berkeley Springs,glp1,5,,0,,0
2026-Q4,WV,Blacksville,glp1,2,,0,,0
2026-Q4,WV,Bluefield,glp1,8,,0,,0
2026-Q4,WV,Bluefield,trt,2,,0,,0
2026-Q4,WV,Bridgeport,glp1,16,,0,,0
2026-Q4,WV,Bridgeport,trt,4,,0,,0
2026-Q4,WV,Bruceton Mills,glp1,2,,0,,0
2026-Q4,WV,Buckeye,glp1,2,,0,,0
2026-Q4,WV,Buckhannon,glp1,2,,0,,0
2026-Q4,WV,Camden On Gauley,glp1,2,,0,,0
2026-Q4,WV,Cameron,glp1,2,,0,,0
2026-Q4,WV,Capon Bridge,glp1,1,,0,,0
2026-Q4,WV,Ceredo,glp1,1,,0,,0
2026-Q4,WV,Chapmanville,glp1,3,,0,,0
2026-Q4,WV,Charleston,glp1,54,,0,,0
2026-Q4,WV,Charleston,trt,13,,0,,0
2026-Q4,WV,Clarksburg,glp1,3,,0,,0
2026-Q4,WV,Clarksburg,trt,1,,0,,0
2026-Q4,WV,Clay,glp1,1,,0,,0
2026-Q4,WV,Clendenin,glp1,1,,0,,0
2026-Q4,WV,Coal City,glp1,1,,0,,0
2026-Q4,WV,Daniels,glp1,1,,0,,0
2026-Q4,WV,Dawes,glp1,1,,0,,0
2026-Q4,WV,Dunbar,glp1,1,,0,,0
2026-Q4,WV,Eleanor,glp1,1,,0,,0
2026-Q4,WV,Elizabeth,glp1,2,,0,,0
2026-Q4,WV,Elkins,glp1,5,,0,,0
2026-Q4,WV,Ellenboro,glp1,1,,0,,0
2026-Q4,WV,Fairmont,glp1,11,,0,,0
2026-Q4,WV,Fairmont,trt,1,,0,,0
2026-Q4,WV,Falling Waters,glp1,3,,0,,0
2026-Q4,WV,Farmington,glp1,1,,0,,0
2026-Q4,WV,Fayetteville,glp1,3,,0,,0
2026-Q4,WV,Follansbee,glp1,4,,0,,0
2026-Q4,WV,Forest Hill,glp1,1,,0,,0
2026-Q4,WV,Franklin,glp1,3,,0,,0
2026-Q4,WV,Gilbert,glp1,2,,0,,0
2026-Q4,WV,Glen Dale,glp1,6,,0,,0
2026-Q4,WV,Glen Daniel,glp1,2,,0,,0
2026-Q4,WV,Glenville,glp1,3,,0,,0
2026-Q4,WV,Grafton,glp1,3,,0,,0
2026-Q4,WV,Grantsville,glp1,1,,0,,0
2026-Q4,WV,Hambleton,glp1,1,,0,,0
2026-Q4,WV,Hamlin,glp1,1,,0,,0
2026-Q4,WV,Harpers Ferry,glp1,2,,0,,0
2026-Q4,WV,Harpers Ferry,trt,1,,0,,0
2026-Q4,WV,Harrisville,glp1,2,,0,,0
2026-Q4,WV,Hedgesville,glp1,2,,0,,0
2026-Q4,WV,Hico,glp1,1,,0,,0
2026-Q4,WV,Hinton,glp1,3,,0,,0
2026-Q4,WV,Huntington,glp1,53,,0,,0
2026-Q4,WV,Huntington,trt,11,,0,,0
2026-Q4,WV,Hurricane,glp1,18,,0,,0
2026-Q4,WV,Hurricane,trt,1,,0,,0
2026-Q4,WV,Inwood,glp1,2,,0,,0
2026-Q4,WV,Ivydale,glp1,1,,0,,0
2026-Q4,WV,Jane Lew,glp1,1,,0,,0
2026-Q4,WV,Keyser,glp1,4,,0,,0
2026-Q4,WV,Keyser,trt,1,,0,,0
2026-Q4,WV,Kingwood,glp1,3,,0,,0
2026-Q4,WV,Lashmeet,glp1,1,,0,,0
2026-Q4,WV,Lewisburg,glp1,6,,0,,0
2026-Q4,WV,Lewisburg,trt,1,,0,,0
2026-Q4,WV,Lochgelly,glp1,1,,0,,0
2026-Q4,WV,Logan,glp1,8,,0,,0
2026-Q4,WV,Madison,glp1,8,,0,,0
2026-Q4,WV,Maidsville,glp1,1,,0,,0
2026-Q4,WV,Man,glp1,3,,0,,0
2026-Q4,WV,Martinsburg,glp1,21,,0,,0
2026-Q4,WV,Martinsburg,trt,6,,0,,0
2026-Q4,WV,Mason,glp1,2,,0,,0
2026-Q4,WV,Mill Creek,glp1,2,,0,,0
2026-Q4,WV,Milton,glp1,1,,0,,0
2026-Q4,WV,Montgomery,glp1,1,,0,,0
2026-Q4,WV,Moorefield,glp1,5,,0,,0
2026-Q4,WV,Morgantown,glp1,27,,0,,0
2026-Q4,WV,Morgantown,trt,10,,0,,0
2026-Q4,WV,Moundsville,glp1,2,,0,,0
2026-Q4,WV,Mullens,glp1,1,,0,,0
2026-Q4,WV,Nettie,glp1,1,,0,,0
2026-Q4,WV,New Creek,glp1,2,,0,,0
2026-Q4,WV,New Martinsville,glp1,1,,0,,0
2026-Q4,WV,Nitro,trt,1,,0,,0
2026-Q4,WV,Northfork,glp1,1,,0,,0
2026-Q4,WV,Oak Hill,glp1,5,,0,,0
2026-Q4,WV,Oceana,glp1,5,,0,,0
2026-Q4,WV,Parkersburg,glp1,27,,0,,0
2026-Q4,WV,Parkersburg,trt,4,,0,,0
2026-Q4,WV,Parsons,glp1,3,,0,,0
2026-Q4,WV,Pennsboro,glp1,1,,0,,0
2026-Q4,WV,Petersburg,glp1,9,,0,,0
2026-Q4,WV,Philippi,glp1,4,,0,,0
2026-Q4,WV,Pineville,glp1,4,,0,,0
2026-Q4,WV,Point Pleasant,glp1,3,,0,,0
2026-Q4,WV,Princeton,glp1,23,,0,,0
2026-Q4,WV,Rainelle,glp1,3,,0,,0
2026-Q4,WV,Ranson,glp1,4,,0,,0
2026-Q4,WV,Ranson,trt,1,,0,,0
2026-Q4,WV,Ravenswood,glp1,4,,0,,0
2026-Q4,WV,Ripley,glp1,8,,0,,0
2026-Q4,WV,Romney,glp1,5,,0,,0
2026-Q4,WV,Ronceverte,glp1,5,,0,,0
2026-Q4,WV,Saint Albans,glp1,3,,0,,0
2026-Q4,WV,Saint Marys,glp1,3,,0,,0
2026-Q4,WV,Salem,glp1,3,,0,,0
2026-Q4,WV,Scott Depot,glp1,8,,0,,0
2026-Q4,WV,Shepherdstown,glp1,1,,0,,0
2026-Q4,WV,Shepherdstown,trt,2,,0,,0
2026-Q4,WV,Shinnston,glp1,2,,0,,0
2026-Q4,WV,Shinnston,trt,1,,0,,0
2026-Q4,WV,Sistersville,glp1,2,,0,,0
2026-Q4,WV,Smithers,glp1,2,,0,,0
2026-Q4,WV,Sophia,glp1,3,,0,,0
2026-Q4,WV,South Charleston,glp1,27,,0,,0
2026-Q4,WV,South Charleston,trt,3,,0,,0
2026-Q4,WV,Spencer,glp1,2,,0,,0
2026-Q4,WV,Summersville,glp1,6,,0,,0
2026-Q4,WV,Sutton,glp1,1,,0,,0
2026-Q4,WV,Terra Alta,glp1,1,,0,,0
2026-Q4,WV,Thornton,glp1,1,,0,,0
2026-Q4,WV,Triadelphia,glp1,1,,0,,0
2026-Q4,WV,Union,glp1,2,,0,,0
2026-Q4,WV,Vienna,glp1,4,,0,,0
2026-Q4,WV,Wardensville,glp1,1,,0,,0
2026-Q4,WV,Weirton,glp1,21,,0,,0
2026-Q4,WV,Weirton,trt,2,,0,,0
2026-Q4,WV,Welch,glp1,3,,0,,0
2026-Q4,WV,Wellsburg,glp1,2,,0,,0
2026-Q4,WV,Wellsburg,trt,1,,0,,0
2026-Q4,WV,West Milford,glp1,1,,0,,0
2026-Q4,WV,West Union,glp1,2,,0,,0
2026-Q4,WV,Weston,glp1,6,,0,,0
2026-Q4,WV,Wheeling,glp1,22,,0,,0
2026-Q4,WV,Wheeling,trt,4,,0,,0
2026-Q4,WV,White Sulphur Springs,glp1,4,,0,,0
2026-Q4,WV,White Sulphur Springs,trt,1,,0,,0
2026-Q4,WV,Williamsburg,glp1,1,,0,,0
2026-Q4,WV,Williamson,glp1,7,,0,,0
2026-Q4,WV,Williamstown,glp1,1,,0,,0
2026-Q4,WV,Winfield,glp1,1,,0,,0
2026-Q4,WY,Basin,glp1,1,,0,,0
2026-Q4,WY,Big Piney,glp1,1,,0,,0
2026-Q4,WY,Buffalo,glp1,2,,0,,0
2026-Q4,WY,Casper,glp1,18,,0,,0
2026-Q4,WY,Casper,trt,2,,0,,0
2026-Q4,WY,Cheyenne,glp1,31,,0,,0
2026-Q4,WY,Cheyenne,trt,4,,0,,0
2026-Q4,WY,Cody,glp1,4,,0,,0
2026-Q4,WY,Douglas,glp1,3,,0,,0
2026-Q4,WY,Evanston,glp1,2,,0,,0
2026-Q4,WY,Gillette,glp1,16,,0,,0
2026-Q4,WY,Gillette,trt,4,,0,,0
2026-Q4,WY,Jackson,glp1,1,,0,,0
2026-Q4,WY,Lander,glp1,1,,0,,0
2026-Q4,WY,Laramie,glp1,10,,0,,0
2026-Q4,WY,Lusk,glp1,2,,0,,0
2026-Q4,WY,Lyman,glp1,1,,0,,0
2026-Q4,WY,Medicine Bow,glp1,1,,0,,0
2026-Q4,WY,Mountain View,glp1,1,,0,,0
2026-Q4,WY,Newcastle,glp1,1,,0,,0
2026-Q4,WY,Pinedale,glp1,1,,0,,0
2026-Q4,WY,Powell,glp1,1,,0,,0
2026-Q4,WY,Rawlins,glp1,1,,0,,0
2026-Q4,WY,Rawlins,trt,1,,0,,0
2026-Q4,WY,Riverton,glp1,4,,0,,0
2026-Q4,WY,Rock Springs,glp1,4,,0,,0
2026-Q4,WY,Sheridan,glp1,11,,0,,0
2026-Q4,WY,Sheridan,trt,3,,0,,0
2026-Q4,WY,Wilson,glp1,1,,0,,0
2026-Q4,WY,Worland,glp1,1,,0,,0
2026-Q4,WY,Yellowstone National Park,glp1,1,,0,,0
