{"type":"FeatureCollection","features":[{"type":"Feature","properties":{"h3":"8826cb9169fffff","mii":72,"trt":0.0,"glp1":0.0,"pharmacy":0.0,"gym":0.65,"n":1},"geometry":{"type":"Polygon","coordinates":[[[-96.78081,32.7946],[-96.77576,32.79725],[-96.77606,32.80232],[-96.78139,32.80476],[-96.78644,32.80212],[-96.78614,32.79704],[-96.78081,32.7946]]]}},{"type":"Feature","properties":{"h3":"8826c8685dfffff","mii":71,"trt":1.8,"glp1":12.95,"pharmacy":0.95,"gym":0.0,"n":26},"geometry":{"type":"Polygon","coordinates":[[[-97.15365,32.93925],[-97.1486,32.9419],[-97.1489,32.94698],[-97.15426,32.9494],[-97.15932,32.94675],[-97.15901,32.94167],[-97.15365,32.93925]]]}},{"type":"Feature","properties":{"h3":"8826cb916bfffff","mii":67,"trt":3.6,"glp1":0.0,"pharmacy":0.0,"gym":0.0,"n":6},"geometry":{"type":"Polygon","coordinates":[[[-96.77518,32.78709],[-96.77014,32.78973],[-96.77043,32.79481],[-96.77576,32.79725],[-96.78081,32.7946],[-96.78052,32.78952],[-96.77518,32.78709]]]}},{"type":"Feature","properties":{"h3":"8826c83b33fffff","mii":65,"trt":1.95,"glp1":20.3,"pharmacy":0.0,"gym":0.0,"n":38},"geometry":{"type":"Polygon","coordinates":[[[-96.67434,33.11669],[-96.66929,33.11932],[-96.66957,33.12439],[-96.67492,33.12683],[-96.67998,33.1242],[-96.67969,33.11913],[-96.67434,33.11669]]]}},{"type":"Feature","properties":{"h3":"8826cb9145fffff","mii":65,"trt":0.0,"glp1":0.0,"pharmacy":0.0,"gym":0.0,"n":0},"geometry":{"type":"Polygon","coordinates":[[[-96.77043,32.79481],[-96.76539,32.79745],[-96.76568,32.80253],[-96.77101,32.80497],[-96.77606,32.80232],[-96.77576,32.79725],[-96.77043,32.79481]]]}},{"type":"Feature","properties":{"h3":"8826c8741dfffff","mii":64,"trt":0.0,"glp1":0.0,"pharmacy":0.0,"gym":0.0,"n":0},"geometry":{"type":"Polygon","coordinates":[[[-96.79958,33.03055],[-96.79453,33.03319],[-96.79482,33.03826],[-96.80017,33.0407],[-96.80522,33.03806],[-96.80493,33.03299],[-96.79958,33.03055]]]}},{"type":"Feature","properties":{"h3":"8826c87419fffff","mii":64,"trt":0.0,"glp1":0.0,"pharmacy":0.0,"gym":0.0,"n":0},"geometry":{"type":"Polygon","coordinates":[[[-96.78918,33.03075],[-96.78413,33.03339],[-96.78442,33.03847],[-96.78977,33.0409],[-96.79482,33.03826],[-96.79453,33.03319],[-96.78918,33.03075]]]}},{"type":"Feature","properties":{"h3":"8826c878d3fffff","mii":62,"trt":1.4,"glp1":14.65,"pharmacy":0.0,"gym":0.0,"n":27},"geometry":{"type":"Polygon","coordinates":[[[-97.07587,33.03249],[-97.07081,33.03515],[-97.07112,33.04022],[-97.07648,33.04265],[-97.08153,33.04],[-97.08123,33.03492],[-97.07587,33.03249]]]}},{"type":"Feature","properties":{"h3":"8826c83b31fffff","mii":62,"trt":0.0,"glp1":0.0,"pharmacy":0.0,"gym":0.65,"n":1},"geometry":{"type":"Polygon","coordinates":[[[-96.67998,33.1242],[-96.67492,33.12683],[-96.67521,33.1319],[-96.68055,33.13434],[-96.68561,33.13171],[-96.68532,33.12664],[-96.67998,33.1242]]]}},{"type":"Feature","properties":{"h3":"8826c80d85fffff","mii":61,"trt":0.0,"glp1":0.0,"pharmacy":0.0,"gym":0.0,"n":0},"geometry":{"type":"Polygon","coordinates":[[[-96.83221,33.14418],[-96.82715,33.14681],[-96.82744,33.15188],[-96.8328,33.15432],[-96.83786,33.15168],[-96.83756,33.14661],[-96.83221,33.14418]]]}},{"type":"Feature","properties":{"h3":"8826c8632dfffff","mii":59,"trt":0.0,"glp1":0.0,"pharmacy":0.0,"gym":0.45,"n":1},"geometry":{"type":"Polygon","coordinates":[[[-97.06545,33.03272],[-97.06039,33.03537],[-97.0607,33.04045],[-97.06606,33.04287],[-97.07112,33.04022],[-97.07081,33.03515],[-97.06545,33.03272]]]}},{"type":"Feature","properties":{"h3":"8826c80d81fffff","mii":59,"trt":0.6,"glp1":31.55,"pharmacy":0.0,"gym":0.65,"n":57},"geometry":{"type":"Polygon","coordinates":[[[-96.82179,33.14438],[-96.81674,33.14701],[-96.81703,33.15209],[-96.82238,33.15452],[-96.82744,33.15188],[-96.82715,33.14681],[-96.82179,33.14438]]]}},{"type":"Feature","properties":{"h3":"8826c86325fffff","mii":58,"trt":1.35,"glp1":0.0,"pharmacy":0.0,"gym":0.0,"n":2},"geometry":{"type":"Polygon","coordinates":[[[-97.0702,33.02499],[-97.06514,33.02764],[-97.06545,33.03272],[-97.07081,33.03515],[-97.07587,33.03249],[-97.07556,33.02742],[-97.0702,33.02499]]]}},{"type":"Feature","properties":{"h3":"8826c8659bfffff","mii":57,"trt":2.8,"glp1":0.7,"pharmacy":0.0,"gym":0.0,"n":5},"geometry":{"type":"Polygon","coordinates":[[[-96.84397,32.80858],[-96.83893,32.81122],[-96.83922,32.8163],[-96.84456,32.81874],[-96.84961,32.81609],[-96.84931,32.81101],[-96.84397,32.80858]]]}},{"type":"Feature","properties":{"h3":"8826cb9165fffff","mii":57,"trt":0.0,"glp1":0.0,"pharmacy":0.0,"gym":0.0,"n":0},"geometry":{"type":"Polygon","coordinates":[[[-96.79594,32.78667],[-96.7909,32.78931],[-96.79119,32.79439],[-96.79652,32.79683],[-96.80157,32.79418],[-96.80127,32.78911],[-96.79594,32.78667]]]}},{"type":"Feature","properties":{"h3":"8826c80d8dfffff","mii":56,"trt":0.0,"glp1":0.0,"pharmacy":0.0,"gym":0.0,"n":0},"geometry":{"type":"Polygon","coordinates":[[[-96.82744,33.15188],[-96.82238,33.15452],[-96.82268,33.15959],[-96.82803,33.16203],[-96.83309,33.15939],[-96.8328,33.15432],[-96.82744,33.15188]]]}},{"type":"Feature","properties":{"h3":"8826c86681fffff","mii":55,"trt":2.65,"glp1":0.0,"pharmacy":0.0,"gym":0.65,"n":5},"geometry":{"type":"Polygon","coordinates":[[[-96.77004,32.8787],[-96.76499,32.88134],[-96.76528,32.88642],[-96.77062,32.88885],[-96.77567,32.88621],[-96.77538,32.88114],[-96.77004,32.8787]]]}},{"type":"Feature","properties":{"h3":"8826c87413fffff","mii":55,"trt":0.75,"glp1":0.0,"pharmacy":0.0,"gym":0.0,"n":1},"geometry":{"type":"Polygon","coordinates":[[[-96.7883,33.01553],[-96.78325,33.01817],[-96.78354,33.02324],[-96.78889,33.02568],[-96.79394,33.02304],[-96.79365,33.01797],[-96.7883,33.01553]]]}},{"type":"Feature","properties":{"h3":"8826c87417fffff","mii":55,"trt":0.0,"glp1":0.0,"pharmacy":0.0,"gym":0.0,"n":0},"geometry":{"type":"Polygon","coordinates":[[[-96.7987,33.01533],[-96.79365,33.01797],[-96.79394,33.02304],[-96.79929,33.02548],[-96.80434,33.02284],[-96.80405,33.01777],[-96.7987,33.01533]]]}},{"type":"Feature","properties":{"h3":"8826c8741bfffff","mii":55,"trt":0.0,"glp1":0.0,"pharmacy":0.0,"gym":0.0,"n":0},"geometry":{"type":"Polygon","coordinates":[[[-96.78354,33.02324],[-96.77849,33.02588],[-96.77878,33.03096],[-96.78413,33.03339],[-96.78918,33.03075],[-96.78889,33.02568],[-96.78354,33.02324]]]}},{"type":"Feature","properties":{"h3":"8826c87411fffff","mii":55,"trt":6.9,"glp1":55.75,"pharmacy":0.0,"gym":0.0,"n":106},"geometry":{"type":"Polygon","coordinates":[[[-96.79394,33.02304],[-96.78889,33.02568],[-96.78918,33.03075],[-96.79453,33.03319],[-96.79958,33.03055],[-96.79929,33.02548],[-96.79394,33.02304]]]}},{"type":"Feature","properties":{"h3":"8826c87415fffff","mii":55,"trt":0.0,"glp1":0.0,"pharmacy":0.0,"gym":0.0,"n":0},"geometry":{"type":"Polygon","coordinates":[[[-96.80434,33.02284],[-96.79929,33.02548],[-96.79958,33.03055],[-96.80493,33.03299],[-96.80998,33.03035],[-96.80969,33.02528],[-96.80434,33.02284]]]}},{"type":"Feature","properties":{"h3":"8826c80c5bfffff","mii":55,"trt":3.15,"glp1":14.9,"pharmacy":0.0,"gym":0.0,"n":31},"geometry":{"type":"Polygon","coordinates":[[[-96.75241,33.2066],[-96.74735,33.20923],[-96.74764,33.2143],[-96.75299,33.21674],[-96.75805,33.2141],[-96.75776,33.20904],[-96.75241,33.2066]]]}},{"type":"Feature","properties":{"h3":"8826c86687fffff","mii":54,"trt":0.6,"glp1":0.7,"pharmacy":0.0,"gym":0.0,"n":2},"geometry":{"type":"Polygon","coordinates":[[[-96.7748,32.87098],[-96.76975,32.87362],[-96.77004,32.8787],[-96.77538,32.88114],[-96.78043,32.87849],[-96.78013,32.87342],[-96.7748,32.87098]]]}},{"type":"Feature","properties":{"h3":"8826cb9295fffff","mii":54,"trt":2.55,"glp1":10.7,"pharmacy":0.0,"gym":0.0,"n":22},"geometry":{"type":"Polygon","coordinates":[[[-96.60751,32.75983],[-96.60247,32.76247],[-96.60275,32.76754],[-96.60808,32.76999],[-96.61312,32.76735],[-96.61284,32.76227],[-96.60751,32.75983]]]}},{"type":"Feature","properties":{"h3":"8826c80cb9fffff","mii":53,"trt":1.2,"glp1":11.8,"pharmacy":0.0,"gym":0.0,"n":23},"geometry":{"type":"Polygon","coordinates":[[[-96.74805,33.13055],[-96.74299,33.13319],[-96.74328,33.13826],[-96.74863,33.14069],[-96.75369,33.13806],[-96.75339,33.13299],[-96.74805,33.13055]]]}},{"type":"Feature","properties":{"h3":"8826cbd545fffff","mii":53,"trt":0.0,"glp1":0.0,"pharmacy":0.0,"gym":0.45,"n":1},"geometry":{"type":"Polygon","coordinates":[[[-97.12754,32.68026],[-97.1225,32.68292],[-97.1228,32.68801],[-97.12815,32.69043],[-97.13319,32.68777],[-97.13288,32.68268],[-97.12754,32.68026]]]}},{"type":"Feature","properties":{"h3":"8826cbd54dfffff","mii":53,"trt":0.0,"glp1":0.0,"pharmacy":0.0,"gym":0.0,"n":0},"geometry":{"type":"Polygon","coordinates":[[[-97.1228,32.68801],[-97.11776,32.69067],[-97.11807,32.69576],[-97.12342,32.69818],[-97.12846,32.69552],[-97.12815,32.69043],[-97.1228,32.68801]]]}},{"type":"Feature","properties":{"h3":"8826c86015fffff","mii":53,"trt":0.9,"glp1":12.05,"pharmacy":0.0,"gym":0.0,"n":23},"geometry":{"type":"Polygon","coordinates":[[[-96.98328,32.96585],[-96.97823,32.9685],[-96.97853,32.97357],[-96.98388,32.976],[-96.98893,32.97335],[-96.98863,32.96828],[-96.98328,32.96585]]]}},{"type":"Feature","properties":{"h3":"8826c83b37fffff","mii":53,"trt":0.0,"glp1":0.0,"pharmacy":0.0,"gym":0.0,"n":0},"geometry":{"type":"Polygon","coordinates":[[[-96.68475,33.1165],[-96.67969,33.11913],[-96.67998,33.1242],[-96.68532,33.12664],[-96.69038,33.12401],[-96.69009,33.11894],[-96.68475,33.1165]]]}},{"type":"Feature","properties":{"h3":"8826c83b3bfffff","mii":53,"trt":0.0,"glp1":0.0,"pharmacy":0.0,"gym":0.0,"n":0},"geometry":{"type":"Polygon","coordinates":[[[-96.66957,33.12439],[-96.66451,33.12702],[-96.6648,33.13209],[-96.67015,33.13453],[-96.67521,33.1319],[-96.67492,33.12683],[-96.66957,33.12439]]]}},{"type":"Feature","properties":{"h3":"8826cb916dfffff","mii":53,"trt":0.0,"glp1":0.0,"pharmacy":0.0,"gym":0.0,"n":0},"geometry":{"type":"Polygon","coordinates":[[[-96.79119,32.79439],[-96.78614,32.79704],[-96.78644,32.80212],[-96.79177,32.80455],[-96.79682,32.80191],[-96.79652,32.79683],[-96.79119,32.79439]]]}},{"type":"Feature","properties":{"h3":"8826c864a5fffff","mii":53,"trt":0.6,"glp1":9.3,"pharmacy":0.0,"gym":0.0,"n":17},"geometry":{"type":"Polygon","coordinates":[[[-96.83922,32.8163],[-96.83418,32.81895],[-96.83447,32.82403],[-96.83981,32.82646],[-96.84486,32.82382],[-96.84456,32.81874],[-96.83922,32.8163]]]}},{"type":"Feature","properties":{"h3":"8826c8661bfffff","mii":53,"trt":0.0,"glp1":9.65,"pharmacy":0.0,"gym":0.0,"n":17},"geometry":{"type":"Polygon","coordinates":[[[-96.77742,32.91667],[-96.77237,32.91931],[-96.77266,32.92439],[-96.778,32.92682],[-96.78305,32.92418],[-96.78276,32.91911],[-96.77742,32.91667]]]}},{"type":"Feature","properties":{"h3":"8826c86683fffff","mii":52,"trt":0.5,"glp1":0.0,"pharmacy":0.0,"gym":0.0,"n":1},"geometry":{"type":"Polygon","coordinates":[[[-96.76441,32.87119],[-96.75936,32.87383],[-96.75965,32.8789],[-96.76499,32.88134],[-96.77004,32.8787],[-96.76975,32.87362],[-96.76441,32.87119]]]}},{"type":"Feature","properties":{"h3":"8826cb9a59fffff","mii":52,"trt":0.6,"glp1":3.6,"pharmacy":1.9,"gym":0.0,"n":9},"geometry":{"type":"Polygon","coordinates":[[[-96.80632,32.78646],[-96.80127,32.78911],[-96.80157,32.79418],[-96.8069,32.79662],[-96.81195,32.79397],[-96.81165,32.7889],[-96.80632,32.78646]]]}},{"type":"Feature","properties":{"h3":"8826c86521fffff","mii":52,"trt":3.0,"glp1":9.0,"pharmacy":0.0,"gym":0.0,"n":21},"geometry":{"type":"Polygon","coordinates":[[[-96.94103,32.86759],[-96.93598,32.87024],[-96.93628,32.87532],[-96.94163,32.87775],[-96.94667,32.8751],[-96.94638,32.87002],[-96.94103,32.86759]]]}},{"type":"Feature","properties":{"h3":"8826c8712dfffff","mii":52,"trt":1.85,"glp1":12.25,"pharmacy":0.0,"gym":0.0,"n":24},"geometry":{"type":"Polygon","coordinates":[[[-97.07186,33.1393],[-97.0668,33.14195],[-97.06711,33.14702],[-97.07248,33.14945],[-97.07754,33.1468],[-97.07723,33.14173],[-97.07186,33.1393]]]}},{"type":"Feature","properties":{"h3":"8826c87515fffff","mii":52,"trt":1.85,"glp1":14.25,"pharmacy":0.0,"gym":0.0,"n":28},"geometry":{"type":"Polygon","coordinates":[[[-96.87716,33.0214],[-96.87211,33.02404],[-96.8724,33.02911],[-96.87776,33.03155],[-96.88281,33.0289],[-96.88251,33.02383],[-96.87716,33.0214]]]}},{"type":"Feature","properties":{"h3":"8826cb910dfffff","mii":51,"trt":0.0,"glp1":1.1,"pharmacy":0.0,"gym":0.0,"n":2},"geometry":{"type":"Polygon","coordinates":[[[-96.76956,32.77957],[-96.76451,32.78221],[-96.76481,32.78729],[-96.77014,32.78973],[-96.77518,32.78709],[-96.77489,32.78201],[-96.76956,32.77957]]]}},{"type":"Feature","properties":{"h3":"8826cb9147fffff","mii":51,"trt":0.0,"glp1":24.75,"pharmacy":0.0,"gym":0.0,"n":42},"geometry":{"type":"Polygon","coordinates":[[[-96.76481,32.78729],[-96.75976,32.78994],[-96.76005,32.79502],[-96.76539,32.79745],[-96.77043,32.79481],[-96.77014,32.78973],[-96.76481,32.78729]]]}},{"type":"Feature","properties":{"h3":"8826c82b1dfffff","mii":51,"trt":1.8,"glp1":13.9,"pharmacy":0.0,"gym":0.0,"n":27},"geometry":{"type":"Polygon","coordinates":[[[-96.68738,32.97936],[-96.68233,32.982],[-96.68262,32.98707],[-96.68795,32.98951],[-96.69301,32.98688],[-96.69272,32.9818],[-96.68738,32.97936]]]}},{"type":"Feature","properties":{"h3":"8826c868b3fffff","mii":50,"trt":0.0,"glp1":0.0,"pharmacy":0.0,"gym":0.0,"n":0},"geometry":{"type":"Polygon","coordinates":[[[-97.13202,32.84052],[-97.12698,32.84318],[-97.12728,32.84826],[-97.13264,32.85068],[-97.13769,32.84803],[-97.13738,32.84294],[-97.13202,32.84052]]]}},{"type":"Feature","properties":{"h3":"8826cbd259fffff","mii":50,"trt":0.0,"glp1":0.0,"pharmacy":0.0,"gym":0.0,"n":0},"geometry":{"type":"Polygon","coordinates":[[[-97.13676,32.83278],[-97.13172,32.83544],[-97.13202,32.84052],[-97.13738,32.84294],[-97.14243,32.84028],[-97.14212,32.8352],[-97.13676,32.83278]]]}},{"type":"Feature","properties":{"h3":"8826cbd25bfffff","mii":50,"trt":0.0,"glp1":0.0,"pharmacy":0.0,"gym":0.0,"n":0},"geometry":{"type":"Polygon","coordinates":[[[-97.1311,32.82527],[-97.12605,32.82793],[-97.12636,32.83302],[-97.13172,32.83544],[-97.13676,32.83278],[-97.13645,32.8277],[-97.1311,32.82527]]]}},{"type":"Feature","properties":{"h3":"8826c86039fffff","mii":50,"trt":0.0,"glp1":0.0,"pharmacy":0.0,"gym":0.65,"n":1},"geometry":{"type":"Polygon","coordinates":[[[-96.99368,32.96563],[-96.98863,32.96828],[-96.98893,32.97335],[-96.99429,32.97578],[-96.99934,32.97313],[-96.99904,32.96806],[-96.99368,32.96563]]]}},{"type":"Feature","properties":{"h3":"8826c874e1fffff","mii":50,"trt":0.0,"glp1":0.0,"pharmacy":0.0,"gym":1.1,"n":2},"geometry":{"type":"Polygon","coordinates":[[[-96.79783,33.00011],[-96.79277,33.00275],[-96.79307,33.00782],[-96.79841,33.01026],[-96.80346,33.00762],[-96.80317,33.00254],[-96.79783,33.00011]]]}},{"type":"Feature","properties":{"h3":"8826cb9a5bfffff","mii":50,"trt":0.7,"glp1":0.0,"pharmacy":0.0,"gym":0.0,"n":1},"geometry":{"type":"Polygon","coordinates":[[[-96.80069,32.77895],[-96.79565,32.78159],[-96.79594,32.78667],[-96.80127,32.78911],[-96.80632,32.78646],[-96.80603,32.78138],[-96.80069,32.77895]]]}},{"type":"Feature","properties":{"h3":"8826c868b1fffff","mii":50,"trt":1.9,"glp1":9.4,"pharmacy":0.0,"gym":0.0,"n":19},"geometry":{"type":"Polygon","coordinates":[[[-97.13769,32.84803],[-97.13264,32.85068],[-97.13295,32.85577],[-97.1383,32.85819],[-97.14335,32.85553],[-97.14304,32.85045],[-97.13769,32.84803]]]}},{"type":"Feature","properties":{"h3":"8826cbc76dfffff","mii":50,"trt":1.65,"glp1":30.55,"pharmacy":0.0,"gym":0.0,"n":56},"geometry":{"type":"Polygon","coordinates":[[[-97.14185,32.57295],[-97.13681,32.57561],[-97.13712,32.5807],[-97.14246,32.58313],[-97.1475,32.58046],[-97.14719,32.57537],[-97.14185,32.57295]]]}},{"type":"Feature","properties":{"h3":"8826cbd541fffff","mii":49,"trt":2.0,"glp1":0.0,"pharmacy":0.0,"gym":0.0,"n":3},"geometry":{"type":"Polygon","coordinates":[[[-97.11715,32.6805],[-97.11211,32.68316],[-97.11242,32.68825],[-97.11776,32.69067],[-97.1228,32.68801],[-97.1225,32.68292],[-97.11715,32.6805]]]}},{"type":"Feature","properties":{"h3":"8826c86593fffff","mii":49,"trt":0.0,"glp1":0.0,"pharmacy":0.0,"gym":0.45,"n":1},"geometry":{"type":"Polygon","coordinates":[[[-96.84872,32.80085],[-96.84368,32.8035],[-96.84397,32.80858],[-96.84931,32.81101],[-96.85436,32.80837],[-96.85406,32.80329],[-96.84872,32.80085]]]}},{"type":"Feature","properties":{"h3":"8826c874e9fffff","mii":49,"trt":1.85,"glp1":0.0,"pharmacy":0.0,"gym":0.0,"n":3},"geometry":{"type":"Polygon","coordinates":[[[-96.79307,33.00782],[-96.78801,33.01046],[-96.7883,33.01553],[-96.79365,33.01797],[-96.7987,33.01533],[-96.79841,33.01026],[-96.79307,33.00782]]]}},{"type":"Feature","properties":{"h3":"8826c86ad7fffff","mii":49,"trt":1.2,"glp1":16.4,"pharmacy":0.0,"gym":0.0,"n":30},"geometry":{"type":"Polygon","coordinates":[[[-97.07986,32.92563],[-97.07481,32.92828],[-97.07511,32.93336],[-97.08047,32.93579],[-97.08552,32.93313],[-97.08522,32.92805],[-97.07986,32.92563]]]}},{"type":"Feature","properties":{"h3":"8826c86087fffff","mii":49,"trt":1.65,"glp1":10.75,"pharmacy":0.0,"gym":0.0,"n":22},"geometry":{"type":"Polygon","coordinates":[[[-96.95977,32.92059],[-96.95472,32.92323],[-96.95502,32.92831],[-96.96037,32.93074],[-96.96542,32.92809],[-96.96512,32.92302],[-96.95977,32.92059]]]}},{"type":"Feature","properties":{"h3":"8826c86e85fffff","mii":49,"trt":2.45,"glp1":6.25,"pharmacy":0.0,"gym":0.0,"n":15},"geometry":{"type":"Polygon","coordinates":[[[-96.95912,32.82143],[-96.95407,32.82408],[-96.95437,32.82916],[-96.95972,32.83159],[-96.96477,32.82894],[-96.96447,32.82386],[-96.95912,32.82143]]]}},{"type":"Feature","properties":{"h3":"8826cbd251fffff","mii":49,"trt":1.85,"glp1":9.4,"pharmacy":0.0,"gym":0.0,"n":19},"geometry":{"type":"Polygon","coordinates":[[[-97.1415,32.82504],[-97.13645,32.8277],[-97.13676,32.83278],[-97.14212,32.8352],[-97.14716,32.83254],[-97.14686,32.82746],[-97.1415,32.82504]]]}},{"type":"Feature","properties":{"h3":"8826c804a5fffff","mii":48,"trt":1.2,"glp1":10.1,"pharmacy":0.0,"gym":0.0,"n":20},"geometry":{"type":"Polygon","coordinates":[[[-96.6058,33.19402],[-96.60074,33.19664],[-96.60102,33.20171],[-96.60637,33.20415],[-96.61143,33.20153],[-96.61115,33.19646],[-96.6058,33.19402]]]}},{"type":"Feature","properties":{"h3":"8826cb9a5dfffff","mii":47,"trt":0.0,"glp1":0.0,"pharmacy":0.0,"gym":0.0,"n":0},"geometry":{"type":"Polygon","coordinates":[[[-96.8167,32.78625],[-96.81165,32.7889],[-96.81195,32.79397],[-96.81728,32.79641],[-96.82233,32.79376],[-96.82203,32.78868],[-96.8167,32.78625]]]}},{"type":"Feature","properties":{"h3":"8826c80c83fffff","mii":47,"trt":0.0,"glp1":0.0,"pharmacy":0.0,"gym":0.45,"n":1},"geometry":{"type":"Polygon","coordinates":[[[-96.74328,33.13826],[-96.73822,33.14089],[-96.73851,33.14596],[-96.74386,33.1484],[-96.74892,33.14576],[-96.74863,33.14069],[-96.74328,33.13826]]]}},{"type":"Feature","properties":{"h3":"8826c86599fffff","mii":47,"trt":1.65,"glp1":0.0,"pharmacy":0.0,"gym":0.0,"n":3},"geometry":{"type":"Polygon","coordinates":[[[-96.84961,32.81609],[-96.84456,32.81874],[-96.84486,32.82382],[-96.8502,32.82625],[-96.85524,32.8236],[-96.85495,32.81852],[-96.84961,32.81609]]]}},{"type":"Feature","properties":{"h3":"8826c864a7fffff","mii":47,"trt":2.55,"glp1":0.0,"pharmacy":0.0,"gym":0.0,"n":4},"geometry":{"type":"Polygon","coordinates":[[[-96.83359,32.80879],[-96.82854,32.81144],[-96.82884,32.81652],[-96.83418,32.81895],[-96.83922,32.8163],[-96.83893,32.81122],[-96.83359,32.80879]]]}},{"type":"Feature","properties":{"h3":"8826c866cdfffff","mii":47,"trt":4.85,"glp1":0.0,"pharmacy":0.0,"gym":0.0,"n":8},"geometry":{"type":"Polygon","coordinates":[[[-96.77179,32.90916],[-96.76674,32.9118],[-96.76703,32.91687],[-96.77237,32.91931],[-96.77742,32.91667],[-96.77713,32.9116],[-96.77179,32.90916]]]}},{"type":"Feature","properties":{"h3":"8826c82927fffff","mii":47,"trt":0.0,"glp1":0.0,"pharmacy":0.0,"gym":0.0,"n":0},"geometry":{"type":"Polygon","coordinates":[[[-96.76703,32.91687],[-96.76198,32.91951],[-96.76227,32.92459],[-96.76761,32.92703],[-96.77266,32.92439],[-96.77237,32.91931],[-96.76703,32.91687]]]}},{"type":"Feature","properties":{"h3":"8826c86613fffff","mii":47,"trt":0.0,"glp1":0.0,"pharmacy":0.0,"gym":0.0,"n":0},"geometry":{"type":"Polygon","coordinates":[[[-96.78217,32.90895],[-96.77713,32.9116],[-96.77742,32.91667],[-96.78276,32.91911],[-96.78781,32.91647],[-96.78751,32.91139],[-96.78217,32.90895]]]}},{"type":"Feature","properties":{"h3":"8826c86a37fffff","mii":47,"trt":0.0,"glp1":0.0,"pharmacy":0.0,"gym":0.0,"n":0},"geometry":{"type":"Polygon","coordinates":[[[-97.1489,32.94698],[-97.14385,32.94964],[-97.14416,32.95472],[-97.14952,32.95714],[-97.15457,32.95448],[-97.15426,32.9494],[-97.1489,32.94698]]]}},{"type":"Feature","properties":{"h3":"8826c8684bfffff","mii":47,"trt":0.0,"glp1":0.0,"pharmacy":0.0,"gym":0.0,"n":0},"geometry":{"type":"Polygon","coordinates":[[[-97.15932,32.94675],[-97.15426,32.9494],[-97.15457,32.95448],[-97.15994,32.95691],[-97.16499,32.95425],[-97.16468,32.94917],[-97.15932,32.94675]]]}},{"type":"Feature","properties":{"h3":"8826c86843fffff","mii":47,"trt":0.0,"glp1":0.0,"pharmacy":0.0,"gym":0.0,"n":0},"geometry":{"type":"Polygon","coordinates":[[[-97.16406,32.93901],[-97.15901,32.94167],[-97.15932,32.94675],[-97.16468,32.94917],[-97.16973,32.94651],[-97.16942,32.94143],[-97.16406,32.93901]]]}},{"type":"Feature","properties":{"h3":"8826c86855fffff","mii":47,"trt":0.0,"glp1":0.0,"pharmacy":0.0,"gym":0.0,"n":0},"geometry":{"type":"Polygon","coordinates":[[[-97.15839,32.93151],[-97.15334,32.93417],[-97.15365,32.93925],[-97.15901,32.94167],[-97.16406,32.93901],[-97.16375,32.93393],[-97.15839,32.93151]]]}},{"type":"Feature","properties":{"h3":"8826c86851fffff","mii":47,"trt":0.0,"glp1":0.0,"pharmacy":0.0,"gym":0.0,"n":0},"geometry":{"type":"Polygon","coordinates":[[[-97.14798,32.93174],[-97.14293,32.9344],[-97.14324,32.93948],[-97.1486,32.9419],[-97.15365,32.93925],[-97.15334,32.93417],[-97.14798,32.93174]]]}},{"type":"Feature","properties":{"h3":"8826c86859fffff","mii":47,"trt":0.0,"glp1":0.0,"pharmacy":0.0,"gym":0.0,"n":0},"geometry":{"type":"Polygon","coordinates":[[[-97.14324,32.93948],[-97.13818,32.94214],[-97.13849,32.94722],[-97.14385,32.94964],[-97.1489,32.94698],[-97.1486,32.9419],[-97.14324,32.93948]]]}},{"type":"Feature","properties":{"h3":"8826cbd543fffff","mii":46,"trt":0.0,"glp1":0.0,"pharmacy":0.0,"gym":0.65,"n":1},"geometry":{"type":"Polygon","coordinates":[[[-97.1115,32.67299],[-97.10646,32.67565],[-97.10677,32.68074],[-97.11211,32.68316],[-97.11715,32.6805],[-97.11684,32.67541],[-97.1115,32.67299]]]}},{"type":"Feature","properties":{"h3":"8826c84435fffff","mii":46,"trt":0.6,"glp1":14.45,"pharmacy":0.0,"gym":0.0,"n":26},"geometry":{"type":"Polygon","coordinates":[[[-97.13431,33.22178],[-97.12924,33.22443],[-97.12955,33.2295],[-97.13492,33.23193],[-97.13999,33.22928],[-97.13968,33.22421],[-97.13431,33.22178]]]}},{"type":"Feature","properties":{"h3":"8826c86493fffff","mii":46,"trt":0.45,"glp1":0.0,"pharmacy":0.0,"gym":0.0,"n":1},"geometry":{"type":"Polygon","coordinates":[[[-96.77606,32.80232],[-96.77101,32.80497],[-96.7713,32.81005],[-96.77664,32.81248],[-96.78168,32.80984],[-96.78139,32.80476],[-96.77606,32.80232]]]}},{"type":"Feature","properties":{"h3":"8826cbdae1fffff","mii":46,"trt":1.25,"glp1":0.7,"pharmacy":0.0,"gym":0.0,"n":3},"geometry":{"type":"Polygon","coordinates":[[[-97.32783,32.72133],[-97.32278,32.724],[-97.3231,32.72909],[-97.32846,32.73151],[-97.3335,32.72884],[-97.33319,32.72375],[-97.32783,32.72133]]]}},{"type":"Feature","properties":{"h3":"8826c864b7fffff","mii":45,"trt":0.0,"glp1":0.0,"pharmacy":0.0,"gym":0.0,"n":0},"geometry":{"type":"Polygon","coordinates":[[[-96.81195,32.79397],[-96.8069,32.79662],[-96.8072,32.8017],[-96.81253,32.80413],[-96.81758,32.80149],[-96.81728,32.79641],[-96.81195,32.79397]]]}},{"type":"Feature","properties":{"h3":"8826c866b9fffff","mii":45,"trt":1.2,"glp1":0.0,"pharmacy":0.0,"gym":0.45,"n":3},"geometry":{"type":"Polygon","coordinates":[[[-96.76917,32.86347],[-96.76412,32.86611],[-96.76441,32.87119],[-96.76975,32.87362],[-96.7748,32.87098],[-96.7745,32.8659],[-96.76917,32.86347]]]}},{"type":"Feature","properties":{"h3":"8826c874ebfffff","mii":45,"trt":0.0,"glp1":0.0,"pharmacy":0.0,"gym":0.0,"n":0},"geometry":{"type":"Polygon","coordinates":[[[-96.78743,33.00031],[-96.78238,33.00295],[-96.78267,33.00802],[-96.78801,33.01046],[-96.79307,33.00782],[-96.79277,33.00275],[-96.78743,33.00031]]]}},{"type":"Feature","properties":{"h3":"8826c82b03fffff","mii":45,"trt":0.0,"glp1":0.0,"pharmacy":0.0,"gym":0.0,"n":0},"geometry":{"type":"Polygon","coordinates":[[[-96.69777,32.97917],[-96.69272,32.9818],[-96.69301,32.98688],[-96.69835,32.98932],[-96.7034,32.98668],[-96.70311,32.98161],[-96.69777,32.97917]]]}},{"type":"Feature","properties":{"h3":"8826c82b0bfffff","mii":45,"trt":0.0,"glp1":0.0,"pharmacy":0.0,"gym":0.0,"n":0},"geometry":{"type":"Polygon","coordinates":[[[-96.69301,32.98688],[-96.68795,32.98951],[-96.68824,32.99458],[-96.69358,32.99702],[-96.69863,32.99439],[-96.69835,32.98932],[-96.69301,32.98688]]]}},{"type":"Feature","properties":{"h3":"8826cb9999fffff","mii":45,"trt":1.2,"glp1":15.25,"pharmacy":0.0,"gym":0.0,"n":29},"geometry":{"type":"Polygon","coordinates":[[[-96.87664,32.65527],[-96.8716,32.65792],[-96.87189,32.663],[-96.87723,32.66544],[-96.88227,32.66278],[-96.88197,32.6577],[-96.87664,32.65527]]]}},{"type":"Feature","properties":{"h3":"8826cb9a51fffff","mii":45,"trt":0.0,"glp1":0.0,"pharmacy":0.0,"gym":0.0,"n":0},"geometry":{"type":"Polygon","coordinates":[[[-96.81107,32.77874],[-96.80603,32.78138],[-96.80632,32.78646],[-96.81165,32.7889],[-96.8167,32.78625],[-96.8164,32.78117],[-96.81107,32.77874]]]}},{"type":"Feature","properties":{"h3":"8826c86525fffff","mii":45,"trt":0.0,"glp1":0.0,"pharmacy":0.0,"gym":0.0,"n":0},"geometry":{"type":"Polygon","coordinates":[[[-96.95142,32.86737],[-96.94638,32.87002],[-96.94667,32.8751],[-96.95202,32.87753],[-96.95707,32.87488],[-96.95677,32.8698],[-96.95142,32.86737]]]}},{"type":"Feature","properties":{"h3":"8826c86527fffff","mii":45,"trt":0.0,"glp1":0.0,"pharmacy":0.0,"gym":0.0,"n":0},"geometry":{"type":"Polygon","coordinates":[[[-96.94578,32.85986],[-96.94073,32.86251],[-96.94103,32.86759],[-96.94638,32.87002],[-96.95142,32.86737],[-96.95112,32.86229],[-96.94578,32.85986]]]}},{"type":"Feature","properties":{"h3":"8826c80ee5fffff","mii":45,"trt":0.0,"glp1":0.0,"pharmacy":0.0,"gym":0.0,"n":0},"geometry":{"type":"Polygon","coordinates":[[[-96.74764,33.2143],[-96.74257,33.21693],[-96.74286,33.222],[-96.74822,33.22443],[-96.75328,33.2218],[-96.75299,33.21674],[-96.74764,33.2143]]]}},{"type":"Feature","properties":{"h3":"8826c80c59fffff","mii":45,"trt":0.0,"glp1":0.0,"pharmacy":0.0,"gym":0.0,"n":0},"geometry":{"type":"Polygon","coordinates":[[[-96.75805,33.2141],[-96.75299,33.21674],[-96.75328,33.2218],[-96.75863,33.22424],[-96.7637,33.22161],[-96.76341,33.21654],[-96.75805,33.2141]]]}},{"type":"Feature","properties":{"h3":"8826c80c51fffff","mii":45,"trt":0.0,"glp1":0.0,"pharmacy":0.0,"gym":0.0,"n":0},"geometry":{"type":"Polygon","coordinates":[[[-96.76282,33.2064],[-96.75776,33.20904],[-96.75805,33.2141],[-96.76341,33.21654],[-96.76847,33.21391],[-96.76818,33.20884],[-96.76282,33.2064]]]}},{"type":"Feature","properties":{"h3":"8826c80c53fffff","mii":45,"trt":0.0,"glp1":0.0,"pharmacy":0.0,"gym":0.0,"n":0},"geometry":{"type":"Polygon","coordinates":[[[-96.75718,33.1989],[-96.75212,33.20153],[-96.75241,33.2066],[-96.75776,33.20904],[-96.76282,33.2064],[-96.76253,33.20134],[-96.75718,33.1989]]]}},{"type":"Feature","properties":{"h3":"8826c80eadfffff","mii":45,"trt":0.0,"glp1":0.0,"pharmacy":0.0,"gym":0.0,"n":0},"geometry":{"type":"Polygon","coordinates":[[[-96.74676,33.19909],[-96.7417,33.20172],[-96.74199,33.20679],[-96.74735,33.20923],[-96.75241,33.2066],[-96.75212,33.20153],[-96.74676,33.19909]]]}},{"type":"Feature","properties":{"h3":"8826c80ee7fffff","mii":45,"trt":0.0,"glp1":0.0,"pharmacy":0.0,"gym":0.0,"n":0},"geometry":{"type":"Polygon","coordinates":[[[-96.74199,33.20679],[-96.73693,33.20942],[-96.73722,33.21449],[-96.74257,33.21693],[-96.74764,33.2143],[-96.74735,33.20923],[-96.74199,33.20679]]]}},{"type":"Feature","properties":{"h3":"8826c874e7fffff","mii":44,"trt":0.0,"glp1":0.0,"pharmacy":0.0,"gym":0.0,"n":0},"geometry":{"type":"Polygon","coordinates":[[[-96.80259,32.99239],[-96.79753,32.99503],[-96.79783,33.00011],[-96.80317,33.00254],[-96.80822,32.9999],[-96.80793,32.99483],[-96.80259,32.99239]]]}},{"type":"Feature","properties":{"h3":"8826c80d89fffff","mii":44,"trt":0.0,"glp1":0.0,"pharmacy":0.0,"gym":0.0,"n":0},"geometry":{"type":"Polygon","coordinates":[[[-96.81703,33.15209],[-96.81197,33.15472],[-96.81226,33.15979],[-96.81762,33.16223],[-96.82268,33.15959],[-96.82238,33.15452],[-96.81703,33.15209]]]}},{"type":"Feature","properties":{"h3":"8826c80d87fffff","mii":44,"trt":0.0,"glp1":0.0,"pharmacy":0.0,"gym":0.0,"n":0},"geometry":{"type":"Polygon","coordinates":[[[-96.82656,33.13667],[-96.8215,33.13931],[-96.82179,33.14438],[-96.82715,33.14681],[-96.83221,33.14418],[-96.83191,33.13911],[-96.82656,33.13667]]]}},{"type":"Feature","properties":{"h3":"8826c80d83fffff","mii":44,"trt":0.0,"glp1":0.0,"pharmacy":0.0,"gym":0.0,"n":0},"geometry":{"type":"Polygon","coordinates":[[[-96.81615,33.13687],[-96.81109,33.13951],[-96.81138,33.14458],[-96.81674,33.14701],[-96.82179,33.14438],[-96.8215,33.13931],[-96.81615,33.13687]]]}},{"type":"Feature","properties":{"h3":"8826c80d8bfffff","mii":44,"trt":0.0,"glp1":0.0,"pharmacy":0.0,"gym":0.0,"n":0},"geometry":{"type":"Polygon","coordinates":[[[-96.81138,33.14458],[-96.80632,33.14721],[-96.80662,33.15229],[-96.81197,33.15472],[-96.81703,33.15209],[-96.81674,33.14701],[-96.81138,33.14458]]]}},{"type":"Feature","properties":{"h3":"8826c878dbfffff","mii":43,"trt":0.0,"glp1":0.0,"pharmacy":0.0,"gym":0.0,"n":0},"geometry":{"type":"Polygon","coordinates":[[[-97.07112,33.04022],[-97.06606,33.04287],[-97.06637,33.04795],[-97.07173,33.05038],[-97.07678,33.04772],[-97.07648,33.04265],[-97.07112,33.04022]]]}},{"type":"Feature","properties":{"h3":"8826c84431fffff","mii":43,"trt":0.0,"glp1":0.0,"pharmacy":0.0,"gym":0.45,"n":1},"geometry":{"type":"Polygon","coordinates":[[[-97.12387,33.22201],[-97.11881,33.22465],[-97.11911,33.22973],[-97.12449,33.23215],[-97.12955,33.2295],[-97.12924,33.22443],[-97.12387,33.22201]]]}},{"type":"Feature","properties":{"h3":"8826c86a8bfffff","mii":43,"trt":0.7,"glp1":0.0,"pharmacy":0.0,"gym":0.0,"n":1},"geometry":{"type":"Polygon","coordinates":[[[-97.09027,32.9254],[-97.08522,32.92805],[-97.08552,32.93313],[-97.09088,32.93556],[-97.09593,32.9329],[-97.09562,32.92782],[-97.09027,32.9254]]]}},{"type":"Feature","properties":{"h3":"8826c87631fffff","mii":43,"trt":1.05,"glp1":27.7,"pharmacy":0.0,"gym":0.0,"n":49},"geometry":{"type":"Polygon","coordinates":[[[-96.78617,33.0689],[-96.78112,33.07154],[-96.78141,33.07661],[-96.78676,33.07905],[-96.79181,33.07641],[-96.79152,33.07134],[-96.78617,33.0689]]]}},{"type":"Feature","properties":{"h3":"8826c868ebfffff","mii":43,"trt":1.4,"glp1":7.6,"pharmacy":0.0,"gym":0.0,"n":14},"geometry":{"type":"Polygon","coordinates":[[[-97.1452,32.88602],[-97.14015,32.88868],[-97.14046,32.89376],[-97.14582,32.89618],[-97.15087,32.89352],[-97.15056,32.88844],[-97.1452,32.88602]]]}},{"type":"Feature","properties":{"h3":"8826cb9307fffff","mii":42,"trt":0.0,"glp1":0.0,"pharmacy":0.0,"gym":0.0,"n":0},"geometry":{"type":"Polygon","coordinates":[[[-96.73541,32.81838],[-96.73037,32.82102],[-96.73066,32.8261],[-96.73599,32.82854],[-96.74104,32.8259],[-96.74075,32.82082],[-96.73541,32.81838]]]}},{"type":"Feature","properties":{"h3":"8826cb933dfffff","mii":42,"trt":0.0,"glp1":0.0,"pharmacy":0.0,"gym":0.0,"n":0},"geometry":{"type":"Polygon","coordinates":[[[-96.74017,32.81066],[-96.73512,32.8133],[-96.73541,32.81838],[-96.74075,32.82082],[-96.74579,32.81818],[-96.7455,32.8131],[-96.74017,32.81066]]]}},{"type":"Feature","properties":{"h3":"8826cbd54bfffff","mii":42,"trt":0.65,"glp1":0.0,"pharmacy":0.0,"gym":0.0,"n":1},"geometry":{"type":"Polygon","coordinates":[[[-97.10677,32.68074],[-97.10173,32.6834],[-97.10203,32.68849],[-97.10738,32.69091],[-97.11242,32.68825],[-97.11211,32.68316],[-97.10677,32.68074]]]}},{"type":"Feature","properties":{"h3":"8826c860b9fffff","mii":42,"trt":0.0,"glp1":0.0,"pharmacy":0.0,"gym":0.0,"n":0},"geometry":{"type":"Polygon","coordinates":[[[-96.95412,32.91308],[-96.94907,32.91573],[-96.94937,32.92081],[-96.95472,32.92323],[-96.95977,32.92059],[-96.95947,32.91551],[-96.95412,32.91308]]]}},{"type":"Feature","properties":{"h3":"8826c860bdfffff","mii":42,"trt":0.0,"glp1":0.0,"pharmacy":0.0,"gym":0.0,"n":0},"geometry":{"type":"Polygon","coordinates":[[[-96.96452,32.91286],[-96.95947,32.91551],[-96.95977,32.92059],[-96.96512,32.92302],[-96.97017,32.92037],[-96.96987,32.91529],[-96.96452,32.91286]]]}},{"type":"Feature","properties":{"h3":"8826c8668bfffff","mii":42,"trt":0.65,"glp1":0.0,"pharmacy":0.0,"gym":0.0,"n":1},"geometry":{"type":"Polygon","coordinates":[[[-96.75965,32.8789],[-96.75461,32.88154],[-96.7549,32.88662],[-96.76023,32.88906],[-96.76528,32.88642],[-96.76499,32.88134],[-96.75965,32.8789]]]}},{"type":"Feature","properties":{"h3":"8826c86591fffff","mii":42,"trt":0.0,"glp1":0.0,"pharmacy":0.0,"gym":0.0,"n":0},"geometry":{"type":"Polygon","coordinates":[[[-96.85436,32.80837],[-96.84931,32.81101],[-96.84961,32.81609],[-96.85495,32.81852],[-96.85999,32.81588],[-96.8597,32.8108],[-96.85436,32.80837]]]}},{"type":"Feature","properties":{"h3":"8826cb9a4dfffff","mii":42,"trt":1.65,"glp1":0.0,"pharmacy":0.0,"gym":0.0,"n":2},"geometry":{"type":"Polygon","coordinates":[[[-96.83834,32.80107],[-96.8333,32.80371],[-96.83359,32.80879],[-96.83893,32.81122],[-96.84397,32.80858],[-96.84368,32.8035],[-96.83834,32.80107]]]}},{"type":"Feature","properties":{"h3":"8826c86497fffff","mii":42,"trt":0.0,"glp1":13.55,"pharmacy":0.0,"gym":0.0,"n":23},"geometry":{"type":"Polygon","coordinates":[[[-96.78644,32.80212],[-96.78139,32.80476],[-96.78168,32.80984],[-96.78702,32.81227],[-96.79206,32.80963],[-96.79177,32.80455],[-96.78644,32.80212]]]}},{"type":"Feature","properties":{"h3":"8826cb9161fffff","mii":42,"trt":2.55,"glp1":0.0,"pharmacy":0.0,"gym":0.0,"n":4},"geometry":{"type":"Polygon","coordinates":[[[-96.78556,32.78688],[-96.78052,32.78952],[-96.78081,32.7946],[-96.78614,32.79704],[-96.79119,32.79439],[-96.7909,32.78931],[-96.78556,32.78688]]]}},{"type":"Feature","properties":{"h3":"8826c866d7fffff","mii":42,"trt":0.0,"glp1":0.0,"pharmacy":0.0,"gym":0.0,"n":0},"geometry":{"type":"Polygon","coordinates":[[[-96.74927,32.87911],[-96.74422,32.88175],[-96.74451,32.88682],[-96.74985,32.88926],[-96.7549,32.88662],[-96.75461,32.88154],[-96.74927,32.87911]]]}},{"type":"Feature","properties":{"h3":"8826cbdae9fffff","mii":42,"trt":0.0,"glp1":0.0,"pharmacy":0.0,"gym":0.0,"n":0},"geometry":{"type":"Polygon","coordinates":[[[-97.3231,32.72909],[-97.31806,32.73176],[-97.31837,32.73685],[-97.32373,32.73926],[-97.32878,32.73659],[-97.32846,32.73151],[-97.3231,32.72909]]]}},{"type":"Feature","properties":{"h3":"8826c87899fffff","mii":42,"trt":0.0,"glp1":0.0,"pharmacy":0.0,"gym":0.0,"n":0},"geometry":{"type":"Polygon","coordinates":[[[-97.08062,33.02477],[-97.07556,33.02742],[-97.07587,33.03249],[-97.08123,33.03492],[-97.08628,33.03227],[-97.08598,33.02719],[-97.08062,33.02477]]]}},{"type":"Feature","properties":{"h3":"8826c86003fffff","mii":41,"trt":0.0,"glp1":0.0,"pharmacy":0.0,"gym":0.0,"n":0},"geometry":{"type":"Polygon","coordinates":[[[-96.98893,32.97335],[-96.98388,32.976],[-96.98418,32.98108],[-96.98954,32.98351],[-96.99459,32.98086],[-96.99429,32.97578],[-96.98893,32.97335]]]}},{"type":"Feature","properties":{"h3":"8826c8603bfffff","mii":41,"trt":0.0,"glp1":0.0,"pharmacy":0.0,"gym":0.0,"n":0},"geometry":{"type":"Polygon","coordinates":[[[-96.98803,32.95812],[-96.98298,32.96077],[-96.98328,32.96585],[-96.98863,32.96828],[-96.99368,32.96563],[-96.99338,32.96055],[-96.98803,32.95812]]]}},{"type":"Feature","properties":{"h3":"8826cb9a3bfffff","mii":41,"trt":0.0,"glp1":0.0,"pharmacy":0.0,"gym":0.0,"n":0},"geometry":{"type":"Polygon","coordinates":[[[-96.83007,32.74783],[-96.82502,32.75048],[-96.82532,32.75556],[-96.83065,32.75799],[-96.8357,32.75534],[-96.8354,32.75026],[-96.83007,32.74783]]]}},{"type":"Feature","properties":{"h3":"8826c864a1fffff","mii":41,"trt":0.0,"glp1":0.0,"pharmacy":0.0,"gym":0.0,"n":0},"geometry":{"type":"Polygon","coordinates":[[[-96.82884,32.81652],[-96.82379,32.81916],[-96.82409,32.82424],[-96.82943,32.82667],[-96.83447,32.82403],[-96.83418,32.81895],[-96.82884,32.81652]]]}},{"type":"Feature","properties":{"h3":"8826c8669dfffff","mii":41,"trt":0.0,"glp1":0.0,"pharmacy":0.0,"gym":0.0,"n":0},"geometry":{"type":"Polygon","coordinates":[[[-96.75403,32.87139],[-96.74898,32.87403],[-96.74927,32.87911],[-96.75461,32.88154],[-96.75965,32.8789],[-96.75936,32.87383],[-96.75403,32.87139]]]}},{"type":"Feature","properties":{"h3":"8826c8666dfffff","mii":41,"trt":1.6,"glp1":4.5,"pharmacy":0.0,"gym":0.0,"n":11},"geometry":{"type":"Polygon","coordinates":[[[-96.83677,32.95361],[-96.83172,32.95625],[-96.83202,32.96133],[-96.83736,32.96376],[-96.84241,32.96112],[-96.84212,32.95604],[-96.83677,32.95361]]]}},{"type":"Feature","properties":{"h3":"8826c83959fffff","mii":41,"trt":0.0,"glp1":0.0,"pharmacy":0.0,"gym":0.0,"n":0},"geometry":{"type":"Polygon","coordinates":[[[-96.67911,33.10899],[-96.67406,33.11162],[-96.67434,33.11669],[-96.67969,33.11913],[-96.68475,33.1165],[-96.68446,33.11143],[-96.67911,33.10899]]]}},{"type":"Feature","properties":{"h3":"8826c83865fffff","mii":41,"trt":0.0,"glp1":0.0,"pharmacy":0.0,"gym":0.0,"n":0},"geometry":{"type":"Polygon","coordinates":[[[-96.66871,33.10918],[-96.66365,33.11181],[-96.66394,33.11688],[-96.66929,33.11932],[-96.67434,33.11669],[-96.67406,33.11162],[-96.66871,33.10918]]]}},{"type":"Feature","properties":{"h3":"8826c8386dfffff","mii":41,"trt":0.0,"glp1":0.0,"pharmacy":0.0,"gym":0.0,"n":0},"geometry":{"type":"Polygon","coordinates":[[[-96.66394,33.11688],[-96.65888,33.11951],[-96.65917,33.12458],[-96.66451,33.12702],[-96.66957,33.12439],[-96.66929,33.11932],[-96.66394,33.11688]]]}},{"type":"Feature","properties":{"h3":"8826cbd547fffff","mii":40,"trt":0.0,"glp1":0.0,"pharmacy":0.0,"gym":0.0,"n":0},"geometry":{"type":"Polygon","coordinates":[[[-97.12188,32.67275],[-97.11684,32.67541],[-97.11715,32.6805],[-97.1225,32.68292],[-97.12754,32.68026],[-97.12723,32.67517],[-97.12188,32.67275]]]}},{"type":"Feature","properties":{"h3":"8826c86685fffff","mii":40,"trt":0.0,"glp1":0.0,"pharmacy":0.0,"gym":0.0,"n":0},"geometry":{"type":"Polygon","coordinates":[[[-96.78043,32.87849],[-96.77538,32.88114],[-96.77567,32.88621],[-96.78101,32.88865],[-96.78606,32.88601],[-96.78576,32.88093],[-96.78043,32.87849]]]}},{"type":"Feature","properties":{"h3":"8826c874a9fffff","mii":40,"trt":0.0,"glp1":0.0,"pharmacy":0.0,"gym":1.1,"n":2},"geometry":{"type":"Polygon","coordinates":[[[-96.79695,32.98488],[-96.7919,32.98752],[-96.79219,32.9926],[-96.79753,32.99503],[-96.80259,32.99239],[-96.80229,32.98732],[-96.79695,32.98488]]]}},{"type":"Feature","properties":{"h3":"8826c874adfffff","mii":40,"trt":0.6,"glp1":0.0,"pharmacy":0.0,"gym":0.0,"n":1},"geometry":{"type":"Polygon","coordinates":[[[-96.80735,32.98468],[-96.80229,32.98732],[-96.80259,32.99239],[-96.80793,32.99483],[-96.81298,32.99219],[-96.81269,32.98712],[-96.80735,32.98468]]]}},{"type":"Feature","properties":{"h3":"8826c875b3fffff","mii":40,"trt":0.0,"glp1":0.0,"pharmacy":0.0,"gym":0.0,"n":0},"geometry":{"type":"Polygon","coordinates":[[[-96.84717,32.9534],[-96.84212,32.95604],[-96.84241,32.96112],[-96.84776,32.96355],[-96.85281,32.96091],[-96.85252,32.95584],[-96.84717,32.9534]]]}},{"type":"Feature","properties":{"h3":"8826c86665fffff","mii":40,"trt":0.0,"glp1":0.0,"pharmacy":0.0,"gym":0.0,"n":0},"geometry":{"type":"Polygon","coordinates":[[[-96.84153,32.94589],[-96.83648,32.94853],[-96.83677,32.95361],[-96.84212,32.95604],[-96.84717,32.9534],[-96.84688,32.94833],[-96.84153,32.94589]]]}},{"type":"Feature","properties":{"h3":"8826c86529fffff","mii":40,"trt":0.0,"glp1":0.0,"pharmacy":0.0,"gym":0.0,"n":0},"geometry":{"type":"Polygon","coordinates":[[[-96.93628,32.87532],[-96.93123,32.87797],[-96.93153,32.88304],[-96.93688,32.88547],[-96.94193,32.88283],[-96.94163,32.87775],[-96.93628,32.87532]]]}},{"type":"Feature","properties":{"h3":"8826c8652dfffff","mii":40,"trt":0.0,"glp1":0.0,"pharmacy":0.0,"gym":0.0,"n":0},"geometry":{"type":"Polygon","coordinates":[[[-96.94667,32.8751],[-96.94163,32.87775],[-96.94193,32.88283],[-96.94727,32.88526],[-96.95232,32.88261],[-96.95202,32.87753],[-96.94667,32.8751]]]}},{"type":"Feature","properties":{"h3":"8826c86523fffff","mii":40,"trt":0.0,"glp1":0.0,"pharmacy":0.0,"gym":0.0,"n":0},"geometry":{"type":"Polygon","coordinates":[[[-96.93538,32.86008],[-96.93034,32.86273],[-96.93064,32.86781],[-96.93598,32.87024],[-96.94103,32.86759],[-96.94073,32.86251],[-96.93538,32.86008]]]}},{"type":"Feature","properties":{"h3":"8826c8652bfffff","mii":40,"trt":0.0,"glp1":0.0,"pharmacy":0.0,"gym":0.0,"n":0},"geometry":{"type":"Polygon","coordinates":[[[-96.93064,32.86781],[-96.92559,32.87046],[-96.92589,32.87553],[-96.93123,32.87797],[-96.93628,32.87532],[-96.93598,32.87024],[-96.93064,32.86781]]]}},{"type":"Feature","properties":{"h3":"8826c86e39fffff","mii":40,"trt":1.1,"glp1":8.15,"pharmacy":0.0,"gym":0.0,"n":16},"geometry":{"type":"Polygon","coordinates":[[[-96.98736,32.85897],[-96.98231,32.86163],[-96.98261,32.86671],[-96.98796,32.86913],[-96.99301,32.86648],[-96.9927,32.8614],[-96.98736,32.85897]]]}},{"type":"Feature","properties":{"h3":"8826cbc297fffff","mii":40,"trt":0.0,"glp1":0.0,"pharmacy":0.0,"gym":0.0,"n":0},"geometry":{"type":"Polygon","coordinates":[[[-97.13712,32.5807],[-97.13209,32.58337],[-97.13239,32.58846],[-97.13774,32.59088],[-97.14277,32.58821],[-97.14246,32.58313],[-97.13712,32.5807]]]}},{"type":"Feature","properties":{"h3":"8826cbc2bbfffff","mii":40,"trt":0.0,"glp1":0.0,"pharmacy":0.0,"gym":0.0,"n":0},"geometry":{"type":"Polygon","coordinates":[[[-97.1475,32.58046],[-97.14246,32.58313],[-97.14277,32.58821],[-97.14812,32.59064],[-97.15315,32.58797],[-97.15284,32.58288],[-97.1475,32.58046]]]}},{"type":"Feature","properties":{"h3":"8826cbc2b3fffff","mii":40,"trt":0.0,"glp1":0.0,"pharmacy":0.0,"gym":0.0,"n":0},"geometry":{"type":"Polygon","coordinates":[[[-97.15223,32.5727],[-97.14719,32.57537],[-97.1475,32.58046],[-97.15284,32.58288],[-97.15788,32.58021],[-97.15757,32.57513],[-97.15223,32.5727]]]}},{"type":"Feature","properties":{"h3":"8826cbc765fffff","mii":40,"trt":0.0,"glp1":0.0,"pharmacy":0.0,"gym":0.0,"n":0},"geometry":{"type":"Polygon","coordinates":[[[-97.14658,32.56519],[-97.14154,32.56786],[-97.14185,32.57295],[-97.14719,32.57537],[-97.15223,32.5727],[-97.15192,32.56762],[-97.14658,32.56519]]]}},{"type":"Feature","properties":{"h3":"8826cbc761fffff","mii":40,"trt":0.0,"glp1":0.0,"pharmacy":0.0,"gym":0.0,"n":0},"geometry":{"type":"Polygon","coordinates":[[[-97.1362,32.56544],[-97.13117,32.5681],[-97.13147,32.57319],[-97.13681,32.57561],[-97.14185,32.57295],[-97.14154,32.56786],[-97.1362,32.56544]]]}},{"type":"Feature","properties":{"h3":"8826cbc769fffff","mii":40,"trt":0.0,"glp1":0.0,"pharmacy":0.0,"gym":0.0,"n":0},"geometry":{"type":"Polygon","coordinates":[[[-97.13147,32.57319],[-97.12644,32.57586],[-97.12674,32.58095],[-97.13209,32.58337],[-97.13712,32.5807],[-97.13681,32.57561],[-97.13147,32.57319]]]}},{"type":"Feature","properties":{"h3":"8826cb9987fffff","mii":40,"trt":1.1,"glp1":7.55,"pharmacy":0.0,"gym":0.0,"n":15},"geometry":{"type":"Polygon","coordinates":[[[-96.90775,32.65461],[-96.90271,32.65726],[-96.90301,32.66234],[-96.90835,32.66477],[-96.91338,32.66212],[-96.91309,32.65704],[-96.90775,32.65461]]]}},{"type":"Feature","properties":{"h3":"8826c80c87fffff","mii":39,"trt":0.0,"glp1":0.0,"pharmacy":0.0,"gym":0.0,"n":0},"geometry":{"type":"Polygon","coordinates":[[[-96.75369,33.13806],[-96.74863,33.14069],[-96.74892,33.14576],[-96.75427,33.1482],[-96.75933,33.14557],[-96.75904,33.1405],[-96.75369,33.13806]]]}},{"type":"Feature","properties":{"h3":"8826c80c95fffff","mii":39,"trt":0.0,"glp1":0.0,"pharmacy":0.0,"gym":0.0,"n":0},"geometry":{"type":"Polygon","coordinates":[[[-96.73764,33.13075],[-96.73258,33.13338],[-96.73287,33.13845],[-96.73822,33.14089],[-96.74328,33.13826],[-96.74299,33.13319],[-96.73764,33.13075]]]}},{"type":"Feature","properties":{"h3":"8826c87497fffff","mii":39,"trt":0.0,"glp1":0.0,"pharmacy":0.0,"gym":0.0,"n":0},"geometry":{"type":"Polygon","coordinates":[[[-96.75925,32.96276],[-96.7542,32.96539],[-96.75449,32.97047],[-96.75984,32.97291],[-96.76489,32.97027],[-96.7646,32.96519],[-96.75925,32.96276]]]}},{"type":"Feature","properties":{"h3":"8826c82969fffff","mii":39,"trt":0.0,"glp1":0.0,"pharmacy":0.0,"gym":0.0,"n":0},"geometry":{"type":"Polygon","coordinates":[[[-96.75362,32.95524],[-96.74857,32.95788],[-96.74886,32.96296],[-96.7542,32.96539],[-96.75925,32.96276],[-96.75896,32.95768],[-96.75362,32.95524]]]}},{"type":"Feature","properties":{"h3":"8826cb929dfffff","mii":39,"trt":0.0,"glp1":0.0,"pharmacy":0.0,"gym":0.0,"n":0},"geometry":{"type":"Polygon","coordinates":[[[-96.60275,32.76754],[-96.59771,32.77018],[-96.598,32.77526],[-96.60332,32.7777],[-96.60836,32.77506],[-96.60808,32.76999],[-96.60275,32.76754]]]}},{"type":"Feature","properties":{"h3":"8826cb9283fffff","mii":39,"trt":0.0,"glp1":0.0,"pharmacy":0.0,"gym":0.0,"n":0},"geometry":{"type":"Polygon","coordinates":[[[-96.61312,32.76735],[-96.60808,32.76999],[-96.60836,32.77506],[-96.61369,32.77751],[-96.61873,32.77487],[-96.61845,32.76979],[-96.61312,32.76735]]]}},{"type":"Feature","properties":{"h3":"8826cb92b9fffff","mii":39,"trt":0.0,"glp1":0.0,"pharmacy":0.0,"gym":0.0,"n":0},"geometry":{"type":"Polygon","coordinates":[[[-96.61788,32.75964],[-96.61284,32.76227],[-96.61312,32.76735],[-96.61845,32.76979],[-96.62349,32.76716],[-96.6232,32.76208],[-96.61788,32.75964]]]}},{"type":"Feature","properties":{"h3":"8826cb92bbfffff","mii":39,"trt":0.0,"glp1":0.0,"pharmacy":0.0,"gym":0.0,"n":0},"geometry":{"type":"Polygon","coordinates":[[[-96.61227,32.75212],[-96.60723,32.75475],[-96.60751,32.75983],[-96.61284,32.76227],[-96.61788,32.75964],[-96.6176,32.75456],[-96.61227,32.75212]]]}},{"type":"Feature","properties":{"h3":"8826cb9297fffff","mii":39,"trt":0.0,"glp1":0.0,"pharmacy":0.0,"gym":0.0,"n":0},"geometry":{"type":"Polygon","coordinates":[[[-96.60191,32.75231],[-96.59686,32.75495],[-96.59715,32.76003],[-96.60247,32.76247],[-96.60751,32.75983],[-96.60723,32.75475],[-96.60191,32.75231]]]}},{"type":"Feature","properties":{"h3":"8826cb9291fffff","mii":39,"trt":0.0,"glp1":0.0,"pharmacy":0.0,"gym":0.0,"n":0},"geometry":{"type":"Polygon","coordinates":[[[-96.59715,32.76003],[-96.59211,32.76266],[-96.59239,32.76774],[-96.59771,32.77018],[-96.60275,32.76754],[-96.60247,32.76247],[-96.59715,32.76003]]]}},{"type":"Feature","properties":{"h3":"8826c86901fffff","mii":39,"trt":0.75,"glp1":11.45,"pharmacy":0.0,"gym":0.0,"n":20},"geometry":{"type":"Polygon","coordinates":[[[-97.24643,32.92185],[-97.24138,32.92452],[-97.2417,32.9296],[-97.24706,32.93202],[-97.25211,32.92936],[-97.2518,32.92427],[-97.24643,32.92185]]]}},{"type":"Feature","properties":{"h3":"8826cb9a49fffff","mii":38,"trt":0.0,"glp1":0.0,"pharmacy":0.0,"gym":0.0,"n":0},"geometry":{"type":"Polygon","coordinates":[[[-96.82796,32.80128],[-96.82291,32.80392],[-96.82321,32.809],[-96.82854,32.81144],[-96.83359,32.80879],[-96.8333,32.80371],[-96.82796,32.80128]]]}},{"type":"Feature","properties":{"h3":"8826c874e3fffff","mii":38,"trt":0.0,"glp1":2.95,"pharmacy":0.0,"gym":0.0,"n":5},"geometry":{"type":"Polygon","coordinates":[[[-96.79219,32.9926],[-96.78714,32.99524],[-96.78743,33.00031],[-96.79277,33.00275],[-96.79783,33.00011],[-96.79753,32.99503],[-96.79219,32.9926]]]}},{"type":"Feature","properties":{"h3":"8826c864c9fffff","mii":38,"trt":0.45,"glp1":5.95,"pharmacy":0.0,"gym":0.0,"n":11},"geometry":{"type":"Polygon","coordinates":[[[-96.79469,32.85534],[-96.78964,32.85798],[-96.78994,32.86306],[-96.79527,32.86549],[-96.80032,32.86285],[-96.80003,32.85777],[-96.79469,32.85534]]]}},{"type":"Feature","properties":{"h3":"8826c86ad5fffff","mii":38,"trt":0.0,"glp1":0.0,"pharmacy":0.0,"gym":0.0,"n":0},"geometry":{"type":"Polygon","coordinates":[[[-97.08552,32.93313],[-97.08047,32.93579],[-97.08078,32.94087],[-97.08613,32.94329],[-97.09119,32.94064],[-97.09088,32.93556],[-97.08552,32.93313]]]}},{"type":"Feature","properties":{"h3":"8826c86a9dfffff","mii":38,"trt":0.0,"glp1":0.0,"pharmacy":0.0,"gym":0.0,"n":0},"geometry":{"type":"Polygon","coordinates":[[[-97.0846,32.9179],[-97.07955,32.92055],[-97.07986,32.92563],[-97.08522,32.92805],[-97.09027,32.9254],[-97.08996,32.92032],[-97.0846,32.9179]]]}},{"type":"Feature","properties":{"h3":"8826caa641fffff","mii":38,"trt":1.35,"glp1":4.6,"pharmacy":0.0,"gym":0.0,"n":10},"geometry":{"type":"Polygon","coordinates":[[[-97.31557,32.94313],[-97.31052,32.94579],[-97.31083,32.95087],[-97.3162,32.95329],[-97.32125,32.95062],[-97.32094,32.94554],[-97.31557,32.94313]]]}},{"type":"Feature","properties":{"h3":"8826c80599fffff","mii":38,"trt":0.0,"glp1":0.0,"pharmacy":0.35,"gym":0.0,"n":1},"geometry":{"type":"Polygon","coordinates":[[[-96.61621,33.19384],[-96.61115,33.19646],[-96.61143,33.20153],[-96.61678,33.20397],[-96.62184,33.20135],[-96.62155,33.19628],[-96.61621,33.19384]]]}},{"type":"Feature","properties":{"h3":"8826c86a81fffff","mii":37,"trt":0.0,"glp1":0.0,"pharmacy":0.0,"gym":0.0,"n":0},"geometry":{"type":"Polygon","coordinates":[[[-97.10067,32.92517],[-97.09562,32.92782],[-97.09593,32.9329],[-97.10129,32.93533],[-97.10634,32.93267],[-97.10603,32.92759],[-97.10067,32.92517]]]}},{"type":"Feature","properties":{"h3":"8826c86689fffff","mii":37,"trt":0.0,"glp1":0.0,"pharmacy":0.0,"gym":0.0,"n":0},"geometry":{"type":"Polygon","coordinates":[[[-96.76528,32.88642],[-96.76023,32.88906],[-96.76053,32.89413],[-96.76586,32.89657],[-96.77091,32.89393],[-96.77062,32.88885],[-96.76528,32.88642]]]}},{"type":"Feature","properties":{"h3":"8826c866a3fffff","mii":37,"trt":1.3,"glp1":0.0,"pharmacy":0.0,"gym":0.0,"n":2},"geometry":{"type":"Polygon","coordinates":[[[-96.78994,32.86306],[-96.78489,32.8657],[-96.78518,32.87078],[-96.79052,32.87321],[-96.79557,32.87057],[-96.79527,32.86549],[-96.78994,32.86306]]]}},{"type":"Feature","properties":{"h3":"8826c86699fffff","mii":37,"trt":0.6,"glp1":44.5,"pharmacy":0.0,"gym":0.0,"n":77},"geometry":{"type":"Polygon","coordinates":[[[-96.74364,32.87159],[-96.73859,32.87423],[-96.73888,32.87931],[-96.74422,32.88175],[-96.74927,32.87911],[-96.74898,32.87403],[-96.74364,32.87159]]]}},{"type":"Feature","properties":{"h3":"8826c866d3fffff","mii":37,"trt":0.0,"glp1":0.0,"pharmacy":0.0,"gym":0.0,"n":0},"geometry":{"type":"Polygon","coordinates":[[[-96.73888,32.87931],[-96.73384,32.88195],[-96.73413,32.88702],[-96.73946,32.88946],[-96.74451,32.88682],[-96.74422,32.88175],[-96.73888,32.87931]]]}},{"type":"Feature","properties":{"h3":"8826cbda33fffff","mii":37,"trt":3.45,"glp1":0.7,"pharmacy":0.0,"gym":0.0,"n":6},"geometry":{"type":"Polygon","coordinates":[[[-97.3439,32.72858],[-97.33886,32.73125],[-97.33918,32.73634],[-97.34454,32.73875],[-97.34958,32.73608],[-97.34926,32.73099],[-97.3439,32.72858]]]}},{"type":"Feature","properties":{"h3":"8826cbda3bfffff","mii":37,"trt":1.25,"glp1":0.75,"pharmacy":0.0,"gym":0.0,"n":3},"geometry":{"type":"Polygon","coordinates":[[[-97.33918,32.73634],[-97.33414,32.73901],[-97.33445,32.7441],[-97.33981,32.74651],[-97.34486,32.74384],[-97.34454,32.73875],[-97.33918,32.73634]]]}},{"type":"Feature","properties":{"h3":"8826cbdaedfffff","mii":37,"trt":0.0,"glp1":0.0,"pharmacy":0.0,"gym":0.0,"n":0},"geometry":{"type":"Polygon","coordinates":[[[-97.3335,32.72884],[-97.32846,32.73151],[-97.32878,32.73659],[-97.33414,32.73901],[-97.33918,32.73634],[-97.33886,32.73125],[-97.3335,32.72884]]]}},{"type":"Feature","properties":{"h3":"8826c864b3fffff","mii":37,"trt":0.0,"glp1":0.0,"pharmacy":0.0,"gym":0.0,"n":0},"geometry":{"type":"Polygon","coordinates":[[[-96.80157,32.79418],[-96.79652,32.79683],[-96.79682,32.80191],[-96.80215,32.80434],[-96.8072,32.8017],[-96.8069,32.79662],[-96.80157,32.79418]]]}},{"type":"Feature","properties":{"h3":"8826c864a3fffff","mii":37,"trt":0.0,"glp1":0.0,"pharmacy":0.0,"gym":0.0,"n":0},"geometry":{"type":"Polygon","coordinates":[[[-96.82321,32.809],[-96.81816,32.81165],[-96.81846,32.81673],[-96.82379,32.81916],[-96.82884,32.81652],[-96.82854,32.81144],[-96.82321,32.809]]]}},{"type":"Feature","properties":{"h3":"8826cbdae3fffff","mii":37,"trt":0.0,"glp1":0.0,"pharmacy":0.0,"gym":0.0,"n":0},"geometry":{"type":"Polygon","coordinates":[[[-97.32215,32.71383],[-97.31711,32.7165],[-97.31743,32.72159],[-97.32278,32.724],[-97.32783,32.72133],[-97.32751,32.71625],[-97.32215,32.71383]]]}},{"type":"Feature","properties":{"h3":"8826cbdaebfffff","mii":37,"trt":0.0,"glp1":42.95,"pharmacy":0.0,"gym":0.0,"n":74},"geometry":{"type":"Polygon","coordinates":[[[-97.31743,32.72159],[-97.31238,32.72426],[-97.3127,32.72935],[-97.31806,32.73176],[-97.3231,32.72909],[-97.32278,32.724],[-97.31743,32.72159]]]}},{"type":"Feature","properties":{"h3":"8826cbd735fffff","mii":37,"trt":0.0,"glp1":0.0,"pharmacy":0.0,"gym":0.0,"n":0},"geometry":{"type":"Polygon","coordinates":[[[-97.10203,32.68849],[-97.09699,32.69115],[-97.0973,32.69623],[-97.10264,32.69866],[-97.10768,32.69599],[-97.10738,32.69091],[-97.10203,32.68849]]]}},{"type":"Feature","properties":{"h3":"8826cb921bfffff","mii":37,"trt":0.6,"glp1":18.9,"pharmacy":0.0,"gym":0.0,"n":34},"geometry":{"type":"Polygon","coordinates":[[[-96.62604,32.81285],[-96.621,32.81549],[-96.62128,32.82056],[-96.62661,32.82301],[-96.63166,32.82037],[-96.63137,32.81529],[-96.62604,32.81285]]]}},{"type":"Feature","properties":{"h3":"8826c8751dfffff","mii":37,"trt":0.0,"glp1":0.0,"pharmacy":0.0,"gym":0.0,"n":0},"geometry":{"type":"Polygon","coordinates":[[[-96.8724,33.02911],[-96.86735,33.03176],[-96.86765,33.03683],[-96.873,33.03926],[-96.87805,33.03662],[-96.87776,33.03155],[-96.8724,33.02911]]]}},{"type":"Feature","properties":{"h3":"8826c87503fffff","mii":37,"trt":0.0,"glp1":0.0,"pharmacy":0.0,"gym":0.0,"n":0},"geometry":{"type":"Polygon","coordinates":[[[-96.88281,33.0289],[-96.87776,33.03155],[-96.87805,33.03662],[-96.8834,33.03905],[-96.88846,33.03641],[-96.88816,33.03134],[-96.88281,33.0289]]]}},{"type":"Feature","properties":{"h3":"8826c87539fffff","mii":37,"trt":0.0,"glp1":0.0,"pharmacy":0.0,"gym":0.0,"n":0},"geometry":{"type":"Polygon","coordinates":[[[-96.88757,33.02119],[-96.88251,33.02383],[-96.88281,33.0289],[-96.88816,33.03134],[-96.89322,33.02869],[-96.89292,33.02362],[-96.88757,33.02119]]]}},{"type":"Feature","properties":{"h3":"8826c8753bfffff","mii":37,"trt":0.0,"glp1":0.0,"pharmacy":0.0,"gym":0.0,"n":0},"geometry":{"type":"Polygon","coordinates":[[[-96.88192,33.01368],[-96.87687,33.01632],[-96.87716,33.0214],[-96.88251,33.02383],[-96.88757,33.02119],[-96.88727,33.01611],[-96.88192,33.01368]]]}},{"type":"Feature","properties":{"h3":"8826c87517fffff","mii":37,"trt":0.0,"glp1":0.0,"pharmacy":0.0,"gym":0.0,"n":0},"geometry":{"type":"Polygon","coordinates":[[[-96.87152,33.01389],[-96.86646,33.01653],[-96.86676,33.02161],[-96.87211,33.02404],[-96.87716,33.0214],[-96.87687,33.01632],[-96.87152,33.01389]]]}},{"type":"Feature","properties":{"h3":"8826c87511fffff","mii":37,"trt":0.0,"glp1":0.0,"pharmacy":0.0,"gym":0.0,"n":0},"geometry":{"type":"Polygon","coordinates":[[[-96.86676,33.02161],[-96.8617,33.02425],[-96.862,33.02932],[-96.86735,33.03176],[-96.8724,33.02911],[-96.87211,33.02404],[-96.86676,33.02161]]]}},{"type":"Feature","properties":{"h3":"8826c87493fffff","mii":37,"trt":0.6,"glp1":14.8,"pharmacy":0.0,"gym":0.0,"n":27},"geometry":{"type":"Polygon","coordinates":[[[-96.74886,32.96296],[-96.74381,32.96559],[-96.7441,32.97067],[-96.74944,32.97311],[-96.75449,32.97047],[-96.7542,32.96539],[-96.74886,32.96296]]]}},{"type":"Feature","properties":{"h3":"8826cb8a07fffff","mii":37,"trt":0.6,"glp1":12.15,"pharmacy":0.0,"gym":0.0,"n":22},"geometry":{"type":"Polygon","coordinates":[[[-96.86835,32.602],[-96.86332,32.60465],[-96.86361,32.60973],[-96.86894,32.61217],[-96.87398,32.60951],[-96.87368,32.60443],[-96.86835,32.602]]]}},{"type":"Feature","properties":{"h3":"8826c8443dfffff","mii":36,"trt":0.0,"glp1":0.0,"pharmacy":0.0,"gym":0.0,"n":0},"geometry":{"type":"Polygon","coordinates":[[[-97.12955,33.2295],[-97.12449,33.23215],[-97.1248,33.23722],[-97.13017,33.23965],[-97.13523,33.237],[-97.13492,33.23193],[-97.12955,33.2295]]]}},{"type":"Feature","properties":{"h3":"8826c84437fffff","mii":36,"trt":0.0,"glp1":0.0,"pharmacy":0.0,"gym":0.0,"n":0},"geometry":{"type":"Polygon","coordinates":[[[-97.12863,33.21429],[-97.12356,33.21693],[-97.12387,33.22201],[-97.12924,33.22443],[-97.13431,33.22178],[-97.134,33.21671],[-97.12863,33.21429]]]}},{"type":"Feature","properties":{"h3":"8826c845c9fffff","mii":36,"trt":0.0,"glp1":0.0,"pharmacy":0.0,"gym":0.0,"n":0},"geometry":{"type":"Polygon","coordinates":[[[-97.14474,33.22156],[-97.13968,33.22421],[-97.13999,33.22928],[-97.14536,33.2317],[-97.15043,33.22905],[-97.15012,33.22398],[-97.14474,33.22156]]]}},{"type":"Feature","properties":{"h3":"8826c84423fffff","mii":36,"trt":0.0,"glp1":0.0,"pharmacy":0.0,"gym":0.0,"n":0},"geometry":{"type":"Polygon","coordinates":[[[-97.13999,33.22928],[-97.13492,33.23193],[-97.13523,33.237],[-97.14061,33.23942],[-97.14567,33.23677],[-97.14536,33.2317],[-97.13999,33.22928]]]}},{"type":"Feature","properties":{"h3":"8826c866bdfffff","mii":36,"trt":0.0,"glp1":0.0,"pharmacy":0.0,"gym":0.0,"n":0},"geometry":{"type":"Polygon","coordinates":[[[-96.77955,32.86326],[-96.7745,32.8659],[-96.7748,32.87098],[-96.78013,32.87342],[-96.78518,32.87078],[-96.78489,32.8657],[-96.77955,32.86326]]]}},{"type":"Feature","properties":{"h3":"8826c874edfffff","mii":36,"trt":0.0,"glp1":0.0,"pharmacy":0.0,"gym":0.0,"n":0},"geometry":{"type":"Polygon","coordinates":[[[-96.80346,33.00762],[-96.79841,33.01026],[-96.7987,33.01533],[-96.80405,33.01777],[-96.8091,33.01513],[-96.80881,33.01005],[-96.80346,33.00762]]]}},{"type":"Feature","properties":{"h3":"8826c865d3fffff","mii":36,"trt":0.0,"glp1":0.0,"pharmacy":0.0,"gym":0.0,"n":0},"geometry":{"type":"Polygon","coordinates":[[[-96.84486,32.82382],[-96.83981,32.82646],[-96.8401,32.83154],[-96.84544,32.83397],[-96.85049,32.83133],[-96.8502,32.82625],[-96.84486,32.82382]]]}},{"type":"Feature","properties":{"h3":"8826c86495fffff","mii":36,"trt":0.0,"glp1":0.0,"pharmacy":0.0,"gym":0.0,"n":0},"geometry":{"type":"Polygon","coordinates":[[[-96.79206,32.80963],[-96.78702,32.81227],[-96.78731,32.81735],[-96.79265,32.81979],[-96.79769,32.81715],[-96.7974,32.81207],[-96.79206,32.80963]]]}},{"type":"Feature","properties":{"h3":"8826c87639fffff","mii":36,"trt":0.0,"glp1":0.0,"pharmacy":0.0,"gym":0.0,"n":0},"geometry":{"type":"Polygon","coordinates":[[[-96.78141,33.07661],[-96.77635,33.07925],[-96.77664,33.08432],[-96.78199,33.08676],[-96.78705,33.08412],[-96.78676,33.07905],[-96.78141,33.07661]]]}},{"type":"Feature","properties":{"h3":"8826c8763dfffff","mii":36,"trt":0.0,"glp1":0.0,"pharmacy":0.0,"gym":0.0,"n":0},"geometry":{"type":"Polygon","coordinates":[[[-96.79181,33.07641],[-96.78676,33.07905],[-96.78705,33.08412],[-96.7924,33.08656],[-96.79745,33.08392],[-96.79716,33.07885],[-96.79181,33.07641]]]}},{"type":"Feature","properties":{"h3":"8826c87635fffff","mii":36,"trt":0.0,"glp1":0.0,"pharmacy":0.0,"gym":0.0,"n":0},"geometry":{"type":"Polygon","coordinates":[[[-96.79658,33.0687],[-96.79152,33.07134],[-96.79181,33.07641],[-96.79716,33.07885],[-96.80222,33.07621],[-96.80193,33.07114],[-96.79658,33.0687]]]}},{"type":"Feature","properties":{"h3":"8826c87637fffff","mii":36,"trt":0.0,"glp1":0.0,"pharmacy":0.0,"gym":0.0,"n":0},"geometry":{"type":"Polygon","coordinates":[[[-96.79094,33.06119],[-96.78588,33.06383],[-96.78617,33.0689],[-96.79152,33.07134],[-96.79658,33.0687],[-96.79628,33.06363],[-96.79094,33.06119]]]}},{"type":"Feature","properties":{"h3":"8826c87633fffff","mii":36,"trt":0.0,"glp1":0.0,"pharmacy":0.0,"gym":0.0,"n":0},"geometry":{"type":"Polygon","coordinates":[[[-96.78053,33.06139],[-96.77548,33.06403],[-96.77577,33.0691],[-96.78112,33.07154],[-96.78617,33.0689],[-96.78588,33.06383],[-96.78053,33.06139]]]}},{"type":"Feature","properties":{"h3":"8826c8763bfffff","mii":36,"trt":0.0,"glp1":0.0,"pharmacy":0.0,"gym":0.0,"n":0},"geometry":{"type":"Polygon","coordinates":[[[-96.77577,33.0691],[-96.77071,33.07174],[-96.771,33.07681],[-96.77635,33.07925],[-96.78141,33.07661],[-96.78112,33.07154],[-96.77577,33.0691]]]}},{"type":"Feature","properties":{"h3":"8826c87167fffff","mii":36,"trt":0.0,"glp1":0.0,"pharmacy":0.0,"gym":0.0,"n":0},"geometry":{"type":"Polygon","coordinates":[[[-97.06711,33.14702],[-97.06205,33.14967],[-97.06235,33.15474],[-97.06772,33.15717],[-97.07278,33.15452],[-97.07248,33.14945],[-97.06711,33.14702]]]}},{"type":"Feature","properties":{"h3":"8826c87a5bfffff","mii":36,"trt":0.0,"glp1":0.0,"pharmacy":0.0,"gym":0.0,"n":0},"geometry":{"type":"Polygon","coordinates":[[[-97.07754,33.1468],[-97.07248,33.14945],[-97.07278,33.15452],[-97.07815,33.15695],[-97.08321,33.1543],[-97.0829,33.14923],[-97.07754,33.1468]]]}},{"type":"Feature","properties":{"h3":"8826c87a53fffff","mii":36,"trt":0.0,"glp1":0.0,"pharmacy":0.0,"gym":0.0,"n":0},"geometry":{"type":"Polygon","coordinates":[[[-97.08229,33.13908],[-97.07723,33.14173],[-97.07754,33.1468],[-97.0829,33.14923],[-97.08796,33.14658],[-97.08766,33.1415],[-97.08229,33.13908]]]}},{"type":"Feature","properties":{"h3":"8826c87125fffff","mii":36,"trt":0.0,"glp1":0.0,"pharmacy":0.0,"gym":0.0,"n":0},"geometry":{"type":"Polygon","coordinates":[[[-97.07662,33.13158],[-97.07156,33.13423],[-97.07186,33.1393],[-97.07723,33.14173],[-97.08229,33.13908],[-97.08198,33.134],[-97.07662,33.13158]]]}},{"type":"Feature","properties":{"h3":"8826c87121fffff","mii":36,"trt":0.0,"glp1":0.0,"pharmacy":0.0,"gym":0.0,"n":0},"geometry":{"type":"Polygon","coordinates":[[[-97.06619,33.1318],[-97.06113,33.13445],[-97.06144,33.13952],[-97.0668,33.14195],[-97.07186,33.1393],[-97.07156,33.13423],[-97.06619,33.1318]]]}},{"type":"Feature","properties":{"h3":"8826c87129fffff","mii":36,"trt":0.0,"glp1":0.0,"pharmacy":0.0,"gym":0.0,"n":0},"geometry":{"type":"Polygon","coordinates":[[[-97.06144,33.13952],[-97.05638,33.14217],[-97.05668,33.14724],[-97.06205,33.14967],[-97.06711,33.14702],[-97.0668,33.14195],[-97.06144,33.13952]]]}},{"type":"Feature","properties":{"h3":"8826c82b57fffff","mii":36,"trt":0.0,"glp1":0.0,"pharmacy":0.0,"gym":0.0,"n":0},"geometry":{"type":"Polygon","coordinates":[[[-96.68262,32.98707],[-96.67756,32.9897],[-96.67785,32.99478],[-96.68319,32.99722],[-96.68824,32.99458],[-96.68795,32.98951],[-96.68262,32.98707]]]}},{"type":"Feature","properties":{"h3":"8826c82b15fffff","mii":36,"trt":0.0,"glp1":0.0,"pharmacy":0.0,"gym":0.0,"n":0},"geometry":{"type":"Polygon","coordinates":[[[-96.69214,32.97166],[-96.68709,32.97429],[-96.68738,32.97936],[-96.69272,32.9818],[-96.69777,32.97917],[-96.69748,32.97409],[-96.69214,32.97166]]]}},{"type":"Feature","properties":{"h3":"8826c82b11fffff","mii":36,"trt":0.0,"glp1":0.0,"pharmacy":0.0,"gym":0.0,"n":0},"geometry":{"type":"Polygon","coordinates":[[[-96.68175,32.97185],[-96.6767,32.97448],[-96.67699,32.97956],[-96.68233,32.982],[-96.68738,32.97936],[-96.68709,32.97429],[-96.68175,32.97185]]]}},{"type":"Feature","properties":{"h3":"8826c82b19fffff","mii":36,"trt":0.0,"glp1":0.0,"pharmacy":0.0,"gym":0.0,"n":0},"geometry":{"type":"Polygon","coordinates":[[[-96.67699,32.97956],[-96.67194,32.98219],[-96.67222,32.98726],[-96.67756,32.9897],[-96.68262,32.98707],[-96.68233,32.982],[-96.67699,32.97956]]]}},{"type":"Feature","properties":{"h3":"8826cbd34bfffff","mii":36,"trt":0.6,"glp1":10.8,"pharmacy":0.0,"gym":0.0,"n":19},"geometry":{"type":"Polygon","coordinates":[[[-97.22566,32.83836],[-97.22061,32.84103],[-97.22092,32.84611],[-97.22628,32.84853],[-97.23133,32.84587],[-97.23102,32.84078],[-97.22566,32.83836]]]}},{"type":"Feature","properties":{"h3":"8826cbd299fffff","mii":35,"trt":0.0,"glp1":2.75,"pharmacy":0.0,"gym":0.65,"n":6},"geometry":{"type":"Polygon","coordinates":[[[-97.10097,32.75724],[-97.09592,32.7599],[-97.09623,32.76499],[-97.10158,32.76741],[-97.10662,32.76475],[-97.10632,32.75967],[-97.10097,32.75724]]]}},{"type":"Feature","properties":{"h3":"8826c86a85fffff","mii":35,"trt":0.5,"glp1":0.0,"pharmacy":0.0,"gym":0.0,"n":1},"geometry":{"type":"Polygon","coordinates":[[[-97.11108,32.92494],[-97.10603,32.92759],[-97.10634,32.93267],[-97.1117,32.9351],[-97.11675,32.93244],[-97.11644,32.92736],[-97.11108,32.92494]]]}},{"type":"Feature","properties":{"h3":"8826cbda31fffff","mii":35,"trt":0.0,"glp1":0.0,"pharmacy":0.0,"gym":0.0,"n":0},"geometry":{"type":"Polygon","coordinates":[[[-97.34958,32.73608],[-97.34454,32.73875],[-97.34486,32.74384],[-97.35022,32.74625],[-97.35526,32.74358],[-97.35494,32.7385],[-97.34958,32.73608]]]}},{"type":"Feature","properties":{"h3":"8826cbdae5fffff","mii":35,"trt":0.0,"glp1":0.0,"pharmacy":0.0,"gym":0.0,"n":0},"geometry":{"type":"Polygon","coordinates":[[[-97.33823,32.72108],[-97.33319,32.72375],[-97.3335,32.72884],[-97.33886,32.73125],[-97.3439,32.72858],[-97.34359,32.72349],[-97.33823,32.72108]]]}},{"type":"Feature","properties":{"h3":"8826c86491fffff","mii":35,"trt":0.0,"glp1":0.0,"pharmacy":0.0,"gym":0.0,"n":0},"geometry":{"type":"Polygon","coordinates":[[[-96.78168,32.80984],[-96.77664,32.81248],[-96.77693,32.81756],[-96.78227,32.82],[-96.78731,32.81735],[-96.78702,32.81227],[-96.78168,32.80984]]]}},{"type":"Feature","properties":{"h3":"8826c876bbfffff","mii":35,"trt":0.5,"glp1":16.25,"pharmacy":0.0,"gym":0.0,"n":30},"geometry":{"type":"Polygon","coordinates":[[[-96.73631,33.01653],[-96.73126,33.01917],[-96.73155,33.02424],[-96.73689,33.02668],[-96.74195,33.02404],[-96.74166,33.01897],[-96.73631,33.01653]]]}},{"type":"Feature","properties":{"h3":"8826cbd41dfffff","mii":35,"trt":0.6,"glp1":9.4,"pharmacy":0.0,"gym":0.0,"n":17},"geometry":{"type":"Polygon","coordinates":[[[-97.03226,32.65187],[-97.02722,32.65453],[-97.02753,32.65962],[-97.03287,32.66204],[-97.03791,32.65939],[-97.0376,32.6543],[-97.03226,32.65187]]]}},{"type":"Feature","properties":{"h3":"8826c875e5fffff","mii":35,"trt":1.35,"glp1":2.9,"pharmacy":0.0,"gym":0.0,"n":8},"geometry":{"type":"Polygon","coordinates":[[[-96.88103,32.99845],[-96.87598,33.0011],[-96.87627,33.00617],[-96.88162,33.00861],[-96.88668,33.00596],[-96.88638,33.00089],[-96.88103,32.99845]]]}},{"type":"Feature","properties":{"h3":"8826c80c4dfffff","mii":35,"trt":0.65,"glp1":9.3,"pharmacy":0.0,"gym":0.0,"n":17},"geometry":{"type":"Polygon","coordinates":[[[-96.79018,33.22873],[-96.78512,33.23136],[-96.78541,33.23643],[-96.79077,33.23886],[-96.79583,33.23623],[-96.79554,33.23116],[-96.79018,33.22873]]]}},{"type":"Feature","properties":{"h3":"8826c80de3fffff","mii":34,"trt":0.65,"glp1":0.0,"pharmacy":0.0,"gym":0.45,"n":2},"geometry":{"type":"Polygon","coordinates":[[[-96.83786,33.15168],[-96.8328,33.15432],[-96.83309,33.15939],[-96.83845,33.16182],[-96.84351,33.15919],[-96.84321,33.15412],[-96.83786,33.15168]]]}},{"type":"Feature","properties":{"h3":"8826cbd093fffff","mii":34,"trt":0.0,"glp1":12.25,"pharmacy":0.0,"gym":0.0,"n":21},"geometry":{"type":"Polygon","coordinates":[[[-97.13319,32.68777],[-97.12815,32.69043],[-97.12846,32.69552],[-97.13381,32.69794],[-97.13885,32.69528],[-97.13854,32.69019],[-97.13319,32.68777]]]}},{"type":"Feature","properties":{"h3":"8826c8668dfffff","mii":34,"trt":0.0,"glp1":0.0,"pharmacy":0.0,"gym":0.0,"n":0},"geometry":{"type":"Polygon","coordinates":[[[-96.77567,32.88621],[-96.77062,32.88885],[-96.77091,32.89393],[-96.77625,32.89637],[-96.7813,32.89373],[-96.78101,32.88865],[-96.77567,32.88621]]]}},{"type":"Feature","properties":{"h3":"8826cb9163fffff","mii":34,"trt":0.0,"glp1":0.0,"pharmacy":0.0,"gym":0.0,"n":0},"geometry":{"type":"Polygon","coordinates":[[[-96.77993,32.77936],[-96.77489,32.78201],[-96.77518,32.78709],[-96.78052,32.78952],[-96.78556,32.78688],[-96.78527,32.7818],[-96.77993,32.77936]]]}},{"type":"Feature","properties":{"h3":"8826c86967fffff","mii":34,"trt":0.65,"glp1":0.0,"pharmacy":0.0,"gym":0.0,"n":1},"geometry":{"type":"Polygon","coordinates":[[[-97.27295,32.92887],[-97.26789,32.93153],[-97.26821,32.93661],[-97.27357,32.93903],[-97.27863,32.93637],[-97.27831,32.93129],[-97.27295,32.92887]]]}},{"type":"Feature","properties":{"h3":"8826c868b9fffff","mii":34,"trt":0.0,"glp1":0.0,"pharmacy":0.0,"gym":0.0,"n":0},"geometry":{"type":"Polygon","coordinates":[[[-97.13295,32.85577],[-97.1279,32.85842],[-97.12821,32.86351],[-97.13356,32.86593],[-97.13861,32.86327],[-97.1383,32.85819],[-97.13295,32.85577]]]}},{"type":"Feature","properties":{"h3":"8826c868bdfffff","mii":34,"trt":0.0,"glp1":0.0,"pharmacy":0.0,"gym":0.0,"n":0},"geometry":{"type":"Polygon","coordinates":[[[-97.14335,32.85553],[-97.1383,32.85819],[-97.13861,32.86327],[-97.14397,32.86569],[-97.14902,32.86303],[-97.14871,32.85795],[-97.14335,32.85553]]]}},{"type":"Feature","properties":{"h3":"8826c868b5fffff","mii":34,"trt":0.0,"glp1":0.0,"pharmacy":0.0,"gym":0.0,"n":0},"geometry":{"type":"Polygon","coordinates":[[[-97.14809,32.84779],[-97.14304,32.85045],[-97.14335,32.85553],[-97.14871,32.85795],[-97.15375,32.85529],[-97.15345,32.85021],[-97.14809,32.84779]]]}},{"type":"Feature","properties":{"h3":"8826c868b7fffff","mii":34,"trt":0.0,"glp1":0.0,"pharmacy":0.0,"gym":0.0,"n":0},"geometry":{"type":"Polygon","coordinates":[[[-97.14243,32.84028],[-97.13738,32.84294],[-97.13769,32.84803],[-97.14304,32.85045],[-97.14809,32.84779],[-97.14778,32.84271],[-97.14243,32.84028]]]}},{"type":"Feature","properties":{"h3":"8826c868bbfffff","mii":34,"trt":0.0,"glp1":0.0,"pharmacy":0.0,"gym":0.0,"n":0},"geometry":{"type":"Polygon","coordinates":[[[-97.12728,32.84826],[-97.12224,32.85092],[-97.12254,32.856],[-97.1279,32.85842],[-97.13295,32.85577],[-97.13264,32.85068],[-97.12728,32.84826]]]}},{"type":"Feature","properties":{"h3":"8826c86e8dfffff","mii":34,"trt":0.0,"glp1":0.0,"pharmacy":0.0,"gym":0.0,"n":0},"geometry":{"type":"Polygon","coordinates":[[[-96.95437,32.82916],[-96.94933,32.83181],[-96.94963,32.83689],[-96.95497,32.83932],[-96.96002,32.83667],[-96.95972,32.83159],[-96.95437,32.82916]]]}},{"type":"Feature","properties":{"h3":"8826c86ee3fffff","mii":34,"trt":0.0,"glp1":0.0,"pharmacy":0.0,"gym":0.0,"n":0},"geometry":{"type":"Polygon","coordinates":[[[-96.96477,32.82894],[-96.95972,32.83159],[-96.96002,32.83667],[-96.96537,32.8391],[-96.97041,32.83645],[-96.97011,32.83137],[-96.96477,32.82894]]]}},{"type":"Feature","properties":{"h3":"8826c86ea9fffff","mii":34,"trt":0.0,"glp1":0.0,"pharmacy":0.0,"gym":0.0,"n":0},"geometry":{"type":"Polygon","coordinates":[[[-96.96951,32.82121],[-96.96447,32.82386],[-96.96477,32.82894],[-96.97011,32.83137],[-96.97516,32.82872],[-96.97486,32.82364],[-96.96951,32.82121]]]}},{"type":"Feature","properties":{"h3":"8826c86eabfffff","mii":34,"trt":0.0,"glp1":0.0,"pharmacy":0.0,"gym":0.0,"n":0},"geometry":{"type":"Polygon","coordinates":[[[-96.96387,32.8137],[-96.95882,32.81635],[-96.95912,32.82143],[-96.96447,32.82386],[-96.96951,32.82121],[-96.96921,32.81613],[-96.96387,32.8137]]]}},{"type":"Feature","properties":{"h3":"8826c86e87fffff","mii":34,"trt":0.0,"glp1":0.0,"pharmacy":0.0,"gym":0.0,"n":0},"geometry":{"type":"Polygon","coordinates":[[[-96.95348,32.81392],[-96.94843,32.81657],[-96.94873,32.82165],[-96.95407,32.82408],[-96.95912,32.82143],[-96.95882,32.81635],[-96.95348,32.81392]]]}},{"type":"Feature","properties":{"h3":"8826c86e81fffff","mii":34,"trt":0.0,"glp1":0.0,"pharmacy":0.0,"gym":0.0,"n":0},"geometry":{"type":"Polygon","coordinates":[[[-96.94873,32.82165],[-96.94368,32.8243],[-96.94398,32.82938],[-96.94933,32.83181],[-96.95437,32.82916],[-96.95407,32.82408],[-96.94873,32.82165]]]}},{"type":"Feature","properties":{"h3":"8826c805d3fffff","mii":34,"trt":0.0,"glp1":0.0,"pharmacy":0.0,"gym":0.0,"n":0},"geometry":{"type":"Polygon","coordinates":[[[-96.61143,33.20153],[-96.60637,33.20415],[-96.60665,33.20922],[-96.612,33.21166],[-96.61706,33.20904],[-96.61678,33.20397],[-96.61143,33.20153]]]}},{"type":"Feature","properties":{"h3":"8826c8059bfffff","mii":34,"trt":0.0,"glp1":0.0,"pharmacy":0.0,"gym":0.0,"n":0},"geometry":{"type":"Polygon","coordinates":[[[-96.61058,33.18633],[-96.60552,33.18895],[-96.6058,33.19402],[-96.61115,33.19646],[-96.61621,33.19384],[-96.61592,33.18877],[-96.61058,33.18633]]]}},{"type":"Feature","properties":{"h3":"8826c878d1fffff","mii":34,"trt":0.0,"glp1":0.0,"pharmacy":0.0,"gym":0.0,"n":0},"geometry":{"type":"Polygon","coordinates":[[[-97.08153,33.04],[-97.07648,33.04265],[-97.07678,33.04772],[-97.08214,33.05015],[-97.0872,33.0475],[-97.08689,33.04242],[-97.08153,33.04]]]}},{"type":"Feature","properties":{"h3":"8826c878d7fffff","mii":34,"trt":0.0,"glp1":0.0,"pharmacy":0.0,"gym":0.0,"n":0},"geometry":{"type":"Polygon","coordinates":[[[-97.08628,33.03227],[-97.08123,33.03492],[-97.08153,33.04],[-97.08689,33.04242],[-97.09195,33.03977],[-97.09164,33.03469],[-97.08628,33.03227]]]}},{"type":"Feature","properties":{"h3":"8826c86a89fffff","mii":33,"trt":0.0,"glp1":0.0,"pharmacy":0.0,"gym":0.0,"n":0},"geometry":{"type":"Polygon","coordinates":[[[-97.09593,32.9329],[-97.09088,32.93556],[-97.09119,32.94064],[-97.09654,32.94306],[-97.10159,32.94041],[-97.10129,32.93533],[-97.09593,32.9329]]]}},{"type":"Feature","properties":{"h3":"8826cbd549fffff","mii":33,"trt":1.2,"glp1":0.0,"pharmacy":0.0,"gym":0.0,"n":2},"geometry":{"type":"Polygon","coordinates":[[[-97.11242,32.68825],[-97.10738,32.69091],[-97.10768,32.69599],[-97.11303,32.69842],[-97.11807,32.69576],[-97.11776,32.69067],[-97.11242,32.68825]]]}},{"type":"Feature","properties":{"h3":"8826cbda37fffff","mii":33,"trt":0.5,"glp1":0.0,"pharmacy":0.0,"gym":0.0,"n":1},"geometry":{"type":"Polygon","coordinates":[[[-97.35431,32.72832],[-97.34926,32.73099],[-97.34958,32.73608],[-97.35494,32.7385],[-97.35999,32.73582],[-97.35967,32.73074],[-97.35431,32.72832]]]}},{"type":"Feature","properties":{"h3":"8826cb99d3fffff","mii":33,"trt":0.0,"glp1":0.0,"pharmacy":0.0,"gym":0.0,"n":0},"geometry":{"type":"Polygon","coordinates":[[[-96.87189,32.663],[-96.86686,32.66565],[-96.86715,32.67074],[-96.87248,32.67317],[-96.87752,32.67052],[-96.87723,32.66544],[-96.87189,32.663]]]}},{"type":"Feature","properties":{"h3":"8826cb99d7fffff","mii":33,"trt":0.0,"glp1":0.0,"pharmacy":0.0,"gym":0.0,"n":0},"geometry":{"type":"Polygon","coordinates":[[[-96.88227,32.66278],[-96.87723,32.66544],[-96.87752,32.67052],[-96.88286,32.67295],[-96.8879,32.6703],[-96.8876,32.66522],[-96.88227,32.66278]]]}},{"type":"Feature","properties":{"h3":"8826cb999dfffff","mii":33,"trt":0.0,"glp1":0.0,"pharmacy":0.0,"gym":0.0,"n":0},"geometry":{"type":"Polygon","coordinates":[[[-96.88701,32.65505],[-96.88197,32.6577],[-96.88227,32.66278],[-96.8876,32.66522],[-96.89264,32.66256],[-96.89234,32.65748],[-96.88701,32.65505]]]}},{"type":"Feature","properties":{"h3":"8826cb9991fffff","mii":33,"trt":0.0,"glp1":0.0,"pharmacy":0.0,"gym":0.0,"n":0},"geometry":{"type":"Polygon","coordinates":[[[-96.88138,32.64753],[-96.87634,32.65019],[-96.87664,32.65527],[-96.88197,32.6577],[-96.88701,32.65505],[-96.88671,32.64996],[-96.88138,32.64753]]]}},{"type":"Feature","properties":{"h3":"8826cb999bfffff","mii":33,"trt":0.0,"glp1":0.0,"pharmacy":0.0,"gym":0.0,"n":0},"geometry":{"type":"Polygon","coordinates":[[[-96.87101,32.64775],[-96.86597,32.6504],[-96.86627,32.65549],[-96.8716,32.65792],[-96.87664,32.65527],[-96.87634,32.65019],[-96.87101,32.64775]]]}},{"type":"Feature","properties":{"h3":"8826cb98a5fffff","mii":33,"trt":0.0,"glp1":0.0,"pharmacy":0.0,"gym":0.0,"n":0},"geometry":{"type":"Polygon","coordinates":[[[-96.86627,32.65549],[-96.86123,32.65814],[-96.86152,32.66322],[-96.86686,32.66565],[-96.87189,32.663],[-96.8716,32.65792],[-96.86627,32.65549]]]}},{"type":"Feature","properties":{"h3":"8826c864b9fffff","mii":33,"trt":0.6,"glp1":0.0,"pharmacy":0.0,"gym":0.0,"n":1},"geometry":{"type":"Polygon","coordinates":[[[-96.80244,32.80942],[-96.7974,32.81207],[-96.79769,32.81715],[-96.80303,32.81958],[-96.80807,32.81694],[-96.80778,32.81186],[-96.80244,32.80942]]]}},{"type":"Feature","properties":{"h3":"8826c864bdfffff","mii":33,"trt":0.45,"glp1":6.35,"pharmacy":0.0,"gym":0.0,"n":12},"geometry":{"type":"Polygon","coordinates":[[[-96.81283,32.80921],[-96.80778,32.81186],[-96.80807,32.81694],[-96.81341,32.81937],[-96.81846,32.81673],[-96.81816,32.81165],[-96.81283,32.80921]]]}},{"type":"Feature","properties":{"h3":"8826c86081fffff","mii":33,"trt":0.0,"glp1":0.0,"pharmacy":0.0,"gym":0.0,"n":0},"geometry":{"type":"Polygon","coordinates":[[[-96.95502,32.92831],[-96.94997,32.93096],[-96.95027,32.93604],[-96.95562,32.93847],[-96.96067,32.93582],[-96.96037,32.93074],[-96.95502,32.92831]]]}},{"type":"Feature","properties":{"h3":"8826c86085fffff","mii":33,"trt":0.0,"glp1":0.0,"pharmacy":0.0,"gym":0.0,"n":0},"geometry":{"type":"Polygon","coordinates":[[[-96.96542,32.92809],[-96.96037,32.93074],[-96.96067,32.93582],[-96.96602,32.93825],[-96.97107,32.9356],[-96.97077,32.93052],[-96.96542,32.92809]]]}},{"type":"Feature","properties":{"h3":"8826c860abfffff","mii":33,"trt":0.0,"glp1":0.0,"pharmacy":0.0,"gym":0.0,"n":0},"geometry":{"type":"Polygon","coordinates":[[[-96.97017,32.92037],[-96.96512,32.92302],[-96.96542,32.92809],[-96.97077,32.93052],[-96.97582,32.92787],[-96.97552,32.9228],[-96.97017,32.92037]]]}},{"type":"Feature","properties":{"h3":"8826c86083fffff","mii":33,"trt":0.0,"glp1":0.0,"pharmacy":0.0,"gym":0.0,"n":0},"geometry":{"type":"Polygon","coordinates":[[[-96.94937,32.92081],[-96.94432,32.92345],[-96.94462,32.92853],[-96.94997,32.93096],[-96.95502,32.92831],[-96.95472,32.92323],[-96.94937,32.92081]]]}},{"type":"Feature","properties":{"h3":"8826c82835fffff","mii":33,"trt":0.6,"glp1":7.8,"pharmacy":0.0,"gym":0.0,"n":15},"geometry":{"type":"Polygon","coordinates":[[[-96.67831,32.91096],[-96.67326,32.91359],[-96.67355,32.91867],[-96.67888,32.92111],[-96.68393,32.91847],[-96.68365,32.9134],[-96.67831,32.91096]]]}},{"type":"Feature","properties":{"h3":"8826c86ad1fffff","mii":33,"trt":0.0,"glp1":0.0,"pharmacy":0.0,"gym":0.0,"n":0},"geometry":{"type":"Polygon","coordinates":[[[-97.07511,32.93336],[-97.07006,32.93602],[-97.07037,32.94109],[-97.07573,32.94352],[-97.08078,32.94087],[-97.08047,32.93579],[-97.07511,32.93336]]]}},{"type":"Feature","properties":{"h3":"8826c86a99fffff","mii":33,"trt":0.0,"glp1":0.0,"pharmacy":0.0,"gym":0.0,"n":0},"geometry":{"type":"Polygon","coordinates":[[[-97.0742,32.91812],[-97.06915,32.92078],[-97.06945,32.92586],[-97.07481,32.92828],[-97.07986,32.92563],[-97.07955,32.92055],[-97.0742,32.91812]]]}},{"type":"Feature","properties":{"h3":"8826c86ad3fffff","mii":33,"trt":0.0,"glp1":0.0,"pharmacy":0.0,"gym":0.0,"n":0},"geometry":{"type":"Polygon","coordinates":[[[-97.06945,32.92586],[-97.0644,32.92851],[-97.06471,32.93359],[-97.07006,32.93602],[-97.07511,32.93336],[-97.07481,32.92828],[-97.06945,32.92586]]]}},{"type":"Feature","properties":{"h3":"8826cbd25dfffff","mii":33,"trt":0.0,"glp1":0.0,"pharmacy":0.0,"gym":0.0,"n":0},"geometry":{"type":"Polygon","coordinates":[[[-97.14716,32.83254],[-97.14212,32.8352],[-97.14243,32.84028],[-97.14778,32.84271],[-97.15283,32.84005],[-97.15252,32.83497],[-97.14716,32.83254]]]}},{"type":"Feature","properties":{"h3":"8826cbd255fffff","mii":33,"trt":0.0,"glp1":0.0,"pharmacy":0.0,"gym":0.0,"n":0},"geometry":{"type":"Polygon","coordinates":[[[-97.1519,32.8248],[-97.14686,32.82746],[-97.14716,32.83254],[-97.15252,32.83497],[-97.15757,32.83231],[-97.15726,32.82722],[-97.1519,32.8248]]]}},{"type":"Feature","properties":{"h3":"8826cbd257fffff","mii":33,"trt":0.0,"glp1":0.0,"pharmacy":0.0,"gym":0.0,"n":0},"geometry":{"type":"Polygon","coordinates":[[[-97.14624,32.8173],[-97.14119,32.81996],[-97.1415,32.82504],[-97.14686,32.82746],[-97.1519,32.8248],[-97.15159,32.81972],[-97.14624,32.8173]]]}},{"type":"Feature","properties":{"h3":"8826cbd253fffff","mii":33,"trt":0.0,"glp1":0.0,"pharmacy":0.0,"gym":0.0,"n":0},"geometry":{"type":"Polygon","coordinates":[[[-97.13584,32.81753],[-97.13079,32.82019],[-97.1311,32.82527],[-97.13645,32.8277],[-97.1415,32.82504],[-97.14119,32.81996],[-97.13584,32.81753]]]}},{"type":"Feature","properties":{"h3":"8826c874a1fffff","mii":32,"trt":0.0,"glp1":0.0,"pharmacy":0.0,"gym":0.45,"n":1},"geometry":{"type":"Polygon","coordinates":[[[-96.80171,32.97717],[-96.79666,32.97981],[-96.79695,32.98488],[-96.80229,32.98732],[-96.80735,32.98468],[-96.80705,32.97961],[-96.80171,32.97717]]]}},{"type":"Feature","properties":{"h3":"8826c866edfffff","mii":32,"trt":0.0,"glp1":0.0,"pharmacy":0.0,"gym":0.0,"n":0},"geometry":{"type":"Polygon","coordinates":[[[-96.79732,32.90103],[-96.79227,32.90367],[-96.79256,32.90875],[-96.7979,32.91119],[-96.80295,32.90854],[-96.80266,32.90347],[-96.79732,32.90103]]]}},{"type":"Feature","properties":{"h3":"8826c86691fffff","mii":32,"trt":0.0,"glp1":0.0,"pharmacy":0.0,"gym":0.0,"n":0},"geometry":{"type":"Polygon","coordinates":[[[-96.7484,32.86388],[-96.74335,32.86652],[-96.74364,32.87159],[-96.74898,32.87403],[-96.75403,32.87139],[-96.75374,32.86631],[-96.7484,32.86388]]]}},{"type":"Feature","properties":{"h3":"8826c8669bfffff","mii":32,"trt":0.0,"glp1":0.0,"pharmacy":0.0,"gym":0.0,"n":0},"geometry":{"type":"Polygon","coordinates":[[[-96.73802,32.86408],[-96.73297,32.86672],[-96.73326,32.87179],[-96.73859,32.87423],[-96.74364,32.87159],[-96.74335,32.86652],[-96.73802,32.86408]]]}},{"type":"Feature","properties":{"h3":"8826c829a5fffff","mii":32,"trt":0.0,"glp1":0.0,"pharmacy":0.0,"gym":0.0,"n":0},"geometry":{"type":"Polygon","coordinates":[[[-96.73326,32.87179],[-96.72821,32.87443],[-96.7285,32.87951],[-96.73384,32.88195],[-96.73888,32.87931],[-96.73859,32.87423],[-96.73326,32.87179]]]}},{"type":"Feature","properties":{"h3":"8826caa65bfffff","mii":32,"trt":0.0,"glp1":15.3,"pharmacy":0.0,"gym":0.0,"n":26},"geometry":{"type":"Polygon","coordinates":[[[-97.28336,32.92862],[-97.27831,32.93129],[-97.27863,32.93637],[-97.28399,32.93878],[-97.28905,32.93612],[-97.28873,32.93104],[-97.28336,32.92862]]]}},{"type":"Feature","properties":{"h3":"8826c86a8dfffff","mii":31,"trt":0.0,"glp1":0.0,"pharmacy":0.0,"gym":1.75,"n":3},"geometry":{"type":"Polygon","coordinates":[[[-97.10634,32.93267],[-97.10129,32.93533],[-97.10159,32.94041],[-97.10695,32.94283],[-97.112,32.94018],[-97.1117,32.9351],[-97.10634,32.93267]]]}},{"type":"Feature","properties":{"h3":"8826c86ae3fffff","mii":31,"trt":0.0,"glp1":0.0,"pharmacy":0.0,"gym":0.0,"n":0},"geometry":{"type":"Polygon","coordinates":[[[-97.11675,32.93244],[-97.1117,32.9351],[-97.112,32.94018],[-97.11736,32.9426],[-97.12241,32.93995],[-97.12211,32.93487],[-97.11675,32.93244]]]}},{"type":"Feature","properties":{"h3":"8826cb9a17fffff","mii":31,"trt":1.35,"glp1":0.0,"pharmacy":0.0,"gym":0.0,"n":2},"geometry":{"type":"Polygon","coordinates":[[[-96.81969,32.74804],[-96.81465,32.75069],[-96.81494,32.75577],[-96.82028,32.7582],[-96.82532,32.75556],[-96.82502,32.75048],[-96.81969,32.74804]]]}},{"type":"Feature","properties":{"h3":"8826c82b45fffff","mii":31,"trt":0.0,"glp1":0.0,"pharmacy":0.0,"gym":0.45,"n":1},"geometry":{"type":"Polygon","coordinates":[[[-96.70989,33.00941],[-96.70484,33.01205],[-96.70513,33.01712],[-96.71047,33.01956],[-96.71552,33.01693],[-96.71523,33.01185],[-96.70989,33.00941]]]}},{"type":"Feature","properties":{"h3":"8826c82b6bfffff","mii":31,"trt":0.0,"glp1":0.0,"pharmacy":0.0,"gym":0.65,"n":1},"geometry":{"type":"Polygon","coordinates":[[[-96.71466,33.00171],[-96.7096,33.00434],[-96.70989,33.00941],[-96.71523,33.01185],[-96.72029,33.00922],[-96.72,33.00414],[-96.71466,33.00171]]]}},{"type":"Feature","properties":{"h3":"8826c8295bfffff","mii":31,"trt":0.0,"glp1":3.65,"pharmacy":0.0,"gym":0.45,"n":7},"geometry":{"type":"Polygon","coordinates":[[[-96.70081,32.94101],[-96.69576,32.94365],[-96.69604,32.94872],[-96.70138,32.95116],[-96.70643,32.94853],[-96.70614,32.94345],[-96.70081,32.94101]]]}},{"type":"Feature","properties":{"h3":"8826c82e0bfffff","mii":31,"trt":1.4,"glp1":0.0,"pharmacy":0.0,"gym":0.0,"n":2},"geometry":{"type":"Polygon","coordinates":[[[-96.46909,32.88426],[-96.46404,32.88689],[-96.46432,32.89196],[-96.46964,32.89441],[-96.47469,32.89178],[-96.47441,32.88671],[-96.46909,32.88426]]]}},{"type":"Feature","properties":{"h3":"8826cbd859fffff","mii":31,"trt":0.0,"glp1":0.0,"pharmacy":0.0,"gym":0.0,"n":0},"geometry":{"type":"Polygon","coordinates":[[[-97.34863,32.72082],[-97.34359,32.72349],[-97.3439,32.72858],[-97.34926,32.73099],[-97.35431,32.72832],[-97.35399,32.72324],[-97.34863,32.72082]]]}},{"type":"Feature","properties":{"h3":"8826c82831fffff","mii":31,"trt":0.0,"glp1":0.0,"pharmacy":0.0,"gym":0.0,"n":0},"geometry":{"type":"Polygon","coordinates":[[[-96.66793,32.91115],[-96.66288,32.91379],[-96.66316,32.91886],[-96.6685,32.9213],[-96.67355,32.91867],[-96.67326,32.91359],[-96.66793,32.91115]]]}},{"type":"Feature","properties":{"h3":"8826cbda15fffff","mii":31,"trt":0.0,"glp1":0.0,"pharmacy":0.0,"gym":0.0,"n":0},"geometry":{"type":"Polygon","coordinates":[[[-97.33445,32.7441],[-97.32941,32.74677],[-97.32973,32.75185],[-97.33509,32.75427],[-97.34013,32.7516],[-97.33981,32.74651],[-97.33445,32.7441]]]}},{"type":"Feature","properties":{"h3":"8826c839bdfffff","mii":31,"trt":1.05,"glp1":2.85,"pharmacy":0.0,"gym":0.0,"n":7},"geometry":{"type":"Polygon","coordinates":[[[-96.67957,33.02521],[-96.67452,33.02785],[-96.67481,33.03292],[-96.68015,33.03536],[-96.6852,33.03273],[-96.68491,33.02765],[-96.67957,33.02521]]]}},{"type":"Feature","properties":{"h3":"8826c86e3bfffff","mii":31,"trt":0.0,"glp1":0.0,"pharmacy":0.0,"gym":0.0,"n":0},"geometry":{"type":"Polygon","coordinates":[[[-96.98171,32.85147],[-96.97666,32.85412],[-96.97696,32.8592],[-96.98231,32.86163],[-96.98736,32.85897],[-96.98705,32.85389],[-96.98171,32.85147]]]}},{"type":"Feature","properties":{"h3":"8826c80cbdfffff","mii":31,"trt":0.0,"glp1":0.0,"pharmacy":0.0,"gym":0.0,"n":0},"geometry":{"type":"Polygon","coordinates":[[[-96.75845,33.13036],[-96.75339,33.13299],[-96.75369,33.13806],[-96.75904,33.1405],[-96.76409,33.13786],[-96.7638,33.13279],[-96.75845,33.13036]]]}},{"type":"Feature","properties":{"h3":"8826c80cb1fffff","mii":31,"trt":0.0,"glp1":0.0,"pharmacy":0.0,"gym":0.0,"n":0},"geometry":{"type":"Polygon","coordinates":[[[-96.75281,33.12285],[-96.74775,33.12548],[-96.74805,33.13055],[-96.75339,33.13299],[-96.75845,33.13036],[-96.75816,33.12529],[-96.75281,33.12285]]]}},{"type":"Feature","properties":{"h3":"8826c80cbbfffff","mii":31,"trt":0.0,"glp1":0.0,"pharmacy":0.0,"gym":0.0,"n":0},"geometry":{"type":"Polygon","coordinates":[[[-96.74241,33.12304],[-96.73735,33.12568],[-96.73764,33.13075],[-96.74299,33.13319],[-96.74805,33.13055],[-96.74775,33.12548],[-96.74241,33.12304]]]}},{"type":"Feature","properties":{"h3":"8826cbd603fffff","mii":31,"trt":0.6,"glp1":6.0,"pharmacy":0.0,"gym":0.0,"n":11},"geometry":{"type":"Polygon","coordinates":[[[-97.00948,32.70584],[-97.00444,32.7085],[-97.00474,32.71358],[-97.01009,32.71601],[-97.01513,32.71335],[-97.01483,32.70827],[-97.00948,32.70584]]]}},{"type":"Feature","properties":{"h3":"8826cbd8c3fffff","mii":30,"trt":0.0,"glp1":0.0,"pharmacy":0.0,"gym":0.0,"n":0},"geometry":{"type":"Polygon","coordinates":[[[-97.3297,32.66779],[-97.32466,32.67046],[-97.32498,32.67555],[-97.33034,32.67796],[-97.33538,32.67529],[-97.33506,32.6702],[-97.3297,32.66779]]]}},{"type":"Feature","properties":{"h3":"8826c86993fffff","mii":30,"trt":0.0,"glp1":0.0,"pharmacy":0.0,"gym":0.45,"n":1},"geometry":{"type":"Polygon","coordinates":[[[-97.1793,32.84707],[-97.17425,32.84974],[-97.17456,32.85482],[-97.17992,32.85724],[-97.18497,32.85458],[-97.18466,32.8495],[-97.1793,32.84707]]]}},{"type":"Feature","properties":{"h3":"8826c82e01fffff","mii":30,"trt":0.0,"glp1":0.0,"pharmacy":0.0,"gym":0.45,"n":1},"geometry":{"type":"Polygon","coordinates":[[[-96.47946,32.88408],[-96.47441,32.88671],[-96.47469,32.89178],[-96.48001,32.89423],[-96.48506,32.8916],[-96.48478,32.88653],[-96.47946,32.88408]]]}},{"type":"Feature","properties":{"h3":"8826c866c5fffff","mii":30,"trt":0.0,"glp1":0.0,"pharmacy":0.0,"gym":0.0,"n":0},"geometry":{"type":"Polygon","coordinates":[[[-96.77654,32.90144],[-96.77149,32.90408],[-96.77179,32.90916],[-96.77713,32.9116],[-96.78217,32.90895],[-96.78188,32.90388],[-96.77654,32.90144]]]}},{"type":"Feature","properties":{"h3":"8826c866c1fffff","mii":30,"trt":0.0,"glp1":0.0,"pharmacy":0.0,"gym":0.0,"n":0},"geometry":{"type":"Polygon","coordinates":[[[-96.76615,32.90165],[-96.76111,32.90429],[-96.7614,32.90936],[-96.76674,32.9118],[-96.77179,32.90916],[-96.77149,32.90408],[-96.76615,32.90165]]]}},{"type":"Feature","properties":{"h3":"8826c866c9fffff","mii":30,"trt":0.0,"glp1":0.0,"pharmacy":0.0,"gym":0.0,"n":0},"geometry":{"type":"Polygon","coordinates":[[[-96.7614,32.90936],[-96.75635,32.912],[-96.75664,32.91708],[-96.76198,32.91951],[-96.76703,32.91687],[-96.76674,32.9118],[-96.7614,32.90936]]]}},{"type":"Feature","properties":{"h3":"8826c874c5fffff","mii":30,"trt":0.0,"glp1":0.0,"pharmacy":0.0,"gym":0.0,"n":0},"geometry":{"type":"Polygon","coordinates":[[[-96.78267,33.00802],[-96.77761,33.01066],[-96.77791,33.01573],[-96.78325,33.01817],[-96.7883,33.01553],[-96.78801,33.01046],[-96.78267,33.00802]]]}},{"type":"Feature","properties":{"h3":"8826c874c9fffff","mii":30,"trt":1.3,"glp1":0.0,"pharmacy":0.0,"gym":0.0,"n":2},"geometry":{"type":"Polygon","coordinates":[[[-96.76751,33.01594],[-96.76245,33.01857],[-96.76274,33.02365],[-96.76809,33.02608],[-96.77314,33.02345],[-96.77285,33.01837],[-96.76751,33.01594]]]}},{"type":"Feature","properties":{"h3":"8826c874c1fffff","mii":30,"trt":2.05,"glp1":0.0,"pharmacy":0.0,"gym":0.0,"n":3},"geometry":{"type":"Polygon","coordinates":[[[-96.77227,33.00822],[-96.76722,33.01086],[-96.76751,33.01594],[-96.77285,33.01837],[-96.77791,33.01573],[-96.77761,33.01066],[-96.77227,33.00822]]]}},{"type":"Feature","properties":{"h3":"8826c866e5fffff","mii":30,"trt":0.0,"glp1":0.0,"pharmacy":0.0,"gym":0.0,"n":0},"geometry":{"type":"Polygon","coordinates":[[[-96.80208,32.89331],[-96.79703,32.89596],[-96.79732,32.90103],[-96.80266,32.90347],[-96.80771,32.90083],[-96.80742,32.89575],[-96.80208,32.89331]]]}},{"type":"Feature","properties":{"h3":"8826c866e7fffff","mii":30,"trt":0.0,"glp1":0.0,"pharmacy":0.0,"gym":0.0,"n":0},"geometry":{"type":"Polygon","coordinates":[[[-96.79644,32.8858],[-96.7914,32.88844],[-96.79169,32.89352],[-96.79703,32.89596],[-96.80208,32.89331],[-96.80178,32.88824],[-96.79644,32.8858]]]}},{"type":"Feature","properties":{"h3":"8826cbd987fffff","mii":30,"trt":2.5,"glp1":0.0,"pharmacy":0.0,"gym":0.0,"n":4},"geometry":{"type":"Polygon","coordinates":[[[-97.41665,32.64267],[-97.41161,32.64534],[-97.41193,32.65043],[-97.41729,32.65285],[-97.42233,32.65017],[-97.42201,32.64508],[-97.41665,32.64267]]]}},{"type":"Feature","properties":{"h3":"8826cbd985fffff","mii":30,"trt":0.0,"glp1":0.0,"pharmacy":0.0,"gym":0.0,"n":0},"geometry":{"type":"Polygon","coordinates":[[[-97.42233,32.65017],[-97.41729,32.65285],[-97.41761,32.65794],[-97.42297,32.66035],[-97.42801,32.65767],[-97.42769,32.65258],[-97.42233,32.65017]]]}},{"type":"Feature","properties":{"h3":"8826cbd989fffff","mii":30,"trt":0.0,"glp1":0.0,"pharmacy":0.0,"gym":0.0,"n":0},"geometry":{"type":"Polygon","coordinates":[[[-97.40721,32.6582],[-97.40217,32.66088],[-97.40249,32.66597],[-97.40785,32.66838],[-97.41289,32.6657],[-97.41257,32.66061],[-97.40721,32.6582]]]}},{"type":"Feature","properties":{"h3":"8826caa41dfffff","mii":30,"trt":0.9,"glp1":3.3,"pharmacy":0.0,"gym":0.0,"n":8},"geometry":{"type":"Polygon","coordinates":[[[-97.33638,32.85864],[-97.33133,32.8613],[-97.33165,32.86639],[-97.33702,32.8688],[-97.34207,32.86614],[-97.34175,32.86105],[-97.33638,32.85864]]]}},{"type":"Feature","properties":{"h3":"8826c86661fffff","mii":30,"trt":0.0,"glp1":0.0,"pharmacy":0.0,"gym":0.0,"n":0},"geometry":{"type":"Polygon","coordinates":[[[-96.83114,32.9461],[-96.82608,32.94874],[-96.82638,32.95382],[-96.83172,32.95625],[-96.83677,32.95361],[-96.83648,32.94853],[-96.83114,32.9461]]]}},{"type":"Feature","properties":{"h3":"8826c86669fffff","mii":30,"trt":0.0,"glp1":0.0,"pharmacy":0.0,"gym":0.0,"n":0},"geometry":{"type":"Polygon","coordinates":[[[-96.82638,32.95382],[-96.82133,32.95646],[-96.82162,32.96153],[-96.82697,32.96397],[-96.83202,32.96133],[-96.83172,32.95625],[-96.82638,32.95382]]]}},{"type":"Feature","properties":{"h3":"8826cb9a15fffff","mii":29,"trt":0.0,"glp1":0.0,"pharmacy":0.0,"gym":0.45,"n":1},"geometry":{"type":"Polygon","coordinates":[[[-96.82532,32.75556],[-96.82028,32.7582],[-96.82057,32.76328],[-96.8259,32.76572],[-96.83095,32.76307],[-96.83065,32.75799],[-96.82532,32.75556]]]}},{"type":"Feature","properties":{"h3":"8826c82b47fffff","mii":29,"trt":0.5,"glp1":0.0,"pharmacy":0.0,"gym":0.0,"n":1},"geometry":{"type":"Polygon","coordinates":[[[-96.70426,33.0019],[-96.69921,33.00454],[-96.6995,33.00961],[-96.70484,33.01205],[-96.70989,33.00941],[-96.7096,33.00434],[-96.70426,33.0019]]]}},{"type":"Feature","properties":{"h3":"8826c82951fffff","mii":29,"trt":0.0,"glp1":0.0,"pharmacy":0.0,"gym":0.0,"n":0},"geometry":{"type":"Polygon","coordinates":[[[-96.71119,32.94082],[-96.70614,32.94345],[-96.70643,32.94853],[-96.71177,32.95097],[-96.71682,32.94833],[-96.71653,32.94325],[-96.71119,32.94082]]]}},{"type":"Feature","properties":{"h3":"8826c866a7fffff","mii":29,"trt":0.0,"glp1":0.0,"pharmacy":0.0,"gym":0.0,"n":0},"geometry":{"type":"Polygon","coordinates":[[[-96.80032,32.86285],[-96.79527,32.86549],[-96.79557,32.87057],[-96.80091,32.873],[-96.80595,32.87036],[-96.80566,32.86528],[-96.80032,32.86285]]]}},{"type":"Feature","properties":{"h3":"8826c866b5fffff","mii":29,"trt":0.0,"glp1":0.0,"pharmacy":0.0,"gym":0.0,"n":0},"geometry":{"type":"Polygon","coordinates":[[[-96.78431,32.85554],[-96.77926,32.85818],[-96.77955,32.86326],[-96.78489,32.8657],[-96.78994,32.86306],[-96.78964,32.85798],[-96.78431,32.85554]]]}},{"type":"Feature","properties":{"h3":"8826c86487fffff","mii":29,"trt":0.0,"glp1":0.0,"pharmacy":0.0,"gym":0.0,"n":0},"geometry":{"type":"Polygon","coordinates":[[[-96.80807,32.81694],[-96.80303,32.81958],[-96.80332,32.82466],[-96.80866,32.82709],[-96.8137,32.82445],[-96.81341,32.81937],[-96.80807,32.81694]]]}},{"type":"Feature","properties":{"h3":"8826c804adfffff","mii":29,"trt":0.0,"glp1":0.0,"pharmacy":0.0,"gym":0.0,"n":0},"geometry":{"type":"Polygon","coordinates":[[[-96.60102,33.20171],[-96.59596,33.20433],[-96.59625,33.2094],[-96.60159,33.21184],[-96.60665,33.20922],[-96.60637,33.20415],[-96.60102,33.20171]]]}},{"type":"Feature","properties":{"h3":"8826c804a7fffff","mii":29,"trt":0.0,"glp1":0.0,"pharmacy":0.0,"gym":0.0,"n":0},"geometry":{"type":"Polygon","coordinates":[[[-96.60017,33.18651],[-96.59511,33.18913],[-96.59539,33.1942],[-96.60074,33.19664],[-96.6058,33.19402],[-96.60552,33.18895],[-96.60017,33.18651]]]}},{"type":"Feature","properties":{"h3":"8826c804a1fffff","mii":29,"trt":0.0,"glp1":0.0,"pharmacy":0.0,"gym":0.0,"n":0},"geometry":{"type":"Polygon","coordinates":[[[-96.59539,33.1942],[-96.59033,33.19682],[-96.59062,33.20189],[-96.59596,33.20433],[-96.60102,33.20171],[-96.60074,33.19664],[-96.59539,33.1942]]]}},{"type":"Feature","properties":{"h3":"8826c82d25fffff","mii":29,"trt":0.0,"glp1":0.0,"pharmacy":0.0,"gym":0.0,"n":0},"geometry":{"type":"Polygon","coordinates":[[[-96.62128,32.82056],[-96.61624,32.8232],[-96.61652,32.82828],[-96.62185,32.83072],[-96.6269,32.82808],[-96.62661,32.82301],[-96.62128,32.82056]]]}},{"type":"Feature","properties":{"h3":"8826cb9219fffff","mii":29,"trt":0.0,"glp1":0.0,"pharmacy":0.0,"gym":0.0,"n":0},"geometry":{"type":"Polygon","coordinates":[[[-96.63166,32.82037],[-96.62661,32.82301],[-96.6269,32.82808],[-96.63223,32.83052],[-96.63727,32.82789],[-96.63699,32.82281],[-96.63166,32.82037]]]}},{"type":"Feature","properties":{"h3":"8826cb9211fffff","mii":29,"trt":0.0,"glp1":0.0,"pharmacy":0.0,"gym":0.0,"n":0},"geometry":{"type":"Polygon","coordinates":[[[-96.63642,32.81266],[-96.63137,32.81529],[-96.63166,32.82037],[-96.63699,32.82281],[-96.64203,32.82018],[-96.64174,32.8151],[-96.63642,32.81266]]]}},{"type":"Feature","properties":{"h3":"8826cb9213fffff","mii":29,"trt":0.0,"glp1":0.0,"pharmacy":0.0,"gym":0.0,"n":0},"geometry":{"type":"Polygon","coordinates":[[[-96.6308,32.80514],[-96.62576,32.80778],[-96.62604,32.81285],[-96.63137,32.81529],[-96.63642,32.81266],[-96.63613,32.80758],[-96.6308,32.80514]]]}},{"type":"Feature","properties":{"h3":"8826cb92cdfffff","mii":29,"trt":0.0,"glp1":0.0,"pharmacy":0.0,"gym":0.0,"n":0},"geometry":{"type":"Polygon","coordinates":[[[-96.62043,32.80533],[-96.61539,32.80797],[-96.61567,32.81305],[-96.621,32.81549],[-96.62604,32.81285],[-96.62576,32.80778],[-96.62043,32.80533]]]}},{"type":"Feature","properties":{"h3":"8826c82d27fffff","mii":29,"trt":0.0,"glp1":0.0,"pharmacy":0.0,"gym":0.0,"n":0},"geometry":{"type":"Polygon","coordinates":[[[-96.61567,32.81305],[-96.61063,32.81568],[-96.61091,32.82076],[-96.61624,32.8232],[-96.62128,32.82056],[-96.621,32.81549],[-96.61567,32.81305]]]}},{"type":"Feature","properties":{"h3":"8826c868c5fffff","mii":29,"trt":0.0,"glp1":0.0,"pharmacy":0.0,"gym":0.0,"n":0},"geometry":{"type":"Polygon","coordinates":[[[-97.14046,32.89376],[-97.13541,32.89642],[-97.13572,32.9015],[-97.14108,32.90392],[-97.14613,32.90126],[-97.14582,32.89618],[-97.14046,32.89376]]]}},{"type":"Feature","properties":{"h3":"8826c868e9fffff","mii":29,"trt":0.0,"glp1":0.0,"pharmacy":0.0,"gym":0.0,"n":0},"geometry":{"type":"Polygon","coordinates":[[[-97.15087,32.89352],[-97.14582,32.89618],[-97.14613,32.90126],[-97.15148,32.90368],[-97.15653,32.90103],[-97.15623,32.89594],[-97.15087,32.89352]]]}},{"type":"Feature","properties":{"h3":"8826c868e1fffff","mii":29,"trt":0.0,"glp1":0.0,"pharmacy":0.0,"gym":0.0,"n":0},"geometry":{"type":"Polygon","coordinates":[[[-97.15561,32.88578],[-97.15056,32.88844],[-97.15087,32.89352],[-97.15623,32.89594],[-97.16127,32.89329],[-97.16097,32.88821],[-97.15561,32.88578]]]}},{"type":"Feature","properties":{"h3":"8826c868e3fffff","mii":29,"trt":0.0,"glp1":0.0,"pharmacy":0.0,"gym":0.0,"n":0},"geometry":{"type":"Polygon","coordinates":[[[-97.14994,32.87828],[-97.14489,32.88094],[-97.1452,32.88602],[-97.15056,32.88844],[-97.15561,32.88578],[-97.1553,32.8807],[-97.14994,32.87828]]]}},{"type":"Feature","properties":{"h3":"8826c8688dfffff","mii":29,"trt":0.0,"glp1":0.0,"pharmacy":0.0,"gym":0.0,"n":0},"geometry":{"type":"Polygon","coordinates":[[[-97.13954,32.87851],[-97.13449,32.88117],[-97.13479,32.88625],[-97.14015,32.88868],[-97.1452,32.88602],[-97.14489,32.88094],[-97.13954,32.87851]]]}},{"type":"Feature","properties":{"h3":"8826c868c7fffff","mii":29,"trt":0.0,"glp1":0.0,"pharmacy":0.0,"gym":0.0,"n":0},"geometry":{"type":"Polygon","coordinates":[[[-97.13479,32.88625],[-97.12975,32.88891],[-97.13005,32.89399],[-97.13541,32.89642],[-97.14046,32.89376],[-97.14015,32.88868],[-97.13479,32.88625]]]}},{"type":"Feature","properties":{"h3":"8826c864b5fffff","mii":28,"trt":0.0,"glp1":0.0,"pharmacy":0.0,"gym":0.0,"n":0},"geometry":{"type":"Polygon","coordinates":[[[-96.81758,32.80149],[-96.81253,32.80413],[-96.81283,32.80921],[-96.81816,32.81165],[-96.82321,32.809],[-96.82291,32.80392],[-96.81758,32.80149]]]}},{"type":"Feature","properties":{"h3":"8826cb9a41fffff","mii":28,"trt":0.0,"glp1":0.0,"pharmacy":0.0,"gym":0.0,"n":0},"geometry":{"type":"Polygon","coordinates":[[[-96.83271,32.79355],[-96.82766,32.7962],[-96.82796,32.80128],[-96.8333,32.80371],[-96.83834,32.80107],[-96.83805,32.79599],[-96.83271,32.79355]]]}},{"type":"Feature","properties":{"h3":"8826cbd569fffff","mii":28,"trt":0.0,"glp1":0.0,"pharmacy":0.0,"gym":0.0,"n":0},"geometry":{"type":"Polygon","coordinates":[[[-97.13792,32.68002],[-97.13288,32.68268],[-97.13319,32.68777],[-97.13854,32.69019],[-97.14358,32.68753],[-97.14327,32.68244],[-97.13792,32.68002]]]}},{"type":"Feature","properties":{"h3":"8826cbd29dfffff","mii":28,"trt":0.0,"glp1":0.0,"pharmacy":0.0,"gym":0.0,"n":0},"geometry":{"type":"Polygon","coordinates":[[[-97.11136,32.75701],[-97.10632,32.75967],[-97.10662,32.76475],[-97.11197,32.76717],[-97.11702,32.76451],[-97.11671,32.75943],[-97.11136,32.75701]]]}},{"type":"Feature","properties":{"h3":"8826cbd291fffff","mii":28,"trt":0.0,"glp1":0.0,"pharmacy":0.0,"gym":0.0,"n":0},"geometry":{"type":"Polygon","coordinates":[[[-97.1057,32.7495],[-97.10066,32.75216],[-97.10097,32.75724],[-97.10632,32.75967],[-97.11136,32.75701],[-97.11105,32.75192],[-97.1057,32.7495]]]}},{"type":"Feature","properties":{"h3":"8826c8699bfffff","mii":28,"trt":0.0,"glp1":6.2,"pharmacy":0.0,"gym":0.0,"n":10},"geometry":{"type":"Polygon","coordinates":[[[-97.17456,32.85482],[-97.16952,32.85748],[-97.16983,32.86256],[-97.17518,32.86498],[-97.18023,32.86232],[-97.17992,32.85724],[-97.17456,32.85482]]]}},{"type":"Feature","properties":{"h3":"8826cb9a39fffff","mii":28,"trt":0.0,"glp1":0.0,"pharmacy":0.0,"gym":0.0,"n":0},"geometry":{"type":"Polygon","coordinates":[[[-96.8357,32.75534],[-96.83065,32.75799],[-96.83095,32.76307],[-96.83628,32.76551],[-96.84133,32.76286],[-96.84103,32.75778],[-96.8357,32.75534]]]}},{"type":"Feature","properties":{"h3":"8826c87485fffff","mii":28,"trt":0.0,"glp1":0.0,"pharmacy":0.0,"gym":0.0,"n":0},"geometry":{"type":"Polygon","coordinates":[[[-96.78655,32.98509],[-96.7815,32.98773],[-96.78179,32.9928],[-96.78714,32.99524],[-96.79219,32.9926],[-96.7919,32.98752],[-96.78655,32.98509]]]}},{"type":"Feature","properties":{"h3":"8826c874b7fffff","mii":28,"trt":0.6,"glp1":0.0,"pharmacy":0.0,"gym":0.0,"n":1},"geometry":{"type":"Polygon","coordinates":[[[-96.7848,32.95464],[-96.77975,32.95728],[-96.78004,32.96235],[-96.78538,32.96479],[-96.79044,32.96215],[-96.79014,32.95707],[-96.7848,32.95464]]]}},{"type":"Feature","properties":{"h3":"8826c874b5fffff","mii":28,"trt":0.0,"glp1":8.55,"pharmacy":0.0,"gym":0.0,"n":15},"geometry":{"type":"Polygon","coordinates":[[[-96.79044,32.96215],[-96.78538,32.96479],[-96.78568,32.96986],[-96.79102,32.9723],[-96.79607,32.96966],[-96.79578,32.96458],[-96.79044,32.96215]]]}},{"type":"Feature","properties":{"h3":"8826cb9ae9fffff","mii":28,"trt":0.0,"glp1":0.0,"pharmacy":0.0,"gym":0.0,"n":0},"geometry":{"type":"Polygon","coordinates":[[[-96.81406,32.74053],[-96.80902,32.74317],[-96.80931,32.74825],[-96.81465,32.75069],[-96.81969,32.74804],[-96.8194,32.74296],[-96.81406,32.74053]]]}},{"type":"Feature","properties":{"h3":"8826cb9a13fffff","mii":28,"trt":0.0,"glp1":0.0,"pharmacy":0.0,"gym":0.0,"n":0},"geometry":{"type":"Polygon","coordinates":[[[-96.80931,32.74825],[-96.80427,32.7509],[-96.80456,32.75598],[-96.8099,32.75842],[-96.81494,32.75577],[-96.81465,32.75069],[-96.80931,32.74825]]]}},{"type":"Feature","properties":{"h3":"8826c874cdfffff","mii":28,"trt":0.0,"glp1":0.0,"pharmacy":0.0,"gym":0.0,"n":0},"geometry":{"type":"Polygon","coordinates":[[[-96.77791,33.01573],[-96.77285,33.01837],[-96.77314,33.02345],[-96.77849,33.02588],[-96.78354,33.02324],[-96.78325,33.01817],[-96.77791,33.01573]]]}},{"type":"Feature","properties":{"h3":"8826c86965fffff","mii":28,"trt":0.0,"glp1":0.0,"pharmacy":0.0,"gym":0.0,"n":0},"geometry":{"type":"Polygon","coordinates":[[[-97.27863,32.93637],[-97.27357,32.93903],[-97.27389,32.94411],[-97.27926,32.94653],[-97.28431,32.94387],[-97.28399,32.93878],[-97.27863,32.93637]]]}},{"type":"Feature","properties":{"h3":"8826c8692dfffff","mii":28,"trt":0.0,"glp1":0.0,"pharmacy":0.0,"gym":0.0,"n":0},"geometry":{"type":"Polygon","coordinates":[[[-97.27768,32.92112],[-97.27263,32.92379],[-97.27295,32.92887],[-97.27831,32.93129],[-97.28336,32.92862],[-97.28305,32.92354],[-97.27768,32.92112]]]}},{"type":"Feature","properties":{"h3":"8826cbda27fffff","mii":28,"trt":0.0,"glp1":0.0,"pharmacy":0.0,"gym":0.0,"n":0},"geometry":{"type":"Polygon","coordinates":[[[-97.37607,32.74307],[-97.37103,32.74574],[-97.37135,32.75083],[-97.37671,32.75324],[-97.38175,32.75057],[-97.38143,32.74548],[-97.37607,32.74307]]]}},{"type":"Feature","properties":{"h3":"8826cbd849fffff","mii":28,"trt":0.0,"glp1":0.0,"pharmacy":0.0,"gym":0.0,"n":0},"geometry":{"type":"Polygon","coordinates":[[[-97.37039,32.73557],[-97.36535,32.73824],[-97.36567,32.74333],[-97.37103,32.74574],[-97.37607,32.74307],[-97.37575,32.73798],[-97.37039,32.73557]]]}},{"type":"Feature","properties":{"h3":"8826c8601dfffff","mii":28,"trt":0.0,"glp1":0.0,"pharmacy":0.0,"gym":0.0,"n":0},"geometry":{"type":"Polygon","coordinates":[[[-96.97853,32.97357],[-96.97347,32.97622],[-96.97378,32.9813],[-96.97913,32.98373],[-96.98418,32.98108],[-96.98388,32.976],[-96.97853,32.97357]]]}},{"type":"Feature","properties":{"h3":"8826c86017fffff","mii":28,"trt":0.0,"glp1":0.0,"pharmacy":0.0,"gym":0.0,"n":0},"geometry":{"type":"Polygon","coordinates":[[[-96.97762,32.95834],[-96.97257,32.96099],[-96.97287,32.96607],[-96.97823,32.9685],[-96.98328,32.96585],[-96.98298,32.96077],[-96.97762,32.95834]]]}},{"type":"Feature","properties":{"h3":"8826c86011fffff","mii":28,"trt":0.0,"glp1":0.0,"pharmacy":0.0,"gym":0.0,"n":0},"geometry":{"type":"Polygon","coordinates":[[[-96.97287,32.96607],[-96.96782,32.96871],[-96.96812,32.97379],[-96.97347,32.97622],[-96.97853,32.97357],[-96.97823,32.9685],[-96.97287,32.96607]]]}},{"type":"Feature","properties":{"h3":"8826cbd8d5fffff","mii":27,"trt":0.0,"glp1":0.0,"pharmacy":0.0,"gym":0.65,"n":1},"geometry":{"type":"Polygon","coordinates":[[[-97.32403,32.66028],[-97.31899,32.66295],[-97.31931,32.66804],[-97.32466,32.67046],[-97.3297,32.66779],[-97.32939,32.6627],[-97.32403,32.66028]]]}},{"type":"Feature","properties":{"h3":"8826cb932bfffff","mii":27,"trt":0.65,"glp1":3.6,"pharmacy":0.0,"gym":0.0,"n":7},"geometry":{"type":"Polygon","coordinates":[[[-96.74579,32.81818],[-96.74075,32.82082],[-96.74104,32.8259],[-96.74637,32.82833],[-96.75141,32.82569],[-96.75112,32.82061],[-96.74579,32.81818]]]}},{"type":"Feature","properties":{"h3":"8826cbd2b9fffff","mii":27,"trt":0.0,"glp1":0.0,"pharmacy":0.0,"gym":0.0,"n":0},"geometry":{"type":"Polygon","coordinates":[[[-97.12649,32.74903],[-97.12145,32.75169],[-97.12175,32.75677],[-97.1271,32.75919],[-97.13215,32.75653],[-97.13184,32.75145],[-97.12649,32.74903]]]}},{"type":"Feature","properties":{"h3":"8826cbd981fffff","mii":27,"trt":0.6,"glp1":0.0,"pharmacy":0.0,"gym":0.0,"n":1},"geometry":{"type":"Polygon","coordinates":[[[-97.41193,32.65043],[-97.40689,32.65311],[-97.40721,32.6582],[-97.41257,32.66061],[-97.41761,32.65794],[-97.41729,32.65285],[-97.41193,32.65043]]]}},{"type":"Feature","properties":{"h3":"8826cbd737fffff","mii":27,"trt":0.0,"glp1":0.0,"pharmacy":0.0,"gym":0.0,"n":0},"geometry":{"type":"Polygon","coordinates":[[[-97.09638,32.68098],[-97.09134,32.68364],[-97.09165,32.68872],[-97.09699,32.69115],[-97.10203,32.68849],[-97.10173,32.6834],[-97.09638,32.68098]]]}},{"type":"Feature","properties":{"h3":"8826cb1361fffff","mii":27,"trt":0.6,"glp1":0.0,"pharmacy":0.0,"gym":0.0,"n":1},"geometry":{"type":"Polygon","coordinates":[[[-96.98468,32.46192],[-96.97965,32.46458],[-96.97995,32.46967],[-96.98527,32.4721],[-96.99031,32.46944],[-96.99,32.46435],[-96.98468,32.46192]]]}},{"type":"Feature","properties":{"h3":"8826cb136dfffff","mii":27,"trt":0.0,"glp1":7.55,"pharmacy":0.0,"gym":0.0,"n":13},"geometry":{"type":"Polygon","coordinates":[[[-96.99031,32.46944],[-96.98527,32.4721],[-96.98557,32.47719],[-96.99091,32.47961],[-96.99594,32.47695],[-96.99564,32.47186],[-96.99031,32.46944]]]}},{"type":"Feature","properties":{"h3":"8826c87695fffff","mii":27,"trt":0.0,"glp1":0.0,"pharmacy":0.0,"gym":0.0,"n":0},"geometry":{"type":"Polygon","coordinates":[[[-96.73155,33.02424],[-96.7265,33.02688],[-96.72679,33.03195],[-96.73213,33.03439],[-96.73718,33.03175],[-96.73689,33.02668],[-96.73155,33.02424]]]}},{"type":"Feature","properties":{"h3":"8826c876b9fffff","mii":27,"trt":0.0,"glp1":0.0,"pharmacy":0.0,"gym":0.0,"n":0},"geometry":{"type":"Polygon","coordinates":[[[-96.74195,33.02404],[-96.73689,33.02668],[-96.73718,33.03175],[-96.74253,33.03419],[-96.74758,33.03155],[-96.74729,33.02648],[-96.74195,33.02404]]]}},{"type":"Feature","properties":{"h3":"8826c876b1fffff","mii":27,"trt":0.0,"glp1":0.0,"pharmacy":0.0,"gym":0.0,"n":0},"geometry":{"type":"Polygon","coordinates":[[[-96.74671,33.01633],[-96.74166,33.01897],[-96.74195,33.02404],[-96.74729,33.02648],[-96.75235,33.02384],[-96.75206,33.01877],[-96.74671,33.01633]]]}},{"type":"Feature","properties":{"h3":"8826c876b3fffff","mii":27,"trt":0.0,"glp1":0.0,"pharmacy":0.0,"gym":0.0,"n":0},"geometry":{"type":"Polygon","coordinates":[[[-96.74108,33.00882],[-96.73603,33.01146],[-96.73631,33.01653],[-96.74166,33.01897],[-96.74671,33.01633],[-96.74642,33.01126],[-96.74108,33.00882]]]}},{"type":"Feature","properties":{"h3":"8826c82b6dfffff","mii":27,"trt":0.0,"glp1":0.0,"pharmacy":0.0,"gym":0.0,"n":0},"geometry":{"type":"Polygon","coordinates":[[[-96.73068,33.00902],[-96.72563,33.01166],[-96.72592,33.01673],[-96.73126,33.01917],[-96.73631,33.01653],[-96.73603,33.01146],[-96.73068,33.00902]]]}},{"type":"Feature","properties":{"h3":"8826c87697fffff","mii":27,"trt":0.0,"glp1":0.0,"pharmacy":0.0,"gym":0.0,"n":0},"geometry":{"type":"Polygon","coordinates":[[[-96.72592,33.01673],[-96.72087,33.01936],[-96.72115,33.02444],[-96.7265,33.02688],[-96.73155,33.02424],[-96.73126,33.01917],[-96.72592,33.01673]]]}},{"type":"Feature","properties":{"h3":"8826c86e03fffff","mii":27,"trt":0.0,"glp1":0.0,"pharmacy":0.0,"gym":0.0,"n":0},"geometry":{"type":"Polygon","coordinates":[[[-96.98261,32.86671],[-96.97756,32.86936],[-96.97786,32.87444],[-96.98321,32.87687],[-96.98826,32.87421],[-96.98796,32.86913],[-96.98261,32.86671]]]}},{"type":"Feature","properties":{"h3":"8826c86e07fffff","mii":27,"trt":0.0,"glp1":0.0,"pharmacy":0.0,"gym":0.0,"n":0},"geometry":{"type":"Polygon","coordinates":[[[-96.99301,32.86648],[-96.98796,32.86913],[-96.98826,32.87421],[-96.99361,32.87664],[-96.99866,32.87399],[-96.99835,32.86891],[-96.99301,32.86648]]]}},{"type":"Feature","properties":{"h3":"8826c86e3dfffff","mii":27,"trt":0.0,"glp1":0.0,"pharmacy":0.0,"gym":0.0,"n":0},"geometry":{"type":"Polygon","coordinates":[[[-96.99775,32.85875],[-96.9927,32.8614],[-96.99301,32.86648],[-96.99835,32.86891],[-97.0034,32.86626],[-97.0031,32.86118],[-96.99775,32.85875]]]}},{"type":"Feature","properties":{"h3":"8826c86e31fffff","mii":27,"trt":0.0,"glp1":0.0,"pharmacy":0.0,"gym":0.0,"n":0},"geometry":{"type":"Polygon","coordinates":[[[-96.9921,32.85124],[-96.98705,32.85389],[-96.98736,32.85897],[-96.9927,32.8614],[-96.99775,32.85875],[-96.99745,32.85367],[-96.9921,32.85124]]]}},{"type":"Feature","properties":{"h3":"8826c86e15fffff","mii":27,"trt":0.0,"glp1":0.0,"pharmacy":0.0,"gym":0.0,"n":0},"geometry":{"type":"Polygon","coordinates":[[[-96.97696,32.8592],[-96.97191,32.86185],[-96.97221,32.86693],[-96.97756,32.86936],[-96.98261,32.86671],[-96.98231,32.86163],[-96.97696,32.8592]]]}},{"type":"Feature","properties":{"h3":"8826c845cbfffff","mii":27,"trt":0.0,"glp1":0.0,"pharmacy":0.0,"gym":0.0,"n":0},"geometry":{"type":"Polygon","coordinates":[[[-97.13906,33.21406],[-97.134,33.21671],[-97.13431,33.22178],[-97.13968,33.22421],[-97.14474,33.22156],[-97.14443,33.21648],[-97.13906,33.21406]]]}},{"type":"Feature","properties":{"h3":"8826c8749bfffff","mii":27,"trt":0.0,"glp1":0.0,"pharmacy":0.0,"gym":0.0,"n":0},"geometry":{"type":"Polygon","coordinates":[[[-96.7441,32.97067],[-96.73905,32.97331],[-96.73934,32.97838],[-96.74468,32.98082],[-96.74973,32.97818],[-96.74944,32.97311],[-96.7441,32.97067]]]}},{"type":"Feature","properties":{"h3":"8826c87491fffff","mii":27,"trt":0.0,"glp1":0.0,"pharmacy":0.0,"gym":0.0,"n":0},"geometry":{"type":"Polygon","coordinates":[[[-96.75449,32.97047],[-96.74944,32.97311],[-96.74973,32.97818],[-96.75507,32.98062],[-96.76013,32.97798],[-96.75984,32.97291],[-96.75449,32.97047]]]}},{"type":"Feature","properties":{"h3":"8826c82945fffff","mii":27,"trt":0.0,"glp1":0.0,"pharmacy":0.0,"gym":0.0,"n":0},"geometry":{"type":"Polygon","coordinates":[[[-96.74323,32.95544],[-96.73818,32.95808],[-96.73847,32.96316],[-96.74381,32.96559],[-96.74886,32.96296],[-96.74857,32.95788],[-96.74323,32.95544]]]}},{"type":"Feature","properties":{"h3":"8826c8294dfffff","mii":27,"trt":0.0,"glp1":0.0,"pharmacy":0.0,"gym":0.0,"n":0},"geometry":{"type":"Polygon","coordinates":[[[-96.73847,32.96316],[-96.73342,32.96579],[-96.73371,32.97087],[-96.73905,32.97331],[-96.7441,32.97067],[-96.74381,32.96559],[-96.73847,32.96316]]]}},{"type":"Feature","properties":{"h3":"8826c80da9fffff","mii":26,"trt":0.65,"glp1":0.0,"pharmacy":0.0,"gym":0.0,"n":1},"geometry":{"type":"Polygon","coordinates":[[[-96.84262,33.14397],[-96.83756,33.14661],[-96.83786,33.15168],[-96.84321,33.15412],[-96.84827,33.15148],[-96.84798,33.14641],[-96.84262,33.14397]]]}},{"type":"Feature","properties":{"h3":"8826c874b3fffff","mii":26,"trt":0.0,"glp1":0.0,"pharmacy":0.0,"gym":0.0,"n":0},"geometry":{"type":"Polygon","coordinates":[[[-96.77441,32.95484],[-96.76936,32.95748],[-96.76965,32.96255],[-96.77499,32.96499],[-96.78004,32.96235],[-96.77975,32.95728],[-96.77441,32.95484]]]}},{"type":"Feature","properties":{"h3":"8826c8768dfffff","mii":26,"trt":0.0,"glp1":0.0,"pharmacy":0.0,"gym":0.0,"n":0},"geometry":{"type":"Polygon","coordinates":[[[-96.74845,33.04677],[-96.7434,33.04941],[-96.74369,33.05448],[-96.74903,33.05692],[-96.75409,33.05428],[-96.7538,33.04921],[-96.74845,33.04677]]]}},{"type":"Feature","properties":{"h3":"8826c8662bfffff","mii":26,"trt":0.0,"glp1":0.0,"pharmacy":0.0,"gym":0.45,"n":1},"geometry":{"type":"Polygon","coordinates":[[[-96.82462,32.92336],[-96.81957,32.926],[-96.81986,32.93108],[-96.8252,32.93351],[-96.83025,32.93087],[-96.82996,32.92579],[-96.82462,32.92336]]]}},{"type":"Feature","properties":{"h3":"8826c82959fffff","mii":26,"trt":0.0,"glp1":0.0,"pharmacy":0.0,"gym":0.0,"n":0},"geometry":{"type":"Polygon","coordinates":[[[-96.70643,32.94853],[-96.70138,32.95116],[-96.70167,32.95624],[-96.70701,32.95868],[-96.71206,32.95604],[-96.71177,32.95097],[-96.70643,32.94853]]]}},{"type":"Feature","properties":{"h3":"8826c845d3fffff","mii":26,"trt":0.95,"glp1":0.0,"pharmacy":0.0,"gym":0.0,"n":1},"geometry":{"type":"Polygon","coordinates":[[[-97.12202,33.19157],[-97.11696,33.19422],[-97.11727,33.19929],[-97.12264,33.20172],[-97.1277,33.19907],[-97.12739,33.19399],[-97.12202,33.19157]]]}},{"type":"Feature","properties":{"h3":"8826c864bbfffff","mii":26,"trt":0.0,"glp1":0.0,"pharmacy":0.0,"gym":0.0,"n":0},"geometry":{"type":"Polygon","coordinates":[[[-96.79682,32.80191],[-96.79177,32.80455],[-96.79206,32.80963],[-96.7974,32.81207],[-96.80244,32.80942],[-96.80215,32.80434],[-96.79682,32.80191]]]}},{"type":"Feature","properties":{"h3":"8826c86583fffff","mii":26,"trt":0.5,"glp1":0.0,"pharmacy":0.0,"gym":0.0,"n":1},"geometry":{"type":"Polygon","coordinates":[[[-96.87038,32.81566],[-96.86533,32.81831],[-96.86563,32.82339],[-96.87097,32.82582],[-96.87601,32.82318],[-96.87572,32.8181],[-96.87038,32.81566]]]}},{"type":"Feature","properties":{"h3":"8826c82837fffff","mii":26,"trt":0.0,"glp1":0.0,"pharmacy":0.0,"gym":0.0,"n":0},"geometry":{"type":"Polygon","coordinates":[[[-96.67269,32.90344],[-96.66764,32.90608],[-96.66793,32.91115],[-96.67326,32.91359],[-96.67831,32.91096],[-96.67802,32.90588],[-96.67269,32.90344]]]}},{"type":"Feature","properties":{"h3":"8826c87597fffff","mii":26,"trt":0.0,"glp1":0.0,"pharmacy":0.0,"gym":0.0,"n":0},"geometry":{"type":"Polygon","coordinates":[[[-96.83202,32.96133],[-96.82697,32.96397],[-96.82726,32.96904],[-96.83261,32.97148],[-96.83766,32.96884],[-96.83736,32.96376],[-96.83202,32.96133]]]}},{"type":"Feature","properties":{"h3":"8826c875bbfffff","mii":26,"trt":0.0,"glp1":0.0,"pharmacy":0.0,"gym":0.0,"n":0},"geometry":{"type":"Polygon","coordinates":[[[-96.84241,32.96112],[-96.83736,32.96376],[-96.83766,32.96884],[-96.843,32.97127],[-96.84806,32.96863],[-96.84776,32.96355],[-96.84241,32.96112]]]}},{"type":"Feature","properties":{"h3":"8826c8674dfffff","mii":26,"trt":0.45,"glp1":4.6,"pharmacy":0.0,"gym":0.0,"n":9},"geometry":{"type":"Polygon","coordinates":[[[-96.88401,32.96028],[-96.87896,32.96292],[-96.87925,32.968],[-96.8846,32.97043],[-96.88965,32.96779],[-96.88936,32.96271],[-96.88401,32.96028]]]}},{"type":"Feature","properties":{"h3":"8826c86227fffff","mii":26,"trt":0.6,"glp1":3.4,"pharmacy":0.0,"gym":0.0,"n":7},"geometry":{"type":"Polygon","coordinates":[[[-96.99165,33.01904],[-96.98659,33.02169],[-96.98689,33.02677],[-96.99225,33.0292],[-96.99731,33.02655],[-96.997,33.02147],[-96.99165,33.01904]]]}},{"type":"Feature","properties":{"h3":"8826cb8a01fffff","mii":26,"trt":0.0,"glp1":0.0,"pharmacy":0.0,"gym":0.0,"n":0},"geometry":{"type":"Polygon","coordinates":[[[-96.86361,32.60973],[-96.85858,32.61238],[-96.85887,32.61747],[-96.8642,32.6199],[-96.86924,32.61725],[-96.86894,32.61217],[-96.86361,32.60973]]]}},{"type":"Feature","properties":{"h3":"8826cb8a05fffff","mii":26,"trt":0.0,"glp1":0.0,"pharmacy":0.0,"gym":0.0,"n":0},"geometry":{"type":"Polygon","coordinates":[[[-96.87398,32.60951],[-96.86894,32.61217],[-96.86924,32.61725],[-96.87457,32.61968],[-96.87961,32.61703],[-96.87931,32.61194],[-96.87398,32.60951]]]}},{"type":"Feature","properties":{"h3":"8826cb8a2bfffff","mii":26,"trt":0.0,"glp1":0.0,"pharmacy":0.0,"gym":0.0,"n":0},"geometry":{"type":"Polygon","coordinates":[[[-96.87872,32.60177],[-96.87368,32.60443],[-96.87398,32.60951],[-96.87931,32.61194],[-96.88435,32.60929],[-96.88405,32.60421],[-96.87872,32.60177]]]}},{"type":"Feature","properties":{"h3":"8826cb8a3dfffff","mii":26,"trt":0.0,"glp1":0.0,"pharmacy":0.0,"gym":0.0,"n":0},"geometry":{"type":"Polygon","coordinates":[[[-96.87309,32.59426],[-96.86806,32.59691],[-96.86835,32.602],[-96.87368,32.60443],[-96.87872,32.60177],[-96.87842,32.59669],[-96.87309,32.59426]]]}},{"type":"Feature","properties":{"h3":"8826cb8a39fffff","mii":26,"trt":0.0,"glp1":0.0,"pharmacy":0.0,"gym":0.0,"n":0},"geometry":{"type":"Polygon","coordinates":[[[-96.86273,32.59448],[-96.85769,32.59713],[-96.85799,32.60222],[-96.86332,32.60465],[-96.86835,32.602],[-96.86806,32.59691],[-96.86273,32.59448]]]}},{"type":"Feature","properties":{"h3":"8826cb8a03fffff","mii":26,"trt":0.0,"glp1":0.0,"pharmacy":0.0,"gym":0.0,"n":0},"geometry":{"type":"Polygon","coordinates":[[[-96.85799,32.60222],[-96.85295,32.60487],[-96.85325,32.60995],[-96.85858,32.61238],[-96.86361,32.60973],[-96.86332,32.60465],[-96.85799,32.60222]]]}},{"type":"Feature","properties":{"h3":"8826cb9981fffff","mii":26,"trt":0.0,"glp1":0.0,"pharmacy":0.0,"gym":0.0,"n":0},"geometry":{"type":"Polygon","coordinates":[[[-96.90301,32.66234],[-96.89797,32.66499],[-96.89827,32.67008],[-96.9036,32.67251],[-96.90864,32.66986],[-96.90835,32.66477],[-96.90301,32.66234]]]}},{"type":"Feature","properties":{"h3":"8826cb9985fffff","mii":26,"trt":0.0,"glp1":0.0,"pharmacy":0.0,"gym":0.0,"n":0},"geometry":{"type":"Polygon","coordinates":[[[-96.91338,32.66212],[-96.90835,32.66477],[-96.90864,32.66986],[-96.91398,32.67229],[-96.91902,32.66963],[-96.91872,32.66455],[-96.91338,32.66212]]]}},{"type":"Feature","properties":{"h3":"8826cb99abfffff","mii":26,"trt":0.0,"glp1":0.0,"pharmacy":0.0,"gym":0.0,"n":0},"geometry":{"type":"Polygon","coordinates":[[[-96.91813,32.65438],[-96.91309,32.65704],[-96.91338,32.66212],[-96.91872,32.66455],[-96.92376,32.6619],[-96.92346,32.65681],[-96.91813,32.65438]]]}},{"type":"Feature","properties":{"h3":"8826cb99bdfffff","mii":26,"trt":0.0,"glp1":0.0,"pharmacy":0.0,"gym":0.0,"n":0},"geometry":{"type":"Polygon","coordinates":[[[-96.91249,32.64687],[-96.90746,32.64952],[-96.90775,32.65461],[-96.91309,32.65704],[-96.91813,32.65438],[-96.91783,32.6493],[-96.91249,32.64687]]]}},{"type":"Feature","properties":{"h3":"8826cb99b9fffff","mii":26,"trt":0.0,"glp1":0.0,"pharmacy":0.0,"gym":0.0,"n":0},"geometry":{"type":"Polygon","coordinates":[[[-96.90212,32.64709],[-96.89708,32.64974],[-96.89738,32.65483],[-96.90271,32.65726],[-96.90775,32.65461],[-96.90746,32.64952],[-96.90212,32.64709]]]}},{"type":"Feature","properties":{"h3":"8826cb9983fffff","mii":26,"trt":0.0,"glp1":0.0,"pharmacy":0.0,"gym":0.0,"n":0},"geometry":{"type":"Polygon","coordinates":[[[-96.89738,32.65483],[-96.89234,32.65748],[-96.89264,32.66256],[-96.89797,32.66499],[-96.90301,32.66234],[-96.90271,32.65726],[-96.89738,32.65483]]]}},{"type":"Feature","properties":{"h3":"8826c86909fffff","mii":26,"trt":0.0,"glp1":0.0,"pharmacy":0.0,"gym":0.0,"n":0},"geometry":{"type":"Polygon","coordinates":[[[-97.2417,32.9296],[-97.23665,32.93226],[-97.23696,32.93734],[-97.24232,32.93976],[-97.24737,32.9371],[-97.24706,32.93202],[-97.2417,32.9296]]]}},{"type":"Feature","properties":{"h3":"8826c8690dfffff","mii":26,"trt":0.0,"glp1":0.0,"pharmacy":0.0,"gym":0.0,"n":0},"geometry":{"type":"Polygon","coordinates":[[[-97.25211,32.92936],[-97.24706,32.93202],[-97.24737,32.9371],[-97.25274,32.93952],[-97.25779,32.93686],[-97.25748,32.93177],[-97.25211,32.92936]]]}},{"type":"Feature","properties":{"h3":"8826c86905fffff","mii":26,"trt":0.0,"glp1":0.0,"pharmacy":0.0,"gym":0.0,"n":0},"geometry":{"type":"Polygon","coordinates":[[[-97.25685,32.92161],[-97.2518,32.92427],[-97.25211,32.92936],[-97.25748,32.93177],[-97.26253,32.92911],[-97.26221,32.92403],[-97.25685,32.92161]]]}},{"type":"Feature","properties":{"h3":"8826c86907fffff","mii":26,"trt":0.0,"glp1":0.0,"pharmacy":0.0,"gym":0.0,"n":0},"geometry":{"type":"Polygon","coordinates":[[[-97.25117,32.91411],[-97.24612,32.91677],[-97.24643,32.92185],[-97.2518,32.92427],[-97.25685,32.92161],[-97.25654,32.91653],[-97.25117,32.91411]]]}},{"type":"Feature","properties":{"h3":"8826c86903fffff","mii":26,"trt":0.0,"glp1":0.0,"pharmacy":0.0,"gym":0.0,"n":0},"geometry":{"type":"Polygon","coordinates":[[[-97.24076,32.91435],[-97.23571,32.91702],[-97.23602,32.9221],[-97.24138,32.92452],[-97.24643,32.92185],[-97.24612,32.91677],[-97.24076,32.91435]]]}},{"type":"Feature","properties":{"h3":"8826c8690bfffff","mii":26,"trt":0.0,"glp1":0.0,"pharmacy":0.0,"gym":0.0,"n":0},"geometry":{"type":"Polygon","coordinates":[[[-97.23602,32.9221],[-97.23097,32.92476],[-97.23128,32.92984],[-97.23665,32.93226],[-97.2417,32.9296],[-97.24138,32.92452],[-97.23602,32.9221]]]}},{"type":"Feature","properties":{"h3":"8826cb9339fffff","mii":25,"trt":0.0,"glp1":0.0,"pharmacy":0.0,"gym":1.55,"n":3},"geometry":{"type":"Polygon","coordinates":[[[-96.72979,32.81087],[-96.72475,32.81351],[-96.72503,32.81858],[-96.73037,32.82102],[-96.73541,32.81838],[-96.73512,32.8133],[-96.72979,32.81087]]]}},{"type":"Feature","properties":{"h3":"8826cb9303fffff","mii":25,"trt":0.0,"glp1":0.0,"pharmacy":0.0,"gym":0.0,"n":0},"geometry":{"type":"Polygon","coordinates":[[[-96.72503,32.81858],[-96.71999,32.82122],[-96.72028,32.8263],[-96.72561,32.82874],[-96.73066,32.8261],[-96.73037,32.82102],[-96.72503,32.81858]]]}},{"type":"Feature","properties":{"h3":"8826cb9331fffff","mii":25,"trt":0.0,"glp1":0.0,"pharmacy":0.0,"gym":0.0,"n":0},"geometry":{"type":"Polygon","coordinates":[[[-96.73454,32.80315],[-96.7295,32.80579],[-96.72979,32.81087],[-96.73512,32.8133],[-96.74017,32.81066],[-96.73988,32.80558],[-96.73454,32.80315]]]}},{"type":"Feature","properties":{"h3":"8826cb933bfffff","mii":25,"trt":0.0,"glp1":0.0,"pharmacy":0.0,"gym":0.0,"n":0},"geometry":{"type":"Polygon","coordinates":[[[-96.72417,32.80335],[-96.71912,32.80599],[-96.71941,32.81107],[-96.72475,32.81351],[-96.72979,32.81087],[-96.7295,32.80579],[-96.72417,32.80335]]]}},{"type":"Feature","properties":{"h3":"8826cb9315fffff","mii":25,"trt":0.0,"glp1":0.0,"pharmacy":0.0,"gym":0.0,"n":0},"geometry":{"type":"Polygon","coordinates":[[[-96.71941,32.81107],[-96.71437,32.81371],[-96.71466,32.81879],[-96.71999,32.82122],[-96.72503,32.81858],[-96.72475,32.81351],[-96.71941,32.81107]]]}},{"type":"Feature","properties":{"h3":"8826c80cddfffff","mii":25,"trt":0.0,"glp1":0.0,"pharmacy":0.0,"gym":0.45,"n":1},"geometry":{"type":"Polygon","coordinates":[[[-96.72897,33.16136],[-96.72391,33.16399],[-96.7242,33.16906],[-96.72955,33.1715],[-96.73461,33.16887],[-96.73432,33.1638],[-96.72897,33.16136]]]}},{"type":"Feature","properties":{"h3":"8826c80ccbfffff","mii":25,"trt":0.0,"glp1":0.0,"pharmacy":0.0,"gym":0.65,"n":1},"geometry":{"type":"Polygon","coordinates":[[[-96.73461,33.16887],[-96.72955,33.1715],[-96.72984,33.17657],[-96.73519,33.17901],[-96.74025,33.17638],[-96.73996,33.17131],[-96.73461,33.16887]]]}},{"type":"Feature","properties":{"h3":"8826c86d65fffff","mii":25,"trt":0.0,"glp1":0.0,"pharmacy":0.0,"gym":0.9,"n":2},"geometry":{"type":"Polygon","coordinates":[[[-97.12636,32.83302],[-97.12132,32.83567],[-97.12162,32.84076],[-97.12698,32.84318],[-97.13202,32.84052],[-97.13172,32.83544],[-97.12636,32.83302]]]}},{"type":"Feature","properties":{"h3":"8826c86899fffff","mii":25,"trt":0.0,"glp1":0.0,"pharmacy":0.0,"gym":0.9,"n":2},"geometry":{"type":"Polygon","coordinates":[[[-97.1074,32.86397],[-97.10235,32.86663],[-97.10266,32.87171],[-97.10801,32.87414],[-97.11306,32.87148],[-97.11276,32.8664],[-97.1074,32.86397]]]}},{"type":"Feature","properties":{"h3":"8826c86891fffff","mii":25,"trt":0.0,"glp1":0.0,"pharmacy":0.0,"gym":0.0,"n":0},"geometry":{"type":"Polygon","coordinates":[[[-97.11214,32.85623],[-97.10709,32.85889],[-97.1074,32.86397],[-97.11276,32.8664],[-97.1178,32.86374],[-97.1175,32.85866],[-97.11214,32.85623]]]}},{"type":"Feature","properties":{"h3":"8826c8689bfffff","mii":25,"trt":0.0,"glp1":0.0,"pharmacy":0.0,"gym":0.0,"n":0},"geometry":{"type":"Polygon","coordinates":[[[-97.10174,32.85647],[-97.09669,32.85912],[-97.097,32.86421],[-97.10235,32.86663],[-97.1074,32.86397],[-97.10709,32.85889],[-97.10174,32.85647]]]}},{"type":"Feature","properties":{"h3":"8826c86ac7fffff","mii":25,"trt":0.0,"glp1":0.0,"pharmacy":0.0,"gym":0.0,"n":0},"geometry":{"type":"Polygon","coordinates":[[[-97.10159,32.94041],[-97.09654,32.94306],[-97.09685,32.94814],[-97.10221,32.95057],[-97.10726,32.94791],[-97.10695,32.94283],[-97.10159,32.94041]]]}},{"type":"Feature","properties":{"h3":"8826c86aebfffff","mii":25,"trt":0.0,"glp1":0.0,"pharmacy":0.0,"gym":0.0,"n":0},"geometry":{"type":"Polygon","coordinates":[[[-97.112,32.94018],[-97.10695,32.94283],[-97.10726,32.94791],[-97.11262,32.95034],[-97.11767,32.94768],[-97.11736,32.9426],[-97.112,32.94018]]]}},{"type":"Feature","properties":{"h3":"8826c86695fffff","mii":25,"trt":0.0,"glp1":0.0,"pharmacy":0.0,"gym":0.0,"n":0},"geometry":{"type":"Polygon","coordinates":[[[-96.75878,32.86367],[-96.75374,32.86631],[-96.75403,32.87139],[-96.75936,32.87383],[-96.76441,32.87119],[-96.76412,32.86611],[-96.75878,32.86367]]]}},{"type":"Feature","properties":{"h3":"8826c874a3fffff","mii":25,"trt":0.0,"glp1":0.0,"pharmacy":0.0,"gym":0.0,"n":0},"geometry":{"type":"Polygon","coordinates":[[[-96.79607,32.96966],[-96.79102,32.9723],[-96.79131,32.97737],[-96.79666,32.97981],[-96.80171,32.97717],[-96.80142,32.9721],[-96.79607,32.96966]]]}},{"type":"Feature","properties":{"h3":"8826c874abfffff","mii":25,"trt":0.0,"glp1":0.0,"pharmacy":0.0,"gym":0.0,"n":0},"geometry":{"type":"Polygon","coordinates":[[[-96.79131,32.97737],[-96.78626,32.98001],[-96.78655,32.98509],[-96.7919,32.98752],[-96.79695,32.98488],[-96.79666,32.97981],[-96.79131,32.97737]]]}},{"type":"Feature","properties":{"h3":"8826c82965fffff","mii":25,"trt":0.0,"glp1":0.0,"pharmacy":0.0,"gym":0.45,"n":1},"geometry":{"type":"Polygon","coordinates":[[[-96.76877,32.94733],[-96.76372,32.94997],[-96.76401,32.95504],[-96.76936,32.95748],[-96.77441,32.95484],[-96.77412,32.94977],[-96.76877,32.94733]]]}},{"type":"Feature","properties":{"h3":"8826c8296dfffff","mii":25,"trt":0.0,"glp1":0.0,"pharmacy":0.0,"gym":0.65,"n":1},"geometry":{"type":"Polygon","coordinates":[[[-96.76401,32.95504],[-96.75896,32.95768],[-96.75925,32.96276],[-96.7646,32.96519],[-96.76965,32.96255],[-96.76936,32.95748],[-96.76401,32.95504]]]}},{"type":"Feature","properties":{"h3":"8826c82b0dfffff","mii":25,"trt":0.0,"glp1":0.0,"pharmacy":0.0,"gym":0.0,"n":0},"geometry":{"type":"Polygon","coordinates":[[[-96.70903,32.99419],[-96.70397,32.99683],[-96.70426,33.0019],[-96.7096,33.00434],[-96.71466,33.00171],[-96.71437,32.99663],[-96.70903,32.99419]]]}},{"type":"Feature","properties":{"h3":"8826c86759fffff","mii":25,"trt":0.0,"glp1":0.0,"pharmacy":0.35,"gym":0.45,"n":2},"geometry":{"type":"Polygon","coordinates":[[[-96.85193,32.94568],[-96.84688,32.94833],[-96.84717,32.9534],[-96.85252,32.95584],[-96.85757,32.95319],[-96.85727,32.94812],[-96.85193,32.94568]]]}},{"type":"Feature","properties":{"h3":"8826c80db1fffff","mii":25,"trt":0.0,"glp1":0.0,"pharmacy":0.0,"gym":0.9,"n":2},"geometry":{"type":"Polygon","coordinates":[[[-96.82568,33.12146],[-96.82062,33.12409],[-96.82091,33.12916],[-96.82627,33.1316],[-96.83132,33.12896],[-96.83103,33.12389],[-96.82568,33.12146]]]}},{"type":"Feature","properties":{"h3":"8826cb9167fffff","mii":25,"trt":0.0,"glp1":0.0,"pharmacy":0.0,"gym":0.0,"n":0},"geometry":{"type":"Polygon","coordinates":[[[-96.79031,32.77916],[-96.78527,32.7818],[-96.78556,32.78688],[-96.7909,32.78931],[-96.79594,32.78667],[-96.79565,32.78159],[-96.79031,32.77916]]]}},{"type":"Feature","properties":{"h3":"8826cbda17fffff","mii":25,"trt":0.7,"glp1":0.0,"pharmacy":0.0,"gym":0.0,"n":1},"geometry":{"type":"Polygon","coordinates":[[[-97.32878,32.73659],[-97.32373,32.73926],[-97.32405,32.74435],[-97.32941,32.74677],[-97.33445,32.7441],[-97.33414,32.73901],[-97.32878,32.73659]]]}},{"type":"Feature","properties":{"h3":"8826c874cbfffff","mii":25,"trt":0.0,"glp1":0.0,"pharmacy":0.0,"gym":0.0,"n":0},"geometry":{"type":"Polygon","coordinates":[[[-96.76187,33.00842],[-96.75682,33.01106],[-96.75711,33.01614],[-96.76245,33.01857],[-96.76751,33.01594],[-96.76722,33.01086],[-96.76187,33.00842]]]}},{"type":"Feature","properties":{"h3":"8826c864b1fffff","mii":25,"trt":0.0,"glp1":0.0,"pharmacy":0.0,"gym":0.0,"n":0},"geometry":{"type":"Polygon","coordinates":[[[-96.8072,32.8017],[-96.80215,32.80434],[-96.80244,32.80942],[-96.80778,32.81186],[-96.81283,32.80921],[-96.81253,32.80413],[-96.8072,32.8017]]]}},{"type":"Feature","properties":{"h3":"8826caa649fffff","mii":25,"trt":0.0,"glp1":0.0,"pharmacy":0.0,"gym":0.0,"n":0},"geometry":{"type":"Polygon","coordinates":[[[-97.31083,32.95087],[-97.30578,32.95354],[-97.3061,32.95862],[-97.31146,32.96103],[-97.31652,32.95837],[-97.3162,32.95329],[-97.31083,32.95087]]]}},{"type":"Feature","properties":{"h3":"8826caa64dfffff","mii":25,"trt":0.0,"glp1":0.0,"pharmacy":0.0,"gym":0.0,"n":0},"geometry":{"type":"Polygon","coordinates":[[[-97.32125,32.95062],[-97.3162,32.95329],[-97.31652,32.95837],[-97.32189,32.96079],[-97.32694,32.95812],[-97.32662,32.95304],[-97.32125,32.95062]]]}},{"type":"Feature","properties":{"h3":"8826caa645fffff","mii":25,"trt":0.0,"glp1":0.0,"pharmacy":0.0,"gym":0.0,"n":0},"geometry":{"type":"Polygon","coordinates":[[[-97.32599,32.94288],[-97.32094,32.94554],[-97.32125,32.95062],[-97.32662,32.95304],[-97.33168,32.95037],[-97.33136,32.94529],[-97.32599,32.94288]]]}},{"type":"Feature","properties":{"h3":"8826caa647fffff","mii":25,"trt":0.0,"glp1":0.0,"pharmacy":0.0,"gym":0.0,"n":0},"geometry":{"type":"Polygon","coordinates":[[[-97.3203,32.93538],[-97.31525,32.93804],[-97.31557,32.94313],[-97.32094,32.94554],[-97.32599,32.94288],[-97.32567,32.9378],[-97.3203,32.93538]]]}},{"type":"Feature","properties":{"h3":"8826caa643fffff","mii":25,"trt":0.0,"glp1":0.0,"pharmacy":0.0,"gym":0.0,"n":0},"geometry":{"type":"Polygon","coordinates":[[[-97.30988,32.93563],[-97.30483,32.93829],[-97.30515,32.94337],[-97.31052,32.94579],[-97.31557,32.94313],[-97.31525,32.93804],[-97.30988,32.93563]]]}},{"type":"Feature","properties":{"h3":"8826caa64bfffff","mii":25,"trt":0.0,"glp1":0.0,"pharmacy":0.0,"gym":0.0,"n":0},"geometry":{"type":"Polygon","coordinates":[[[-97.30515,32.94337],[-97.3001,32.94604],[-97.30041,32.95112],[-97.30578,32.95354],[-97.31083,32.95087],[-97.31052,32.94579],[-97.30515,32.94337]]]}},{"type":"Feature","properties":{"h3":"8826c805a1fffff","mii":25,"trt":0.0,"glp1":19.25,"pharmacy":0.0,"gym":0.0,"n":34},"geometry":{"type":"Polygon","coordinates":[[[-96.66824,33.19291],[-96.66318,33.19554],[-96.66347,33.20061],[-96.66882,33.20305],[-96.67388,33.20042],[-96.67359,33.19535],[-96.66824,33.19291]]]}},{"type":"Feature","properties":{"h3":"8826c869b5fffff","mii":25,"trt":0.0,"glp1":0.0,"pharmacy":0.0,"gym":0.0,"n":0},"geometry":{"type":"Polygon","coordinates":[[[-97.22092,32.84611],[-97.21588,32.84877],[-97.21619,32.85386],[-97.22155,32.85628],[-97.2266,32.85361],[-97.22628,32.84853],[-97.22092,32.84611]]]}},{"type":"Feature","properties":{"h3":"8826cbd349fffff","mii":25,"trt":0.0,"glp1":0.0,"pharmacy":0.0,"gym":0.0,"n":0},"geometry":{"type":"Polygon","coordinates":[[[-97.23133,32.84587],[-97.22628,32.84853],[-97.2266,32.85361],[-97.23196,32.85603],[-97.237,32.85337],[-97.23669,32.84829],[-97.23133,32.84587]]]}},{"type":"Feature","properties":{"h3":"8826cbd341fffff","mii":25,"trt":0.0,"glp1":0.0,"pharmacy":0.0,"gym":0.0,"n":0},"geometry":{"type":"Polygon","coordinates":[[[-97.23607,32.83812],[-97.23102,32.84078],[-97.23133,32.84587],[-97.23669,32.84829],[-97.24174,32.84562],[-97.24143,32.84054],[-97.23607,32.83812]]]}},{"type":"Feature","properties":{"h3":"8826cbd343fffff","mii":25,"trt":0.0,"glp1":0.0,"pharmacy":0.0,"gym":0.0,"n":0},"geometry":{"type":"Polygon","coordinates":[[[-97.23039,32.83062],[-97.22535,32.83328],[-97.22566,32.83836],[-97.23102,32.84078],[-97.23607,32.83812],[-97.23575,32.83304],[-97.23039,32.83062]]]}},{"type":"Feature","properties":{"h3":"8826cbd35dfffff","mii":25,"trt":0.0,"glp1":0.0,"pharmacy":0.0,"gym":0.0,"n":0},"geometry":{"type":"Polygon","coordinates":[[[-97.21999,32.83086],[-97.21494,32.83352],[-97.21525,32.83861],[-97.22061,32.84103],[-97.22566,32.83836],[-97.22535,32.83328],[-97.21999,32.83086]]]}},{"type":"Feature","properties":{"h3":"8826c869b7fffff","mii":25,"trt":0.0,"glp1":0.0,"pharmacy":0.0,"gym":0.0,"n":0},"geometry":{"type":"Polygon","coordinates":[[[-97.21525,32.83861],[-97.21021,32.84127],[-97.21052,32.84635],[-97.21588,32.84877],[-97.22092,32.84611],[-97.22061,32.84103],[-97.21525,32.83861]]]}},{"type":"Feature","properties":{"h3":"8826c82507fffff","mii":25,"trt":0.0,"glp1":17.25,"pharmacy":0.0,"gym":0.0,"n":29},"geometry":{"type":"Polygon","coordinates":[[[-96.41165,32.87763],[-96.40661,32.88025],[-96.40688,32.88532],[-96.4122,32.88777],[-96.41725,32.88515],[-96.41697,32.88007],[-96.41165,32.87763]]]}},{"type":"Feature","properties":{"h3":"8826cb9a31fffff","mii":25,"trt":0.0,"glp1":12.8,"pharmacy":0.0,"gym":0.0,"n":22},"geometry":{"type":"Polygon","coordinates":[[[-96.84044,32.74762],[-96.8354,32.75026],[-96.8357,32.75534],[-96.84103,32.75778],[-96.84607,32.75513],[-96.84578,32.75005],[-96.84044,32.74762]]]}},{"type":"Feature","properties":{"h3":"8826cb9141fffff","mii":25,"trt":0.0,"glp1":0.0,"pharmacy":0.0,"gym":0.0,"n":0},"geometry":{"type":"Polygon","coordinates":[[[-96.76005,32.79502],[-96.75501,32.79766],[-96.7553,32.80274],[-96.76063,32.80517],[-96.76568,32.80253],[-96.76539,32.79745],[-96.76005,32.79502]]]}},{"type":"Feature","properties":{"h3":"8826cb9109fffff","mii":25,"trt":0.0,"glp1":0.0,"pharmacy":0.0,"gym":0.0,"n":0},"geometry":{"type":"Polygon","coordinates":[[[-96.75918,32.77978],[-96.75414,32.78242],[-96.75443,32.7875],[-96.75976,32.78994],[-96.76481,32.78729],[-96.76451,32.78221],[-96.75918,32.77978]]]}},{"type":"Feature","properties":{"h3":"8826cb9143fffff","mii":25,"trt":0.0,"glp1":0.0,"pharmacy":0.0,"gym":0.0,"n":0},"geometry":{"type":"Polygon","coordinates":[[[-96.75443,32.7875],[-96.74939,32.79014],[-96.74968,32.79522],[-96.75501,32.79766],[-96.76005,32.79502],[-96.75976,32.78994],[-96.75443,32.7875]]]}},{"type":"Feature","properties":{"h3":"8826c866e1fffff","mii":25,"trt":0.0,"glp1":19.65,"pharmacy":0.0,"gym":0.0,"n":34},"geometry":{"type":"Polygon","coordinates":[[[-96.79169,32.89352],[-96.78664,32.89616],[-96.78693,32.90124],[-96.79227,32.90367],[-96.79732,32.90103],[-96.79703,32.89596],[-96.79169,32.89352]]]}},{"type":"Feature","properties":{"h3":"8826cbd2bdfffff","mii":25,"trt":0.0,"glp1":14.15,"pharmacy":0.0,"gym":0.0,"n":25},"geometry":{"type":"Polygon","coordinates":[[[-97.13688,32.74879],[-97.13184,32.75145],[-97.13215,32.75653],[-97.1375,32.75896],[-97.14254,32.75629],[-97.14223,32.75121],[-97.13688,32.74879]]]}},{"type":"Feature","properties":{"h3":"8826cbd731fffff","mii":25,"trt":0.0,"glp1":14.05,"pharmacy":0.0,"gym":0.0,"n":23},"geometry":{"type":"Polygon","coordinates":[[[-97.09165,32.68872],[-97.08661,32.69138],[-97.08691,32.69647],[-97.09226,32.69889],[-97.0973,32.69623],[-97.09699,32.69115],[-97.09165,32.68872]]]}},{"type":"Feature","properties":{"h3":"8826cbca93fffff","mii":25,"trt":0.0,"glp1":17.5,"pharmacy":0.0,"gym":0.0,"n":30},"geometry":{"type":"Polygon","coordinates":[[[-97.30512,32.52311],[-97.30009,32.52579],[-97.3004,32.53088],[-97.30575,32.5333],[-97.31079,32.53062],[-97.31047,32.52553],[-97.30512,32.52311]]]}},{"type":"Feature","properties":{"h3":"8826cbdac5fffff","mii":25,"trt":0.0,"glp1":0.0,"pharmacy":0.0,"gym":0.0,"n":0},"geometry":{"type":"Polygon","coordinates":[[[-97.3127,32.72935],[-97.30766,32.73202],[-97.30797,32.7371],[-97.31333,32.73952],[-97.31837,32.73685],[-97.31806,32.73176],[-97.3127,32.72935]]]}},{"type":"Feature","properties":{"h3":"8826cbda8dfffff","mii":25,"trt":0.0,"glp1":0.0,"pharmacy":0.0,"gym":0.0,"n":0},"geometry":{"type":"Polygon","coordinates":[[[-97.31175,32.71408],[-97.30671,32.71676],[-97.30703,32.72184],[-97.31238,32.72426],[-97.31743,32.72159],[-97.31711,32.7165],[-97.31175,32.71408]]]}},{"type":"Feature","properties":{"h3":"8826cbdac7fffff","mii":25,"trt":0.0,"glp1":0.0,"pharmacy":0.0,"gym":0.0,"n":0},"geometry":{"type":"Polygon","coordinates":[[[-97.30703,32.72184],[-97.30198,32.72451],[-97.3023,32.7296],[-97.30766,32.73202],[-97.3127,32.72935],[-97.31238,32.72426],[-97.30703,32.72184]]]}},{"type":"Feature","properties":{"h3":"8826cbd9c3fffff","mii":25,"trt":0.0,"glp1":19.45,"pharmacy":0.0,"gym":0.0,"n":32},"geometry":{"type":"Polygon","coordinates":[[[-97.40249,32.66597],[-97.39745,32.66864],[-97.39777,32.67373],[-97.40313,32.67614],[-97.40817,32.67347],[-97.40785,32.66838],[-97.40249,32.66597]]]}},{"type":"Feature","properties":{"h3":"8826cbd509fffff","mii":24,"trt":0.6,"glp1":0.0,"pharmacy":0.0,"gym":0.0,"n":1},"geometry":{"type":"Polygon","coordinates":[[[-97.11623,32.66524],[-97.11119,32.66791],[-97.1115,32.67299],[-97.11684,32.67541],[-97.12188,32.67275],[-97.12158,32.66767],[-97.11623,32.66524]]]}},{"type":"Feature","properties":{"h3":"8826c86aa1fffff","mii":24,"trt":0.0,"glp1":0.0,"pharmacy":0.0,"gym":0.45,"n":1},"geometry":{"type":"Polygon","coordinates":[[[-97.12623,32.91697],[-97.12118,32.91963],[-97.12149,32.92471],[-97.12685,32.92713],[-97.1319,32.92447],[-97.13159,32.91939],[-97.12623,32.91697]]]}},{"type":"Feature","properties":{"h3":"8826cb9a45fffff","mii":24,"trt":0.0,"glp1":0.0,"pharmacy":0.0,"gym":0.0,"n":0},"geometry":{"type":"Polygon","coordinates":[[[-96.84309,32.79334],[-96.83805,32.79599],[-96.83834,32.80107],[-96.84368,32.8035],[-96.84872,32.80085],[-96.84843,32.79577],[-96.84309,32.79334]]]}},{"type":"Feature","properties":{"h3":"8826c874e5fffff","mii":24,"trt":0.0,"glp1":0.0,"pharmacy":0.0,"gym":0.0,"n":0},"geometry":{"type":"Polygon","coordinates":[[[-96.80822,32.9999],[-96.80317,33.00254],[-96.80346,33.00762],[-96.80881,33.01005],[-96.81386,33.00741],[-96.81357,33.00234],[-96.80822,32.9999]]]}},{"type":"Feature","properties":{"h3":"8826c8659dfffff","mii":24,"trt":0.0,"glp1":0.0,"pharmacy":0.0,"gym":0.0,"n":0},"geometry":{"type":"Polygon","coordinates":[[[-96.85999,32.81588],[-96.85495,32.81852],[-96.85524,32.8236],[-96.86058,32.82604],[-96.86563,32.82339],[-96.86533,32.81831],[-96.85999,32.81588]]]}},{"type":"Feature","properties":{"h3":"8826cbd983fffff","mii":24,"trt":0.0,"glp1":0.0,"pharmacy":0.0,"gym":0.0,"n":0},"geometry":{"type":"Polygon","coordinates":[[[-97.40625,32.64293],[-97.40121,32.64561],[-97.40153,32.6507],[-97.40689,32.65311],[-97.41193,32.65043],[-97.41161,32.64534],[-97.40625,32.64293]]]}},{"type":"Feature","properties":{"h3":"8826c839a3fffff","mii":24,"trt":0.0,"glp1":0.0,"pharmacy":0.0,"gym":0.0,"n":0},"geometry":{"type":"Polygon","coordinates":[[[-96.68997,33.02502],[-96.68491,33.02765],[-96.6852,33.03273],[-96.69054,33.03517],[-96.6956,33.03253],[-96.69531,33.02746],[-96.68997,33.02502]]]}},{"type":"Feature","properties":{"h3":"8826c86ca1fffff","mii":24,"trt":0.45,"glp1":3.4,"pharmacy":0.0,"gym":0.0,"n":7},"geometry":{"type":"Polygon","coordinates":[[[-97.00746,32.75933],[-97.00241,32.76198],[-97.00272,32.76706],[-97.00806,32.76949],[-97.0131,32.76684],[-97.0128,32.76175],[-97.00746,32.75933]]]}},{"type":"Feature","properties":{"h3":"8826c80e27fffff","mii":24,"trt":0.0,"glp1":0.0,"pharmacy":0.0,"gym":0.0,"n":0},"geometry":{"type":"Polygon","coordinates":[[[-96.78541,33.23643],[-96.78035,33.23906],[-96.78064,33.24413],[-96.786,33.24656],[-96.79106,33.24393],[-96.79077,33.23886],[-96.78541,33.23643]]]}},{"type":"Feature","properties":{"h3":"8826c80f1bfffff","mii":24,"trt":0.0,"glp1":0.0,"pharmacy":0.0,"gym":0.0,"n":0},"geometry":{"type":"Polygon","coordinates":[[[-96.79583,33.23623],[-96.79077,33.23886],[-96.79106,33.24393],[-96.79642,33.24637],[-96.80148,33.24374],[-96.80119,33.23867],[-96.79583,33.23623]]]}},{"type":"Feature","properties":{"h3":"8826c80f13fffff","mii":24,"trt":0.0,"glp1":0.0,"pharmacy":0.0,"gym":0.0,"n":0},"geometry":{"type":"Polygon","coordinates":[[[-96.8006,33.22853],[-96.79554,33.23116],[-96.79583,33.23623],[-96.80119,33.23867],[-96.80625,33.23603],[-96.80596,33.23097],[-96.8006,33.22853]]]}},{"type":"Feature","properties":{"h3":"8826c80c45fffff","mii":24,"trt":0.0,"glp1":0.0,"pharmacy":0.0,"gym":0.0,"n":0},"geometry":{"type":"Polygon","coordinates":[[[-96.79495,33.22102],[-96.78989,33.22366],[-96.79018,33.22873],[-96.79554,33.23116],[-96.8006,33.22853],[-96.80031,33.22346],[-96.79495,33.22102]]]}},{"type":"Feature","properties":{"h3":"8826c80c41fffff","mii":24,"trt":0.0,"glp1":0.0,"pharmacy":0.0,"gym":0.0,"n":0},"geometry":{"type":"Polygon","coordinates":[[[-96.78453,33.22122],[-96.77947,33.22385],[-96.77976,33.22892],[-96.78512,33.23136],[-96.79018,33.22873],[-96.78989,33.22366],[-96.78453,33.22122]]]}},{"type":"Feature","properties":{"h3":"8826c80c49fffff","mii":24,"trt":0.0,"glp1":0.0,"pharmacy":0.0,"gym":0.0,"n":0},"geometry":{"type":"Polygon","coordinates":[[[-96.77976,33.22892],[-96.7747,33.23155],[-96.77499,33.23662],[-96.78035,33.23906],[-96.78541,33.23643],[-96.78512,33.23136],[-96.77976,33.22892]]]}},{"type":"Feature","properties":{"h3":"8826c86d01fffff","mii":24,"trt":0.6,"glp1":2.6,"pharmacy":0.0,"gym":0.0,"n":5},"geometry":{"type":"Polygon","coordinates":[[[-97.09424,32.81847],[-97.0892,32.82113],[-97.0895,32.82621],[-97.09486,32.82864],[-97.0999,32.82598],[-97.0996,32.8209],[-97.09424,32.81847]]]}},{"type":"Feature","properties":{"h3":"8826ca86abfffff","mii":24,"trt":0.0,"glp1":11.15,"pharmacy":0.0,"gym":0.0,"n":19},"geometry":{"type":"Polygon","coordinates":[[[-97.57411,33.22678],[-97.56904,33.22945],[-97.56937,33.23453],[-97.57476,33.23694],[-97.57983,33.23427],[-97.5795,33.22919],[-97.57411,33.22678]]]}},{"type":"Feature","properties":{"h3":"8826c86aa7fffff","mii":23,"trt":0.75,"glp1":0.0,"pharmacy":0.0,"gym":0.0,"n":1},"geometry":{"type":"Polygon","coordinates":[[[-97.13098,32.90923],[-97.12593,32.91189],[-97.12623,32.91697],[-97.13159,32.91939],[-97.13664,32.91674],[-97.13633,32.91166],[-97.13098,32.90923]]]}},{"type":"Feature","properties":{"h3":"8826c8281bfffff","mii":23,"trt":0.0,"glp1":0.0,"pharmacy":0.0,"gym":0.0,"n":0},"geometry":{"type":"Polygon","coordinates":[[[-96.63202,32.91944],[-96.62697,32.92207],[-96.62725,32.92715],[-96.63259,32.92959],[-96.63764,32.92696],[-96.63735,32.92188],[-96.63202,32.91944]]]}},{"type":"Feature","properties":{"h3":"8826c828cdfffff","mii":23,"trt":0.0,"glp1":0.0,"pharmacy":0.0,"gym":0.0,"n":0},"geometry":{"type":"Polygon","coordinates":[[[-96.6264,32.91193],[-96.62135,32.91456],[-96.62164,32.91963],[-96.62697,32.92207],[-96.63202,32.91944],[-96.63173,32.91437],[-96.6264,32.91193]]]}},{"type":"Feature","properties":{"h3":"8826c86621fffff","mii":23,"trt":0.0,"glp1":3.4,"pharmacy":0.0,"gym":0.0,"n":6},"geometry":{"type":"Polygon","coordinates":[[[-96.83501,32.92315],[-96.82996,32.92579],[-96.83025,32.93087],[-96.8356,32.9333],[-96.84065,32.93066],[-96.84035,32.92559],[-96.83501,32.92315]]]}},{"type":"Feature","properties":{"h3":"8826c864adfffff","mii":23,"trt":0.0,"glp1":0.0,"pharmacy":0.0,"gym":0.0,"n":0},"geometry":{"type":"Polygon","coordinates":[[[-96.83447,32.82403],[-96.82943,32.82667],[-96.82972,32.83175],[-96.83506,32.83419],[-96.8401,32.83154],[-96.83981,32.82646],[-96.83447,32.82403]]]}},{"type":"Feature","properties":{"h3":"8826c874b1fffff","mii":23,"trt":0.0,"glp1":0.0,"pharmacy":0.0,"gym":0.0,"n":0},"geometry":{"type":"Polygon","coordinates":[[[-96.78004,32.96235],[-96.77499,32.96499],[-96.77528,32.97007],[-96.78062,32.9725],[-96.78568,32.96986],[-96.78538,32.96479],[-96.78004,32.96235]]]}},{"type":"Feature","properties":{"h3":"8826c8664bfffff","mii":23,"trt":0.0,"glp1":0.0,"pharmacy":0.0,"gym":0.0,"n":0},"geometry":{"type":"Polygon","coordinates":[[[-96.79519,32.95443],[-96.79014,32.95707],[-96.79044,32.96215],[-96.79578,32.96458],[-96.80083,32.96194],[-96.80054,32.95687],[-96.79519,32.95443]]]}},{"type":"Feature","properties":{"h3":"8826c8649dfffff","mii":23,"trt":0.6,"glp1":0.0,"pharmacy":0.0,"gym":0.0,"n":1},"geometry":{"type":"Polygon","coordinates":[[[-96.78731,32.81735],[-96.78227,32.82],[-96.78256,32.82507],[-96.78789,32.82751],[-96.79294,32.82487],[-96.79265,32.81979],[-96.78731,32.81735]]]}},{"type":"Feature","properties":{"h3":"8826c84599fffff","mii":23,"trt":0.0,"glp1":3.05,"pharmacy":0.0,"gym":0.0,"n":5},"geometry":{"type":"Polygon","coordinates":[[[-97.12677,33.18385],[-97.12171,33.1865],[-97.12202,33.19157],[-97.12739,33.19399],[-97.13245,33.19134],[-97.13215,33.18627],[-97.12677,33.18385]]]}},{"type":"Feature","properties":{"h3":"8826c86499fffff","mii":23,"trt":0.0,"glp1":0.0,"pharmacy":0.0,"gym":0.0,"n":0},"geometry":{"type":"Polygon","coordinates":[[[-96.77693,32.81756],[-96.77188,32.8202],[-96.77218,32.82528],[-96.77751,32.82772],[-96.78256,32.82507],[-96.78227,32.82],[-96.77693,32.81756]]]}},{"type":"Feature","properties":{"h3":"8826cbd8c1fffff","mii":23,"trt":0.45,"glp1":2.95,"pharmacy":0.0,"gym":0.0,"n":6},"geometry":{"type":"Polygon","coordinates":[[[-97.33538,32.67529],[-97.33034,32.67796],[-97.33065,32.68305],[-97.33601,32.68547],[-97.34105,32.68279],[-97.34073,32.6777],[-97.33538,32.67529]]]}},{"type":"Feature","properties":{"h3":"8826c805a9fffff","mii":23,"trt":0.0,"glp1":0.0,"pharmacy":0.0,"gym":0.0,"n":0},"geometry":{"type":"Polygon","coordinates":[[[-96.66347,33.20061],[-96.65841,33.20323],[-96.6587,33.2083],[-96.66404,33.21074],[-96.66911,33.20812],[-96.66882,33.20305],[-96.66347,33.20061]]]}},{"type":"Feature","properties":{"h3":"8826c805adfffff","mii":23,"trt":0.0,"glp1":0.0,"pharmacy":0.0,"gym":0.0,"n":0},"geometry":{"type":"Polygon","coordinates":[[[-96.67388,33.20042],[-96.66882,33.20305],[-96.66911,33.20812],[-96.67445,33.21056],[-96.67952,33.20793],[-96.67923,33.20286],[-96.67388,33.20042]]]}},{"type":"Feature","properties":{"h3":"8826c805a5fffff","mii":23,"trt":0.0,"glp1":0.0,"pharmacy":0.0,"gym":0.0,"n":0},"geometry":{"type":"Polygon","coordinates":[[[-96.67865,33.19273],[-96.67359,33.19535],[-96.67388,33.20042],[-96.67923,33.20286],[-96.68429,33.20023],[-96.684,33.19517],[-96.67865,33.19273]]]}},{"type":"Feature","properties":{"h3":"8826c805a7fffff","mii":23,"trt":0.0,"glp1":0.0,"pharmacy":0.0,"gym":0.0,"n":0},"geometry":{"type":"Polygon","coordinates":[[[-96.67302,33.18522],[-96.66796,33.18784],[-96.66824,33.19291],[-96.67359,33.19535],[-96.67865,33.19273],[-96.67837,33.18766],[-96.67302,33.18522]]]}},{"type":"Feature","properties":{"h3":"8826c805a3fffff","mii":23,"trt":0.0,"glp1":0.0,"pharmacy":0.0,"gym":0.0,"n":0},"geometry":{"type":"Polygon","coordinates":[[[-96.66261,33.1854],[-96.65755,33.18803],[-96.65784,33.1931],[-96.66318,33.19554],[-96.66824,33.19291],[-96.66796,33.18784],[-96.66261,33.1854]]]}},{"type":"Feature","properties":{"h3":"8826c805abfffff","mii":23,"trt":0.0,"glp1":0.0,"pharmacy":0.0,"gym":0.0,"n":0},"geometry":{"type":"Polygon","coordinates":[[[-96.65784,33.1931],[-96.65277,33.19573],[-96.65306,33.20079],[-96.65841,33.20323],[-96.66347,33.20061],[-96.66318,33.19554],[-96.65784,33.1931]]]}},{"type":"Feature","properties":{"h3":"8826cbd457fffff","mii":23,"trt":0.0,"glp1":0.0,"pharmacy":0.0,"gym":0.0,"n":0},"geometry":{"type":"Polygon","coordinates":[[[-97.02753,32.65962],[-97.02249,32.66228],[-97.02279,32.66736],[-97.02813,32.66979],[-97.03317,32.66713],[-97.03287,32.66204],[-97.02753,32.65962]]]}},{"type":"Feature","properties":{"h3":"8826cbd40bfffff","mii":23,"trt":0.0,"glp1":0.0,"pharmacy":0.0,"gym":0.0,"n":0},"geometry":{"type":"Polygon","coordinates":[[[-97.03791,32.65939],[-97.03287,32.66204],[-97.03317,32.66713],[-97.03851,32.66956],[-97.04355,32.6669],[-97.04325,32.66181],[-97.03791,32.65939]]]}},{"type":"Feature","properties":{"h3":"8826cbd403fffff","mii":23,"trt":0.0,"glp1":0.0,"pharmacy":0.0,"gym":0.0,"n":0},"geometry":{"type":"Polygon","coordinates":[[[-97.04264,32.65164],[-97.0376,32.6543],[-97.03791,32.65939],[-97.04325,32.66181],[-97.04829,32.65915],[-97.04798,32.65407],[-97.04264,32.65164]]]}},{"type":"Feature","properties":{"h3":"8826cbd415fffff","mii":23,"trt":0.0,"glp1":0.0,"pharmacy":0.0,"gym":0.0,"n":0},"geometry":{"type":"Polygon","coordinates":[[[-97.037,32.64413],[-97.03196,32.64679],[-97.03226,32.65187],[-97.0376,32.6543],[-97.04264,32.65164],[-97.04234,32.64656],[-97.037,32.64413]]]}},{"type":"Feature","properties":{"h3":"8826cbd411fffff","mii":23,"trt":0.0,"glp1":0.0,"pharmacy":0.0,"gym":0.0,"n":0},"geometry":{"type":"Polygon","coordinates":[[[-97.02662,32.64436],[-97.02158,32.64702],[-97.02188,32.65211],[-97.02722,32.65453],[-97.03226,32.65187],[-97.03196,32.64679],[-97.02662,32.64436]]]}},{"type":"Feature","properties":{"h3":"8826cbd419fffff","mii":23,"trt":0.0,"glp1":0.0,"pharmacy":0.0,"gym":0.0,"n":0},"geometry":{"type":"Polygon","coordinates":[[[-97.02188,32.65211],[-97.01685,32.65477],[-97.01715,32.65985],[-97.02249,32.66228],[-97.02753,32.65962],[-97.02722,32.65453],[-97.02188,32.65211]]]}},{"type":"Feature","properties":{"h3":"8826c9596dfffff","mii":23,"trt":0.0,"glp1":9.85,"pharmacy":0.0,"gym":0.0,"n":17},"geometry":{"type":"Polygon","coordinates":[[[-96.46162,32.74724],[-96.45658,32.74987],[-96.45685,32.75495],[-96.46217,32.75739],[-96.46721,32.75476],[-96.46693,32.74969],[-96.46162,32.74724]]]}},{"type":"Feature","properties":{"h3":"8826c866e9fffff","mii":23,"trt":0.0,"glp1":0.0,"pharmacy":0.0,"gym":0.0,"n":0},"geometry":{"type":"Polygon","coordinates":[[[-96.78693,32.90124],[-96.78188,32.90388],[-96.78217,32.90895],[-96.78751,32.91139],[-96.79256,32.90875],[-96.79227,32.90367],[-96.78693,32.90124]]]}},{"type":"Feature","properties":{"h3":"8826c866e3fffff","mii":23,"trt":0.0,"glp1":0.0,"pharmacy":0.0,"gym":0.0,"n":0},"geometry":{"type":"Polygon","coordinates":[[[-96.78606,32.88601],[-96.78101,32.88865],[-96.7813,32.89373],[-96.78664,32.89616],[-96.79169,32.89352],[-96.7914,32.88844],[-96.78606,32.88601]]]}},{"type":"Feature","properties":{"h3":"8826c866ebfffff","mii":23,"trt":0.0,"glp1":0.0,"pharmacy":0.0,"gym":0.0,"n":0},"geometry":{"type":"Polygon","coordinates":[[[-96.7813,32.89373],[-96.77625,32.89637],[-96.77654,32.90144],[-96.78188,32.90388],[-96.78693,32.90124],[-96.78664,32.89616],[-96.7813,32.89373]]]}},{"type":"Feature","properties":{"h3":"8826cbd9cbfffff","mii":23,"trt":0.0,"glp1":0.0,"pharmacy":0.0,"gym":0.0,"n":0},"geometry":{"type":"Polygon","coordinates":[[[-97.39777,32.67373],[-97.39273,32.67641],[-97.39305,32.68149],[-97.39841,32.68391],[-97.40345,32.68123],[-97.40313,32.67614],[-97.39777,32.67373]]]}},{"type":"Feature","properties":{"h3":"8826cbd9c1fffff","mii":23,"trt":0.0,"glp1":0.0,"pharmacy":0.0,"gym":0.0,"n":0},"geometry":{"type":"Polygon","coordinates":[[[-97.40817,32.67347],[-97.40313,32.67614],[-97.40345,32.68123],[-97.40881,32.68364],[-97.41385,32.68097],[-97.41353,32.67588],[-97.40817,32.67347]]]}},{"type":"Feature","properties":{"h3":"8826cbd9c7fffff","mii":23,"trt":0.0,"glp1":0.0,"pharmacy":0.0,"gym":0.0,"n":0},"geometry":{"type":"Polygon","coordinates":[[[-97.41289,32.6657],[-97.40785,32.66838],[-97.40817,32.67347],[-97.41353,32.67588],[-97.41857,32.6732],[-97.41825,32.66811],[-97.41289,32.6657]]]}},{"type":"Feature","properties":{"h3":"8826cbd9d5fffff","mii":23,"trt":0.0,"glp1":0.0,"pharmacy":0.0,"gym":0.0,"n":0},"geometry":{"type":"Polygon","coordinates":[[[-97.39681,32.65846],[-97.39177,32.66114],[-97.39209,32.66623],[-97.39745,32.66864],[-97.40249,32.66597],[-97.40217,32.66088],[-97.39681,32.65846]]]}},{"type":"Feature","properties":{"h3":"8826cbd9ddfffff","mii":23,"trt":0.0,"glp1":0.0,"pharmacy":0.0,"gym":0.0,"n":0},"geometry":{"type":"Polygon","coordinates":[[[-97.39209,32.66623],[-97.38705,32.6689],[-97.38737,32.67399],[-97.39273,32.67641],[-97.39777,32.67373],[-97.39745,32.66864],[-97.39209,32.66623]]]}},{"type":"Feature","properties":{"h3":"8826cbd8ddfffff","mii":22,"trt":0.45,"glp1":0.0,"pharmacy":0.0,"gym":0.0,"n":1},"geometry":{"type":"Polygon","coordinates":[[[-97.31931,32.66804],[-97.31427,32.67071],[-97.31458,32.6758],[-97.31994,32.67822],[-97.32498,32.67555],[-97.32466,32.67046],[-97.31931,32.66804]]]}},{"type":"Feature","properties":{"h3":"8826c80de7fffff","mii":22,"trt":0.0,"glp1":0.0,"pharmacy":0.0,"gym":0.0,"n":0},"geometry":{"type":"Polygon","coordinates":[[[-96.84827,33.15148],[-96.84321,33.15412],[-96.84351,33.15919],[-96.84886,33.16162],[-96.85392,33.15899],[-96.85363,33.15391],[-96.84827,33.15148]]]}},{"type":"Feature","properties":{"h3":"8826caa615fffff","mii":22,"trt":0.0,"glp1":0.0,"pharmacy":0.0,"gym":0.65,"n":1},"geometry":{"type":"Polygon","coordinates":[[[-97.30799,32.90514],[-97.30294,32.9078],[-97.30325,32.91288],[-97.30862,32.9153],[-97.31367,32.91263],[-97.31335,32.90755],[-97.30799,32.90514]]]}},{"type":"Feature","properties":{"h3":"8826ca84c9fffff","mii":22,"trt":0.0,"glp1":0.0,"pharmacy":0.0,"gym":0.0,"n":0},"geometry":{"type":"Polygon","coordinates":[[[-97.58358,33.21129],[-97.57851,33.21396],[-97.57884,33.21904],[-97.58424,33.22144],[-97.5893,33.21877],[-97.58897,33.2137],[-97.58358,33.21129]]]}},{"type":"Feature","properties":{"h3":"8826ca84c1fffff","mii":22,"trt":0.0,"glp1":0.0,"pharmacy":0.0,"gym":0.0,"n":0},"geometry":{"type":"Polygon","coordinates":[[[-97.58831,33.20354],[-97.58325,33.20621],[-97.58358,33.21129],[-97.58897,33.2137],[-97.59404,33.21103],[-97.59371,33.20595],[-97.58831,33.20354]]]}},{"type":"Feature","properties":{"h3":"8826c86991fffff","mii":22,"trt":0.0,"glp1":0.0,"pharmacy":0.0,"gym":0.0,"n":0},"geometry":{"type":"Polygon","coordinates":[[[-97.18497,32.85458],[-97.17992,32.85724],[-97.18023,32.86232],[-97.18559,32.86474],[-97.19064,32.86208],[-97.19033,32.857],[-97.18497,32.85458]]]}},{"type":"Feature","properties":{"h3":"8826cbd24dfffff","mii":22,"trt":0.0,"glp1":0.0,"pharmacy":0.0,"gym":0.0,"n":0},"geometry":{"type":"Polygon","coordinates":[[[-97.1689,32.84731],[-97.16385,32.84997],[-97.16416,32.85506],[-97.16952,32.85748],[-97.17456,32.85482],[-97.17425,32.84974],[-97.1689,32.84731]]]}},{"type":"Feature","properties":{"h3":"8826c86321fffff","mii":22,"trt":0.0,"glp1":0.0,"pharmacy":0.0,"gym":0.0,"n":0},"geometry":{"type":"Polygon","coordinates":[[[-97.05978,33.02522],[-97.05473,33.02787],[-97.05503,33.03294],[-97.06039,33.03537],[-97.06545,33.03272],[-97.06514,33.02764],[-97.05978,33.02522]]]}},{"type":"Feature","properties":{"h3":"8826c86327fffff","mii":22,"trt":0.0,"glp1":0.0,"pharmacy":0.0,"gym":0.0,"n":0},"geometry":{"type":"Polygon","coordinates":[[[-97.06453,33.01749],[-97.05948,33.02014],[-97.05978,33.02522],[-97.06514,33.02764],[-97.0702,33.02499],[-97.06989,33.01992],[-97.06453,33.01749]]]}},{"type":"Feature","properties":{"h3":"8826c8789bfffff","mii":22,"trt":0.0,"glp1":0.0,"pharmacy":0.0,"gym":0.0,"n":0},"geometry":{"type":"Polygon","coordinates":[[[-97.07495,33.01726],[-97.06989,33.01992],[-97.0702,33.02499],[-97.07556,33.02742],[-97.08062,33.02477],[-97.08031,33.01969],[-97.07495,33.01726]]]}},{"type":"Feature","properties":{"h3":"8826cb9a11fffff","mii":22,"trt":0.0,"glp1":0.0,"pharmacy":0.0,"gym":0.0,"n":0},"geometry":{"type":"Polygon","coordinates":[[[-96.81494,32.75577],[-96.8099,32.75842],[-96.81019,32.7635],[-96.81553,32.76593],[-96.82057,32.76328],[-96.82028,32.7582],[-96.81494,32.75577]]]}},{"type":"Feature","properties":{"h3":"8826c829b7fffff","mii":22,"trt":0.0,"glp1":0.0,"pharmacy":0.0,"gym":0.0,"n":0},"geometry":{"type":"Polygon","coordinates":[[[-96.70601,32.84945],[-96.70096,32.85209],[-96.70125,32.85717],[-96.70658,32.8596],[-96.71163,32.85697],[-96.71134,32.85189],[-96.70601,32.84945]]]}},{"type":"Feature","properties":{"h3":"8826c829b3fffff","mii":22,"trt":0.0,"glp1":0.0,"pharmacy":0.0,"gym":0.0,"n":0},"geometry":{"type":"Polygon","coordinates":[[[-96.69563,32.84965],[-96.69058,32.85229],[-96.69087,32.85736],[-96.6962,32.8598],[-96.70125,32.85717],[-96.70096,32.85209],[-96.69563,32.84965]]]}},{"type":"Feature","properties":{"h3":"8826c87621fffff","mii":22,"trt":0.0,"glp1":0.0,"pharmacy":0.0,"gym":0.65,"n":1},"geometry":{"type":"Polygon","coordinates":[[[-96.80786,33.08372],[-96.8028,33.08636],[-96.8031,33.09143],[-96.80845,33.09386],[-96.8135,33.09123],[-96.81321,33.08615],[-96.80786,33.08372]]]}},{"type":"Feature","properties":{"h3":"8826c87457fffff","mii":22,"trt":0.0,"glp1":0.0,"pharmacy":0.0,"gym":0.45,"n":1},"geometry":{"type":"Polygon","coordinates":[[[-96.79482,33.03826],[-96.78977,33.0409],[-96.79006,33.04597],[-96.79541,33.04841],[-96.80046,33.04577],[-96.80017,33.0407],[-96.79482,33.03826]]]}},{"type":"Feature","properties":{"h3":"8826c87455fffff","mii":22,"trt":0.0,"glp1":0.0,"pharmacy":0.0,"gym":0.45,"n":1},"geometry":{"type":"Polygon","coordinates":[[[-96.80046,33.04577],[-96.79541,33.04841],[-96.7957,33.05348],[-96.80105,33.05592],[-96.8061,33.05328],[-96.80581,33.04821],[-96.80046,33.04577]]]}},{"type":"Feature","properties":{"h3":"8826c82813fffff","mii":22,"trt":0.0,"glp1":0.0,"pharmacy":0.0,"gym":0.65,"n":1},"geometry":{"type":"Polygon","coordinates":[[[-96.63678,32.91173],[-96.63173,32.91437],[-96.63202,32.91944],[-96.63735,32.92188],[-96.6424,32.91925],[-96.64211,32.91417],[-96.63678,32.91173]]]}},{"type":"Feature","properties":{"h3":"8826c80dbbfffff","mii":22,"trt":0.0,"glp1":0.0,"pharmacy":0.0,"gym":0.0,"n":0},"geometry":{"type":"Polygon","coordinates":[[[-96.81527,33.12166],[-96.81021,33.12429],[-96.8105,33.12937],[-96.81585,33.1318],[-96.82091,33.12916],[-96.82062,33.12409],[-96.81527,33.12166]]]}},{"type":"Feature","properties":{"h3":"8826c82b3dfffff","mii":22,"trt":0.0,"glp1":0.0,"pharmacy":0.0,"gym":0.45,"n":1},"geometry":{"type":"Polygon","coordinates":[[[-96.71292,32.97126],[-96.70787,32.9739],[-96.70816,32.97897],[-96.7135,32.98141],[-96.71855,32.97878],[-96.71826,32.9737],[-96.71292,32.97126]]]}},{"type":"Feature","properties":{"h3":"8826c82b23fffff","mii":22,"trt":0.0,"glp1":0.0,"pharmacy":0.0,"gym":0.45,"n":1},"geometry":{"type":"Polygon","coordinates":[[[-96.72332,32.97107],[-96.71826,32.9737],[-96.71855,32.97878],[-96.72389,32.98121],[-96.72895,32.97858],[-96.72866,32.9735],[-96.72332,32.97107]]]}},{"type":"Feature","properties":{"h3":"8826c82b35fffff","mii":22,"trt":0.0,"glp1":0.0,"pharmacy":0.0,"gym":0.0,"n":0},"geometry":{"type":"Polygon","coordinates":[[[-96.71769,32.96355],[-96.71264,32.96619],[-96.71292,32.97126],[-96.71826,32.9737],[-96.72332,32.97107],[-96.72303,32.96599],[-96.71769,32.96355]]]}},{"type":"Feature","properties":{"h3":"8826c82e09fffff","mii":22,"trt":0.0,"glp1":0.0,"pharmacy":0.0,"gym":0.0,"n":0},"geometry":{"type":"Polygon","coordinates":[[[-96.47469,32.89178],[-96.46964,32.89441],[-96.46992,32.89948],[-96.47524,32.90193],[-96.48029,32.8993],[-96.48001,32.89423],[-96.47469,32.89178]]]}},{"type":"Feature","properties":{"h3":"8826c82e03fffff","mii":22,"trt":0.0,"glp1":0.0,"pharmacy":0.0,"gym":0.0,"n":0},"geometry":{"type":"Polygon","coordinates":[[[-96.47386,32.87656],[-96.46881,32.87919],[-96.46909,32.88426],[-96.47441,32.88671],[-96.47946,32.88408],[-96.47918,32.87901],[-96.47386,32.87656]]]}},{"type":"Feature","properties":{"h3":"8826c82e59fffff","mii":22,"trt":0.0,"glp1":0.0,"pharmacy":0.0,"gym":0.65,"n":1},"geometry":{"type":"Polygon","coordinates":[[[-96.44918,32.89984],[-96.44413,32.90246],[-96.44441,32.90754],[-96.44973,32.90998],[-96.45478,32.90736],[-96.4545,32.90229],[-96.44918,32.89984]]]}},{"type":"Feature","properties":{"h3":"8826c86893fffff","mii":22,"trt":0.0,"glp1":0.0,"pharmacy":0.0,"gym":0.65,"n":1},"geometry":{"type":"Polygon","coordinates":[[[-97.10648,32.84873],[-97.10143,32.85139],[-97.10174,32.85647],[-97.10709,32.85889],[-97.11214,32.85623],[-97.11184,32.85115],[-97.10648,32.84873]]]}},{"type":"Feature","properties":{"h3":"8826c87527fffff","mii":22,"trt":0.0,"glp1":0.0,"pharmacy":0.0,"gym":0.65,"n":1},"geometry":{"type":"Polygon","coordinates":[[[-96.91879,33.02055],[-96.91373,33.0232],[-96.91403,33.02827],[-96.91938,33.0307],[-96.92444,33.02806],[-96.92414,33.02298],[-96.91879,33.02055]]]}},{"type":"Feature","properties":{"h3":"8826c86a2dfffff","mii":22,"trt":0.0,"glp1":0.0,"pharmacy":0.0,"gym":0.65,"n":1},"geometry":{"type":"Polygon","coordinates":[[[-97.17159,32.97699],[-97.16654,32.97965],[-97.16685,32.98473],[-97.17221,32.98715],[-97.17726,32.98449],[-97.17695,32.97941],[-97.17159,32.97699]]]}},{"type":"Feature","properties":{"h3":"8826c80cd3fffff","mii":22,"trt":0.0,"glp1":0.0,"pharmacy":0.0,"gym":0.65,"n":1},"geometry":{"type":"Polygon","coordinates":[[[-96.71769,33.14634],[-96.71263,33.14898],[-96.71292,33.15405],[-96.71827,33.15648],[-96.72333,33.15385],[-96.72304,33.14878],[-96.71769,33.14634]]]}},{"type":"Feature","properties":{"h3":"8826c94b67fffff","mii":22,"trt":0.0,"glp1":0.0,"pharmacy":0.0,"gym":0.65,"n":1},"geometry":{"type":"Polygon","coordinates":[[[-96.45499,32.62537],[-96.44996,32.628],[-96.45023,32.63308],[-96.45554,32.63553],[-96.46058,32.6329],[-96.4603,32.62782],[-96.45499,32.62537]]]}},{"type":"Feature","properties":{"h3":"8826c95923fffff","mii":22,"trt":0.0,"glp1":0.0,"pharmacy":0.0,"gym":0.65,"n":1},"geometry":{"type":"Polygon","coordinates":[[[-96.45437,32.70925],[-96.44933,32.71188],[-96.44961,32.71696],[-96.45492,32.71941],[-96.45996,32.71678],[-96.45968,32.7117],[-96.45437,32.70925]]]}},{"type":"Feature","properties":{"h3":"8826c82955fffff","mii":22,"trt":0.0,"glp1":0.0,"pharmacy":0.0,"gym":0.65,"n":1},"geometry":{"type":"Polygon","coordinates":[[[-96.72158,32.94062],[-96.71653,32.94325],[-96.71682,32.94833],[-96.72216,32.95077],[-96.72721,32.94813],[-96.72692,32.94306],[-96.72158,32.94062]]]}},{"type":"Feature","properties":{"h3":"8826cbd817fffff","mii":22,"trt":0.0,"glp1":0.0,"pharmacy":0.0,"gym":0.65,"n":1},"geometry":{"type":"Polygon","coordinates":[[[-97.36185,32.68228],[-97.35681,32.68495],[-97.35712,32.69004],[-97.36248,32.69245],[-97.36752,32.68978],[-97.36721,32.68469],[-97.36185,32.68228]]]}},{"type":"Feature","properties":{"h3":"8826c82161fffff","mii":22,"trt":0.0,"glp1":0.0,"pharmacy":0.0,"gym":0.65,"n":1},"geometry":{"type":"Polygon","coordinates":[[[-96.57958,33.00418],[-96.57453,33.00681],[-96.57481,33.01188],[-96.58015,33.01433],[-96.5852,33.0117],[-96.58492,33.00663],[-96.57958,33.00418]]]}},{"type":"Feature","properties":{"h3":"8826c865d7fffff","mii":22,"trt":0.0,"glp1":0.0,"pharmacy":0.0,"gym":0.0,"n":0},"geometry":{"type":"Polygon","coordinates":[[[-96.85524,32.8236],[-96.8502,32.82625],[-96.85049,32.83133],[-96.85583,32.83376],[-96.86088,32.83112],[-96.86058,32.82604],[-96.85524,32.8236]]]}},{"type":"Feature","properties":{"h3":"8826ca84cdfffff","mii":22,"trt":1.35,"glp1":0.0,"pharmacy":0.0,"gym":0.0,"n":2},"geometry":{"type":"Polygon","coordinates":[[[-97.59404,33.21103],[-97.58897,33.2137],[-97.5893,33.21877],[-97.5947,33.22118],[-97.59976,33.21851],[-97.59943,33.21343],[-97.59404,33.21103]]]}},{"type":"Feature","properties":{"h3":"8826cb1369fffff","mii":22,"trt":0.0,"glp1":0.0,"pharmacy":0.0,"gym":0.0,"n":0},"geometry":{"type":"Polygon","coordinates":[[[-96.97995,32.46967],[-96.97492,32.47233],[-96.97521,32.47742],[-96.98054,32.47985],[-96.98557,32.47719],[-96.98527,32.4721],[-96.97995,32.46967]]]}},{"type":"Feature","properties":{"h3":"8826cb1365fffff","mii":22,"trt":0.0,"glp1":0.0,"pharmacy":0.0,"gym":0.0,"n":0},"geometry":{"type":"Polygon","coordinates":[[[-96.99503,32.46168],[-96.99,32.46435],[-96.99031,32.46944],[-96.99564,32.47186],[-97.00067,32.4692],[-97.00036,32.46411],[-96.99503,32.46168]]]}},{"type":"Feature","properties":{"h3":"8826c8283dfffff","mii":22,"trt":0.0,"glp1":0.0,"pharmacy":0.0,"gym":0.0,"n":0},"geometry":{"type":"Polygon","coordinates":[[[-96.67355,32.91867],[-96.6685,32.9213],[-96.66879,32.92638],[-96.67412,32.92882],[-96.67917,32.92618],[-96.67888,32.92111],[-96.67355,32.91867]]]}},{"type":"Feature","properties":{"h3":"8826c82823fffff","mii":22,"trt":0.0,"glp1":0.0,"pharmacy":0.0,"gym":0.0,"n":0},"geometry":{"type":"Polygon","coordinates":[[[-96.68393,32.91847],[-96.67888,32.92111],[-96.67917,32.92618],[-96.68451,32.92862],[-96.68956,32.92599],[-96.68927,32.92091],[-96.68393,32.91847]]]}},{"type":"Feature","properties":{"h3":"8826c829c9fffff","mii":22,"trt":0.0,"glp1":0.0,"pharmacy":0.0,"gym":0.0,"n":0},"geometry":{"type":"Polygon","coordinates":[[[-96.68869,32.91076],[-96.68365,32.9134],[-96.68393,32.91847],[-96.68927,32.92091],[-96.69432,32.91828],[-96.69403,32.9132],[-96.68869,32.91076]]]}},{"type":"Feature","properties":{"h3":"8826c829cbfffff","mii":22,"trt":0.0,"glp1":0.0,"pharmacy":0.0,"gym":0.0,"n":0},"geometry":{"type":"Polygon","coordinates":[[[-96.68307,32.90325],[-96.67802,32.90588],[-96.67831,32.91096],[-96.68365,32.9134],[-96.68869,32.91076],[-96.68841,32.90569],[-96.68307,32.90325]]]}},{"type":"Feature","properties":{"h3":"8826c875edfffff","mii":22,"trt":0.0,"glp1":0.0,"pharmacy":0.0,"gym":0.0,"n":0},"geometry":{"type":"Polygon","coordinates":[[[-96.87627,33.00617],[-96.87122,33.00881],[-96.87152,33.01389],[-96.87687,33.01632],[-96.88192,33.01368],[-96.88162,33.00861],[-96.87627,33.00617]]]}},{"type":"Feature","properties":{"h3":"8826c87533fffff","mii":22,"trt":0.0,"glp1":0.0,"pharmacy":0.0,"gym":0.0,"n":0},"geometry":{"type":"Polygon","coordinates":[[[-96.88668,33.00596],[-96.88162,33.00861],[-96.88192,33.01368],[-96.88727,33.01611],[-96.89232,33.01347],[-96.89203,33.00839],[-96.88668,33.00596]]]}},{"type":"Feature","properties":{"h3":"8826c862d9fffff","mii":22,"trt":0.0,"glp1":0.0,"pharmacy":0.0,"gym":0.0,"n":0},"geometry":{"type":"Polygon","coordinates":[[[-96.89143,32.99824],[-96.88638,33.00089],[-96.88668,33.00596],[-96.89203,33.00839],[-96.89708,33.00575],[-96.89678,33.00068],[-96.89143,32.99824]]]}},{"type":"Feature","properties":{"h3":"8826c862dbfffff","mii":22,"trt":0.0,"glp1":0.0,"pharmacy":0.0,"gym":0.0,"n":0},"geometry":{"type":"Polygon","coordinates":[[[-96.88579,32.99074],[-96.88073,32.99338],[-96.88103,32.99845],[-96.88638,33.00089],[-96.89143,32.99824],[-96.89114,32.99317],[-96.88579,32.99074]]]}},{"type":"Feature","properties":{"h3":"8826c875e7fffff","mii":22,"trt":0.0,"glp1":0.0,"pharmacy":0.0,"gym":0.0,"n":0},"geometry":{"type":"Polygon","coordinates":[[[-96.87539,32.99095],[-96.87033,32.99359],[-96.87063,32.99866],[-96.87598,33.0011],[-96.88103,32.99845],[-96.88073,32.99338],[-96.87539,32.99095]]]}},{"type":"Feature","properties":{"h3":"8826c875e1fffff","mii":22,"trt":0.0,"glp1":0.0,"pharmacy":0.0,"gym":0.0,"n":0},"geometry":{"type":"Polygon","coordinates":[[[-96.87063,32.99866],[-96.86558,33.00131],[-96.86587,33.00638],[-96.87122,33.00881],[-96.87627,33.00617],[-96.87598,33.0011],[-96.87063,32.99866]]]}},{"type":"Feature","properties":{"h3":"8826c86359fffff","mii":22,"trt":0.0,"glp1":9.05,"pharmacy":0.0,"gym":0.0,"n":16},"geometry":{"type":"Polygon","coordinates":[[[-97.00387,33.04928],[-96.99882,33.05193],[-96.99912,33.057],[-97.00448,33.05943],[-97.00953,33.05678],[-97.00923,33.05171],[-97.00387,33.04928]]]}},{"type":"Feature","properties":{"h3":"8826c82501fffff","mii":22,"trt":0.0,"glp1":0.0,"pharmacy":0.0,"gym":0.0,"n":0},"geometry":{"type":"Polygon","coordinates":[[[-96.40688,32.88532],[-96.40183,32.88795],[-96.40211,32.89302],[-96.40743,32.89547],[-96.41247,32.89284],[-96.4122,32.88777],[-96.40688,32.88532]]]}},{"type":"Feature","properties":{"h3":"8826c82505fffff","mii":22,"trt":0.0,"glp1":0.0,"pharmacy":0.0,"gym":0.0,"n":0},"geometry":{"type":"Polygon","coordinates":[[[-96.41725,32.88515],[-96.4122,32.88777],[-96.41247,32.89284],[-96.4178,32.89529],[-96.42284,32.89267],[-96.42257,32.8876],[-96.41725,32.88515]]]}},{"type":"Feature","properties":{"h3":"8826c8252bfffff","mii":22,"trt":0.0,"glp1":0.0,"pharmacy":0.0,"gym":0.0,"n":0},"geometry":{"type":"Polygon","coordinates":[[[-96.42202,32.87745],[-96.41697,32.88007],[-96.41725,32.88515],[-96.42257,32.8876],[-96.42761,32.88497],[-96.42734,32.8799],[-96.42202,32.87745]]]}},{"type":"Feature","properties":{"h3":"8826c8253dfffff","mii":22,"trt":0.0,"glp1":0.0,"pharmacy":0.0,"gym":0.0,"n":0},"geometry":{"type":"Polygon","coordinates":[[[-96.41642,32.86993],[-96.41138,32.87255],[-96.41165,32.87763],[-96.41697,32.88007],[-96.42202,32.87745],[-96.42174,32.87238],[-96.41642,32.86993]]]}},{"type":"Feature","properties":{"h3":"8826c82539fffff","mii":22,"trt":0.0,"glp1":0.0,"pharmacy":0.0,"gym":0.0,"n":0},"geometry":{"type":"Polygon","coordinates":[[[-96.40606,32.8701],[-96.40101,32.87273],[-96.40129,32.8778],[-96.40661,32.88025],[-96.41165,32.87763],[-96.41138,32.87255],[-96.40606,32.8701]]]}},{"type":"Feature","properties":{"h3":"8826c82503fffff","mii":22,"trt":0.0,"glp1":0.0,"pharmacy":0.0,"gym":0.0,"n":0},"geometry":{"type":"Polygon","coordinates":[[[-96.40129,32.8778],[-96.39624,32.88042],[-96.39651,32.8855],[-96.40183,32.88795],[-96.40688,32.88532],[-96.40661,32.88025],[-96.40129,32.8778]]]}},{"type":"Feature","properties":{"h3":"8826cbca9bfffff","mii":22,"trt":0.0,"glp1":0.0,"pharmacy":0.0,"gym":0.0,"n":0},"geometry":{"type":"Polygon","coordinates":[[[-97.3004,32.53088],[-97.29537,32.53356],[-97.29569,32.53865],[-97.30103,32.54106],[-97.30607,32.53839],[-97.30575,32.5333],[-97.3004,32.53088]]]}},{"type":"Feature","properties":{"h3":"8826cbca91fffff","mii":22,"trt":0.0,"glp1":0.0,"pharmacy":0.0,"gym":0.0,"n":0},"geometry":{"type":"Polygon","coordinates":[[[-97.31079,32.53062],[-97.30575,32.5333],[-97.30607,32.53839],[-97.31142,32.5408],[-97.31645,32.53813],[-97.31614,32.53304],[-97.31079,32.53062]]]}},{"type":"Feature","properties":{"h3":"8826cbca97fffff","mii":22,"trt":0.0,"glp1":0.0,"pharmacy":0.0,"gym":0.0,"n":0},"geometry":{"type":"Polygon","coordinates":[[[-97.31551,32.52286],[-97.31047,32.52553],[-97.31079,32.53062],[-97.31614,32.53304],[-97.32117,32.53036],[-97.32085,32.52527],[-97.31551,32.52286]]]}},{"type":"Feature","properties":{"h3":"8826cbcf69fffff","mii":22,"trt":0.0,"glp1":0.0,"pharmacy":0.0,"gym":0.0,"n":0},"geometry":{"type":"Polygon","coordinates":[[[-97.30984,32.51535],[-97.30481,32.51802],[-97.30512,32.52311],[-97.31047,32.52553],[-97.31551,32.52286],[-97.31519,32.51776],[-97.30984,32.51535]]]}},{"type":"Feature","properties":{"h3":"8826cbcf45fffff","mii":22,"trt":0.0,"glp1":0.0,"pharmacy":0.0,"gym":0.0,"n":0},"geometry":{"type":"Polygon","coordinates":[[[-97.29946,32.51561],[-97.29443,32.51828],[-97.29474,32.52337],[-97.30009,32.52579],[-97.30512,32.52311],[-97.30481,32.51802],[-97.29946,32.51561]]]}},{"type":"Feature","properties":{"h3":"8826cbcf4dfffff","mii":22,"trt":0.0,"glp1":0.0,"pharmacy":0.0,"gym":0.0,"n":0},"geometry":{"type":"Polygon","coordinates":[[[-97.29474,32.52337],[-97.28971,32.52605],[-97.29002,32.53114],[-97.29537,32.53356],[-97.3004,32.53088],[-97.30009,32.52579],[-97.29474,32.52337]]]}},{"type":"Feature","properties":{"h3":"8826cbd84dfffff","mii":22,"trt":0.0,"glp1":8.4,"pharmacy":0.0,"gym":0.0,"n":14},"geometry":{"type":"Polygon","coordinates":[[[-97.38079,32.73531],[-97.37575,32.73798],[-97.37607,32.74307],[-97.38143,32.74548],[-97.38648,32.74281],[-97.38616,32.73772],[-97.38079,32.73531]]]}},{"type":"Feature","properties":{"h3":"8826cbda5bfffff","mii":21,"trt":0.0,"glp1":0.0,"pharmacy":0.0,"gym":0.45,"n":1},"geometry":{"type":"Polygon","coordinates":[[[-97.30987,32.76762],[-97.30482,32.77029],[-97.30514,32.77537],[-97.3105,32.77779],[-97.31554,32.77512],[-97.31523,32.77003],[-97.30987,32.76762]]]}},{"type":"Feature","properties":{"h3":"8826cbd2d3fffff","mii":21,"trt":0.0,"glp1":0.0,"pharmacy":0.0,"gym":0.0,"n":0},"geometry":{"type":"Polygon","coordinates":[[[-97.09623,32.76499],[-97.09119,32.76765],[-97.09149,32.77273],[-97.09684,32.77515],[-97.10189,32.77249],[-97.10158,32.76741],[-97.09623,32.76499]]]}},{"type":"Feature","properties":{"h3":"8826cbd2d7fffff","mii":21,"trt":0.0,"glp1":0.0,"pharmacy":0.0,"gym":0.0,"n":0},"geometry":{"type":"Polygon","coordinates":[[[-97.10662,32.76475],[-97.10158,32.76741],[-97.10189,32.77249],[-97.10724,32.77492],[-97.11228,32.77226],[-97.11197,32.76717],[-97.10662,32.76475]]]}},{"type":"Feature","properties":{"h3":"8826cbd29bfffff","mii":21,"trt":0.0,"glp1":0.0,"pharmacy":0.0,"gym":0.0,"n":0},"geometry":{"type":"Polygon","coordinates":[[[-97.09531,32.74974],[-97.09027,32.7524],[-97.09058,32.75748],[-97.09592,32.7599],[-97.10097,32.75724],[-97.10066,32.75216],[-97.09531,32.74974]]]}},{"type":"Feature","properties":{"h3":"8826c86da5fffff","mii":21,"trt":0.0,"glp1":0.0,"pharmacy":0.0,"gym":0.0,"n":0},"geometry":{"type":"Polygon","coordinates":[[[-97.09058,32.75748],[-97.08553,32.76014],[-97.08584,32.76522],[-97.09119,32.76765],[-97.09623,32.76499],[-97.09592,32.7599],[-97.09058,32.75748]]]}},{"type":"Feature","properties":{"h3":"8826c866b1fffff","mii":21,"trt":0.0,"glp1":0.0,"pharmacy":0.0,"gym":0.0,"n":0},"geometry":{"type":"Polygon","coordinates":[[[-96.77392,32.85575],[-96.76888,32.85839],[-96.76917,32.86347],[-96.7745,32.8659],[-96.77955,32.86326],[-96.77926,32.85818],[-96.77392,32.85575]]]}},{"type":"Feature","properties":{"h3":"8826c866bbfffff","mii":21,"trt":0.0,"glp1":0.0,"pharmacy":0.0,"gym":0.0,"n":0},"geometry":{"type":"Polygon","coordinates":[[[-96.76354,32.85595],[-96.75849,32.85859],[-96.75878,32.86367],[-96.76412,32.86611],[-96.76917,32.86347],[-96.76888,32.85839],[-96.76354,32.85595]]]}},{"type":"Feature","properties":{"h3":"8826cb8a6dfffff","mii":21,"trt":1.3,"glp1":0.0,"pharmacy":0.0,"gym":0.0,"n":2},"geometry":{"type":"Polygon","coordinates":[[[-96.89086,32.63206],[-96.88583,32.63471],[-96.88612,32.6398],[-96.89145,32.64223],[-96.89649,32.63958],[-96.8962,32.63449],[-96.89086,32.63206]]]}},{"type":"Feature","properties":{"h3":"8826cb99b3fffff","mii":21,"trt":0.0,"glp1":0.0,"pharmacy":0.0,"gym":0.0,"n":0},"geometry":{"type":"Polygon","coordinates":[[[-96.90123,32.63184],[-96.8962,32.63449],[-96.89649,32.63958],[-96.90182,32.64201],[-96.90686,32.63935],[-96.90657,32.63427],[-96.90123,32.63184]]]}},{"type":"Feature","properties":{"h3":"8826cbda11fffff","mii":21,"trt":0.0,"glp1":0.0,"pharmacy":0.0,"gym":0.0,"n":0},"geometry":{"type":"Polygon","coordinates":[[[-97.32405,32.74435],[-97.31901,32.74702],[-97.31932,32.75211],[-97.32468,32.75452],[-97.32973,32.75185],[-97.32941,32.74677],[-97.32405,32.74435]]]}},{"type":"Feature","properties":{"h3":"8826c864d7fffff","mii":21,"trt":0.0,"glp1":2.2,"pharmacy":0.0,"gym":0.0,"n":4},"geometry":{"type":"Polygon","coordinates":[[[-96.78256,32.82507],[-96.77751,32.82772],[-96.7778,32.8328],[-96.78314,32.83523],[-96.78819,32.83259],[-96.78789,32.82751],[-96.78256,32.82507]]]}},{"type":"Feature","properties":{"h3":"8826c8658bfffff","mii":21,"trt":1.05,"glp1":0.0,"pharmacy":0.0,"gym":0.0,"n":2},"geometry":{"type":"Polygon","coordinates":[[[-96.86563,32.82339],[-96.86058,32.82604],[-96.86088,32.83112],[-96.86622,32.83355],[-96.87126,32.8309],[-96.87097,32.82582],[-96.86563,32.82339]]]}},{"type":"Feature","properties":{"h3":"8826cbdae7fffff","mii":21,"trt":0.0,"glp1":0.0,"pharmacy":0.0,"gym":0.0,"n":0},"geometry":{"type":"Polygon","coordinates":[[[-97.33255,32.71357],[-97.32751,32.71625],[-97.32783,32.72133],[-97.33319,32.72375],[-97.33823,32.72108],[-97.33791,32.71599],[-97.33255,32.71357]]]}},{"type":"Feature","properties":{"h3":"8826cbd9abfffff","mii":21,"trt":0.0,"glp1":0.0,"pharmacy":0.0,"gym":0.0,"n":0},"geometry":{"type":"Polygon","coordinates":[[[-97.42704,32.6424],[-97.42201,32.64508],[-97.42233,32.65017],[-97.42769,32.65258],[-97.43273,32.6499],[-97.4324,32.64481],[-97.42704,32.6424]]]}},{"type":"Feature","properties":{"h3":"8826cbd9bdfffff","mii":21,"trt":0.0,"glp1":0.0,"pharmacy":0.0,"gym":0.0,"n":0},"geometry":{"type":"Polygon","coordinates":[[[-97.42136,32.6349],[-97.41633,32.63758],[-97.41665,32.64267],[-97.42201,32.64508],[-97.42704,32.6424],[-97.42672,32.63731],[-97.42136,32.6349]]]}},{"type":"Feature","properties":{"h3":"8826cbd9b9fffff","mii":21,"trt":0.0,"glp1":0.0,"pharmacy":0.0,"gym":0.0,"n":0},"geometry":{"type":"Polygon","coordinates":[[[-97.41097,32.63516],[-97.40593,32.63784],[-97.40625,32.64293],[-97.41161,32.64534],[-97.41665,32.64267],[-97.41633,32.63758],[-97.41097,32.63516]]]}},{"type":"Feature","properties":{"h3":"8826cbd9e3fffff","mii":21,"trt":1.3,"glp1":0.0,"pharmacy":0.0,"gym":0.0,"n":2},"geometry":{"type":"Polygon","coordinates":[[[-97.42801,32.65767],[-97.42297,32.66035],[-97.42329,32.66544],[-97.42865,32.66785],[-97.43369,32.66517],[-97.43337,32.66008],[-97.42801,32.65767]]]}},{"type":"Feature","properties":{"h3":"8826cbd13bfffff","mii":21,"trt":0.6,"glp1":0.0,"pharmacy":0.0,"gym":0.0,"n":1},"geometry":{"type":"Polygon","coordinates":[[[-97.26637,32.73811],[-97.26133,32.74078],[-97.26164,32.74586],[-97.267,32.74828],[-97.27204,32.74561],[-97.27173,32.74053],[-97.26637,32.73811]]]}},{"type":"Feature","properties":{"h3":"8826cbda23fffff","mii":21,"trt":1.25,"glp1":0.0,"pharmacy":0.0,"gym":0.0,"n":2},"geometry":{"type":"Polygon","coordinates":[[[-97.36567,32.74333],[-97.36062,32.746],[-97.36094,32.75108],[-97.3663,32.7535],[-97.37135,32.75083],[-97.37103,32.74574],[-97.36567,32.74333]]]}},{"type":"Feature","properties":{"h3":"8826caa653fffff","mii":21,"trt":0.0,"glp1":0.0,"pharmacy":0.0,"gym":0.0,"n":0},"geometry":{"type":"Polygon","coordinates":[[[-97.2881,32.92088],[-97.28305,32.92354],[-97.28336,32.92862],[-97.28873,32.93104],[-97.29378,32.92838],[-97.29347,32.92329],[-97.2881,32.92088]]]}},{"type":"Feature","properties":{"h3":"8826c86619fffff","mii":21,"trt":0.0,"glp1":0.0,"pharmacy":0.0,"gym":0.0,"n":0},"geometry":{"type":"Polygon","coordinates":[[[-96.78305,32.92418],[-96.778,32.92682],[-96.77829,32.9319],[-96.78363,32.93434],[-96.78868,32.9317],[-96.78839,32.92662],[-96.78305,32.92418]]]}},{"type":"Feature","properties":{"h3":"8826c829edfffff","mii":21,"trt":0.0,"glp1":8.2,"pharmacy":0.0,"gym":0.0,"n":14},"geometry":{"type":"Polygon","coordinates":[[[-96.72461,32.90245],[-96.71956,32.90509],[-96.71985,32.91017],[-96.72519,32.9126],[-96.73024,32.90997],[-96.72995,32.90489],[-96.72461,32.90245]]]}},{"type":"Feature","properties":{"h3":"8826cb9ac5fffff","mii":21,"trt":0.0,"glp1":7.45,"pharmacy":0.0,"gym":0.0,"n":13},"geometry":{"type":"Polygon","coordinates":[[[-96.80369,32.74074],[-96.79865,32.74339],[-96.79894,32.74847],[-96.80427,32.7509],[-96.80931,32.74825],[-96.80902,32.74317],[-96.80369,32.74074]]]}},{"type":"Feature","properties":{"h3":"8826caa659fffff","mii":21,"trt":0.0,"glp1":0.0,"pharmacy":0.0,"gym":0.0,"n":0},"geometry":{"type":"Polygon","coordinates":[[[-97.28905,32.93612],[-97.28399,32.93878],[-97.28431,32.94387],[-97.28968,32.94628],[-97.29473,32.94362],[-97.29441,32.93854],[-97.28905,32.93612]]]}},{"type":"Feature","properties":{"h3":"8826caa651fffff","mii":21,"trt":0.0,"glp1":0.0,"pharmacy":0.0,"gym":0.0,"n":0},"geometry":{"type":"Polygon","coordinates":[[[-97.29378,32.92838],[-97.28873,32.93104],[-97.28905,32.93612],[-97.29441,32.93854],[-97.29946,32.93587],[-97.29915,32.93079],[-97.29378,32.92838]]]}},{"type":"Feature","properties":{"h3":"8826cb9a4bfffff","mii":20,"trt":0.0,"glp1":0.0,"pharmacy":0.0,"gym":0.45,"n":1},"geometry":{"type":"Polygon","coordinates":[[[-96.82233,32.79376],[-96.81728,32.79641],[-96.81758,32.80149],[-96.82291,32.80392],[-96.82796,32.80128],[-96.82766,32.7962],[-96.82233,32.79376]]]}},{"type":"Feature","properties":{"h3":"8826cb8b39fffff","mii":20,"trt":0.0,"glp1":0.0,"pharmacy":0.0,"gym":0.0,"n":0},"geometry":{"type":"Polygon","coordinates":[[[-96.9353,32.59292],[-96.93026,32.59557],[-96.93056,32.60066],[-96.93589,32.60309],[-96.94093,32.60043],[-96.94063,32.59534],[-96.9353,32.59292]]]}},{"type":"Feature","properties":{"h3":"8826c82887fffff","mii":20,"trt":0.0,"glp1":0.0,"pharmacy":0.0,"gym":0.0,"n":0},"geometry":{"type":"Polygon","coordinates":[[[-96.62946,32.87377],[-96.62441,32.8764],[-96.62469,32.88148],[-96.63002,32.88392],[-96.63507,32.88128],[-96.63479,32.87621],[-96.62946,32.87377]]]}},{"type":"Feature","properties":{"h3":"8826c866abfffff","mii":20,"trt":0.0,"glp1":0.0,"pharmacy":0.0,"gym":0.0,"n":0},"geometry":{"type":"Polygon","coordinates":[[[-96.78518,32.87078],[-96.78013,32.87342],[-96.78043,32.87849],[-96.78576,32.88093],[-96.79081,32.87829],[-96.79052,32.87321],[-96.78518,32.87078]]]}},{"type":"Feature","properties":{"h3":"8826c86483fffff","mii":20,"trt":0.6,"glp1":0.0,"pharmacy":0.0,"gym":0.0,"n":1},"geometry":{"type":"Polygon","coordinates":[[[-96.79769,32.81715],[-96.79265,32.81979],[-96.79294,32.82487],[-96.79828,32.8273],[-96.80332,32.82466],[-96.80303,32.81958],[-96.79769,32.81715]]]}},{"type":"Feature","properties":{"h3":"8826cbd117fffff","mii":20,"trt":0.0,"glp1":2.85,"pharmacy":0.0,"gym":0.0,"n":5},"geometry":{"type":"Polygon","coordinates":[[[-97.25597,32.73836],[-97.25093,32.74102],[-97.25124,32.74611],[-97.2566,32.74853],[-97.26164,32.74586],[-97.26133,32.74078],[-97.25597,32.73836]]]}},{"type":"Feature","properties":{"h3":"8826caa411fffff","mii":20,"trt":0.0,"glp1":0.0,"pharmacy":0.0,"gym":0.0,"n":0},"geometry":{"type":"Polygon","coordinates":[[[-97.3307,32.85114],[-97.32565,32.8538],[-97.32597,32.85889],[-97.33133,32.8613],[-97.33638,32.85864],[-97.33607,32.85355],[-97.3307,32.85114]]]}},{"type":"Feature","properties":{"h3":"8826caa419fffff","mii":20,"trt":0.0,"glp1":0.0,"pharmacy":0.0,"gym":0.0,"n":0},"geometry":{"type":"Polygon","coordinates":[[[-97.32597,32.85889],[-97.32092,32.86156],[-97.32124,32.86664],[-97.3266,32.86906],[-97.33165,32.86639],[-97.33133,32.8613],[-97.32597,32.85889]]]}},{"type":"Feature","properties":{"h3":"8826cbd60bfffff","mii":20,"trt":0.0,"glp1":0.0,"pharmacy":0.0,"gym":0.0,"n":0},"geometry":{"type":"Polygon","coordinates":[[[-97.00474,32.71358],[-96.9997,32.71624],[-97.0,32.72132],[-97.00535,32.72375],[-97.01039,32.72109],[-97.01009,32.71601],[-97.00474,32.71358]]]}},{"type":"Feature","properties":{"h3":"8826cbd601fffff","mii":20,"trt":0.0,"glp1":0.0,"pharmacy":0.0,"gym":0.0,"n":0},"geometry":{"type":"Polygon","coordinates":[[[-97.01513,32.71335],[-97.01009,32.71601],[-97.01039,32.72109],[-97.01573,32.72352],[-97.02077,32.72086],[-97.02047,32.71578],[-97.01513,32.71335]]]}},{"type":"Feature","properties":{"h3":"8826cbd607fffff","mii":20,"trt":0.0,"glp1":0.0,"pharmacy":0.0,"gym":0.0,"n":0},"geometry":{"type":"Polygon","coordinates":[[[-97.01987,32.70561],[-97.01483,32.70827],[-97.01513,32.71335],[-97.02047,32.71578],[-97.02551,32.71312],[-97.02521,32.70804],[-97.01987,32.70561]]]}},{"type":"Feature","properties":{"h3":"8826cbd639fffff","mii":20,"trt":0.0,"glp1":0.0,"pharmacy":0.0,"gym":0.0,"n":0},"geometry":{"type":"Polygon","coordinates":[[[-97.01422,32.6981],[-97.00918,32.70076],[-97.00948,32.70584],[-97.01483,32.70827],[-97.01987,32.70561],[-97.01956,32.70053],[-97.01422,32.6981]]]}},{"type":"Feature","properties":{"h3":"8826cbd615fffff","mii":20,"trt":0.0,"glp1":0.0,"pharmacy":0.0,"gym":0.0,"n":0},"geometry":{"type":"Polygon","coordinates":[[[-97.00384,32.69833],[-96.9988,32.70099],[-96.9991,32.70607],[-97.00444,32.7085],[-97.00948,32.70584],[-97.00918,32.70076],[-97.00384,32.69833]]]}},{"type":"Feature","properties":{"h3":"8826cbd61dfffff","mii":20,"trt":0.0,"glp1":0.0,"pharmacy":0.0,"gym":0.0,"n":0},"geometry":{"type":"Polygon","coordinates":[[[-96.9991,32.70607],[-96.99406,32.70872],[-96.99436,32.71381],[-96.9997,32.71624],[-97.00474,32.71358],[-97.00444,32.7085],[-96.9991,32.70607]]]}},{"type":"Feature","properties":{"h3":"8826c82089fffff","mii":20,"trt":0.0,"glp1":7.05,"pharmacy":0.0,"gym":0.0,"n":12},"geometry":{"type":"Polygon","coordinates":[[[-96.44129,32.94566],[-96.43624,32.94829],[-96.43652,32.95336],[-96.44184,32.95581],[-96.44689,32.95318],[-96.44661,32.94811],[-96.44129,32.94566]]]}},{"type":"Feature","properties":{"h3":"8826cb981bfffff","mii":20,"trt":0.0,"glp1":7.0,"pharmacy":0.0,"gym":0.0,"n":12},"geometry":{"type":"Polygon","coordinates":[[[-96.8378,32.70188],[-96.83276,32.70453],[-96.83305,32.70961],[-96.83839,32.71205],[-96.84343,32.7094],[-96.84313,32.70432],[-96.8378,32.70188]]]}},{"type":"Feature","properties":{"h3":"8826cbd287fffff","mii":20,"trt":0.0,"glp1":0.0,"pharmacy":0.0,"gym":0.0,"n":0},"geometry":{"type":"Polygon","coordinates":[[[-97.13215,32.75653],[-97.1271,32.75919],[-97.12741,32.76428],[-97.13276,32.7667],[-97.13781,32.76404],[-97.1375,32.75896],[-97.13215,32.75653]]]}},{"type":"Feature","properties":{"h3":"8826cbd2abfffff","mii":20,"trt":0.0,"glp1":0.0,"pharmacy":0.0,"gym":0.0,"n":0},"geometry":{"type":"Polygon","coordinates":[[[-97.14254,32.75629],[-97.1375,32.75896],[-97.13781,32.76404],[-97.14316,32.76646],[-97.1482,32.7638],[-97.14789,32.75872],[-97.14254,32.75629]]]}},{"type":"Feature","properties":{"h3":"8826cbd2a3fffff","mii":20,"trt":0.0,"glp1":0.0,"pharmacy":0.0,"gym":0.0,"n":0},"geometry":{"type":"Polygon","coordinates":[[[-97.14728,32.74855],[-97.14223,32.75121],[-97.14254,32.75629],[-97.14789,32.75872],[-97.15294,32.75606],[-97.15263,32.75097],[-97.14728,32.74855]]]}},{"type":"Feature","properties":{"h3":"8826cbd2b5fffff","mii":20,"trt":0.0,"glp1":0.0,"pharmacy":0.0,"gym":0.0,"n":0},"geometry":{"type":"Polygon","coordinates":[[[-97.14162,32.74104],[-97.13657,32.7437],[-97.13688,32.74879],[-97.14223,32.75121],[-97.14728,32.74855],[-97.14697,32.74346],[-97.14162,32.74104]]]}},{"type":"Feature","properties":{"h3":"8826cbd2b1fffff","mii":20,"trt":0.0,"glp1":0.0,"pharmacy":0.0,"gym":0.0,"n":0},"geometry":{"type":"Polygon","coordinates":[[[-97.13122,32.74128],[-97.12618,32.74394],[-97.12649,32.74903],[-97.13184,32.75145],[-97.13688,32.74879],[-97.13657,32.7437],[-97.13122,32.74128]]]}},{"type":"Feature","properties":{"h3":"8826cbd739fffff","mii":20,"trt":0.0,"glp1":0.0,"pharmacy":0.0,"gym":0.0,"n":0},"geometry":{"type":"Polygon","coordinates":[[[-97.08691,32.69647],[-97.08187,32.69913],[-97.08218,32.70421],[-97.08752,32.70664],[-97.09256,32.70398],[-97.09226,32.69889],[-97.08691,32.69647]]]}},{"type":"Feature","properties":{"h3":"8826cbd73dfffff","mii":20,"trt":0.0,"glp1":0.0,"pharmacy":0.0,"gym":0.0,"n":0},"geometry":{"type":"Polygon","coordinates":[[[-97.0973,32.69623],[-97.09226,32.69889],[-97.09256,32.70398],[-97.09791,32.7064],[-97.10295,32.70374],[-97.10264,32.69866],[-97.0973,32.69623]]]}},{"type":"Feature","properties":{"h3":"8826cbd733fffff","mii":20,"trt":0.0,"glp1":0.0,"pharmacy":0.0,"gym":0.0,"n":0},"geometry":{"type":"Polygon","coordinates":[[[-97.086,32.68121],[-97.08096,32.68387],[-97.08126,32.68896],[-97.08661,32.69138],[-97.09165,32.68872],[-97.09134,32.68364],[-97.086,32.68121]]]}},{"type":"Feature","properties":{"h3":"8826cbd73bfffff","mii":20,"trt":0.0,"glp1":0.0,"pharmacy":0.0,"gym":0.0,"n":0},"geometry":{"type":"Polygon","coordinates":[[[-97.08126,32.68896],[-97.07622,32.69162],[-97.07653,32.6967],[-97.08187,32.69913],[-97.08691,32.69647],[-97.08661,32.69138],[-97.08126,32.68896]]]}},{"type":"Feature","properties":{"h3":"8826caae89fffff","mii":20,"trt":0.0,"glp1":6.75,"pharmacy":0.0,"gym":0.0,"n":11},"geometry":{"type":"Polygon","coordinates":[[[-97.45376,32.81754],[-97.44871,32.82021],[-97.44903,32.8253],[-97.4544,32.82771],[-97.45945,32.82503],[-97.45913,32.81995],[-97.45376,32.81754]]]}},{"type":"Feature","properties":{"h3":"8826cb912bfffff","mii":20,"trt":0.0,"glp1":0.0,"pharmacy":0.95,"gym":0.0,"n":1},"geometry":{"type":"Polygon","coordinates":[[[-96.77906,32.76413],[-96.77402,32.76677],[-96.77431,32.77185],[-96.77964,32.77428],[-96.78469,32.77164],[-96.78439,32.76656],[-96.77906,32.76413]]]}},{"type":"Feature","properties":{"h3":"8826c80eb7fffff","mii":19,"trt":0.0,"glp1":0.0,"pharmacy":0.0,"gym":0.0,"n":0},"geometry":{"type":"Polygon","coordinates":[[[-96.7242,33.16906],[-96.71914,33.17169],[-96.71943,33.17676],[-96.72478,33.1792],[-96.72984,33.17657],[-96.72955,33.1715],[-96.7242,33.16906]]]}},{"type":"Feature","properties":{"h3":"8826c80cc3fffff","mii":19,"trt":0.0,"glp1":0.0,"pharmacy":0.0,"gym":0.0,"n":0},"geometry":{"type":"Polygon","coordinates":[[[-96.73938,33.16117],[-96.73432,33.1638],[-96.73461,33.16887],[-96.73996,33.17131],[-96.74502,33.16868],[-96.74473,33.16361],[-96.73938,33.16117]]]}},{"type":"Feature","properties":{"h3":"8826c80cd1fffff","mii":19,"trt":0.0,"glp1":0.0,"pharmacy":0.0,"gym":0.0,"n":0},"geometry":{"type":"Polygon","coordinates":[[[-96.72333,33.15385],[-96.71827,33.15648],[-96.71856,33.16155],[-96.72391,33.16399],[-96.72897,33.16136],[-96.72868,33.15629],[-96.72333,33.15385]]]}},{"type":"Feature","properties":{"h3":"8826cbd555fffff","mii":19,"trt":0.0,"glp1":0.0,"pharmacy":0.0,"gym":0.0,"n":0},"geometry":{"type":"Polygon","coordinates":[[[-97.10585,32.66548],[-97.10081,32.66814],[-97.10111,32.67323],[-97.10646,32.67565],[-97.1115,32.67299],[-97.11119,32.66791],[-97.10585,32.66548]]]}},{"type":"Feature","properties":{"h3":"8826cbd55dfffff","mii":19,"trt":0.0,"glp1":0.0,"pharmacy":0.0,"gym":0.0,"n":0},"geometry":{"type":"Polygon","coordinates":[[[-97.10111,32.67323],[-97.09607,32.67589],[-97.09638,32.68098],[-97.10173,32.6834],[-97.10677,32.68074],[-97.10646,32.67565],[-97.10111,32.67323]]]}},{"type":"Feature","properties":{"h3":"8826c86b53fffff","mii":19,"trt":0.0,"glp1":0.0,"pharmacy":0.0,"gym":0.0,"n":0},"geometry":{"type":"Polygon","coordinates":[[[-97.18201,32.97675],[-97.17695,32.97941],[-97.17726,32.98449],[-97.18263,32.98691],[-97.18768,32.98425],[-97.18737,32.97918],[-97.18201,32.97675]]]}},{"type":"Feature","properties":{"h3":"8826c86b5bfffff","mii":19,"trt":0.0,"glp1":0.0,"pharmacy":0.0,"gym":0.0,"n":0},"geometry":{"type":"Polygon","coordinates":[[[-97.17726,32.98449],[-97.17221,32.98715],[-97.17252,32.99223],[-97.17788,32.99465],[-97.18294,32.99199],[-97.18263,32.98691],[-97.17726,32.98449]]]}},{"type":"Feature","properties":{"h3":"8826c82961fffff","mii":19,"trt":0.0,"glp1":0.0,"pharmacy":0.0,"gym":0.0,"n":0},"geometry":{"type":"Polygon","coordinates":[[[-96.75838,32.94753],[-96.75333,32.95017],[-96.75362,32.95524],[-96.75896,32.95768],[-96.76401,32.95504],[-96.76372,32.94997],[-96.75838,32.94753]]]}},{"type":"Feature","properties":{"h3":"8826c87627fffff","mii":19,"trt":0.0,"glp1":0.0,"pharmacy":0.0,"gym":0.0,"n":0},"geometry":{"type":"Polygon","coordinates":[[[-96.81262,33.07601],[-96.80757,33.07865],[-96.80786,33.08372],[-96.81321,33.08615],[-96.81827,33.08352],[-96.81797,33.07844],[-96.81262,33.07601]]]}},{"type":"Feature","properties":{"h3":"8826c82b69fffff","mii":19,"trt":0.0,"glp1":0.0,"pharmacy":0.0,"gym":0.0,"n":0},"geometry":{"type":"Polygon","coordinates":[[[-96.72029,33.00922],[-96.71523,33.01185],[-96.71552,33.01693],[-96.72087,33.01936],[-96.72592,33.01673],[-96.72563,33.01166],[-96.72029,33.00922]]]}},{"type":"Feature","properties":{"h3":"8826c82817fffff","mii":19,"trt":0.0,"glp1":0.0,"pharmacy":0.0,"gym":0.0,"n":0},"geometry":{"type":"Polygon","coordinates":[[[-96.64716,32.91154],[-96.64211,32.91417],[-96.6424,32.91925],[-96.64773,32.92169],[-96.65278,32.91906],[-96.6525,32.91398],[-96.64716,32.91154]]]}},{"type":"Feature","properties":{"h3":"8826c82865fffff","mii":19,"trt":0.0,"glp1":0.0,"pharmacy":0.0,"gym":0.0,"n":0},"geometry":{"type":"Polygon","coordinates":[[[-96.69604,32.94872],[-96.69099,32.95136],[-96.69128,32.95643],[-96.69662,32.95887],[-96.70167,32.95624],[-96.70138,32.95116],[-96.69604,32.94872]]]}},{"type":"Feature","properties":{"h3":"8826c82953fffff","mii":19,"trt":0.0,"glp1":0.0,"pharmacy":0.0,"gym":0.0,"n":0},"geometry":{"type":"Polygon","coordinates":[[[-96.70557,32.9333],[-96.70052,32.93594],[-96.70081,32.94101],[-96.70614,32.94345],[-96.71119,32.94082],[-96.71091,32.93574],[-96.70557,32.9333]]]}},{"type":"Feature","properties":{"h3":"8826c8282dfffff","mii":19,"trt":0.0,"glp1":0.0,"pharmacy":0.0,"gym":0.0,"n":0},"geometry":{"type":"Polygon","coordinates":[[[-96.69518,32.9335],[-96.69013,32.93614],[-96.69042,32.94121],[-96.69576,32.94365],[-96.70081,32.94101],[-96.70052,32.93594],[-96.69518,32.9335]]]}},{"type":"Feature","properties":{"h3":"8826c82867fffff","mii":19,"trt":0.0,"glp1":0.0,"pharmacy":0.0,"gym":0.0,"n":0},"geometry":{"type":"Polygon","coordinates":[[[-96.69042,32.94121],[-96.68537,32.94385],[-96.68566,32.94892],[-96.69099,32.95136],[-96.69604,32.94872],[-96.69576,32.94365],[-96.69042,32.94121]]]}},{"type":"Feature","properties":{"h3":"8826c8295dfffff","mii":19,"trt":0.0,"glp1":0.0,"pharmacy":0.0,"gym":0.0,"n":0},"geometry":{"type":"Polygon","coordinates":[[[-96.71682,32.94833],[-96.71177,32.95097],[-96.71206,32.95604],[-96.7174,32.95848],[-96.72245,32.95584],[-96.72216,32.95077],[-96.71682,32.94833]]]}},{"type":"Feature","properties":{"h3":"8826c8648bfffff","mii":19,"trt":0.0,"glp1":0.0,"pharmacy":0.0,"gym":0.0,"n":0},"geometry":{"type":"Polygon","coordinates":[[[-96.79294,32.82487],[-96.78789,32.82751],[-96.78819,32.83259],[-96.79352,32.83502],[-96.79857,32.83238],[-96.79828,32.8273],[-96.79294,32.82487]]]}},{"type":"Feature","properties":{"h3":"8826c845d7fffff","mii":19,"trt":0.0,"glp1":0.0,"pharmacy":0.0,"gym":0.0,"n":0},"geometry":{"type":"Polygon","coordinates":[[[-97.13245,33.19134],[-97.12739,33.19399],[-97.1277,33.19907],[-97.13307,33.20149],[-97.13813,33.19884],[-97.13783,33.19377],[-97.13245,33.19134]]]}},{"type":"Feature","properties":{"h3":"8826c844a5fffff","mii":19,"trt":0.0,"glp1":0.0,"pharmacy":0.0,"gym":0.0,"n":0},"geometry":{"type":"Polygon","coordinates":[[[-97.11634,33.18407],[-97.11128,33.18672],[-97.11159,33.19179],[-97.11696,33.19422],[-97.12202,33.19157],[-97.12171,33.1865],[-97.11634,33.18407]]]}},{"type":"Feature","properties":{"h3":"8826c82a4bfffff","mii":19,"trt":0.0,"glp1":3.05,"pharmacy":0.0,"gym":0.0,"n":5},"geometry":{"type":"Polygon","coordinates":[[[-96.61637,33.01114],[-96.61131,33.01377],[-96.6116,33.01884],[-96.61693,33.02128],[-96.62199,33.01865],[-96.6217,33.01358],[-96.61637,33.01114]]]}},{"type":"Feature","properties":{"h3":"8826c865b9fffff","mii":19,"trt":0.0,"glp1":2.85,"pharmacy":0.0,"gym":0.0,"n":5},"geometry":{"type":"Polygon","coordinates":[[[-96.87512,32.80794],[-96.87008,32.81058],[-96.87038,32.81566],[-96.87572,32.8181],[-96.88076,32.81545],[-96.88047,32.81037],[-96.87512,32.80794]]]}},{"type":"Feature","properties":{"h3":"8826c864abfffff","mii":19,"trt":0.0,"glp1":0.0,"pharmacy":0.0,"gym":0.0,"n":0},"geometry":{"type":"Polygon","coordinates":[[[-96.81846,32.81673],[-96.81341,32.81937],[-96.8137,32.82445],[-96.81904,32.82688],[-96.82409,32.82424],[-96.82379,32.81916],[-96.81846,32.81673]]]}},{"type":"Feature","properties":{"h3":"8826c8660bfffff","mii":19,"trt":0.0,"glp1":0.0,"pharmacy":0.0,"gym":0.0,"n":0},"geometry":{"type":"Polygon","coordinates":[[[-96.79907,32.93149],[-96.79402,32.93413],[-96.79432,32.93921],[-96.79966,32.94164],[-96.80471,32.939],[-96.80442,32.93393],[-96.79907,32.93149]]]}},{"type":"Feature","properties":{"h3":"8826caa457fffff","mii":19,"trt":0.0,"glp1":0.0,"pharmacy":0.0,"gym":0.0,"n":0},"geometry":{"type":"Polygon","coordinates":[[[-97.33165,32.86639],[-97.3266,32.86906],[-97.32692,32.87414],[-97.33229,32.87656],[-97.33733,32.87389],[-97.33702,32.8688],[-97.33165,32.86639]]]}},{"type":"Feature","properties":{"h3":"8826caa40bfffff","mii":19,"trt":0.0,"glp1":0.0,"pharmacy":0.0,"gym":0.0,"n":0},"geometry":{"type":"Polygon","coordinates":[[[-97.34207,32.86614],[-97.33702,32.8688],[-97.33733,32.87389],[-97.3427,32.8763],[-97.34775,32.87364],[-97.34743,32.86855],[-97.34207,32.86614]]]}},{"type":"Feature","properties":{"h3":"8826caa403fffff","mii":19,"trt":0.0,"glp1":0.0,"pharmacy":0.0,"gym":0.0,"n":0},"geometry":{"type":"Polygon","coordinates":[[[-97.3468,32.85838],[-97.34175,32.86105],[-97.34207,32.86614],[-97.34743,32.86855],[-97.35248,32.86588],[-97.35216,32.8608],[-97.3468,32.85838]]]}},{"type":"Feature","properties":{"h3":"8826caa415fffff","mii":19,"trt":0.0,"glp1":0.0,"pharmacy":0.0,"gym":0.0,"n":0},"geometry":{"type":"Polygon","coordinates":[[[-97.34111,32.85088],[-97.33607,32.85355],[-97.33638,32.85864],[-97.34175,32.86105],[-97.3468,32.85838],[-97.34648,32.8533],[-97.34111,32.85088]]]}},{"type":"Feature","properties":{"h3":"8826cbd09bfffff","mii":19,"trt":0.0,"glp1":0.0,"pharmacy":0.0,"gym":0.0,"n":0},"geometry":{"type":"Polygon","coordinates":[[[-97.12846,32.69552],[-97.12342,32.69818],[-97.12373,32.70326],[-97.12907,32.70569],[-97.13411,32.70303],[-97.13381,32.69794],[-97.12846,32.69552]]]}},{"type":"Feature","properties":{"h3":"8826c83927fffff","mii":19,"trt":0.0,"glp1":0.0,"pharmacy":0.0,"gym":0.0,"n":0},"geometry":{"type":"Polygon","coordinates":[[[-96.73979,33.0774],[-96.73474,33.08004],[-96.73503,33.08511],[-96.74037,33.08755],[-96.74543,33.08491],[-96.74514,33.07984],[-96.73979,33.0774]]]}},{"type":"Feature","properties":{"h3":"8826c83921fffff","mii":19,"trt":0.0,"glp1":0.0,"pharmacy":0.0,"gym":0.0,"n":0},"geometry":{"type":"Polygon","coordinates":[[[-96.73503,33.08511],[-96.72997,33.08774],[-96.73026,33.09281],[-96.73561,33.09525],[-96.74066,33.09262],[-96.74037,33.08755],[-96.73503,33.08511]]]}},{"type":"Feature","properties":{"h3":"8826c83987fffff","mii":19,"trt":0.0,"glp1":0.0,"pharmacy":0.0,"gym":0.0,"n":0},"geometry":{"type":"Polygon","coordinates":[[[-96.67481,33.03292],[-96.66975,33.03555],[-96.67004,33.04062],[-96.67538,33.04306],[-96.68043,33.04043],[-96.68015,33.03536],[-96.67481,33.03292]]]}},{"type":"Feature","properties":{"h3":"8826c839abfffff","mii":19,"trt":0.0,"glp1":0.0,"pharmacy":0.0,"gym":0.0,"n":0},"geometry":{"type":"Polygon","coordinates":[[[-96.6852,33.03273],[-96.68015,33.03536],[-96.68043,33.04043],[-96.68578,33.04287],[-96.69083,33.04024],[-96.69054,33.03517],[-96.6852,33.03273]]]}},{"type":"Feature","properties":{"h3":"8826c839b5fffff","mii":19,"trt":0.0,"glp1":0.0,"pharmacy":0.0,"gym":0.0,"n":0},"geometry":{"type":"Polygon","coordinates":[[[-96.68434,33.01751],[-96.67929,33.02014],[-96.67957,33.02521],[-96.68491,33.02765],[-96.68997,33.02502],[-96.68968,33.01995],[-96.68434,33.01751]]]}},{"type":"Feature","properties":{"h3":"8826c839b1fffff","mii":19,"trt":0.0,"glp1":0.0,"pharmacy":0.0,"gym":0.0,"n":0},"geometry":{"type":"Polygon","coordinates":[[[-96.67395,33.0177],[-96.66889,33.02033],[-96.66918,33.02541],[-96.67452,33.02785],[-96.67957,33.02521],[-96.67929,33.02014],[-96.67395,33.0177]]]}},{"type":"Feature","properties":{"h3":"8826c839b9fffff","mii":19,"trt":0.0,"glp1":0.0,"pharmacy":0.0,"gym":0.0,"n":0},"geometry":{"type":"Polygon","coordinates":[[[-96.66918,33.02541],[-96.66413,33.02804],[-96.66441,33.03311],[-96.66975,33.03555],[-96.67481,33.03292],[-96.67452,33.02785],[-96.66918,33.02541]]]}},{"type":"Feature","properties":{"h3":"8826cb99b7fffff","mii":19,"trt":0.6,"glp1":1.1,"pharmacy":0.0,"gym":0.0,"n":3},"geometry":{"type":"Polygon","coordinates":[[[-96.9116,32.63162],[-96.90657,32.63427],[-96.90686,32.63935],[-96.9122,32.64178],[-96.91723,32.63913],[-96.91694,32.63405],[-96.9116,32.63162]]]}},{"type":"Feature","properties":{"h3":"8826c8772dfffff","mii":19,"trt":0.0,"glp1":6.25,"pharmacy":0.0,"gym":0.0,"n":11},"geometry":{"type":"Polygon","coordinates":[[[-96.88637,33.08979],[-96.88131,33.09243],[-96.88161,33.09751],[-96.88697,33.09994],[-96.89202,33.0973],[-96.89173,33.09222],[-96.88637,33.08979]]]}},{"type":"Feature","properties":{"h3":"8826cb9a3dfffff","mii":19,"trt":0.0,"glp1":0.0,"pharmacy":0.0,"gym":0.0,"n":0},"geometry":{"type":"Polygon","coordinates":[[[-96.84607,32.75513],[-96.84103,32.75778],[-96.84133,32.76286],[-96.84666,32.76529],[-96.8517,32.76264],[-96.85141,32.75756],[-96.84607,32.75513]]]}},{"type":"Feature","properties":{"h3":"8826cb9a35fffff","mii":19,"trt":0.0,"glp1":0.0,"pharmacy":0.0,"gym":0.0,"n":0},"geometry":{"type":"Polygon","coordinates":[[[-96.85082,32.7474],[-96.84578,32.75005],[-96.84607,32.75513],[-96.85141,32.75756],[-96.85645,32.75492],[-96.85616,32.74983],[-96.85082,32.7474]]]}},{"type":"Feature","properties":{"h3":"8826cb9a37fffff","mii":19,"trt":0.0,"glp1":0.0,"pharmacy":0.0,"gym":0.0,"n":0},"geometry":{"type":"Polygon","coordinates":[[[-96.84519,32.73989],[-96.84015,32.74254],[-96.84044,32.74762],[-96.84578,32.75005],[-96.85082,32.7474],[-96.85053,32.74232],[-96.84519,32.73989]]]}},{"type":"Feature","properties":{"h3":"8826cb9a33fffff","mii":19,"trt":0.0,"glp1":0.0,"pharmacy":0.0,"gym":0.0,"n":0},"geometry":{"type":"Polygon","coordinates":[[[-96.83481,32.7401],[-96.82977,32.74275],[-96.83007,32.74783],[-96.8354,32.75026],[-96.84044,32.74762],[-96.84015,32.74254],[-96.83481,32.7401]]]}},{"type":"Feature","properties":{"h3":"8826c86657fffff","mii":19,"trt":0.0,"glp1":6.45,"pharmacy":0.0,"gym":0.0,"n":11},"geometry":{"type":"Polygon","coordinates":[[[-96.78868,32.9317],[-96.78363,32.93434],[-96.78392,32.93941],[-96.78927,32.94185],[-96.79432,32.93921],[-96.79402,32.93413],[-96.78868,32.9317]]]}},{"type":"Feature","properties":{"h3":"8826c8672bfffff","mii":19,"trt":0.0,"glp1":6.25,"pharmacy":0.0,"gym":0.0,"n":11},"geometry":{"type":"Polygon","coordinates":[[[-96.89738,32.92188],[-96.89233,32.92453],[-96.89263,32.92961],[-96.89797,32.93204],[-96.90302,32.92939],[-96.90273,32.92432],[-96.89738,32.92188]]]}},{"type":"Feature","properties":{"h3":"8826cb9107fffff","mii":19,"trt":0.0,"glp1":0.0,"pharmacy":0.0,"gym":0.0,"n":0},"geometry":{"type":"Polygon","coordinates":[[[-96.76869,32.76433],[-96.76364,32.76698],[-96.76393,32.77206],[-96.76927,32.77449],[-96.77431,32.77185],[-96.77402,32.76677],[-96.76869,32.76433]]]}},{"type":"Feature","properties":{"h3":"8826cb913dfffff","mii":19,"trt":0.0,"glp1":0.0,"pharmacy":0.0,"gym":0.0,"n":0},"geometry":{"type":"Polygon","coordinates":[[[-96.77344,32.75661],[-96.7684,32.75925],[-96.76869,32.76433],[-96.77402,32.76677],[-96.77906,32.76413],[-96.77877,32.75905],[-96.77344,32.75661]]]}},{"type":"Feature","properties":{"h3":"8826cbd091fffff","mii":19,"trt":0.0,"glp1":0.0,"pharmacy":0.0,"gym":0.0,"n":0},"geometry":{"type":"Polygon","coordinates":[[[-97.13885,32.69528],[-97.13381,32.69794],[-97.13411,32.70303],[-97.13946,32.70545],[-97.1445,32.70279],[-97.1442,32.6977],[-97.13885,32.69528]]]}},{"type":"Feature","properties":{"h3":"8826cbd097fffff","mii":19,"trt":0.0,"glp1":0.0,"pharmacy":0.0,"gym":0.0,"n":0},"geometry":{"type":"Polygon","coordinates":[[[-97.14358,32.68753],[-97.13854,32.69019],[-97.13885,32.69528],[-97.1442,32.6977],[-97.14924,32.69504],[-97.14893,32.68995],[-97.14358,32.68753]]]}},{"type":"Feature","properties":{"h3":"8826caa687fffff","mii":19,"trt":0.0,"glp1":6.55,"pharmacy":0.0,"gym":0.0,"n":11},"geometry":{"type":"Polygon","coordinates":[[[-97.28432,32.85989],[-97.27927,32.86255],[-97.27959,32.86764],[-97.28495,32.87005],[-97.29,32.86739],[-97.28968,32.8623],[-97.28432,32.85989]]]}},{"type":"Feature","properties":{"h3":"8826cbd88bfffff","mii":18,"trt":0.0,"glp1":0.0,"pharmacy":0.0,"gym":0.0,"n":0},"geometry":{"type":"Polygon","coordinates":[[[-97.32875,32.65252],[-97.32371,32.65519],[-97.32403,32.66028],[-97.32939,32.6627],[-97.33443,32.66002],[-97.33411,32.65494],[-97.32875,32.65252]]]}},{"type":"Feature","properties":{"h3":"8826cbd167fffff","mii":18,"trt":0.0,"glp1":0.0,"pharmacy":0.0,"gym":0.0,"n":0},"geometry":{"type":"Polygon","coordinates":[[[-97.29946,32.76787],[-97.29442,32.77054],[-97.29473,32.77562],[-97.30009,32.77804],[-97.30514,32.77537],[-97.30482,32.77029],[-97.29946,32.76787]]]}},{"type":"Feature","properties":{"h3":"8826c87681fffff","mii":18,"trt":0.0,"glp1":0.0,"pharmacy":0.0,"gym":0.0,"n":0},"geometry":{"type":"Polygon","coordinates":[[[-96.74282,33.03926],[-96.73776,33.0419],[-96.73805,33.04697],[-96.7434,33.04941],[-96.74845,33.04677],[-96.74816,33.0417],[-96.74282,33.03926]]]}},{"type":"Feature","properties":{"h3":"8826c86629fffff","mii":18,"trt":0.0,"glp1":0.0,"pharmacy":0.0,"gym":0.0,"n":0},"geometry":{"type":"Polygon","coordinates":[[[-96.83025,32.93087],[-96.8252,32.93351],[-96.8255,32.93859],[-96.83084,32.94102],[-96.83589,32.93838],[-96.8356,32.9333],[-96.83025,32.93087]]]}},{"type":"Feature","properties":{"h3":"8826c86623fffff","mii":18,"trt":0.0,"glp1":0.0,"pharmacy":0.0,"gym":0.0,"n":0},"geometry":{"type":"Polygon","coordinates":[[[-96.82937,32.91564],[-96.82432,32.91828],[-96.82462,32.92336],[-96.82996,32.92579],[-96.83501,32.92315],[-96.83472,32.91808],[-96.82937,32.91564]]]}},{"type":"Feature","properties":{"h3":"8826c874c7fffff","mii":18,"trt":0.0,"glp1":0.0,"pharmacy":0.0,"gym":0.0,"n":0},"geometry":{"type":"Polygon","coordinates":[[[-96.77703,33.00051],[-96.77198,33.00315],[-96.77227,33.00822],[-96.77761,33.01066],[-96.78267,33.00802],[-96.78238,33.00295],[-96.77703,33.00051]]]}},{"type":"Feature","properties":{"h3":"8826c874c3fffff","mii":18,"trt":0.0,"glp1":0.0,"pharmacy":0.0,"gym":0.0,"n":0},"geometry":{"type":"Polygon","coordinates":[[[-96.76663,33.00071],[-96.76158,33.00335],[-96.76187,33.00842],[-96.76722,33.01086],[-96.77227,33.00822],[-96.77198,33.00315],[-96.76663,33.00071]]]}},{"type":"Feature","properties":{"h3":"8826c864cdfffff","mii":18,"trt":0.0,"glp1":0.0,"pharmacy":0.0,"gym":0.0,"n":0},"geometry":{"type":"Polygon","coordinates":[[[-96.80508,32.85513],[-96.80003,32.85777],[-96.80032,32.86285],[-96.80566,32.86528],[-96.81071,32.86264],[-96.81041,32.85756],[-96.80508,32.85513]]]}},{"type":"Feature","properties":{"h3":"8826c864c1fffff","mii":18,"trt":0.0,"glp1":0.0,"pharmacy":0.0,"gym":0.0,"n":0},"geometry":{"type":"Polygon","coordinates":[[[-96.79944,32.84762],[-96.7944,32.85026],[-96.79469,32.85534],[-96.80003,32.85777],[-96.80508,32.85513],[-96.80478,32.85005],[-96.79944,32.84762]]]}},{"type":"Feature","properties":{"h3":"8826c864cbfffff","mii":18,"trt":0.0,"glp1":0.0,"pharmacy":0.0,"gym":0.0,"n":0},"geometry":{"type":"Polygon","coordinates":[[[-96.78906,32.84782],[-96.78401,32.85047],[-96.78431,32.85554],[-96.78964,32.85798],[-96.79469,32.85534],[-96.7944,32.85026],[-96.78906,32.84782]]]}},{"type":"Feature","properties":{"h3":"8826c82a5dfffff","mii":18,"trt":0.45,"glp1":0.0,"pharmacy":0.0,"gym":0.0,"n":1},"geometry":{"type":"Polygon","coordinates":[[[-96.61074,33.00362],[-96.60569,33.00625],[-96.60598,33.01133],[-96.61131,33.01377],[-96.61637,33.01114],[-96.61608,33.00607],[-96.61074,33.00362]]]}},{"type":"Feature","properties":{"h3":"8826cbd8cbfffff","mii":18,"trt":0.0,"glp1":0.0,"pharmacy":0.0,"gym":0.0,"n":0},"geometry":{"type":"Polygon","coordinates":[[[-97.32498,32.67555],[-97.31994,32.67822],[-97.32026,32.68331],[-97.32561,32.68572],[-97.33065,32.68305],[-97.33034,32.67796],[-97.32498,32.67555]]]}},{"type":"Feature","properties":{"h3":"8826cbd865fffff","mii":18,"trt":0.8,"glp1":0.0,"pharmacy":0.0,"gym":0.0,"n":1},"geometry":{"type":"Polygon","coordinates":[[[-97.41105,32.71926],[-97.40601,32.72194],[-97.40633,32.72702],[-97.41169,32.72944],[-97.41673,32.72676],[-97.41641,32.72167],[-97.41105,32.71926]]]}},{"type":"Feature","properties":{"h3":"8826c87ab9fffff","mii":18,"trt":0.0,"glp1":5.45,"pharmacy":0.0,"gym":0.0,"n":9},"geometry":{"type":"Polygon","coordinates":[[[-97.07295,33.07068],[-97.06789,33.07333],[-97.0682,33.0784],[-97.07356,33.08083],[-97.07862,33.07818],[-97.07831,33.0731],[-97.07295,33.07068]]]}},{"type":"Feature","properties":{"h3":"8826c82847fffff","mii":18,"trt":0.0,"glp1":5.7,"pharmacy":0.0,"gym":0.0,"n":10},"geometry":{"type":"Polygon","coordinates":[[[-96.66488,32.94931],[-96.65983,32.95194],[-96.66012,32.95702],[-96.66545,32.95946],[-96.67051,32.95682],[-96.67022,32.95175],[-96.66488,32.94931]]]}},{"type":"Feature","properties":{"h3":"8826c83923fffff","mii":18,"trt":0.0,"glp1":5.55,"pharmacy":0.0,"gym":0.0,"n":9},"geometry":{"type":"Polygon","coordinates":[[[-96.72939,33.0776],[-96.72434,33.08023],[-96.72463,33.0853],[-96.72997,33.08774],[-96.73503,33.08511],[-96.73474,33.08004],[-96.72939,33.0776]]]}},{"type":"Feature","properties":{"h3":"8826c82155fffff","mii":18,"trt":0.0,"glp1":5.15,"pharmacy":0.0,"gym":0.0,"n":9},"geometry":{"type":"Polygon","coordinates":[[[-96.54281,32.99722],[-96.53776,32.99984],[-96.53804,33.00492],[-96.54337,33.00736],[-96.54842,33.00473],[-96.54814,32.99966],[-96.54281,32.99722]]]}},{"type":"Feature","properties":{"h3":"8826c82f43fffff","mii":18,"trt":0.0,"glp1":5.7,"pharmacy":0.0,"gym":0.0,"n":10},"geometry":{"type":"Polygon","coordinates":[[[-96.54253,32.89821],[-96.53748,32.90084],[-96.53776,32.90591],[-96.54309,32.90836],[-96.54814,32.90573],[-96.54786,32.90065],[-96.54253,32.89821]]]}},{"type":"Feature","properties":{"h3":"8826c86eedfffff","mii":18,"trt":0.0,"glp1":5.25,"pharmacy":0.0,"gym":0.0,"n":9},"geometry":{"type":"Polygon","coordinates":[[[-96.97606,32.84396],[-96.97101,32.84661],[-96.97131,32.85169],[-96.97666,32.85412],[-96.98171,32.85147],[-96.98141,32.84639],[-96.97606,32.84396]]]}},{"type":"Feature","properties":{"h3":"8826cb9359fffff","mii":18,"trt":0.0,"glp1":5.8,"pharmacy":0.0,"gym":0.0,"n":10},"geometry":{"type":"Polygon","coordinates":[[[-96.70039,32.84193],[-96.69534,32.84457],[-96.69563,32.84965],[-96.70096,32.85209],[-96.70601,32.84945],[-96.70572,32.84437],[-96.70039,32.84193]]]}},{"type":"Feature","properties":{"h3":"8826c86423fffff","mii":18,"trt":0.0,"glp1":5.7,"pharmacy":0.0,"gym":0.0,"n":10},"geometry":{"type":"Polygon","coordinates":[[[-96.86265,32.86159],[-96.8576,32.86423],[-96.85789,32.86931],[-96.86324,32.87175],[-96.86828,32.8691],[-96.86799,32.86402],[-96.86265,32.86159]]]}},{"type":"Feature","properties":{"h3":"8826cbca3bfffff","mii":18,"trt":0.0,"glp1":5.25,"pharmacy":0.0,"gym":0.0,"n":9},"geometry":{"type":"Polygon","coordinates":[[[-97.36557,32.57514],[-97.36053,32.57781],[-97.36085,32.5829],[-97.3662,32.58532],[-97.37124,32.58264],[-97.37092,32.57755],[-97.36557,32.57514]]]}},{"type":"Feature","properties":{"h3":"8826cbd519fffff","mii":18,"trt":0.0,"glp1":5.5,"pharmacy":0.0,"gym":0.0,"n":10},"geometry":{"type":"Polygon","coordinates":[[[-97.09455,32.65046],[-97.08951,32.65312],[-97.08981,32.65821],[-97.09516,32.66063],[-97.1002,32.65797],[-97.09989,32.65289],[-97.09455,32.65046]]]}},{"type":"Feature","properties":{"h3":"8826cbda1dfffff","mii":18,"trt":0.0,"glp1":5.7,"pharmacy":0.0,"gym":0.0,"n":10},"geometry":{"type":"Polygon","coordinates":[[[-97.32973,32.75185],[-97.32468,32.75452],[-97.325,32.75961],[-97.33036,32.76202],[-97.3354,32.75935],[-97.33509,32.75427],[-97.32973,32.75185]]]}},{"type":"Feature","properties":{"h3":"8826ca3415fffff","mii":18,"trt":0.0,"glp1":5.65,"pharmacy":0.0,"gym":0.0,"n":9},"geometry":{"type":"Polygon","coordinates":[[[-97.54617,32.63165],[-97.54114,32.63433],[-97.54146,32.63942],[-97.54683,32.64183],[-97.55187,32.63915],[-97.55154,32.63406],[-97.54617,32.63165]]]}},{"type":"Feature","properties":{"h3":"8826cbd807fffff","mii":18,"trt":0.0,"glp1":5.25,"pharmacy":0.0,"gym":0.0,"n":9},"geometry":{"type":"Polygon","coordinates":[[[-97.3836,32.69702],[-97.37856,32.69969],[-97.37888,32.70478],[-97.38424,32.7072],[-97.38928,32.70452],[-97.38896,32.69943],[-97.3836,32.69702]]]}},{"type":"Feature","properties":{"h3":"8826cbd947fffff","mii":18,"trt":0.0,"glp1":5.15,"pharmacy":0.0,"gym":0.0,"n":9},"geometry":{"type":"Polygon","coordinates":[[[-97.45267,32.71821],[-97.44763,32.72088],[-97.44795,32.72597],[-97.45332,32.72838],[-97.45836,32.72571],[-97.45804,32.72062],[-97.45267,32.71821]]]}},{"type":"Feature","properties":{"h3":"8826ca8685fffff","mii":18,"trt":0.0,"glp1":0.0,"pharmacy":0.0,"gym":0.0,"n":0},"geometry":{"type":"Polygon","coordinates":[[[-97.56937,33.23453],[-97.5643,33.2372],[-97.56463,33.24228],[-97.57003,33.24468],[-97.57509,33.24201],[-97.57476,33.23694],[-97.56937,33.23453]]]}},{"type":"Feature","properties":{"h3":"8826ca86a9fffff","mii":18,"trt":0.0,"glp1":0.0,"pharmacy":0.0,"gym":0.0,"n":0},"geometry":{"type":"Polygon","coordinates":[[[-97.57983,33.23427],[-97.57476,33.23694],[-97.57509,33.24201],[-97.58049,33.24442],[-97.58556,33.24175],[-97.58523,33.23668],[-97.57983,33.23427]]]}},{"type":"Feature","properties":{"h3":"8826ca86a1fffff","mii":18,"trt":0.0,"glp1":0.0,"pharmacy":0.0,"gym":0.0,"n":0},"geometry":{"type":"Polygon","coordinates":[[[-97.58457,33.22652],[-97.5795,33.22919],[-97.57983,33.23427],[-97.58523,33.23668],[-97.59029,33.23401],[-97.58996,33.22893],[-97.58457,33.22652]]]}},{"type":"Feature","properties":{"h3":"8826ca86a3fffff","mii":18,"trt":0.0,"glp1":0.0,"pharmacy":0.0,"gym":0.0,"n":0},"geometry":{"type":"Polygon","coordinates":[[[-97.57884,33.21904],[-97.57378,33.22171],[-97.57411,33.22678],[-97.5795,33.22919],[-97.58457,33.22652],[-97.58424,33.22144],[-97.57884,33.21904]]]}},{"type":"Feature","properties":{"h3":"8826ca86bdfffff","mii":18,"trt":0.0,"glp1":0.0,"pharmacy":0.0,"gym":0.0,"n":0},"geometry":{"type":"Polygon","coordinates":[[[-97.56838,33.2193],[-97.56332,33.22197],[-97.56365,33.22704],[-97.56904,33.22945],[-97.57411,33.22678],[-97.57378,33.22171],[-97.56838,33.2193]]]}},{"type":"Feature","properties":{"h3":"8826ca8687fffff","mii":18,"trt":0.0,"glp1":0.0,"pharmacy":0.0,"gym":0.0,"n":0},"geometry":{"type":"Polygon","coordinates":[[[-97.56365,33.22704],[-97.55858,33.22971],[-97.55891,33.23479],[-97.5643,33.2372],[-97.56937,33.23453],[-97.56904,33.22945],[-97.56365,33.22704]]]}},{"type":"Feature","properties":{"h3":"8826cbd8d1fffff","mii":17,"trt":0.0,"glp1":0.0,"pharmacy":0.0,"gym":0.0,"n":0},"geometry":{"type":"Polygon","coordinates":[[[-97.31364,32.66054],[-97.3086,32.66321],[-97.30891,32.6683],[-97.31427,32.67071],[-97.31931,32.66804],[-97.31899,32.66295],[-97.31364,32.66054]]]}},{"type":"Feature","properties":{"h3":"8826c86aa5fffff","mii":17,"trt":0.0,"glp1":0.0,"pharmacy":0.0,"gym":0.0,"n":0},"geometry":{"type":"Polygon","coordinates":[[[-97.13664,32.91674],[-97.13159,32.91939],[-97.1319,32.92447],[-97.13726,32.9269],[-97.14231,32.92424],[-97.142,32.91916],[-97.13664,32.91674]]]}},{"type":"Feature","properties":{"h3":"8826c86aa3fffff","mii":17,"trt":0.0,"glp1":0.0,"pharmacy":0.0,"gym":0.0,"n":0},"geometry":{"type":"Polygon","coordinates":[[[-97.12057,32.90947],[-97.11552,32.91212],[-97.11583,32.9172],[-97.12118,32.91963],[-97.12623,32.91697],[-97.12593,32.91189],[-97.12057,32.90947]]]}},{"type":"Feature","properties":{"h3":"8826cb9305fffff","mii":17,"trt":0.0,"glp1":0.0,"pharmacy":0.0,"gym":0.0,"n":0},"geometry":{"type":"Polygon","coordinates":[[[-96.74104,32.8259],[-96.73599,32.82854],[-96.73628,32.83361],[-96.74161,32.83605],[-96.74666,32.83341],[-96.74637,32.82833],[-96.74104,32.8259]]]}},{"type":"Feature","properties":{"h3":"8826cb9329fffff","mii":17,"trt":0.0,"glp1":0.0,"pharmacy":0.0,"gym":0.0,"n":0},"geometry":{"type":"Polygon","coordinates":[[[-96.75141,32.82569],[-96.74637,32.82833],[-96.74666,32.83341],[-96.75199,32.83585],[-96.75704,32.83321],[-96.75675,32.82813],[-96.75141,32.82569]]]}},{"type":"Feature","properties":{"h3":"8826cb9321fffff","mii":17,"trt":0.0,"glp1":0.0,"pharmacy":0.0,"gym":0.0,"n":0},"geometry":{"type":"Polygon","coordinates":[[[-96.75617,32.81797],[-96.75112,32.82061],[-96.75141,32.82569],[-96.75675,32.82813],[-96.76179,32.82549],[-96.7615,32.82041],[-96.75617,32.81797]]]}},{"type":"Feature","properties":{"h3":"8826cb9323fffff","mii":17,"trt":0.0,"glp1":0.0,"pharmacy":0.0,"gym":0.0,"n":0},"geometry":{"type":"Polygon","coordinates":[[[-96.75054,32.81046],[-96.7455,32.8131],[-96.74579,32.81818],[-96.75112,32.82061],[-96.75617,32.81797],[-96.75588,32.81289],[-96.75054,32.81046]]]}},{"type":"Feature","properties":{"h3":"8826cb9a53fffff","mii":17,"trt":0.0,"glp1":1.65,"pharmacy":0.0,"gym":0.0,"n":3},"geometry":{"type":"Polygon","coordinates":[[[-96.80544,32.77122],[-96.8004,32.77387],[-96.80069,32.77895],[-96.80603,32.78138],[-96.81107,32.77874],[-96.81078,32.77366],[-96.80544,32.77122]]]}},{"type":"Feature","properties":{"h3":"8826c876c7fffff","mii":17,"trt":0.0,"glp1":0.0,"pharmacy":0.0,"gym":0.0,"n":0},"geometry":{"type":"Polygon","coordinates":[[[-96.74369,33.05448],[-96.73863,33.05711],[-96.73892,33.06219],[-96.74427,33.06462],[-96.74933,33.06199],[-96.74903,33.05692],[-96.74369,33.05448]]]}},{"type":"Feature","properties":{"h3":"8826cbd98dfffff","mii":17,"trt":0.0,"glp1":0.0,"pharmacy":0.0,"gym":0.0,"n":0},"geometry":{"type":"Polygon","coordinates":[[[-97.41761,32.65794],[-97.41257,32.66061],[-97.41289,32.6657],[-97.41825,32.66811],[-97.42329,32.66544],[-97.42297,32.66035],[-97.41761,32.65794]]]}},{"type":"Feature","properties":{"h3":"8826cbd727fffff","mii":17,"trt":0.0,"glp1":0.75,"pharmacy":0.0,"gym":0.0,"n":1},"geometry":{"type":"Polygon","coordinates":[[[-97.11807,32.69576],[-97.11303,32.69842],[-97.11334,32.7035],[-97.11868,32.70593],[-97.12373,32.70326],[-97.12342,32.69818],[-97.11807,32.69576]]]}},{"type":"Feature","properties":{"h3":"8826c875a7fffff","mii":17,"trt":0.0,"glp1":0.0,"pharmacy":0.0,"gym":0.0,"n":0},"geometry":{"type":"Polygon","coordinates":[[[-96.87925,32.968],[-96.8742,32.97064],[-96.8745,32.97572],[-96.87985,32.97815],[-96.8849,32.97551],[-96.8846,32.97043],[-96.87925,32.968]]]}},{"type":"Feature","properties":{"h3":"8826c8629bfffff","mii":17,"trt":0.0,"glp1":0.0,"pharmacy":0.0,"gym":0.0,"n":0},"geometry":{"type":"Polygon","coordinates":[[[-96.88965,32.96779],[-96.8846,32.97043],[-96.8849,32.97551],[-96.89025,32.97794],[-96.8953,32.9753],[-96.895,32.97022],[-96.88965,32.96779]]]}},{"type":"Feature","properties":{"h3":"8826c86293fffff","mii":17,"trt":0.0,"glp1":0.0,"pharmacy":0.0,"gym":0.0,"n":0},"geometry":{"type":"Polygon","coordinates":[[[-96.89441,32.96007],[-96.88936,32.96271],[-96.88965,32.96779],[-96.895,32.97022],[-96.90005,32.96758],[-96.89976,32.9625],[-96.89441,32.96007]]]}},{"type":"Feature","properties":{"h3":"8826c86745fffff","mii":17,"trt":0.0,"glp1":0.0,"pharmacy":0.0,"gym":0.0,"n":0},"geometry":{"type":"Polygon","coordinates":[[[-96.88876,32.95256],[-96.88371,32.9552],[-96.88401,32.96028],[-96.88936,32.96271],[-96.89441,32.96007],[-96.89411,32.95499],[-96.88876,32.95256]]]}},{"type":"Feature","properties":{"h3":"8826c86741fffff","mii":17,"trt":0.0,"glp1":0.0,"pharmacy":0.0,"gym":0.0,"n":0},"geometry":{"type":"Polygon","coordinates":[[[-96.87836,32.95277],[-96.87331,32.95542],[-96.87361,32.96049],[-96.87896,32.96292],[-96.88401,32.96028],[-96.88371,32.9552],[-96.87836,32.95277]]]}},{"type":"Feature","properties":{"h3":"8826c86749fffff","mii":17,"trt":0.0,"glp1":0.0,"pharmacy":0.0,"gym":0.0,"n":0},"geometry":{"type":"Polygon","coordinates":[[[-96.87361,32.96049],[-96.86856,32.96313],[-96.86885,32.96821],[-96.8742,32.97064],[-96.87925,32.968],[-96.87896,32.96292],[-96.87361,32.96049]]]}},{"type":"Feature","properties":{"h3":"8826c828abfffff","mii":17,"trt":0.0,"glp1":4.6,"pharmacy":0.0,"gym":0.0,"n":8},"geometry":{"type":"Polygon","coordinates":[[[-96.63983,32.87357],[-96.63479,32.87621],[-96.63507,32.88128],[-96.6404,32.88372],[-96.64545,32.88109],[-96.64517,32.87601],[-96.63983,32.87357]]]}},{"type":"Feature","properties":{"h3":"8826c82c97fffff","mii":17,"trt":0.0,"glp1":0.0,"pharmacy":0.0,"gym":0.0,"n":0},"geometry":{"type":"Polygon","coordinates":[[[-96.45685,32.75495],[-96.45181,32.75757],[-96.45209,32.76265],[-96.4574,32.7651],[-96.46245,32.76247],[-96.46217,32.75739],[-96.45685,32.75495]]]}},{"type":"Feature","properties":{"h3":"8826c82cbbfffff","mii":17,"trt":0.0,"glp1":0.0,"pharmacy":0.0,"gym":0.0,"n":0},"geometry":{"type":"Polygon","coordinates":[[[-96.46721,32.75476],[-96.46217,32.75739],[-96.46245,32.76247],[-96.46776,32.76492],[-96.4728,32.76229],[-96.47253,32.75721],[-96.46721,32.75476]]]}},{"type":"Feature","properties":{"h3":"8826c82cb3fffff","mii":17,"trt":0.0,"glp1":0.0,"pharmacy":0.0,"gym":0.0,"n":0},"geometry":{"type":"Polygon","coordinates":[[[-96.47197,32.74706],[-96.46693,32.74969],[-96.46721,32.75476],[-96.47253,32.75721],[-96.47757,32.75458],[-96.47729,32.7495],[-96.47197,32.74706]]]}},{"type":"Feature","properties":{"h3":"8826c95965fffff","mii":17,"trt":0.0,"glp1":0.0,"pharmacy":0.0,"gym":0.0,"n":0},"geometry":{"type":"Polygon","coordinates":[[[-96.46638,32.73953],[-96.46134,32.74216],[-96.46162,32.74724],[-96.46693,32.74969],[-96.47197,32.74706],[-96.4717,32.74198],[-96.46638,32.73953]]]}},{"type":"Feature","properties":{"h3":"8826c95961fffff","mii":17,"trt":0.0,"glp1":0.0,"pharmacy":0.0,"gym":0.0,"n":0},"geometry":{"type":"Polygon","coordinates":[[[-96.45602,32.73972],[-96.45098,32.74235],[-96.45126,32.74742],[-96.45658,32.74987],[-96.46162,32.74724],[-96.46134,32.74216],[-96.45602,32.73972]]]}},{"type":"Feature","properties":{"h3":"8826c95969fffff","mii":17,"trt":0.0,"glp1":0.0,"pharmacy":0.0,"gym":0.0,"n":0},"geometry":{"type":"Polygon","coordinates":[[[-96.45126,32.74742],[-96.44622,32.75005],[-96.4465,32.75513],[-96.45181,32.75757],[-96.45685,32.75495],[-96.45658,32.74987],[-96.45126,32.74742]]]}},{"type":"Feature","properties":{"h3":"8826c82925fffff","mii":17,"trt":0.0,"glp1":0.0,"pharmacy":0.0,"gym":0.0,"n":0},"geometry":{"type":"Polygon","coordinates":[[[-96.77266,32.92439],[-96.76761,32.92703],[-96.7679,32.9321],[-96.77324,32.93454],[-96.77829,32.9319],[-96.778,32.92682],[-96.77266,32.92439]]]}},{"type":"Feature","properties":{"h3":"8826c86611fffff","mii":17,"trt":0.0,"glp1":0.0,"pharmacy":0.0,"gym":0.0,"n":0},"geometry":{"type":"Polygon","coordinates":[[[-96.78781,32.91647],[-96.78276,32.91911],[-96.78305,32.92418],[-96.78839,32.92662],[-96.79344,32.92398],[-96.79315,32.9189],[-96.78781,32.91647]]]}},{"type":"Feature","properties":{"h3":"8826caa1b9fffff","mii":17,"trt":0.0,"glp1":5.0,"pharmacy":0.0,"gym":0.0,"n":8},"geometry":{"type":"Polygon","coordinates":[[[-97.53728,32.89946],[-97.53223,32.90213],[-97.53255,32.90722],[-97.53793,32.90962],[-97.54298,32.90695],[-97.54266,32.90186],[-97.53728,32.89946]]]}},{"type":"Feature","properties":{"h3":"8826cbda6bfffff","mii":17,"trt":0.0,"glp1":4.7,"pharmacy":0.0,"gym":0.0,"n":8},"geometry":{"type":"Polygon","coordinates":[[[-97.35717,32.7741],[-97.35212,32.77677],[-97.35244,32.78186],[-97.3578,32.78427],[-97.36285,32.7816],[-97.36253,32.77652],[-97.35717,32.7741]]]}},{"type":"Feature","properties":{"h3":"8826c879a7fffff","mii":17,"trt":0.0,"glp1":5.05,"pharmacy":0.0,"gym":0.0,"n":9},"geometry":{"type":"Polygon","coordinates":[[[-97.21039,33.01425],[-97.20533,33.01691],[-97.20564,33.02199],[-97.21101,33.02441],[-97.21607,33.02175],[-97.21575,33.01667],[-97.21039,33.01425]]]}},{"type":"Feature","properties":{"h3":"8826cbc8abfffff","mii":16,"trt":0.0,"glp1":0.0,"pharmacy":0.0,"gym":0.45,"n":1},"geometry":{"type":"Polygon","coordinates":[[[-97.38061,32.48295],[-97.37558,32.48563],[-97.3759,32.49073],[-97.38125,32.49314],[-97.38628,32.49046],[-97.38596,32.48537],[-97.38061,32.48295]]]}},{"type":"Feature","properties":{"h3":"8826cbc885fffff","mii":16,"trt":0.0,"glp1":0.0,"pharmacy":0.0,"gym":0.0,"n":0},"geometry":{"type":"Polygon","coordinates":[[[-97.3759,32.49073],[-97.37087,32.4934],[-97.37118,32.4985],[-97.37653,32.50091],[-97.38157,32.49823],[-97.38125,32.49314],[-97.3759,32.49073]]]}},{"type":"Feature","properties":{"h3":"8826cbc887fffff","mii":16,"trt":0.0,"glp1":0.0,"pharmacy":0.0,"gym":0.0,"n":0},"geometry":{"type":"Polygon","coordinates":[[[-97.37023,32.48322],[-97.3652,32.4859],[-97.36552,32.49099],[-97.37087,32.4934],[-97.3759,32.49073],[-97.37558,32.48563],[-97.37023,32.48322]]]}},{"type":"Feature","properties":{"h3":"8826cbd165fffff","mii":16,"trt":0.0,"glp1":1.2,"pharmacy":0.0,"gym":0.0,"n":2},"geometry":{"type":"Polygon","coordinates":[[[-97.30514,32.77537],[-97.30009,32.77804],[-97.30041,32.78313],[-97.30577,32.78554],[-97.31081,32.78287],[-97.3105,32.77779],[-97.30514,32.77537]]]}},{"type":"Feature","properties":{"h3":"8826c8796bfffff","mii":16,"trt":0.0,"glp1":0.0,"pharmacy":0.0,"gym":0.45,"n":1},"geometry":{"type":"Polygon","coordinates":[[[-97.23118,33.09768],[-97.22612,33.10034],[-97.22644,33.10541],[-97.23181,33.10783],[-97.23687,33.10518],[-97.23655,33.1001],[-97.23118,33.09768]]]}},{"type":"Feature","properties":{"h3":"8826cb9a43fffff","mii":16,"trt":0.0,"glp1":1.1,"pharmacy":0.0,"gym":0.0,"n":2},"geometry":{"type":"Polygon","coordinates":[[[-96.82708,32.78604],[-96.82203,32.78868],[-96.82233,32.79376],[-96.82766,32.7962],[-96.83271,32.79355],[-96.83241,32.78847],[-96.82708,32.78604]]]}},{"type":"Feature","properties":{"h3":"8826c8771dfffff","mii":16,"trt":0.0,"glp1":0.0,"pharmacy":0.0,"gym":0.45,"n":1},"geometry":{"type":"Polygon","coordinates":[[[-96.83908,33.08311],[-96.83403,33.08575],[-96.83432,33.09082],[-96.83967,33.09325],[-96.84473,33.09062],[-96.84444,33.08554],[-96.83908,33.08311]]]}},{"type":"Feature","properties":{"h3":"8826c87757fffff","mii":16,"trt":0.0,"glp1":0.0,"pharmacy":0.0,"gym":0.0,"n":0},"geometry":{"type":"Polygon","coordinates":[[[-96.83432,33.09082],[-96.82926,33.09346],[-96.82956,33.09853],[-96.83491,33.10097],[-96.83997,33.09833],[-96.83967,33.09325],[-96.83432,33.09082]]]}},{"type":"Feature","properties":{"h3":"8826c8770bfffff","mii":16,"trt":0.0,"glp1":0.0,"pharmacy":0.0,"gym":0.0,"n":0},"geometry":{"type":"Polygon","coordinates":[[[-96.84473,33.09062],[-96.83967,33.09325],[-96.83997,33.09833],[-96.84532,33.10076],[-96.85038,33.09812],[-96.85008,33.09305],[-96.84473,33.09062]]]}},{"type":"Feature","properties":{"h3":"8826c80debfffff","mii":16,"trt":0.0,"glp1":0.0,"pharmacy":0.0,"gym":0.0,"n":0},"geometry":{"type":"Polygon","coordinates":[[[-96.83309,33.15939],[-96.82803,33.16203],[-96.82833,33.1671],[-96.83368,33.16953],[-96.83874,33.1669],[-96.83845,33.16182],[-96.83309,33.15939]]]}},{"type":"Feature","properties":{"h3":"8826c80de1fffff","mii":16,"trt":0.0,"glp1":0.0,"pharmacy":0.0,"gym":0.0,"n":0},"geometry":{"type":"Polygon","coordinates":[[[-96.84351,33.15919],[-96.83845,33.16182],[-96.83874,33.1669],[-96.8441,33.16933],[-96.84916,33.16669],[-96.84886,33.16162],[-96.84351,33.15919]]]}},{"type":"Feature","properties":{"h3":"8826cbc881fffff","mii":16,"trt":0.0,"glp1":0.0,"pharmacy":0.0,"gym":0.45,"n":1},"geometry":{"type":"Polygon","coordinates":[[[-97.36552,32.49099],[-97.36048,32.49367],[-97.3608,32.49876],[-97.36615,32.50118],[-97.37118,32.4985],[-97.37087,32.4934],[-97.36552,32.49099]]]}},{"type":"Feature","properties":{"h3":"8826ca84cbfffff","mii":16,"trt":0.0,"glp1":0.0,"pharmacy":0.0,"gym":0.45,"n":1},"geometry":{"type":"Polygon","coordinates":[[[-97.57785,33.2038],[-97.57279,33.20647],[-97.57312,33.21155],[-97.57851,33.21396],[-97.58358,33.21129],[-97.58325,33.20621],[-97.57785,33.2038]]]}},{"type":"Feature","properties":{"h3":"8826cb8b03fffff","mii":16,"trt":0.0,"glp1":0.0,"pharmacy":0.0,"gym":0.45,"n":1},"geometry":{"type":"Polygon","coordinates":[[[-96.93056,32.60066],[-96.92552,32.60331],[-96.92582,32.6084],[-96.93115,32.61083],[-96.93619,32.60817],[-96.93589,32.60309],[-96.93056,32.60066]]]}},{"type":"Feature","properties":{"h3":"8826cbd641fffff","mii":16,"trt":0.0,"glp1":0.0,"pharmacy":0.0,"gym":0.45,"n":1},"geometry":{"type":"Polygon","coordinates":[[[-97.01129,32.73634],[-97.00625,32.739],[-97.00655,32.74408],[-97.0119,32.74651],[-97.01694,32.74385],[-97.01664,32.73877],[-97.01129,32.73634]]]}},{"type":"Feature","properties":{"h3":"8826c86d6dfffff","mii":16,"trt":0.0,"glp1":0.0,"pharmacy":0.0,"gym":0.0,"n":0},"geometry":{"type":"Polygon","coordinates":[[[-97.12162,32.84076],[-97.11658,32.84341],[-97.11688,32.8485],[-97.12224,32.85092],[-97.12728,32.84826],[-97.12698,32.84318],[-97.12162,32.84076]]]}},{"type":"Feature","properties":{"h3":"8826c86d67fffff","mii":16,"trt":0.0,"glp1":0.0,"pharmacy":0.0,"gym":0.0,"n":0},"geometry":{"type":"Polygon","coordinates":[[[-97.1207,32.82551],[-97.11565,32.82817],[-97.11596,32.83325],[-97.12132,32.83567],[-97.12636,32.83302],[-97.12605,32.82793],[-97.1207,32.82551]]]}},{"type":"Feature","properties":{"h3":"8826c86d61fffff","mii":16,"trt":0.0,"glp1":0.0,"pharmacy":0.0,"gym":0.0,"n":0},"geometry":{"type":"Polygon","coordinates":[[[-97.11596,32.83325],[-97.11091,32.83591],[-97.11122,32.84099],[-97.11658,32.84341],[-97.12162,32.84076],[-97.12132,32.83567],[-97.11596,32.83325]]]}},{"type":"Feature","properties":{"h3":"8826c868d3fffff","mii":16,"trt":0.0,"glp1":0.0,"pharmacy":0.0,"gym":0.0,"n":0},"geometry":{"type":"Polygon","coordinates":[[[-97.10266,32.87171],[-97.09761,32.87437],[-97.09792,32.87945],[-97.10327,32.88187],[-97.10832,32.87922],[-97.10801,32.87414],[-97.10266,32.87171]]]}},{"type":"Feature","properties":{"h3":"8826c868d7fffff","mii":16,"trt":0.0,"glp1":0.0,"pharmacy":0.0,"gym":0.0,"n":0},"geometry":{"type":"Polygon","coordinates":[[[-97.11306,32.87148],[-97.10801,32.87414],[-97.10832,32.87922],[-97.11368,32.88164],[-97.11873,32.87898],[-97.11842,32.8739],[-97.11306,32.87148]]]}},{"type":"Feature","properties":{"h3":"8826c8689dfffff","mii":16,"trt":0.0,"glp1":0.0,"pharmacy":0.0,"gym":0.0,"n":0},"geometry":{"type":"Polygon","coordinates":[[[-97.1178,32.86374],[-97.11276,32.8664],[-97.11306,32.87148],[-97.11842,32.8739],[-97.12347,32.87124],[-97.12316,32.86616],[-97.1178,32.86374]]]}},{"type":"Feature","properties":{"h3":"8826c86f25fffff","mii":16,"trt":0.0,"glp1":0.0,"pharmacy":0.0,"gym":0.0,"n":0},"geometry":{"type":"Polygon","coordinates":[[[-97.097,32.86421],[-97.09195,32.86686],[-97.09226,32.87194],[-97.09761,32.87437],[-97.10266,32.87171],[-97.10235,32.86663],[-97.097,32.86421]]]}},{"type":"Feature","properties":{"h3":"8826cbd269fffff","mii":16,"trt":0.0,"glp1":0.0,"pharmacy":0.0,"gym":0.0,"n":0},"geometry":{"type":"Polygon","coordinates":[[[-97.18404,32.83933],[-97.17899,32.84199],[-97.1793,32.84707],[-97.18466,32.8495],[-97.18971,32.84684],[-97.1894,32.84175],[-97.18404,32.83933]]]}},{"type":"Feature","properties":{"h3":"8826cbd245fffff","mii":16,"trt":0.0,"glp1":0.0,"pharmacy":0.0,"gym":0.0,"n":0},"geometry":{"type":"Polygon","coordinates":[[[-97.17363,32.83957],[-97.16859,32.84223],[-97.1689,32.84731],[-97.17425,32.84974],[-97.1793,32.84707],[-97.17899,32.84199],[-97.17363,32.83957]]]}},{"type":"Feature","properties":{"h3":"8826cbd26bfffff","mii":16,"trt":0.0,"glp1":0.0,"pharmacy":0.0,"gym":0.45,"n":1},"geometry":{"type":"Polygon","coordinates":[[[-97.17837,32.83183],[-97.17332,32.83449],[-97.17363,32.83957],[-97.17899,32.84199],[-97.18404,32.83933],[-97.18373,32.83425],[-97.17837,32.83183]]]}},{"type":"Feature","properties":{"h3":"8826cbd263fffff","mii":16,"trt":0.0,"glp1":0.0,"pharmacy":0.0,"gym":0.0,"n":0},"geometry":{"type":"Polygon","coordinates":[[[-97.18311,32.82408],[-97.17806,32.82674],[-97.17837,32.83183],[-97.18373,32.83425],[-97.18878,32.83159],[-97.18846,32.8265],[-97.18311,32.82408]]]}},{"type":"Feature","properties":{"h3":"8826cbd20dfffff","mii":16,"trt":0.0,"glp1":0.0,"pharmacy":0.0,"gym":0.0,"n":0},"geometry":{"type":"Polygon","coordinates":[[[-97.17271,32.82432],[-97.16766,32.82698],[-97.16797,32.83207],[-97.17332,32.83449],[-97.17837,32.83183],[-97.17806,32.82674],[-97.17271,32.82432]]]}},{"type":"Feature","properties":{"h3":"8826c868d9fffff","mii":16,"trt":0.0,"glp1":0.0,"pharmacy":0.0,"gym":0.45,"n":1},"geometry":{"type":"Polygon","coordinates":[[[-97.10358,32.88695],[-97.09853,32.88961],[-97.09884,32.89469],[-97.10419,32.89711],[-97.10924,32.89446],[-97.10893,32.88938],[-97.10358,32.88695]]]}},{"type":"Feature","properties":{"h3":"8826cbd353fffff","mii":16,"trt":0.0,"glp1":0.0,"pharmacy":0.0,"gym":0.45,"n":1},"geometry":{"type":"Polygon","coordinates":[[[-97.20865,32.81585],[-97.2036,32.81852],[-97.20391,32.8236],[-97.20927,32.82602],[-97.21432,32.82336],[-97.21401,32.81827],[-97.20865,32.81585]]]}},{"type":"Feature","properties":{"h3":"8826c860b1fffff","mii":16,"trt":0.0,"glp1":0.0,"pharmacy":0.0,"gym":0.45,"n":1},"geometry":{"type":"Polygon","coordinates":[[[-96.95887,32.90535],[-96.95382,32.908],[-96.95412,32.91308],[-96.95947,32.91551],[-96.96452,32.91286],[-96.96422,32.90778],[-96.95887,32.90535]]]}},{"type":"Feature","properties":{"h3":"8826c860c7fffff","mii":16,"trt":0.0,"glp1":0.0,"pharmacy":0.0,"gym":0.45,"n":1},"geometry":{"type":"Polygon","coordinates":[[[-96.95592,32.94355],[-96.95087,32.94619],[-96.95117,32.95127],[-96.95652,32.9537],[-96.96157,32.95105],[-96.96127,32.94598],[-96.95592,32.94355]]]}},{"type":"Feature","properties":{"h3":"8826c86b43fffff","mii":16,"trt":0.0,"glp1":0.0,"pharmacy":0.0,"gym":0.45,"n":1},"geometry":{"type":"Polygon","coordinates":[[[-97.20377,32.99152],[-97.19872,32.99418],[-97.19903,32.99925],[-97.2044,33.00168],[-97.20945,32.99902],[-97.20914,32.99394],[-97.20377,32.99152]]]}},{"type":"Feature","properties":{"h3":"8826c86b55fffff","mii":16,"trt":0.0,"glp1":0.0,"pharmacy":0.0,"gym":0.0,"n":0},"geometry":{"type":"Polygon","coordinates":[[[-97.1981,32.98402],[-97.19304,32.98668],[-97.19336,32.99175],[-97.19872,32.99418],[-97.20377,32.99152],[-97.20346,32.98644],[-97.1981,32.98402]]]}},{"type":"Feature","properties":{"h3":"8826c86b5dfffff","mii":16,"trt":0.0,"glp1":0.0,"pharmacy":0.0,"gym":0.0,"n":0},"geometry":{"type":"Polygon","coordinates":[[[-97.19336,32.99175],[-97.1883,32.99441],[-97.18861,32.99949],[-97.19398,33.00191],[-97.19903,32.99925],[-97.19872,32.99418],[-97.19336,32.99175]]]}},{"type":"Feature","properties":{"h3":"8826c86b51fffff","mii":16,"trt":0.0,"glp1":0.0,"pharmacy":0.0,"gym":0.45,"n":1},"geometry":{"type":"Polygon","coordinates":[[[-97.18768,32.98425],[-97.18263,32.98691],[-97.18294,32.99199],[-97.1883,32.99441],[-97.19336,32.99175],[-97.19304,32.98668],[-97.18768,32.98425]]]}},{"type":"Feature","properties":{"h3":"8826c8614dfffff","mii":16,"trt":0.0,"glp1":0.0,"pharmacy":0.0,"gym":0.45,"n":1},"geometry":{"type":"Polygon","coordinates":[[[-97.06928,33.00976],[-97.06423,33.01241],[-97.06453,33.01749],[-97.06989,33.01992],[-97.07495,33.01726],[-97.07464,33.01219],[-97.06928,33.00976]]]}},{"type":"Feature","properties":{"h3":"8826c86337fffff","mii":16,"trt":0.0,"glp1":0.0,"pharmacy":0.0,"gym":0.45,"n":1},"geometry":{"type":"Polygon","coordinates":[[[-97.04279,33.00271],[-97.03774,33.00536],[-97.03804,33.01043],[-97.0434,33.01286],[-97.04846,33.01021],[-97.04815,33.00513],[-97.04279,33.00271]]]}},{"type":"Feature","properties":{"h3":"8826c84427fffff","mii":16,"trt":0.0,"glp1":0.0,"pharmacy":0.0,"gym":0.45,"n":1},"geometry":{"type":"Polygon","coordinates":[[[-97.15043,33.22905],[-97.14536,33.2317],[-97.14567,33.23677],[-97.15105,33.2392],[-97.15611,33.23655],[-97.1558,33.23148],[-97.15043,33.22905]]]}},{"type":"Feature","properties":{"h3":"8826c844c7fffff","mii":16,"trt":0.0,"glp1":0.0,"pharmacy":0.0,"gym":0.45,"n":1},"geometry":{"type":"Polygon","coordinates":[[[-97.08121,33.20768],[-97.07615,33.21033],[-97.07645,33.2154],[-97.08182,33.21782],[-97.08689,33.21518],[-97.08658,33.2101],[-97.08121,33.20768]]]}},{"type":"Feature","properties":{"h3":"8826c87a0bfffff","mii":16,"trt":0.0,"glp1":0.0,"pharmacy":0.0,"gym":0.45,"n":1},"geometry":{"type":"Polygon","coordinates":[[[-97.10314,33.13863],[-97.09808,33.14128],[-97.09839,33.14635],[-97.10376,33.14878],[-97.10882,33.14613],[-97.10851,33.14106],[-97.10314,33.13863]]]}},{"type":"Feature","properties":{"h3":"8826cb9069fffff","mii":16,"trt":0.0,"glp1":0.0,"pharmacy":0.0,"gym":0.45,"n":1},"geometry":{"type":"Polygon","coordinates":[[[-96.70817,32.79604],[-96.70313,32.79868],[-96.70342,32.80375],[-96.70875,32.80619],[-96.71379,32.80355],[-96.7135,32.79847],[-96.70817,32.79604]]]}},{"type":"Feature","properties":{"h3":"8826c829b1fffff","mii":16,"trt":0.0,"glp1":0.0,"pharmacy":0.0,"gym":0.45,"n":1},"geometry":{"type":"Polygon","coordinates":[[[-96.70125,32.85717],[-96.6962,32.8598],[-96.69649,32.86488],[-96.70182,32.86732],[-96.70687,32.86468],[-96.70658,32.8596],[-96.70125,32.85717]]]}},{"type":"Feature","properties":{"h3":"8826cb984dfffff","mii":16,"trt":0.0,"glp1":0.0,"pharmacy":0.0,"gym":0.45,"n":1},"geometry":{"type":"Polygon","coordinates":[[[-96.87158,32.74697],[-96.86654,32.74962],[-96.86683,32.7547],[-96.87217,32.75713],[-96.87721,32.75448],[-96.87692,32.7494],[-96.87158,32.74697]]]}},{"type":"Feature","properties":{"h3":"8826c82883fffff","mii":16,"trt":0.0,"glp1":0.0,"pharmacy":0.0,"gym":0.45,"n":1},"geometry":{"type":"Polygon","coordinates":[[[-96.61908,32.87396],[-96.61403,32.87659],[-96.61432,32.88167],[-96.61965,32.88411],[-96.62469,32.88148],[-96.62441,32.8764],[-96.61908,32.87396]]]}},{"type":"Feature","properties":{"h3":"8826cb92c3fffff","mii":16,"trt":0.0,"glp1":0.0,"pharmacy":0.0,"gym":0.45,"n":1},"geometry":{"type":"Polygon","coordinates":[[[-96.60921,32.7903],[-96.60417,32.79293],[-96.60445,32.79801],[-96.60978,32.80045],[-96.61482,32.79782],[-96.61454,32.79274],[-96.60921,32.7903]]]}},{"type":"Feature","properties":{"h3":"8826c874a5fffff","mii":16,"trt":0.0,"glp1":0.0,"pharmacy":0.0,"gym":0.0,"n":0},"geometry":{"type":"Polygon","coordinates":[[[-96.8121,32.97697],[-96.80705,32.97961],[-96.80735,32.98468],[-96.81269,32.98712],[-96.81774,32.98448],[-96.81745,32.9794],[-96.8121,32.97697]]]}},{"type":"Feature","properties":{"h3":"8826c8663bfffff","mii":16,"trt":0.0,"glp1":0.0,"pharmacy":0.0,"gym":0.45,"n":1},"geometry":{"type":"Polygon","coordinates":[[[-96.80295,32.90854],[-96.7979,32.91119],[-96.7982,32.91626],[-96.80354,32.9187],[-96.80859,32.91606],[-96.8083,32.91098],[-96.80295,32.90854]]]}},{"type":"Feature","properties":{"h3":"8826c86631fffff","mii":16,"trt":0.0,"glp1":0.0,"pharmacy":0.0,"gym":0.0,"n":0},"geometry":{"type":"Polygon","coordinates":[[[-96.81334,32.90834],[-96.8083,32.91098],[-96.80859,32.91606],[-96.81393,32.91849],[-96.81898,32.91585],[-96.81869,32.91077],[-96.81334,32.90834]]]}},{"type":"Feature","properties":{"h3":"8826c86633fffff","mii":16,"trt":0.0,"glp1":0.0,"pharmacy":0.0,"gym":0.0,"n":0},"geometry":{"type":"Polygon","coordinates":[[[-96.80771,32.90083],[-96.80266,32.90347],[-96.80295,32.90854],[-96.8083,32.91098],[-96.81334,32.90834],[-96.81305,32.90326],[-96.80771,32.90083]]]}},{"type":"Feature","properties":{"h3":"8826c86659fffff","mii":16,"trt":0.0,"glp1":0.0,"pharmacy":0.0,"gym":0.0,"n":0},"geometry":{"type":"Polygon","coordinates":[[[-96.77917,32.94713],[-96.77412,32.94977],[-96.77441,32.95484],[-96.77975,32.95728],[-96.7848,32.95464],[-96.78451,32.94956],[-96.77917,32.94713]]]}},{"type":"Feature","properties":{"h3":"8826c87461fffff","mii":16,"trt":0.0,"glp1":0.0,"pharmacy":0.0,"gym":0.45,"n":1},"geometry":{"type":"Polygon","coordinates":[[[-96.83732,33.05267],[-96.83226,33.05531],[-96.83255,33.06038],[-96.8379,33.06282],[-96.84296,33.06018],[-96.84267,33.0551],[-96.83732,33.05267]]]}},{"type":"Feature","properties":{"h3":"8826c8744dfffff","mii":16,"trt":0.0,"glp1":0.0,"pharmacy":0.0,"gym":0.45,"n":1},"geometry":{"type":"Polygon","coordinates":[[[-96.81739,33.0683],[-96.81233,33.07094],[-96.81262,33.07601],[-96.81797,33.07844],[-96.82303,33.07581],[-96.82274,33.07073],[-96.81739,33.0683]]]}},{"type":"Feature","properties":{"h3":"8826c87451fffff","mii":16,"trt":0.0,"glp1":0.0,"pharmacy":0.0,"gym":0.0,"n":0},"geometry":{"type":"Polygon","coordinates":[[[-96.79006,33.04597],[-96.785,33.04861],[-96.7853,33.05368],[-96.79064,33.05612],[-96.7957,33.05348],[-96.79541,33.04841],[-96.79006,33.04597]]]}},{"type":"Feature","properties":{"h3":"8826c8740bfffff","mii":16,"trt":0.0,"glp1":0.0,"pharmacy":0.0,"gym":0.0,"n":0},"geometry":{"type":"Polygon","coordinates":[[[-96.80522,33.03806],[-96.80017,33.0407],[-96.80046,33.04577],[-96.80581,33.04821],[-96.81086,33.04557],[-96.81057,33.0405],[-96.80522,33.03806]]]}},{"type":"Feature","properties":{"h3":"8826c82b4dfffff","mii":16,"trt":0.0,"glp1":0.0,"pharmacy":0.0,"gym":0.0,"n":0},"geometry":{"type":"Polygon","coordinates":[[[-96.70513,33.01712],[-96.70007,33.01975],[-96.70036,33.02483],[-96.7057,33.02727],[-96.71076,33.02463],[-96.71047,33.01956],[-96.70513,33.01712]]]}},{"type":"Feature","properties":{"h3":"8826c87685fffff","mii":16,"trt":0.0,"glp1":0.0,"pharmacy":0.0,"gym":0.45,"n":1},"geometry":{"type":"Polygon","coordinates":[[[-96.75322,33.03906],[-96.74816,33.0417],[-96.74845,33.04677],[-96.7538,33.04921],[-96.75885,33.04657],[-96.75856,33.0415],[-96.75322,33.03906]]]}},{"type":"Feature","properties":{"h3":"8826c876e3fffff","mii":16,"trt":0.0,"glp1":0.0,"pharmacy":0.0,"gym":0.0,"n":0},"geometry":{"type":"Polygon","coordinates":[[[-96.75885,33.04657],[-96.7538,33.04921],[-96.75409,33.05428],[-96.75944,33.05672],[-96.76449,33.05408],[-96.7642,33.04901],[-96.75885,33.04657]]]}},{"type":"Feature","properties":{"h3":"8826c87755fffff","mii":16,"trt":0.0,"glp1":0.0,"pharmacy":0.0,"gym":0.45,"n":1},"geometry":{"type":"Polygon","coordinates":[[[-96.83997,33.09833],[-96.83491,33.10097],[-96.8352,33.10604],[-96.84056,33.10847],[-96.84562,33.10583],[-96.84532,33.10076],[-96.83997,33.09833]]]}},{"type":"Feature","properties":{"h3":"8826c80d97fffff","mii":16,"trt":0.0,"glp1":0.0,"pharmacy":0.0,"gym":0.45,"n":1},"geometry":{"type":"Polygon","coordinates":[[[-96.80486,33.12186],[-96.7998,33.12449],[-96.80009,33.12957],[-96.80544,33.132],[-96.8105,33.12937],[-96.81021,33.12429],[-96.80486,33.12186]]]}},{"type":"Feature","properties":{"h3":"8826c82b01fffff","mii":16,"trt":0.0,"glp1":0.0,"pharmacy":0.0,"gym":0.45,"n":1},"geometry":{"type":"Polygon","coordinates":[[[-96.7034,32.98668],[-96.69835,32.98932],[-96.69863,32.99439],[-96.70397,32.99683],[-96.70903,32.99419],[-96.70874,32.98912],[-96.7034,32.98668]]]}},{"type":"Feature","properties":{"h3":"8826c82b07fffff","mii":16,"trt":0.0,"glp1":0.0,"pharmacy":0.0,"gym":0.0,"n":0},"geometry":{"type":"Polygon","coordinates":[[[-96.70816,32.97897],[-96.70311,32.98161],[-96.7034,32.98668],[-96.70874,32.98912],[-96.71379,32.98649],[-96.7135,32.98141],[-96.70816,32.97897]]]}},{"type":"Feature","properties":{"h3":"8826c82b2bfffff","mii":16,"trt":0.0,"glp1":0.0,"pharmacy":0.0,"gym":0.0,"n":0},"geometry":{"type":"Polygon","coordinates":[[[-96.71855,32.97878],[-96.7135,32.98141],[-96.71379,32.98649],[-96.71913,32.98892],[-96.72418,32.98629],[-96.72389,32.98121],[-96.71855,32.97878]]]}},{"type":"Feature","properties":{"h3":"8826c82b31fffff","mii":16,"trt":0.0,"glp1":0.0,"pharmacy":0.0,"gym":0.0,"n":0},"geometry":{"type":"Polygon","coordinates":[[[-96.7073,32.96375],[-96.70225,32.96639],[-96.70253,32.97146],[-96.70787,32.9739],[-96.71292,32.97126],[-96.71264,32.96619],[-96.7073,32.96375]]]}},{"type":"Feature","properties":{"h3":"8826c82b37fffff","mii":16,"trt":0.0,"glp1":0.0,"pharmacy":0.0,"gym":0.45,"n":1},"geometry":{"type":"Polygon","coordinates":[[[-96.71206,32.95604],[-96.70701,32.95868],[-96.7073,32.96375],[-96.71264,32.96619],[-96.71769,32.96355],[-96.7174,32.95848],[-96.71206,32.95604]]]}},{"type":"Feature","properties":{"h3":"8826c872d3fffff","mii":16,"trt":0.0,"glp1":0.0,"pharmacy":0.0,"gym":0.45,"n":1},"geometry":{"type":"Polygon","coordinates":[[[-96.86345,33.14357],[-96.85839,33.14621],[-96.85869,33.15128],[-96.86404,33.15371],[-96.8691,33.15107],[-96.86881,33.146],[-96.86345,33.14357]]]}},{"type":"Feature","properties":{"h3":"8826c80dadfffff","mii":16,"trt":0.0,"glp1":0.0,"pharmacy":0.0,"gym":0.0,"n":0},"geometry":{"type":"Polygon","coordinates":[[[-96.85304,33.14377],[-96.84798,33.14641],[-96.84827,33.15148],[-96.85363,33.15391],[-96.85869,33.15128],[-96.85839,33.14621],[-96.85304,33.14377]]]}},{"type":"Feature","properties":{"h3":"8826c80db9fffff","mii":16,"trt":0.0,"glp1":0.0,"pharmacy":0.0,"gym":0.0,"n":0},"geometry":{"type":"Polygon","coordinates":[[[-96.82091,33.12916],[-96.81585,33.1318],[-96.81615,33.13687],[-96.8215,33.13931],[-96.82656,33.13667],[-96.82627,33.1316],[-96.82091,33.12916]]]}},{"type":"Feature","properties":{"h3":"8826c80dbdfffff","mii":16,"trt":0.0,"glp1":0.0,"pharmacy":0.0,"gym":0.0,"n":0},"geometry":{"type":"Polygon","coordinates":[[[-96.83132,33.12896],[-96.82627,33.1316],[-96.82656,33.13667],[-96.83191,33.13911],[-96.83697,33.13647],[-96.83668,33.1314],[-96.83132,33.12896]]]}},{"type":"Feature","properties":{"h3":"8826c80db5fffff","mii":16,"trt":0.0,"glp1":0.0,"pharmacy":0.0,"gym":0.0,"n":0},"geometry":{"type":"Polygon","coordinates":[[[-96.83609,33.12125],[-96.83103,33.12389],[-96.83132,33.12896],[-96.83668,33.1314],[-96.84174,33.12876],[-96.84144,33.12369],[-96.83609,33.12125]]]}},{"type":"Feature","properties":{"h3":"8826c80db7fffff","mii":16,"trt":0.0,"glp1":0.0,"pharmacy":0.0,"gym":0.0,"n":0},"geometry":{"type":"Polygon","coordinates":[[[-96.83044,33.11375],[-96.82538,33.11638],[-96.82568,33.12146],[-96.83103,33.12389],[-96.83609,33.12125],[-96.83579,33.11618],[-96.83044,33.11375]]]}},{"type":"Feature","properties":{"h3":"8826c80db3fffff","mii":16,"trt":0.0,"glp1":0.0,"pharmacy":0.0,"gym":0.0,"n":0},"geometry":{"type":"Polygon","coordinates":[[[-96.82003,33.11395],[-96.81497,33.11659],[-96.81527,33.12166],[-96.82062,33.12409],[-96.82568,33.12146],[-96.82538,33.11638],[-96.82003,33.11395]]]}},{"type":"Feature","properties":{"h3":"8826c83b0dfffff","mii":16,"trt":0.0,"glp1":0.0,"pharmacy":0.0,"gym":0.45,"n":1},"geometry":{"type":"Polygon","coordinates":[[[-96.6817,33.15462],[-96.67664,33.15724],[-96.67693,33.16231],[-96.68228,33.16475],[-96.68734,33.16213],[-96.68705,33.15706],[-96.6817,33.15462]]]}},{"type":"Feature","properties":{"h3":"8826c80f59fffff","mii":16,"trt":0.0,"glp1":0.0,"pharmacy":0.0,"gym":0.45,"n":1},"geometry":{"type":"Polygon","coordinates":[[[-96.79759,33.26664],[-96.79252,33.26927],[-96.79282,33.27434],[-96.79818,33.27678],[-96.80324,33.27414],[-96.80295,33.26908],[-96.79759,33.26664]]]}},{"type":"Feature","properties":{"h3":"8826c83597fffff","mii":16,"trt":0.0,"glp1":0.0,"pharmacy":0.0,"gym":0.45,"n":1},"geometry":{"type":"Polygon","coordinates":[[[-96.32325,32.97043],[-96.3182,32.97305],[-96.31847,32.97812],[-96.32379,32.98057],[-96.32884,32.97796],[-96.32857,32.97289],[-96.32325,32.97043]]]}},{"type":"Feature","properties":{"h3":"8826c832ddfffff","mii":16,"trt":0.0,"glp1":0.0,"pharmacy":0.0,"gym":0.45,"n":1},"geometry":{"type":"Polygon","coordinates":[[[-96.36498,33.16757],[-96.35992,33.17018],[-96.3602,33.17525],[-96.36553,33.1777],[-96.37059,33.17509],[-96.37031,33.17002],[-96.36498,33.16757]]]}},{"type":"Feature","properties":{"h3":"8826c8283bfffff","mii":16,"trt":0.65,"glp1":0.0,"pharmacy":0.0,"gym":0.0,"n":1},"geometry":{"type":"Polygon","coordinates":[[[-96.65754,32.91135],[-96.6525,32.91398],[-96.65278,32.91906],[-96.65812,32.9215],[-96.66316,32.91886],[-96.66288,32.91379],[-96.65754,32.91135]]]}},{"type":"Feature","properties":{"h3":"8826cbda35fffff","mii":16,"trt":0.0,"glp1":0.0,"pharmacy":0.0,"gym":0.0,"n":0},"geometry":{"type":"Polygon","coordinates":[[[-97.35999,32.73582],[-97.35494,32.7385],[-97.35526,32.74358],[-97.36062,32.746],[-97.36567,32.74333],[-97.36535,32.73824],[-97.35999,32.73582]]]}},{"type":"Feature","properties":{"h3":"8826c86debfffff","mii":16,"trt":0.9,"glp1":0.0,"pharmacy":0.0,"gym":0.0,"n":2},"geometry":{"type":"Polygon","coordinates":[[[-97.06597,32.78094],[-97.06092,32.78359],[-97.06123,32.78868],[-97.06658,32.7911],[-97.07162,32.78844],[-97.07132,32.78336],[-97.06597,32.78094]]]}},{"type":"Feature","properties":{"h3":"8826c86221fffff","mii":16,"trt":0.0,"glp1":0.0,"pharmacy":0.0,"gym":0.0,"n":0},"geometry":{"type":"Polygon","coordinates":[[[-96.98689,33.02677],[-96.98184,33.02941],[-96.98214,33.03449],[-96.9875,33.03692],[-96.99255,33.03427],[-96.99225,33.0292],[-96.98689,33.02677]]]}},{"type":"Feature","properties":{"h3":"8826c86225fffff","mii":16,"trt":0.0,"glp1":0.0,"pharmacy":0.0,"gym":0.0,"n":0},"geometry":{"type":"Polygon","coordinates":[[[-96.99731,33.02655],[-96.99225,33.0292],[-96.99255,33.03427],[-96.99791,33.0367],[-97.00296,33.03405],[-97.00266,33.02898],[-96.99731,33.02655]]]}},{"type":"Feature","properties":{"h3":"8826c8631bfffff","mii":16,"trt":0.0,"glp1":0.0,"pharmacy":0.0,"gym":0.0,"n":0},"geometry":{"type":"Polygon","coordinates":[[[-97.00206,33.01882],[-96.997,33.02147],[-96.99731,33.02655],[-97.00266,33.02898],[-97.00772,33.02633],[-97.00741,33.02125],[-97.00206,33.01882]]]}},{"type":"Feature","properties":{"h3":"8826c8604dfffff","mii":16,"trt":0.0,"glp1":0.0,"pharmacy":0.0,"gym":0.0,"n":0},"geometry":{"type":"Polygon","coordinates":[[[-96.9964,33.01132],[-96.99135,33.01397],[-96.99165,33.01904],[-96.997,33.02147],[-97.00206,33.01882],[-97.00176,33.01375],[-96.9964,33.01132]]]}},{"type":"Feature","properties":{"h3":"8826c86049fffff","mii":16,"trt":0.0,"glp1":0.0,"pharmacy":0.0,"gym":0.0,"n":0},"geometry":{"type":"Polygon","coordinates":[[[-96.98599,33.01154],[-96.98094,33.01419],[-96.98124,33.01926],[-96.98659,33.02169],[-96.99165,33.01904],[-96.99135,33.01397],[-96.98599,33.01154]]]}},{"type":"Feature","properties":{"h3":"8826c86223fffff","mii":16,"trt":0.0,"glp1":0.0,"pharmacy":0.0,"gym":0.0,"n":0},"geometry":{"type":"Polygon","coordinates":[[[-96.98124,33.01926],[-96.97618,33.02191],[-96.97648,33.02698],[-96.98184,33.02941],[-96.98689,33.02677],[-96.98659,33.02169],[-96.98124,33.01926]]]}},{"type":"Feature","properties":{"h3":"8826c871b3fffff","mii":16,"trt":0.0,"glp1":0.0,"pharmacy":0.0,"gym":0.0,"n":0},"geometry":{"type":"Polygon","coordinates":[[[-96.99912,33.057],[-96.99406,33.05965],[-96.99436,33.06472],[-96.99972,33.06715],[-97.00478,33.0645],[-97.00448,33.05943],[-96.99912,33.057]]]}},{"type":"Feature","properties":{"h3":"8826c871b7fffff","mii":16,"trt":0.0,"glp1":0.0,"pharmacy":0.0,"gym":0.0,"n":0},"geometry":{"type":"Polygon","coordinates":[[[-97.00953,33.05678],[-97.00448,33.05943],[-97.00478,33.0645],[-97.01014,33.06693],[-97.01519,33.06429],[-97.01489,33.05921],[-97.00953,33.05678]]]}},{"type":"Feature","properties":{"h3":"8826c8635dfffff","mii":16,"trt":0.0,"glp1":0.0,"pharmacy":0.0,"gym":0.0,"n":0},"geometry":{"type":"Polygon","coordinates":[[[-97.01429,33.04906],[-97.00923,33.05171],[-97.00953,33.05678],[-97.01489,33.05921],[-97.01995,33.05656],[-97.01964,33.05149],[-97.01429,33.04906]]]}},{"type":"Feature","properties":{"h3":"8826c86351fffff","mii":16,"trt":0.0,"glp1":0.0,"pharmacy":0.0,"gym":0.0,"n":0},"geometry":{"type":"Polygon","coordinates":[[[-97.00862,33.04156],[-97.00357,33.0442],[-97.00387,33.04928],[-97.00923,33.05171],[-97.01429,33.04906],[-97.01398,33.04398],[-97.00862,33.04156]]]}},{"type":"Feature","properties":{"h3":"8826c8635bfffff","mii":16,"trt":0.0,"glp1":0.0,"pharmacy":0.0,"gym":0.0,"n":0},"geometry":{"type":"Polygon","coordinates":[[[-96.99821,33.04178],[-96.99316,33.04442],[-96.99346,33.0495],[-96.99882,33.05193],[-97.00387,33.04928],[-97.00357,33.0442],[-96.99821,33.04178]]]}},{"type":"Feature","properties":{"h3":"8826c86265fffff","mii":16,"trt":0.0,"glp1":0.0,"pharmacy":0.0,"gym":0.0,"n":0},"geometry":{"type":"Polygon","coordinates":[[[-96.99346,33.0495],[-96.9884,33.05214],[-96.9887,33.05722],[-96.99406,33.05965],[-96.99912,33.057],[-96.99882,33.05193],[-96.99346,33.0495]]]}},{"type":"Feature","properties":{"h3":"8826c80649fffff","mii":16,"trt":0.6,"glp1":0.55,"pharmacy":0.0,"gym":0.0,"n":2},"geometry":{"type":"Polygon","coordinates":[[[-96.56703,33.33918],[-96.56196,33.3418],[-96.56224,33.34686],[-96.56759,33.34931],[-96.57266,33.34669],[-96.57238,33.34162],[-96.56703,33.33918]]]}},{"type":"Feature","properties":{"h3":"8826c82aa7fffff","mii":16,"trt":0.0,"glp1":4.05,"pharmacy":0.0,"gym":0.0,"n":7},"geometry":{"type":"Polygon","coordinates":[[[-96.62164,32.91963],[-96.61659,32.92226],[-96.61687,32.92734],[-96.6222,32.92978],[-96.62725,32.92715],[-96.62697,32.92207],[-96.62164,32.91963]]]}},{"type":"Feature","properties":{"h3":"8826c82d69fffff","mii":16,"trt":0.0,"glp1":4.15,"pharmacy":0.0,"gym":0.0,"n":7},"geometry":{"type":"Polygon","coordinates":[[[-96.60224,32.85141],[-96.59719,32.85404],[-96.59748,32.85912],[-96.60281,32.86156],[-96.60785,32.85892],[-96.60757,32.85385],[-96.60224,32.85141]]]}},{"type":"Feature","properties":{"h3":"8826c82ac5fffff","mii":16,"trt":0.0,"glp1":4.15,"pharmacy":0.0,"gym":0.0,"n":7},"geometry":{"type":"Polygon","coordinates":[[[-96.59781,32.95816],[-96.59276,32.96079],[-96.59304,32.96586],[-96.59837,32.9683],[-96.60342,32.96567],[-96.60314,32.9606],[-96.59781,32.95816]]]}},{"type":"Feature","properties":{"h3":"8826c82debfffff","mii":16,"trt":0.0,"glp1":4.05,"pharmacy":0.0,"gym":0.0,"n":7},"geometry":{"type":"Polygon","coordinates":[[[-96.55738,32.79125],[-96.55233,32.79389],[-96.55261,32.79896],[-96.55794,32.80141],[-96.56298,32.79877],[-96.5627,32.7937],[-96.55738,32.79125]]]}},{"type":"Feature","properties":{"h3":"8826cb8b31fffff","mii":16,"trt":0.0,"glp1":4.5,"pharmacy":0.0,"gym":0.0,"n":8},"geometry":{"type":"Polygon","coordinates":[[[-96.94003,32.58517],[-96.935,32.58783],[-96.9353,32.59292],[-96.94063,32.59534],[-96.94566,32.59269],[-96.94537,32.5876],[-96.94003,32.58517]]]}},{"type":"Feature","properties":{"h3":"8826c874bdfffff","mii":16,"trt":0.0,"glp1":0.0,"pharmacy":0.0,"gym":0.0,"n":0},"geometry":{"type":"Polygon","coordinates":[[[-96.78568,32.96986],[-96.78062,32.9725],[-96.78092,32.97758],[-96.78626,32.98001],[-96.79131,32.97737],[-96.79102,32.9723],[-96.78568,32.96986]]]}},{"type":"Feature","properties":{"h3":"8826c86649fffff","mii":16,"trt":0.0,"glp1":0.0,"pharmacy":0.0,"gym":0.0,"n":0},"geometry":{"type":"Polygon","coordinates":[[[-96.80083,32.96194],[-96.79578,32.96458],[-96.79607,32.96966],[-96.80142,32.9721],[-96.80647,32.96946],[-96.80617,32.96438],[-96.80083,32.96194]]]}},{"type":"Feature","properties":{"h3":"8826c82917fffff","mii":16,"trt":0.0,"glp1":0.0,"pharmacy":0.0,"gym":0.0,"n":0},"geometry":{"type":"Polygon","coordinates":[[[-96.71985,32.91017],[-96.7148,32.9128],[-96.71509,32.91788],[-96.72043,32.92032],[-96.72548,32.91768],[-96.72519,32.9126],[-96.71985,32.91017]]]}},{"type":"Feature","properties":{"h3":"8826c8293bfffff","mii":16,"trt":0.0,"glp1":0.0,"pharmacy":0.0,"gym":0.0,"n":0},"geometry":{"type":"Polygon","coordinates":[[[-96.73024,32.90997],[-96.72519,32.9126],[-96.72548,32.91768],[-96.73081,32.92012],[-96.73586,32.91748],[-96.73557,32.9124],[-96.73024,32.90997]]]}},{"type":"Feature","properties":{"h3":"8826c82933fffff","mii":16,"trt":0.0,"glp1":0.0,"pharmacy":0.0,"gym":0.0,"n":0},"geometry":{"type":"Polygon","coordinates":[[[-96.73499,32.90225],[-96.72995,32.90489],[-96.73024,32.90997],[-96.73557,32.9124],[-96.74062,32.90977],[-96.74033,32.90469],[-96.73499,32.90225]]]}},{"type":"Feature","properties":{"h3":"8826c829e5fffff","mii":16,"trt":0.0,"glp1":0.0,"pharmacy":0.0,"gym":0.0,"n":0},"geometry":{"type":"Polygon","coordinates":[[[-96.72937,32.89474],[-96.72432,32.89738],[-96.72461,32.90245],[-96.72995,32.90489],[-96.73499,32.90225],[-96.73471,32.89718],[-96.72937,32.89474]]]}},{"type":"Feature","properties":{"h3":"8826c829e1fffff","mii":16,"trt":0.0,"glp1":0.0,"pharmacy":0.0,"gym":0.0,"n":0},"geometry":{"type":"Polygon","coordinates":[[[-96.71898,32.89494],[-96.71394,32.89758],[-96.71422,32.90265],[-96.71956,32.90509],[-96.72461,32.90245],[-96.72432,32.89738],[-96.71898,32.89494]]]}},{"type":"Feature","properties":{"h3":"8826c829e9fffff","mii":16,"trt":0.0,"glp1":0.0,"pharmacy":0.0,"gym":0.0,"n":0},"geometry":{"type":"Polygon","coordinates":[[[-96.71422,32.90265],[-96.70918,32.90529],[-96.70946,32.91037],[-96.7148,32.9128],[-96.71985,32.91017],[-96.71956,32.90509],[-96.71422,32.90265]]]}},{"type":"Feature","properties":{"h3":"8826cb9105fffff","mii":16,"trt":0.0,"glp1":0.0,"pharmacy":0.0,"gym":0.0,"n":0},"geometry":{"type":"Polygon","coordinates":[[[-96.77431,32.77185],[-96.76927,32.77449],[-96.76956,32.77957],[-96.77489,32.78201],[-96.77993,32.77936],[-96.77964,32.77428],[-96.77431,32.77185]]]}},{"type":"Feature","properties":{"h3":"8826cbdb1bfffff","mii":16,"trt":0.0,"glp1":0.0,"pharmacy":0.0,"gym":0.0,"n":0},"geometry":{"type":"Polygon","coordinates":[[[-97.38648,32.74281],[-97.38143,32.74548],[-97.38175,32.75057],[-97.38711,32.75298],[-97.39216,32.75031],[-97.39184,32.74522],[-97.38648,32.74281]]]}},{"type":"Feature","properties":{"h3":"8826cbdb13fffff","mii":16,"trt":0.0,"glp1":0.0,"pharmacy":0.0,"gym":0.0,"n":0},"geometry":{"type":"Polygon","coordinates":[[[-97.3912,32.73505],[-97.38616,32.73772],[-97.38648,32.74281],[-97.39184,32.74522],[-97.39688,32.74255],[-97.39656,32.73746],[-97.3912,32.73505]]]}},{"type":"Feature","properties":{"h3":"8826cbd845fffff","mii":16,"trt":0.0,"glp1":0.0,"pharmacy":0.0,"gym":0.0,"n":0},"geometry":{"type":"Polygon","coordinates":[[[-97.38552,32.72755],[-97.38048,32.73022],[-97.38079,32.73531],[-97.38616,32.73772],[-97.3912,32.73505],[-97.39088,32.72996],[-97.38552,32.72755]]]}},{"type":"Feature","properties":{"h3":"8826cbd841fffff","mii":16,"trt":0.0,"glp1":0.0,"pharmacy":0.0,"gym":0.0,"n":0},"geometry":{"type":"Polygon","coordinates":[[[-97.37511,32.72781],[-97.37007,32.73048],[-97.37039,32.73557],[-97.37575,32.73798],[-97.38079,32.73531],[-97.38048,32.73022],[-97.37511,32.72781]]]}},{"type":"Feature","properties":{"h3":"8826cbd8a5fffff","mii":16,"trt":0.0,"glp1":4.45,"pharmacy":0.0,"gym":0.0,"n":7},"geometry":{"type":"Polygon","coordinates":[[[-97.37506,32.64372],[-97.37002,32.64639],[-97.37034,32.65148],[-97.37569,32.6539],[-97.38073,32.65122],[-97.38041,32.64613],[-97.37506,32.64372]]]}},{"type":"Feature","properties":{"h3":"8826c80911fffff","mii":16,"trt":0.0,"glp1":4.35,"pharmacy":0.0,"gym":0.0,"n":7},"geometry":{"type":"Polygon","coordinates":[[[-96.99187,33.28569],[-96.9868,33.28833],[-96.9871,33.2934],[-96.99247,33.29583],[-96.99754,33.29319],[-96.99724,33.28812],[-96.99187,33.28569]]]}},{"type":"Feature","properties":{"h3":"8826caa61dfffff","mii":15,"trt":0.0,"glp1":0.0,"pharmacy":0.0,"gym":0.0,"n":0},"geometry":{"type":"Polygon","coordinates":[[[-97.30325,32.91288],[-97.2982,32.91555],[-97.29852,32.92063],[-97.30388,32.92305],[-97.30893,32.92038],[-97.30862,32.9153],[-97.30325,32.91288]]]}},{"type":"Feature","properties":{"h3":"8826caa611fffff","mii":15,"trt":0.0,"glp1":0.0,"pharmacy":0.0,"gym":0.0,"n":0},"geometry":{"type":"Polygon","coordinates":[[[-97.29757,32.90538],[-97.29252,32.90805],[-97.29283,32.91313],[-97.2982,32.91555],[-97.30325,32.91288],[-97.30294,32.9078],[-97.29757,32.90538]]]}},{"type":"Feature","properties":{"h3":"8826c86aa9fffff","mii":15,"trt":0.0,"glp1":0.0,"pharmacy":0.0,"gym":0.0,"n":0},"geometry":{"type":"Polygon","coordinates":[[[-97.12149,32.92471],[-97.11644,32.92736],[-97.11675,32.93244],[-97.12211,32.93487],[-97.12716,32.93221],[-97.12685,32.92713],[-97.12149,32.92471]]]}},{"type":"Feature","properties":{"h3":"8826c86aabfffff","mii":15,"trt":0.0,"glp1":0.0,"pharmacy":0.0,"gym":0.0,"n":0},"geometry":{"type":"Polygon","coordinates":[[[-97.11583,32.9172],[-97.11078,32.91986],[-97.11108,32.92494],[-97.11644,32.92736],[-97.12149,32.92471],[-97.12118,32.91963],[-97.11583,32.9172]]]}},{"type":"Feature","properties":{"h3":"8826c82b41fffff","mii":15,"trt":0.0,"glp1":0.0,"pharmacy":0.0,"gym":0.0,"n":0},"geometry":{"type":"Polygon","coordinates":[[[-96.6995,33.00961],[-96.69445,33.01224],[-96.69473,33.01732],[-96.70007,33.01975],[-96.70513,33.01712],[-96.70484,33.01205],[-96.6995,33.00961]]]}},{"type":"Feature","properties":{"h3":"8826c82b09fffff","mii":15,"trt":0.0,"glp1":0.0,"pharmacy":0.0,"gym":0.0,"n":0},"geometry":{"type":"Polygon","coordinates":[[[-96.69863,32.99439],[-96.69358,32.99702],[-96.69387,33.0021],[-96.69921,33.00454],[-96.70426,33.0019],[-96.70397,32.99683],[-96.69863,32.99439]]]}},{"type":"Feature","properties":{"h3":"8826c82833fffff","mii":15,"trt":0.5,"glp1":0.0,"pharmacy":0.0,"gym":0.0,"n":1},"geometry":{"type":"Polygon","coordinates":[[[-96.66231,32.90364],[-96.65726,32.90627],[-96.65754,32.91135],[-96.66288,32.91379],[-96.66793,32.91115],[-96.66764,32.90608],[-96.66231,32.90364]]]}},{"type":"Feature","properties":{"h3":"8826c86581fffff","mii":15,"trt":0.0,"glp1":0.0,"pharmacy":0.0,"gym":0.0,"n":0},"geometry":{"type":"Polygon","coordinates":[[[-96.87601,32.82318],[-96.87097,32.82582],[-96.87126,32.8309],[-96.8766,32.83333],[-96.88165,32.83069],[-96.88135,32.82561],[-96.87601,32.82318]]]}},{"type":"Feature","properties":{"h3":"8826c8660dfffff","mii":15,"trt":0.0,"glp1":0.0,"pharmacy":0.0,"gym":0.0,"n":0},"geometry":{"type":"Polygon","coordinates":[[[-96.8151,32.9388],[-96.81005,32.94144],[-96.81035,32.94651],[-96.81569,32.94895],[-96.82074,32.94631],[-96.82045,32.94123],[-96.8151,32.9388]]]}},{"type":"Feature","properties":{"h3":"8826cbda39fffff","mii":15,"trt":0.0,"glp1":0.0,"pharmacy":0.0,"gym":0.0,"n":0},"geometry":{"type":"Polygon","coordinates":[[[-97.34486,32.74384],[-97.33981,32.74651],[-97.34013,32.7516],[-97.34549,32.75401],[-97.35053,32.75134],[-97.35022,32.74625],[-97.34486,32.74384]]]}},{"type":"Feature","properties":{"h3":"8826cbd115fffff","mii":15,"trt":0.0,"glp1":0.0,"pharmacy":0.0,"gym":0.0,"n":0},"geometry":{"type":"Polygon","coordinates":[[[-97.26164,32.74586],[-97.2566,32.74853],[-97.25691,32.75361],[-97.26227,32.75603],[-97.26731,32.75336],[-97.267,32.74828],[-97.26164,32.74586]]]}},{"type":"Feature","properties":{"h3":"8826cbd1edfffff","mii":15,"trt":0.0,"glp1":0.0,"pharmacy":0.0,"gym":0.0,"n":0},"geometry":{"type":"Polygon","coordinates":[[[-97.2607,32.7306],[-97.25566,32.73327],[-97.25597,32.73836],[-97.26133,32.74078],[-97.26637,32.73811],[-97.26606,32.73302],[-97.2607,32.7306]]]}},{"type":"Feature","properties":{"h3":"8826cbd02bfffff","mii":15,"trt":0.45,"glp1":0.0,"pharmacy":0.0,"gym":0.0,"n":1},"geometry":{"type":"Polygon","coordinates":[[[-97.21532,32.7546],[-97.21027,32.75727],[-97.21058,32.76235],[-97.21594,32.76477],[-97.22098,32.76211],[-97.22067,32.75702],[-97.21532,32.7546]]]}},{"type":"Feature","properties":{"h3":"8826cbd023fffff","mii":15,"trt":0.0,"glp1":1.65,"pharmacy":0.0,"gym":0.0,"n":3},"geometry":{"type":"Polygon","coordinates":[[[-97.22005,32.74685],[-97.215,32.74952],[-97.21532,32.7546],[-97.22067,32.75702],[-97.22571,32.75436],[-97.2254,32.74927],[-97.22005,32.74685]]]}},{"type":"Feature","properties":{"h3":"8826cbd723fffff","mii":15,"trt":0.0,"glp1":0.0,"pharmacy":0.0,"gym":0.0,"n":0},"geometry":{"type":"Polygon","coordinates":[[[-97.10768,32.69599],[-97.10264,32.69866],[-97.10295,32.70374],[-97.1083,32.70616],[-97.11334,32.7035],[-97.11303,32.69842],[-97.10768,32.69599]]]}},{"type":"Feature","properties":{"h3":"8826c86ca9fffff","mii":15,"trt":0.0,"glp1":0.0,"pharmacy":0.0,"gym":0.0,"n":0},"geometry":{"type":"Polygon","coordinates":[[[-97.00272,32.76706],[-96.99767,32.76972],[-96.99797,32.7748],[-97.00332,32.77723],[-97.00836,32.77457],[-97.00806,32.76949],[-97.00272,32.76706]]]}},{"type":"Feature","properties":{"h3":"8826c86cadfffff","mii":15,"trt":0.0,"glp1":0.0,"pharmacy":0.0,"gym":0.0,"n":0},"geometry":{"type":"Polygon","coordinates":[[[-97.0131,32.76684],[-97.00806,32.76949],[-97.00836,32.77457],[-97.01371,32.777],[-97.01875,32.77435],[-97.01845,32.76926],[-97.0131,32.76684]]]}},{"type":"Feature","properties":{"h3":"8826c86ca5fffff","mii":15,"trt":0.0,"glp1":0.0,"pharmacy":0.0,"gym":0.0,"n":0},"geometry":{"type":"Polygon","coordinates":[[[-97.01785,32.7591],[-97.0128,32.76175],[-97.0131,32.76684],[-97.01845,32.76926],[-97.02349,32.76661],[-97.02319,32.76153],[-97.01785,32.7591]]]}},{"type":"Feature","properties":{"h3":"8826c86ca7fffff","mii":15,"trt":0.0,"glp1":0.0,"pharmacy":0.0,"gym":0.0,"n":0},"geometry":{"type":"Polygon","coordinates":[[[-97.0122,32.75159],[-97.00716,32.75424],[-97.00746,32.75933],[-97.0128,32.76175],[-97.01785,32.7591],[-97.01754,32.75402],[-97.0122,32.75159]]]}},{"type":"Feature","properties":{"h3":"8826c86ca3fffff","mii":15,"trt":0.0,"glp1":0.0,"pharmacy":0.0,"gym":0.0,"n":0},"geometry":{"type":"Polygon","coordinates":[[[-97.00181,32.75182],[-96.99677,32.75447],[-96.99707,32.75955],[-97.00241,32.76198],[-97.00746,32.75933],[-97.00716,32.75424],[-97.00181,32.75182]]]}},{"type":"Feature","properties":{"h3":"8826c86cabfffff","mii":15,"trt":0.0,"glp1":0.0,"pharmacy":0.0,"gym":0.0,"n":0},"geometry":{"type":"Polygon","coordinates":[[[-96.99707,32.75955],[-96.99203,32.76221],[-96.99233,32.76729],[-96.99767,32.76972],[-97.00272,32.76706],[-97.00241,32.76198],[-96.99707,32.75955]]]}},{"type":"Feature","properties":{"h3":"8826c86d09fffff","mii":15,"trt":0.0,"glp1":0.0,"pharmacy":0.0,"gym":0.0,"n":0},"geometry":{"type":"Polygon","coordinates":[[[-97.0895,32.82621],[-97.08446,32.82887],[-97.08476,32.83395],[-97.09012,32.83637],[-97.09516,32.83372],[-97.09486,32.82864],[-97.0895,32.82621]]]}},{"type":"Feature","properties":{"h3":"8826c86d0dfffff","mii":15,"trt":0.0,"glp1":0.0,"pharmacy":0.0,"gym":0.0,"n":0},"geometry":{"type":"Polygon","coordinates":[[[-97.0999,32.82598],[-97.09486,32.82864],[-97.09516,32.83372],[-97.10051,32.83614],[-97.10556,32.83348],[-97.10526,32.8284],[-97.0999,32.82598]]]}},{"type":"Feature","properties":{"h3":"8826c86d05fffff","mii":15,"trt":0.0,"glp1":0.0,"pharmacy":0.0,"gym":0.0,"n":0},"geometry":{"type":"Polygon","coordinates":[[[-97.10464,32.81824],[-97.0996,32.8209],[-97.0999,32.82598],[-97.10526,32.8284],[-97.1103,32.82574],[-97.10999,32.82066],[-97.10464,32.81824]]]}},{"type":"Feature","properties":{"h3":"8826c86d07fffff","mii":15,"trt":0.0,"glp1":0.0,"pharmacy":0.0,"gym":0.0,"n":0},"geometry":{"type":"Polygon","coordinates":[[[-97.09898,32.81073],[-97.09394,32.81339],[-97.09424,32.81847],[-97.0996,32.8209],[-97.10464,32.81824],[-97.10434,32.81316],[-97.09898,32.81073]]]}},{"type":"Feature","properties":{"h3":"8826c86d03fffff","mii":15,"trt":0.0,"glp1":0.0,"pharmacy":0.0,"gym":0.0,"n":0},"geometry":{"type":"Polygon","coordinates":[[[-97.08859,32.81097],[-97.08354,32.81362],[-97.08385,32.8187],[-97.0892,32.82113],[-97.09424,32.81847],[-97.09394,32.81339],[-97.08859,32.81097]]]}},{"type":"Feature","properties":{"h3":"8826c86d0bfffff","mii":15,"trt":0.0,"glp1":0.0,"pharmacy":0.0,"gym":0.0,"n":0},"geometry":{"type":"Polygon","coordinates":[[[-97.08385,32.8187],[-97.0788,32.82136],[-97.07911,32.82644],[-97.08446,32.82887],[-97.0895,32.82621],[-97.0892,32.82113],[-97.08385,32.8187]]]}},{"type":"Feature","properties":{"h3":"8826c820c3fffff","mii":15,"trt":0.0,"glp1":0.0,"pharmacy":0.0,"gym":0.0,"n":0},"geometry":{"type":"Polygon","coordinates":[[[-96.43652,32.95336],[-96.43147,32.95598],[-96.43174,32.96105],[-96.43707,32.9635],[-96.44212,32.96088],[-96.44184,32.95581],[-96.43652,32.95336]]]}},{"type":"Feature","properties":{"h3":"8826c820c7fffff","mii":15,"trt":0.0,"glp1":0.0,"pharmacy":0.0,"gym":0.0,"n":0},"geometry":{"type":"Polygon","coordinates":[[[-96.44689,32.95318],[-96.44184,32.95581],[-96.44212,32.96088],[-96.44744,32.96333],[-96.45249,32.9607],[-96.45222,32.95563],[-96.44689,32.95318]]]}},{"type":"Feature","properties":{"h3":"8826c8208dfffff","mii":15,"trt":0.0,"glp1":0.0,"pharmacy":0.0,"gym":0.0,"n":0},"geometry":{"type":"Polygon","coordinates":[[[-96.45166,32.94549],[-96.44661,32.94811],[-96.44689,32.95318],[-96.45222,32.95563],[-96.45727,32.95301],[-96.45699,32.94794],[-96.45166,32.94549]]]}},{"type":"Feature","properties":{"h3":"8826c82081fffff","mii":15,"trt":0.0,"glp1":0.0,"pharmacy":0.0,"gym":0.0,"n":0},"geometry":{"type":"Polygon","coordinates":[[[-96.44606,32.93797],[-96.44101,32.94059],[-96.44129,32.94566],[-96.44661,32.94811],[-96.45166,32.94549],[-96.45139,32.94042],[-96.44606,32.93797]]]}},{"type":"Feature","properties":{"h3":"8826c8208bfffff","mii":15,"trt":0.0,"glp1":0.0,"pharmacy":0.0,"gym":0.0,"n":0},"geometry":{"type":"Polygon","coordinates":[[[-96.43569,32.93814],[-96.43064,32.94077],[-96.43092,32.94584],[-96.43624,32.94829],[-96.44129,32.94566],[-96.44101,32.94059],[-96.43569,32.93814]]]}},{"type":"Feature","properties":{"h3":"8826c820d5fffff","mii":15,"trt":0.0,"glp1":0.0,"pharmacy":0.0,"gym":0.0,"n":0},"geometry":{"type":"Polygon","coordinates":[[[-96.43092,32.94584],[-96.42587,32.94846],[-96.42614,32.95353],[-96.43147,32.95598],[-96.43652,32.95336],[-96.43624,32.94829],[-96.43092,32.94584]]]}},{"type":"Feature","properties":{"h3":"8826cb995bfffff","mii":15,"trt":0.0,"glp1":3.6,"pharmacy":0.0,"gym":0.0,"n":6},"geometry":{"type":"Polygon","coordinates":[[[-96.90657,32.72334],[-96.90153,32.72599],[-96.90183,32.73107],[-96.90717,32.7335],[-96.91221,32.73085],[-96.91191,32.72577],[-96.90657,32.72334]]]}},{"type":"Feature","properties":{"h3":"8826cb9acdfffff","mii":15,"trt":0.0,"glp1":0.0,"pharmacy":0.0,"gym":0.0,"n":0},"geometry":{"type":"Polygon","coordinates":[[[-96.79894,32.74847],[-96.7939,32.75111],[-96.79419,32.75619],[-96.79952,32.75863],[-96.80456,32.75598],[-96.80427,32.7509],[-96.79894,32.74847]]]}},{"type":"Feature","properties":{"h3":"8826cb9aebfffff","mii":15,"trt":0.0,"glp1":0.0,"pharmacy":0.0,"gym":0.0,"n":0},"geometry":{"type":"Polygon","coordinates":[[[-96.80844,32.73301],[-96.80339,32.73566],[-96.80369,32.74074],[-96.80902,32.74317],[-96.81406,32.74053],[-96.81377,32.73545],[-96.80844,32.73301]]]}},{"type":"Feature","properties":{"h3":"8826cb9ac7fffff","mii":15,"trt":0.0,"glp1":0.0,"pharmacy":0.0,"gym":0.0,"n":0},"geometry":{"type":"Polygon","coordinates":[[[-96.79806,32.73322],[-96.79302,32.73587],[-96.79331,32.74095],[-96.79865,32.74339],[-96.80369,32.74074],[-96.80339,32.73566],[-96.79806,32.73322]]]}},{"type":"Feature","properties":{"h3":"8826cb9ac1fffff","mii":15,"trt":0.0,"glp1":0.0,"pharmacy":0.0,"gym":0.0,"n":0},"geometry":{"type":"Polygon","coordinates":[[[-96.79331,32.74095],[-96.78827,32.7436],[-96.78856,32.74868],[-96.7939,32.75111],[-96.79894,32.74847],[-96.79865,32.74339],[-96.79331,32.74095]]]}},{"type":"Feature","properties":{"h3":"8826cbc697fffff","mii":15,"trt":0.0,"glp1":0.0,"pharmacy":0.0,"gym":0.0,"n":0},"geometry":{"type":"Polygon","coordinates":[[[-96.98557,32.47719],[-96.98054,32.47985],[-96.98084,32.48494],[-96.98617,32.48736],[-96.99121,32.4847],[-96.99091,32.47961],[-96.98557,32.47719]]]}},{"type":"Feature","properties":{"h3":"8826cbc6bbfffff","mii":15,"trt":0.0,"glp1":0.0,"pharmacy":0.0,"gym":0.0,"n":0},"geometry":{"type":"Polygon","coordinates":[[[-96.99594,32.47695],[-96.99091,32.47961],[-96.99121,32.4847],[-96.99654,32.48713],[-97.00157,32.48447],[-97.00127,32.47938],[-96.99594,32.47695]]]}},{"type":"Feature","properties":{"h3":"8826cbc6b3fffff","mii":15,"trt":0.0,"glp1":0.0,"pharmacy":0.0,"gym":0.0,"n":0},"geometry":{"type":"Polygon","coordinates":[[[-97.00067,32.4692],[-96.99564,32.47186],[-96.99594,32.47695],[-97.00127,32.47938],[-97.0063,32.47672],[-97.006,32.47163],[-97.00067,32.4692]]]}},{"type":"Feature","properties":{"h3":"8826c875b7fffff","mii":14,"trt":0.0,"glp1":0.0,"pharmacy":0.0,"gym":0.0,"n":0},"geometry":{"type":"Polygon","coordinates":[[[-96.85757,32.95319],[-96.85252,32.95584],[-96.85281,32.96091],[-96.85816,32.96334],[-96.86321,32.9607],[-96.86291,32.95563],[-96.85757,32.95319]]]}},{"type":"Feature","properties":{"h3":"8826c8675dfffff","mii":14,"trt":0.0,"glp1":0.0,"pharmacy":0.0,"gym":0.0,"n":0},"geometry":{"type":"Polygon","coordinates":[[[-96.86232,32.94547],[-96.85727,32.94812],[-96.85757,32.95319],[-96.86291,32.95563],[-96.86797,32.95298],[-96.86767,32.94791],[-96.86232,32.94547]]]}},{"type":"Feature","properties":{"h3":"8826c86751fffff","mii":14,"trt":0.0,"glp1":0.0,"pharmacy":0.0,"gym":0.0,"n":0},"geometry":{"type":"Polygon","coordinates":[[[-96.85668,32.93796],[-96.85163,32.94061],[-96.85193,32.94568],[-96.85727,32.94812],[-96.86232,32.94547],[-96.86203,32.9404],[-96.85668,32.93796]]]}},{"type":"Feature","properties":{"h3":"8826c8675bfffff","mii":14,"trt":0.0,"glp1":0.0,"pharmacy":0.0,"gym":0.0,"n":0},"geometry":{"type":"Polygon","coordinates":[[[-96.84629,32.93817],[-96.84124,32.94082],[-96.84153,32.94589],[-96.84688,32.94833],[-96.85193,32.94568],[-96.85163,32.94061],[-96.84629,32.93817]]]}},{"type":"Feature","properties":{"h3":"8826c86605fffff","mii":14,"trt":0.0,"glp1":0.0,"pharmacy":0.0,"gym":0.0,"n":0},"geometry":{"type":"Polygon","coordinates":[[[-96.81986,32.93108],[-96.81481,32.93372],[-96.8151,32.9388],[-96.82045,32.94123],[-96.8255,32.93859],[-96.8252,32.93351],[-96.81986,32.93108]]]}},{"type":"Feature","properties":{"h3":"8826c86607fffff","mii":14,"trt":0.0,"glp1":0.0,"pharmacy":0.0,"gym":0.0,"n":0},"geometry":{"type":"Polygon","coordinates":[[[-96.81422,32.92357],[-96.80917,32.92621],[-96.80947,32.93128],[-96.81481,32.93372],[-96.81986,32.93108],[-96.81957,32.926],[-96.81422,32.92357]]]}},{"type":"Feature","properties":{"h3":"8826c82e55fffff","mii":14,"trt":0.0,"glp1":0.0,"pharmacy":0.0,"gym":0.0,"n":0},"geometry":{"type":"Polygon","coordinates":[[[-96.46432,32.89196],[-96.45927,32.89459],[-96.45955,32.89966],[-96.46487,32.90211],[-96.46992,32.89948],[-96.46964,32.89441],[-96.46432,32.89196]]]}},{"type":"Feature","properties":{"h3":"8826c82e1dfffff","mii":14,"trt":0.0,"glp1":0.0,"pharmacy":0.0,"gym":0.0,"n":0},"geometry":{"type":"Polygon","coordinates":[[[-96.46349,32.87674],[-96.45844,32.87937],[-96.45872,32.88444],[-96.46404,32.88689],[-96.46909,32.88426],[-96.46881,32.87919],[-96.46349,32.87674]]]}},{"type":"Feature","properties":{"h3":"8826c82e57fffff","mii":14,"trt":0.0,"glp1":0.0,"pharmacy":0.0,"gym":0.0,"n":0},"geometry":{"type":"Polygon","coordinates":[[[-96.45872,32.88444],[-96.45367,32.88707],[-96.45395,32.89214],[-96.45927,32.89459],[-96.46432,32.89196],[-96.46404,32.88689],[-96.45872,32.88444]]]}},{"type":"Feature","properties":{"h3":"8826c82b5bfffff","mii":14,"trt":0.7,"glp1":0.0,"pharmacy":0.0,"gym":0.0,"n":1},"geometry":{"type":"Polygon","coordinates":[[[-96.66746,32.99497],[-96.66241,32.9976],[-96.66269,33.00268],[-96.66803,33.00512],[-96.67309,33.00248],[-96.6728,32.99741],[-96.66746,32.99497]]]}},{"type":"Feature","properties":{"h3":"8826c875dbfffff","mii":14,"trt":0.45,"glp1":0.0,"pharmacy":0.0,"gym":0.0,"n":1},"geometry":{"type":"Polygon","coordinates":[[[-96.81298,32.99219],[-96.80793,32.99483],[-96.80822,32.9999],[-96.81357,33.00234],[-96.81862,32.9997],[-96.81833,32.99463],[-96.81298,32.99219]]]}},{"type":"Feature","properties":{"h3":"8826cbd759fffff","mii":14,"trt":0.5,"glp1":0.0,"pharmacy":0.0,"gym":0.0,"n":1},"geometry":{"type":"Polygon","coordinates":[[[-97.05758,32.72768],[-97.05254,32.73034],[-97.05284,32.73542],[-97.05819,32.73785],[-97.06323,32.73519],[-97.06292,32.7301],[-97.05758,32.72768]]]}},{"type":"Feature","properties":{"h3":"8826cbd75dfffff","mii":14,"trt":0.45,"glp1":0.0,"pharmacy":0.0,"gym":0.0,"n":1},"geometry":{"type":"Polygon","coordinates":[[[-97.06797,32.72744],[-97.06292,32.7301],[-97.06323,32.73519],[-97.06857,32.73761],[-97.07362,32.73495],[-97.07331,32.72987],[-97.06797,32.72744]]]}},{"type":"Feature","properties":{"h3":"8826c838b7fffff","mii":14,"trt":0.0,"glp1":0.0,"pharmacy":0.0,"gym":0.0,"n":0},"geometry":{"type":"Polygon","coordinates":[[[-96.60598,33.01133],[-96.60092,33.01396],[-96.60121,33.01903],[-96.60654,33.02147],[-96.6116,33.01884],[-96.61131,33.01377],[-96.60598,33.01133]]]}},{"type":"Feature","properties":{"h3":"8826c82a43fffff","mii":14,"trt":0.0,"glp1":0.0,"pharmacy":0.0,"gym":0.0,"n":0},"geometry":{"type":"Polygon","coordinates":[[[-96.62113,33.00344],[-96.61608,33.00607],[-96.61637,33.01114],[-96.6217,33.01358],[-96.62675,33.01095],[-96.62647,33.00588],[-96.62113,33.00344]]]}},{"type":"Feature","properties":{"h3":"8826c86587fffff","mii":14,"trt":0.0,"glp1":0.0,"pharmacy":0.0,"gym":0.0,"n":0},"geometry":{"type":"Polygon","coordinates":[[[-96.88076,32.81545],[-96.87572,32.8181],[-96.87601,32.82318],[-96.88135,32.82561],[-96.8864,32.82296],[-96.8861,32.81788],[-96.88076,32.81545]]]}},{"type":"Feature","properties":{"h3":"8826c86595fffff","mii":14,"trt":0.0,"glp1":0.0,"pharmacy":0.0,"gym":0.0,"n":0},"geometry":{"type":"Polygon","coordinates":[[[-96.86474,32.80815],[-96.8597,32.8108],[-96.85999,32.81588],[-96.86533,32.81831],[-96.87038,32.81566],[-96.87008,32.81058],[-96.86474,32.80815]]]}},{"type":"Feature","properties":{"h3":"8826c8649bfffff","mii":14,"trt":0.0,"glp1":0.0,"pharmacy":0.35,"gym":0.0,"n":1},"geometry":{"type":"Polygon","coordinates":[[[-96.7713,32.81005],[-96.76626,32.81269],[-96.76655,32.81777],[-96.77188,32.8202],[-96.77693,32.81756],[-96.77664,32.81248],[-96.7713,32.81005]]]}},{"type":"Feature","properties":{"h3":"8826cbd8c9fffff","mii":14,"trt":0.0,"glp1":0.0,"pharmacy":0.0,"gym":0.0,"n":0},"geometry":{"type":"Polygon","coordinates":[[[-97.33065,32.68305],[-97.32561,32.68572],[-97.32593,32.69081],[-97.33129,32.69323],[-97.33633,32.69055],[-97.33601,32.68547],[-97.33065,32.68305]]]}},{"type":"Feature","properties":{"h3":"8826cbd8cdfffff","mii":14,"trt":0.0,"glp1":0.0,"pharmacy":0.0,"gym":0.0,"n":0},"geometry":{"type":"Polygon","coordinates":[[[-97.34105,32.68279],[-97.33601,32.68547],[-97.33633,32.69055],[-97.34168,32.69297],[-97.34673,32.6903],[-97.34641,32.68521],[-97.34105,32.68279]]]}},{"type":"Feature","properties":{"h3":"8826cbd8c5fffff","mii":14,"trt":0.0,"glp1":0.0,"pharmacy":0.0,"gym":0.0,"n":0},"geometry":{"type":"Polygon","coordinates":[[[-97.34577,32.67503],[-97.34073,32.6777],[-97.34105,32.68279],[-97.34641,32.68521],[-97.35145,32.68253],[-97.35113,32.67745],[-97.34577,32.67503]]]}},{"type":"Feature","properties":{"h3":"8826cbd8c7fffff","mii":14,"trt":0.0,"glp1":0.0,"pharmacy":0.0,"gym":0.0,"n":0},"geometry":{"type":"Polygon","coordinates":[[[-97.3401,32.66753],[-97.33506,32.6702],[-97.33538,32.67529],[-97.34073,32.6777],[-97.34577,32.67503],[-97.34546,32.66994],[-97.3401,32.66753]]]}},{"type":"Feature","properties":{"h3":"8826cbdb33fffff","mii":14,"trt":0.0,"glp1":0.75,"pharmacy":0.0,"gym":0.0,"n":1},"geometry":{"type":"Polygon","coordinates":[[[-97.41673,32.72676],[-97.41169,32.72944],[-97.41201,32.73453],[-97.41738,32.73694],[-97.42242,32.73426],[-97.4221,32.72918],[-97.41673,32.72676]]]}},{"type":"Feature","properties":{"h3":"8826cbd743fffff","mii":14,"trt":0.0,"glp1":0.0,"pharmacy":0.0,"gym":0.0,"n":0},"geometry":{"type":"Polygon","coordinates":[[[-97.07835,32.72721],[-97.07331,32.72987],[-97.07362,32.73495],[-97.07896,32.73738],[-97.08401,32.73472],[-97.0837,32.72964],[-97.07835,32.72721]]]}},{"type":"Feature","properties":{"h3":"8826cbd755fffff","mii":14,"trt":0.0,"glp1":0.0,"pharmacy":0.0,"gym":0.0,"n":0},"geometry":{"type":"Polygon","coordinates":[[[-97.0727,32.7197],[-97.06766,32.72236],[-97.06797,32.72744],[-97.07331,32.72987],[-97.07835,32.72721],[-97.07805,32.72213],[-97.0727,32.7197]]]}},{"type":"Feature","properties":{"h3":"8826c868a5fffff","mii":14,"trt":0.0,"glp1":0.0,"pharmacy":0.0,"gym":0.0,"n":0},"geometry":{"type":"Polygon","coordinates":[[[-97.16983,32.86256],[-97.16478,32.86522],[-97.16509,32.8703],[-97.17044,32.87272],[-97.17549,32.87006],[-97.17518,32.86498],[-97.16983,32.86256]]]}},{"type":"Feature","properties":{"h3":"8826c86999fffff","mii":14,"trt":0.0,"glp1":0.0,"pharmacy":0.0,"gym":0.0,"n":0},"geometry":{"type":"Polygon","coordinates":[[[-97.18023,32.86232],[-97.17518,32.86498],[-97.17549,32.87006],[-97.18085,32.87249],[-97.1859,32.86982],[-97.18559,32.86474],[-97.18023,32.86232]]]}},{"type":"Feature","properties":{"h3":"8826c868a7fffff","mii":14,"trt":0.0,"glp1":0.0,"pharmacy":0.0,"gym":0.0,"n":0},"geometry":{"type":"Polygon","coordinates":[[[-97.16416,32.85506],[-97.15911,32.85772],[-97.15942,32.8628],[-97.16478,32.86522],[-97.16983,32.86256],[-97.16952,32.85748],[-97.16416,32.85506]]]}},{"type":"Feature","properties":{"h3":"8826cbd205fffff","mii":14,"trt":0.45,"glp1":0.55,"pharmacy":0.0,"gym":0.0,"n":2},"geometry":{"type":"Polygon","coordinates":[[[-97.17744,32.81658],[-97.1724,32.81924],[-97.17271,32.82432],[-97.17806,32.82674],[-97.18311,32.82408],[-97.1828,32.819],[-97.17744,32.81658]]]}},{"type":"Feature","properties":{"h3":"8826c87049fffff","mii":14,"trt":0.0,"glp1":3.15,"pharmacy":0.0,"gym":0.0,"n":5},"geometry":{"type":"Polygon","coordinates":[[[-96.95901,33.17213],[-96.95395,33.17477],[-96.95425,33.17984],[-96.95961,33.18227],[-96.96468,33.17963],[-96.96437,33.17456],[-96.95901,33.17213]]]}},{"type":"Feature","properties":{"h3":"8826c821a5fffff","mii":14,"trt":0.0,"glp1":3.4,"pharmacy":0.0,"gym":0.0,"n":6},"geometry":{"type":"Polygon","coordinates":[[[-96.55459,32.92846],[-96.54954,32.93109],[-96.54982,32.93617],[-96.55515,32.93861],[-96.5602,32.93598],[-96.55992,32.93091],[-96.55459,32.92846]]]}},{"type":"Feature","properties":{"h3":"8826c87767fffff","mii":14,"trt":0.0,"glp1":0.0,"pharmacy":0.0,"gym":0.0,"n":0},"geometry":{"type":"Polygon","coordinates":[[[-96.88161,33.09751],[-96.87655,33.10015],[-96.87685,33.10522],[-96.8822,33.10765],[-96.88726,33.10501],[-96.88697,33.09994],[-96.88161,33.09751]]]}},{"type":"Feature","properties":{"h3":"8826c870dbfffff","mii":14,"trt":0.0,"glp1":0.0,"pharmacy":0.0,"gym":0.0,"n":0},"geometry":{"type":"Polygon","coordinates":[[[-96.89202,33.0973],[-96.88697,33.09994],[-96.88726,33.10501],[-96.89262,33.10744],[-96.89768,33.1048],[-96.89738,33.09973],[-96.89202,33.0973]]]}},{"type":"Feature","properties":{"h3":"8826c870d3fffff","mii":14,"trt":0.0,"glp1":0.0,"pharmacy":0.0,"gym":0.0,"n":0},"geometry":{"type":"Polygon","coordinates":[[[-96.89678,33.08958],[-96.89173,33.09222],[-96.89202,33.0973],[-96.89738,33.09973],[-96.90244,33.09709],[-96.90214,33.09202],[-96.89678,33.08958]]]}},{"type":"Feature","properties":{"h3":"8826c87725fffff","mii":14,"trt":0.0,"glp1":0.0,"pharmacy":0.0,"gym":0.0,"n":0},"geometry":{"type":"Polygon","coordinates":[[[-96.89113,33.08208],[-96.88607,33.08472],[-96.88637,33.08979],[-96.89173,33.09222],[-96.89678,33.08958],[-96.89649,33.08451],[-96.89113,33.08208]]]}},{"type":"Feature","properties":{"h3":"8826c87721fffff","mii":14,"trt":0.0,"glp1":0.0,"pharmacy":0.0,"gym":0.0,"n":0},"geometry":{"type":"Polygon","coordinates":[[[-96.88072,33.08229],[-96.87566,33.08493],[-96.87596,33.09],[-96.88131,33.09243],[-96.88637,33.08979],[-96.88607,33.08472],[-96.88072,33.08229]]]}},{"type":"Feature","properties":{"h3":"8826c87729fffff","mii":14,"trt":0.0,"glp1":0.0,"pharmacy":0.0,"gym":0.0,"n":0},"geometry":{"type":"Polygon","coordinates":[[[-96.87596,33.09],[-96.8709,33.09264],[-96.8712,33.09771],[-96.87655,33.10015],[-96.88161,33.09751],[-96.88131,33.09243],[-96.87596,33.09]]]}},{"type":"Feature","properties":{"h3":"8826c801d3fffff","mii":14,"trt":0.0,"glp1":3.4,"pharmacy":0.0,"gym":0.0,"n":6},"geometry":{"type":"Polygon","coordinates":[[[-96.7633,33.30532],[-96.75823,33.30795],[-96.75852,33.31301],[-96.76388,33.31545],[-96.76895,33.31282],[-96.76866,33.30776],[-96.7633,33.30532]]]}},{"type":"Feature","properties":{"h3":"8826c87689fffff","mii":14,"trt":0.0,"glp1":3.4,"pharmacy":0.0,"gym":0.0,"n":6},"geometry":{"type":"Polygon","coordinates":[[[-96.73805,33.04697],[-96.733,33.0496],[-96.73329,33.05468],[-96.73863,33.05711],[-96.74369,33.05448],[-96.7434,33.04941],[-96.73805,33.04697]]]}},{"type":"Feature","properties":{"h3":"8826c94f45fffff","mii":14,"trt":0.0,"glp1":3.4,"pharmacy":0.0,"gym":0.0,"n":6},"geometry":{"type":"Polygon","coordinates":[[[-96.28472,32.53683],[-96.27969,32.53945],[-96.27996,32.54453],[-96.28526,32.54698],[-96.29029,32.54436],[-96.29002,32.53928],[-96.28472,32.53683]]]}},{"type":"Feature","properties":{"h3":"8826c86651fffff","mii":14,"trt":0.0,"glp1":0.0,"pharmacy":0.0,"gym":0.0,"n":0},"geometry":{"type":"Polygon","coordinates":[[[-96.78392,32.93941],[-96.77887,32.94205],[-96.77917,32.94713],[-96.78451,32.94956],[-96.78956,32.94692],[-96.78927,32.94185],[-96.78392,32.93941]]]}},{"type":"Feature","properties":{"h3":"8826c86655fffff","mii":14,"trt":0.0,"glp1":0.0,"pharmacy":0.0,"gym":0.0,"n":0},"geometry":{"type":"Polygon","coordinates":[[[-96.79432,32.93921],[-96.78927,32.94185],[-96.78956,32.94692],[-96.7949,32.94936],[-96.79995,32.94672],[-96.79966,32.94164],[-96.79432,32.93921]]]}},{"type":"Feature","properties":{"h3":"8826c8661dfffff","mii":14,"trt":0.0,"glp1":0.0,"pharmacy":0.0,"gym":0.0,"n":0},"geometry":{"type":"Polygon","coordinates":[[[-96.79344,32.92398],[-96.78839,32.92662],[-96.78868,32.9317],[-96.79402,32.93413],[-96.79907,32.93149],[-96.79878,32.92641],[-96.79344,32.92398]]]}},{"type":"Feature","properties":{"h3":"8826c86653fffff","mii":14,"trt":0.0,"glp1":0.0,"pharmacy":0.0,"gym":0.0,"n":0},"geometry":{"type":"Polygon","coordinates":[[[-96.77829,32.9319],[-96.77324,32.93454],[-96.77353,32.93961],[-96.77887,32.94205],[-96.78392,32.93941],[-96.78363,32.93434],[-96.77829,32.9319]]]}},{"type":"Feature","properties":{"h3":"8826c864d3fffff","mii":14,"trt":0.0,"glp1":2.3,"pharmacy":0.0,"gym":0.0,"n":4},"geometry":{"type":"Polygon","coordinates":[[[-96.77218,32.82528],[-96.76713,32.82792],[-96.76742,32.833],[-96.77276,32.83544],[-96.7778,32.8328],[-96.77751,32.82772],[-96.77218,32.82528]]]}},{"type":"Feature","properties":{"h3":"8826cb9aa5fffff","mii":14,"trt":0.0,"glp1":0.0,"pharmacy":0.0,"gym":0.0,"n":0},"geometry":{"type":"Polygon","coordinates":[[[-96.83305,32.70961],[-96.82801,32.71226],[-96.82831,32.71734],[-96.83364,32.71978],[-96.83868,32.71713],[-96.83839,32.71205],[-96.83305,32.70961]]]}},{"type":"Feature","properties":{"h3":"8826cb9819fffff","mii":14,"trt":0.0,"glp1":0.0,"pharmacy":0.0,"gym":0.0,"n":0},"geometry":{"type":"Polygon","coordinates":[[[-96.84343,32.7094],[-96.83839,32.71205],[-96.83868,32.71713],[-96.84401,32.71956],[-96.84906,32.71691],[-96.84876,32.71183],[-96.84343,32.7094]]]}},{"type":"Feature","properties":{"h3":"8826cb9811fffff","mii":14,"trt":0.0,"glp1":0.0,"pharmacy":0.0,"gym":0.0,"n":0},"geometry":{"type":"Polygon","coordinates":[[[-96.84817,32.70167],[-96.84313,32.70432],[-96.84343,32.7094],[-96.84876,32.71183],[-96.8538,32.70918],[-96.85351,32.7041],[-96.84817,32.70167]]]}},{"type":"Feature","properties":{"h3":"8826cb9813fffff","mii":14,"trt":0.0,"glp1":0.0,"pharmacy":0.0,"gym":0.0,"n":0},"geometry":{"type":"Polygon","coordinates":[[[-96.84255,32.69415],[-96.83751,32.6968],[-96.8378,32.70188],[-96.84313,32.70432],[-96.84817,32.70167],[-96.84788,32.69659],[-96.84255,32.69415]]]}},{"type":"Feature","properties":{"h3":"8826cb98cdfffff","mii":14,"trt":0.0,"glp1":0.0,"pharmacy":0.0,"gym":0.0,"n":0},"geometry":{"type":"Polygon","coordinates":[[[-96.83217,32.69437],[-96.82713,32.69702],[-96.82743,32.7021],[-96.83276,32.70453],[-96.8378,32.70188],[-96.83751,32.6968],[-96.83217,32.69437]]]}},{"type":"Feature","properties":{"h3":"8826cb9aa7fffff","mii":14,"trt":0.0,"glp1":0.0,"pharmacy":0.0,"gym":0.0,"n":0},"geometry":{"type":"Polygon","coordinates":[[[-96.82743,32.7021],[-96.82239,32.70475],[-96.82268,32.70983],[-96.82801,32.71226],[-96.83305,32.70961],[-96.83276,32.70453],[-96.82743,32.7021]]]}},{"type":"Feature","properties":{"h3":"8826c86705fffff","mii":14,"trt":0.0,"glp1":0.0,"pharmacy":0.0,"gym":0.0,"n":0},"geometry":{"type":"Polygon","coordinates":[[[-96.89263,32.92961],[-96.88758,32.93225],[-96.88787,32.93733],[-96.89322,32.93976],[-96.89827,32.93712],[-96.89797,32.93204],[-96.89263,32.92961]]]}},{"type":"Feature","properties":{"h3":"8826c86729fffff","mii":14,"trt":0.0,"glp1":0.0,"pharmacy":0.0,"gym":0.0,"n":0},"geometry":{"type":"Polygon","coordinates":[[[-96.90302,32.92939],[-96.89797,32.93204],[-96.89827,32.93712],[-96.90362,32.93955],[-96.90867,32.9369],[-96.90837,32.93183],[-96.90302,32.92939]]]}},{"type":"Feature","properties":{"h3":"8826c86721fffff","mii":14,"trt":0.0,"glp1":0.0,"pharmacy":0.0,"gym":0.0,"n":0},"geometry":{"type":"Polygon","coordinates":[[[-96.90778,32.92167],[-96.90273,32.92432],[-96.90302,32.92939],[-96.90837,32.93183],[-96.91342,32.92918],[-96.91312,32.9241],[-96.90778,32.92167]]]}},{"type":"Feature","properties":{"h3":"8826c86723fffff","mii":14,"trt":0.0,"glp1":0.0,"pharmacy":0.0,"gym":0.0,"n":0},"geometry":{"type":"Polygon","coordinates":[[[-96.90213,32.91416],[-96.89708,32.91681],[-96.89738,32.92188],[-96.90273,32.92432],[-96.90778,32.92167],[-96.90748,32.91659],[-96.90213,32.91416]]]}},{"type":"Feature","properties":{"h3":"8826c8673dfffff","mii":14,"trt":0.0,"glp1":0.0,"pharmacy":0.0,"gym":0.0,"n":0},"geometry":{"type":"Polygon","coordinates":[[[-96.89174,32.91438],[-96.88669,32.91702],[-96.88698,32.9221],[-96.89233,32.92453],[-96.89738,32.92188],[-96.89708,32.91681],[-96.89174,32.91438]]]}},{"type":"Feature","properties":{"h3":"8826c86707fffff","mii":14,"trt":0.0,"glp1":0.0,"pharmacy":0.0,"gym":0.0,"n":0},"geometry":{"type":"Polygon","coordinates":[[[-96.88698,32.9221],[-96.88193,32.92474],[-96.88223,32.92982],[-96.88758,32.93225],[-96.89263,32.92961],[-96.89233,32.92453],[-96.88698,32.9221]]]}},{"type":"Feature","properties":{"h3":"8826c8666bfffff","mii":14,"trt":0.0,"glp1":3.4,"pharmacy":0.0,"gym":0.0,"n":6},"geometry":{"type":"Polygon","coordinates":[[[-96.82074,32.94631],[-96.81569,32.94895],[-96.81598,32.95402],[-96.82133,32.95646],[-96.82638,32.95382],[-96.82608,32.94874],[-96.82074,32.94631]]]}},{"type":"Feature","properties":{"h3":"8826cb9221fffff","mii":14,"trt":0.0,"glp1":3.4,"pharmacy":0.0,"gym":0.0,"n":6},"geometry":{"type":"Polygon","coordinates":[[[-96.68353,32.81939],[-96.67848,32.82202],[-96.67877,32.8271],[-96.6841,32.82954],[-96.68915,32.8269],[-96.68886,32.82183],[-96.68353,32.81939]]]}},{"type":"Feature","properties":{"h3":"8826cbd525fffff","mii":14,"trt":0.0,"glp1":3.5,"pharmacy":0.0,"gym":0.0,"n":6},"geometry":{"type":"Polygon","coordinates":[[[-97.15685,32.64902],[-97.15181,32.65168],[-97.15212,32.65677],[-97.15747,32.65919],[-97.16251,32.65653],[-97.1622,32.65144],[-97.15685,32.64902]]]}},{"type":"Feature","properties":{"h3":"8826cbca41fffff","mii":14,"trt":0.0,"glp1":3.3,"pharmacy":0.0,"gym":0.0,"n":6},"geometry":{"type":"Polygon","coordinates":[[[-97.36843,32.62095],[-97.36339,32.62362],[-97.36371,32.62871],[-97.36906,32.63113],[-97.3741,32.62845],[-97.37378,32.62336],[-97.36843,32.62095]]]}},{"type":"Feature","properties":{"h3":"8826caaec3fffff","mii":14,"trt":0.0,"glp1":0.0,"pharmacy":0.0,"gym":0.0,"n":0},"geometry":{"type":"Polygon","coordinates":[[[-97.44903,32.8253],[-97.44398,32.82797],[-97.44431,32.83306],[-97.44968,32.83547],[-97.45472,32.83279],[-97.4544,32.82771],[-97.44903,32.8253]]]}},{"type":"Feature","properties":{"h3":"8826caaec7fffff","mii":14,"trt":0.0,"glp1":0.0,"pharmacy":0.0,"gym":0.0,"n":0},"geometry":{"type":"Polygon","coordinates":[[[-97.45945,32.82503],[-97.4544,32.82771],[-97.45472,32.83279],[-97.46009,32.83521],[-97.46514,32.83253],[-97.46482,32.82745],[-97.45945,32.82503]]]}},{"type":"Feature","properties":{"h3":"8826caae8dfffff","mii":14,"trt":0.0,"glp1":0.0,"pharmacy":0.0,"gym":0.0,"n":0},"geometry":{"type":"Polygon","coordinates":[[[-97.46417,32.81727],[-97.45913,32.81995],[-97.45945,32.82503],[-97.46482,32.82745],[-97.46987,32.82477],[-97.46954,32.81968],[-97.46417,32.81727]]]}},{"type":"Feature","properties":{"h3":"8826caae81fffff","mii":14,"trt":0.0,"glp1":0.0,"pharmacy":0.0,"gym":0.0,"n":0},"geometry":{"type":"Polygon","coordinates":[[[-97.45848,32.80978],[-97.45343,32.81245],[-97.45376,32.81754],[-97.45913,32.81995],[-97.46417,32.81727],[-97.46385,32.81219],[-97.45848,32.80978]]]}},{"type":"Feature","properties":{"h3":"8826caae8bfffff","mii":14,"trt":0.0,"glp1":0.0,"pharmacy":0.0,"gym":0.0,"n":0},"geometry":{"type":"Polygon","coordinates":[[[-97.44806,32.81004],[-97.44302,32.81271],[-97.44334,32.8178],[-97.44871,32.82021],[-97.45376,32.81754],[-97.45343,32.81245],[-97.44806,32.81004]]]}},{"type":"Feature","properties":{"h3":"8826caaed5fffff","mii":14,"trt":0.0,"glp1":0.0,"pharmacy":0.0,"gym":0.0,"n":0},"geometry":{"type":"Polygon","coordinates":[[[-97.44334,32.8178],[-97.43829,32.82047],[-97.43862,32.82556],[-97.44398,32.82797],[-97.44903,32.8253],[-97.44871,32.82021],[-97.44334,32.8178]]]}},{"type":"Feature","properties":{"h3":"8826caa681fffff","mii":14,"trt":0.0,"glp1":0.0,"pharmacy":0.0,"gym":0.0,"n":0},"geometry":{"type":"Polygon","coordinates":[[[-97.27959,32.86764],[-97.27454,32.8703],[-97.27485,32.87538],[-97.28021,32.8778],[-97.28526,32.87514],[-97.28495,32.87005],[-97.27959,32.86764]]]}},{"type":"Feature","properties":{"h3":"8826caa685fffff","mii":14,"trt":0.0,"glp1":0.0,"pharmacy":0.0,"gym":0.0,"n":0},"geometry":{"type":"Polygon","coordinates":[[[-97.29,32.86739],[-97.28495,32.87005],[-97.28526,32.87514],[-97.29063,32.87755],[-97.29568,32.87489],[-97.29536,32.86981],[-97.29,32.86739]]]}},{"type":"Feature","properties":{"h3":"8826caa6abfffff","mii":14,"trt":0.0,"glp1":0.0,"pharmacy":0.0,"gym":0.0,"n":0},"geometry":{"type":"Polygon","coordinates":[[[-97.29473,32.85964],[-97.28968,32.8623],[-97.29,32.86739],[-97.29536,32.86981],[-97.30041,32.86714],[-97.30009,32.86206],[-97.29473,32.85964]]]}},{"type":"Feature","properties":{"h3":"8826caa6bdfffff","mii":14,"trt":0.0,"glp1":0.0,"pharmacy":0.0,"gym":0.0,"n":0},"geometry":{"type":"Polygon","coordinates":[[[-97.28905,32.85214],[-97.284,32.8548],[-97.28432,32.85989],[-97.28968,32.8623],[-97.29473,32.85964],[-97.29442,32.85456],[-97.28905,32.85214]]]}},{"type":"Feature","properties":{"h3":"8826caa6b9fffff","mii":14,"trt":0.0,"glp1":0.0,"pharmacy":0.0,"gym":0.0,"n":0},"geometry":{"type":"Polygon","coordinates":[[[-97.27864,32.85239],[-97.27359,32.85505],[-97.27391,32.86013],[-97.27927,32.86255],[-97.28432,32.85989],[-97.284,32.8548],[-97.27864,32.85239]]]}},{"type":"Feature","properties":{"h3":"8826caa683fffff","mii":14,"trt":0.0,"glp1":0.0,"pharmacy":0.0,"gym":0.0,"n":0},"geometry":{"type":"Polygon","coordinates":[[[-97.27391,32.86013],[-97.26886,32.8628],[-97.26917,32.86788],[-97.27454,32.8703],[-97.27959,32.86764],[-97.27927,32.86255],[-97.27391,32.86013]]]}},{"type":"Feature","properties":{"h3":"8826cbda59fffff","mii":13,"trt":0.0,"glp1":0.0,"pharmacy":0.0,"gym":0.0,"n":0},"geometry":{"type":"Polygon","coordinates":[[[-97.31554,32.77512],[-97.3105,32.77779],[-97.31081,32.78287],[-97.31618,32.78529],[-97.32122,32.78262],[-97.3209,32.77754],[-97.31554,32.77512]]]}},{"type":"Feature","properties":{"h3":"8826c84439fffff","mii":13,"trt":0.0,"glp1":0.0,"pharmacy":0.0,"gym":0.0,"n":0},"geometry":{"type":"Polygon","coordinates":[[[-97.11911,33.22973],[-97.11405,33.23237],[-97.11436,33.23745],[-97.11973,33.23987],[-97.1248,33.23722],[-97.12449,33.23215],[-97.11911,33.22973]]]}},{"type":"Feature","properties":{"h3":"8826c8443bfffff","mii":13,"trt":0.0,"glp1":0.0,"pharmacy":0.0,"gym":0.0,"n":0},"geometry":{"type":"Polygon","coordinates":[[[-97.11343,33.22223],[-97.10837,33.22488],[-97.10868,33.22995],[-97.11405,33.23237],[-97.11911,33.22973],[-97.11881,33.22465],[-97.11343,33.22223]]]}},{"type":"Feature","properties":{"h3":"8826c866a1fffff","mii":13,"trt":0.0,"glp1":0.0,"pharmacy":0.0,"gym":0.0,"n":0},"geometry":{"type":"Polygon","coordinates":[[[-96.79557,32.87057],[-96.79052,32.87321],[-96.79081,32.87829],[-96.79615,32.88072],[-96.8012,32.87808],[-96.80091,32.873],[-96.79557,32.87057]]]}},{"type":"Feature","properties":{"h3":"8826cbd295fffff","mii":13,"trt":0.65,"glp1":0.0,"pharmacy":0.0,"gym":0.0,"n":1},"geometry":{"type":"Polygon","coordinates":[[[-97.1161,32.74926],[-97.11105,32.75192],[-97.11136,32.75701],[-97.11671,32.75943],[-97.12175,32.75677],[-97.12145,32.75169],[-97.1161,32.74926]]]}},{"type":"Feature","properties":{"h3":"8826cb9997fffff","mii":13,"trt":0.0,"glp1":0.0,"pharmacy":0.0,"gym":0.0,"n":0},"geometry":{"type":"Polygon","coordinates":[[[-96.88612,32.6398],[-96.88108,32.64245],[-96.88138,32.64753],[-96.88671,32.64996],[-96.89175,32.64731],[-96.89145,32.64223],[-96.88612,32.6398]]]}},{"type":"Feature","properties":{"h3":"8826cb99bbfffff","mii":13,"trt":0.0,"glp1":0.0,"pharmacy":0.0,"gym":0.0,"n":0},"geometry":{"type":"Polygon","coordinates":[[[-96.89649,32.63958],[-96.89145,32.64223],[-96.89175,32.64731],[-96.89708,32.64974],[-96.90212,32.64709],[-96.90182,32.64201],[-96.89649,32.63958]]]}},{"type":"Feature","properties":{"h3":"8826cb8a65fffff","mii":13,"trt":0.0,"glp1":0.0,"pharmacy":0.0,"gym":0.0,"n":0},"geometry":{"type":"Polygon","coordinates":[[[-96.8956,32.62432],[-96.89057,32.62698],[-96.89086,32.63206],[-96.8962,32.63449],[-96.90123,32.63184],[-96.90094,32.62675],[-96.8956,32.62432]]]}},{"type":"Feature","properties":{"h3":"8826cb8a61fffff","mii":13,"trt":0.0,"glp1":0.0,"pharmacy":0.0,"gym":0.0,"n":0},"geometry":{"type":"Polygon","coordinates":[[[-96.88523,32.62454],[-96.8802,32.6272],[-96.88049,32.63228],[-96.88583,32.63471],[-96.89086,32.63206],[-96.89057,32.62698],[-96.88523,32.62454]]]}},{"type":"Feature","properties":{"h3":"8826cb8a69fffff","mii":13,"trt":0.0,"glp1":0.0,"pharmacy":0.0,"gym":0.0,"n":0},"geometry":{"type":"Polygon","coordinates":[[[-96.88049,32.63228],[-96.87546,32.63493],[-96.87575,32.64002],[-96.88108,32.64245],[-96.88612,32.6398],[-96.88583,32.63471],[-96.88049,32.63228]]]}},{"type":"Feature","properties":{"h3":"8826cb9aedfffff","mii":13,"trt":0.0,"glp1":0.0,"pharmacy":0.0,"gym":0.0,"n":0},"geometry":{"type":"Polygon","coordinates":[[[-96.82444,32.74032],[-96.8194,32.74296],[-96.81969,32.74804],[-96.82502,32.75048],[-96.83007,32.74783],[-96.82977,32.74275],[-96.82444,32.74032]]]}},{"type":"Feature","properties":{"h3":"8826cb912dfffff","mii":13,"trt":0.0,"glp1":0.0,"pharmacy":0.0,"gym":0.0,"n":0},"geometry":{"type":"Polygon","coordinates":[[[-96.79506,32.77143],[-96.79002,32.77408],[-96.79031,32.77916],[-96.79565,32.78159],[-96.80069,32.77895],[-96.8004,32.77387],[-96.79506,32.77143]]]}},{"type":"Feature","properties":{"h3":"8826c876a3fffff","mii":13,"trt":0.0,"glp1":0.0,"pharmacy":0.0,"gym":0.0,"n":0},"geometry":{"type":"Polygon","coordinates":[[[-96.76274,33.02365],[-96.75769,33.02628],[-96.75798,33.03136],[-96.76333,33.03379],[-96.76838,33.03116],[-96.76809,33.02608],[-96.76274,33.02365]]]}},{"type":"Feature","properties":{"h3":"8826c876a7fffff","mii":13,"trt":0.0,"glp1":0.0,"pharmacy":0.0,"gym":0.0,"n":0},"geometry":{"type":"Polygon","coordinates":[[[-96.77314,33.02345],[-96.76809,33.02608],[-96.76838,33.03116],[-96.77373,33.03359],[-96.77878,33.03096],[-96.77849,33.02588],[-96.77314,33.02345]]]}},{"type":"Feature","properties":{"h3":"8826c876b5fffff","mii":13,"trt":0.0,"glp1":0.0,"pharmacy":0.0,"gym":0.0,"n":0},"geometry":{"type":"Polygon","coordinates":[[[-96.75711,33.01614],[-96.75206,33.01877],[-96.75235,33.02384],[-96.75769,33.02628],[-96.76274,33.02365],[-96.76245,33.01857],[-96.75711,33.01614]]]}},{"type":"Feature","properties":{"h3":"8826c876ebfffff","mii":13,"trt":0.65,"glp1":0.0,"pharmacy":0.0,"gym":0.0,"n":1},"geometry":{"type":"Polygon","coordinates":[[[-96.75409,33.05428],[-96.74903,33.05692],[-96.74933,33.06199],[-96.75467,33.06443],[-96.75973,33.06179],[-96.75944,33.05672],[-96.75409,33.05428]]]}},{"type":"Feature","properties":{"h3":"8826cbd5a3fffff","mii":13,"trt":0.65,"glp1":0.0,"pharmacy":0.0,"gym":0.0,"n":1},"geometry":{"type":"Polygon","coordinates":[[[-97.10126,32.58918],[-97.09622,32.59185],[-97.09653,32.59693],[-97.10187,32.59936],[-97.10691,32.59669],[-97.1066,32.5916],[-97.10126,32.58918]]]}},{"type":"Feature","properties":{"h3":"8826cbd9ebfffff","mii":13,"trt":0.0,"glp1":0.0,"pharmacy":0.0,"gym":0.0,"n":0},"geometry":{"type":"Polygon","coordinates":[[[-97.42329,32.66544],[-97.41825,32.66811],[-97.41857,32.6732],[-97.42393,32.67562],[-97.42897,32.67294],[-97.42865,32.66785],[-97.42329,32.66544]]]}},{"type":"Feature","properties":{"h3":"8826cbd9e1fffff","mii":13,"trt":0.0,"glp1":0.0,"pharmacy":0.0,"gym":0.0,"n":0},"geometry":{"type":"Polygon","coordinates":[[[-97.43369,32.66517],[-97.42865,32.66785],[-97.42897,32.67294],[-97.43433,32.67535],[-97.43937,32.67267],[-97.43905,32.66758],[-97.43369,32.66517]]]}},{"type":"Feature","properties":{"h3":"8826cbd9e7fffff","mii":13,"trt":0.0,"glp1":0.0,"pharmacy":0.0,"gym":0.0,"n":0},"geometry":{"type":"Polygon","coordinates":[[[-97.43841,32.6574],[-97.43337,32.66008],[-97.43369,32.66517],[-97.43905,32.66758],[-97.44409,32.66491],[-97.44377,32.65982],[-97.43841,32.6574]]]}},{"type":"Feature","properties":{"h3":"8826cbd9a9fffff","mii":13,"trt":0.0,"glp1":0.0,"pharmacy":0.0,"gym":0.0,"n":0},"geometry":{"type":"Polygon","coordinates":[[[-97.43273,32.6499],[-97.42769,32.65258],[-97.42801,32.65767],[-97.43337,32.66008],[-97.43841,32.6574],[-97.43809,32.65231],[-97.43273,32.6499]]]}},{"type":"Feature","properties":{"h3":"8826ca86a7fffff","mii":13,"trt":0.0,"glp1":0.0,"pharmacy":0.0,"gym":0.0,"n":0},"geometry":{"type":"Polygon","coordinates":[[[-97.5893,33.21877],[-97.58424,33.22144],[-97.58457,33.22652],[-97.58996,33.22893],[-97.59503,33.22626],[-97.5947,33.22118],[-97.5893,33.21877]]]}},{"type":"Feature","properties":{"h3":"8826ca841bfffff","mii":13,"trt":0.0,"glp1":0.0,"pharmacy":0.0,"gym":0.0,"n":0},"geometry":{"type":"Polygon","coordinates":[[[-97.59976,33.21851],[-97.5947,33.22118],[-97.59503,33.22626],[-97.60042,33.22866],[-97.60549,33.22599],[-97.60516,33.22092],[-97.59976,33.21851]]]}},{"type":"Feature","properties":{"h3":"8826ca8413fffff","mii":13,"trt":0.0,"glp1":0.0,"pharmacy":0.0,"gym":0.0,"n":0},"geometry":{"type":"Polygon","coordinates":[[[-97.6045,33.21076],[-97.59943,33.21343],[-97.59976,33.21851],[-97.60516,33.22092],[-97.61022,33.21825],[-97.60989,33.21317],[-97.6045,33.21076]]]}},{"type":"Feature","properties":{"h3":"8826ca84c5fffff","mii":13,"trt":0.0,"glp1":0.0,"pharmacy":0.0,"gym":0.0,"n":0},"geometry":{"type":"Polygon","coordinates":[[[-97.59877,33.20328],[-97.59371,33.20595],[-97.59404,33.21103],[-97.59943,33.21343],[-97.6045,33.21076],[-97.60416,33.20568],[-97.59877,33.20328]]]}},{"type":"Feature","properties":{"h3":"8826cbcad5fffff","mii":13,"trt":0.65,"glp1":0.0,"pharmacy":0.0,"gym":0.0,"n":1},"geometry":{"type":"Polygon","coordinates":[[[-97.3174,32.5534],[-97.31236,32.55608],[-97.31268,32.56117],[-97.31803,32.56358],[-97.32306,32.56091],[-97.32275,32.55582],[-97.3174,32.5534]]]}},{"type":"Feature","properties":{"h3":"8826c839a7fffff","mii":13,"trt":0.65,"glp1":0.0,"pharmacy":0.0,"gym":0.0,"n":1},"geometry":{"type":"Polygon","coordinates":[[[-96.70036,33.02483],[-96.69531,33.02746],[-96.6956,33.03253],[-96.70094,33.03497],[-96.70599,33.03234],[-96.7057,33.02727],[-96.70036,33.02483]]]}},{"type":"Feature","properties":{"h3":"8826c878abfffff","mii":13,"trt":0.0,"glp1":2.85,"pharmacy":0.0,"gym":0.0,"n":5},"geometry":{"type":"Polygon","coordinates":[[[-97.12228,33.02386],[-97.11723,33.02651],[-97.11754,33.03159],[-97.1229,33.03401],[-97.12795,33.03136],[-97.12765,33.02628],[-97.12228,33.02386]]]}},{"type":"Feature","properties":{"h3":"8826c87a83fffff","mii":13,"trt":0.0,"glp1":0.0,"pharmacy":0.0,"gym":0.0,"n":0},"geometry":{"type":"Polygon","coordinates":[[[-97.0682,33.0784],[-97.06314,33.08105],[-97.06344,33.08613],[-97.06881,33.08856],[-97.07387,33.08591],[-97.07356,33.08083],[-97.0682,33.0784]]]}},{"type":"Feature","properties":{"h3":"8826c87a87fffff","mii":13,"trt":0.0,"glp1":0.0,"pharmacy":0.0,"gym":0.0,"n":0},"geometry":{"type":"Polygon","coordinates":[[[-97.07862,33.07818],[-97.07356,33.08083],[-97.07387,33.08591],[-97.07923,33.08833],[-97.08429,33.08568],[-97.08398,33.08061],[-97.07862,33.07818]]]}},{"type":"Feature","properties":{"h3":"8826c87abdfffff","mii":13,"trt":0.0,"glp1":0.0,"pharmacy":0.0,"gym":0.0,"n":0},"geometry":{"type":"Polygon","coordinates":[[[-97.08337,33.07045],[-97.07831,33.0731],[-97.07862,33.07818],[-97.08398,33.08061],[-97.08904,33.07796],[-97.08873,33.07288],[-97.08337,33.07045]]]}},{"type":"Feature","properties":{"h3":"8826c87ab1fffff","mii":13,"trt":0.0,"glp1":0.0,"pharmacy":0.0,"gym":0.0,"n":0},"geometry":{"type":"Polygon","coordinates":[[[-97.0777,33.06295],[-97.07264,33.0656],[-97.07295,33.07068],[-97.07831,33.0731],[-97.08337,33.07045],[-97.08306,33.06538],[-97.0777,33.06295]]]}},{"type":"Feature","properties":{"h3":"8826c87abbfffff","mii":13,"trt":0.0,"glp1":0.0,"pharmacy":0.0,"gym":0.0,"n":0},"geometry":{"type":"Polygon","coordinates":[[[-97.06728,33.06318],[-97.06222,33.06583],[-97.06253,33.0709],[-97.06789,33.07333],[-97.07295,33.07068],[-97.07264,33.0656],[-97.06728,33.06318]]]}},{"type":"Feature","properties":{"h3":"8826c87a95fffff","mii":13,"trt":0.0,"glp1":0.0,"pharmacy":0.0,"gym":0.0,"n":0},"geometry":{"type":"Polygon","coordinates":[[[-97.06253,33.0709],[-97.05747,33.07355],[-97.05778,33.07863],[-97.06314,33.08105],[-97.0682,33.0784],[-97.06789,33.07333],[-97.06253,33.0709]]]}},{"type":"Feature","properties":{"h3":"8826c82841fffff","mii":13,"trt":0.0,"glp1":0.0,"pharmacy":0.0,"gym":0.0,"n":0},"geometry":{"type":"Polygon","coordinates":[[[-96.66012,32.95702],[-96.65507,32.95965],[-96.65535,32.96472],[-96.66069,32.96716],[-96.66574,32.96453],[-96.66545,32.95946],[-96.66012,32.95702]]]}},{"type":"Feature","properties":{"h3":"8826c82845fffff","mii":13,"trt":0.0,"glp1":0.0,"pharmacy":0.0,"gym":0.0,"n":0},"geometry":{"type":"Polygon","coordinates":[[[-96.67051,32.95682],[-96.66545,32.95946],[-96.66574,32.96453],[-96.67108,32.96697],[-96.67613,32.96434],[-96.67584,32.95926],[-96.67051,32.95682]]]}},{"type":"Feature","properties":{"h3":"8826c8286bfffff","mii":13,"trt":0.0,"glp1":0.0,"pharmacy":0.0,"gym":0.0,"n":0},"geometry":{"type":"Polygon","coordinates":[[[-96.67527,32.94911],[-96.67022,32.95175],[-96.67051,32.95682],[-96.67584,32.95926],[-96.68089,32.95663],[-96.68061,32.95155],[-96.67527,32.94911]]]}},{"type":"Feature","properties":{"h3":"8826c8280dfffff","mii":13,"trt":0.0,"glp1":0.0,"pharmacy":0.0,"gym":0.0,"n":0},"geometry":{"type":"Polygon","coordinates":[[[-96.66965,32.9416],[-96.6646,32.94423],[-96.66488,32.94931],[-96.67022,32.95175],[-96.67527,32.94911],[-96.67498,32.94404],[-96.66965,32.9416]]]}},{"type":"Feature","properties":{"h3":"8826c82809fffff","mii":13,"trt":0.0,"glp1":0.0,"pharmacy":0.0,"gym":0.0,"n":0},"geometry":{"type":"Polygon","coordinates":[[[-96.65926,32.94179],[-96.65421,32.94443],[-96.6545,32.9495],[-96.65983,32.95194],[-96.66488,32.94931],[-96.6646,32.94423],[-96.65926,32.94179]]]}},{"type":"Feature","properties":{"h3":"8826c82843fffff","mii":13,"trt":0.0,"glp1":0.0,"pharmacy":0.0,"gym":0.0,"n":0},"geometry":{"type":"Polygon","coordinates":[[[-96.6545,32.9495],[-96.64945,32.95213],[-96.64973,32.95721],[-96.65507,32.95965],[-96.66012,32.95702],[-96.65983,32.95194],[-96.6545,32.9495]]]}},{"type":"Feature","properties":{"h3":"8826c8392bfffff","mii":13,"trt":0.0,"glp1":0.0,"pharmacy":0.0,"gym":0.0,"n":0},"geometry":{"type":"Polygon","coordinates":[[[-96.72463,33.0853],[-96.71957,33.08794],[-96.71986,33.09301],[-96.7252,33.09545],[-96.73026,33.09281],[-96.72997,33.08774],[-96.72463,33.0853]]]}},{"type":"Feature","properties":{"h3":"8826c876c9fffff","mii":13,"trt":0.0,"glp1":0.0,"pharmacy":0.0,"gym":0.0,"n":0},"geometry":{"type":"Polygon","coordinates":[[[-96.73416,33.06989],[-96.7291,33.07253],[-96.72939,33.0776],[-96.73474,33.08004],[-96.73979,33.0774],[-96.7395,33.07233],[-96.73416,33.06989]]]}},{"type":"Feature","properties":{"h3":"8826c83935fffff","mii":13,"trt":0.0,"glp1":0.0,"pharmacy":0.0,"gym":0.0,"n":0},"geometry":{"type":"Polygon","coordinates":[[[-96.72376,33.07009],[-96.7187,33.07272],[-96.71899,33.07779],[-96.72434,33.08023],[-96.72939,33.0776],[-96.7291,33.07253],[-96.72376,33.07009]]]}},{"type":"Feature","properties":{"h3":"8826c8393dfffff","mii":13,"trt":0.0,"glp1":0.0,"pharmacy":0.0,"gym":0.0,"n":0},"geometry":{"type":"Polygon","coordinates":[[[-96.71899,33.07779],[-96.71393,33.08043],[-96.71422,33.0855],[-96.71957,33.08794],[-96.72463,33.0853],[-96.72434,33.08023],[-96.71899,33.07779]]]}},{"type":"Feature","properties":{"h3":"8826c82f4bfffff","mii":13,"trt":0.0,"glp1":0.0,"pharmacy":0.0,"gym":0.0,"n":0},"geometry":{"type":"Polygon","coordinates":[[[-96.53776,32.90591],[-96.53271,32.90854],[-96.53299,32.91361],[-96.53832,32.91606],[-96.54337,32.91343],[-96.54309,32.90836],[-96.53776,32.90591]]]}},{"type":"Feature","properties":{"h3":"8826c82f41fffff","mii":13,"trt":0.0,"glp1":0.0,"pharmacy":0.0,"gym":0.0,"n":0},"geometry":{"type":"Polygon","coordinates":[[[-96.54814,32.90573],[-96.54309,32.90836],[-96.54337,32.91343],[-96.5487,32.91587],[-96.55375,32.91324],[-96.55347,32.90817],[-96.54814,32.90573]]]}},{"type":"Feature","properties":{"h3":"8826c82f47fffff","mii":13,"trt":0.0,"glp1":0.0,"pharmacy":0.0,"gym":0.0,"n":0},"geometry":{"type":"Polygon","coordinates":[[[-96.5529,32.89802],[-96.54786,32.90065],[-96.54814,32.90573],[-96.55347,32.90817],[-96.55851,32.90554],[-96.55823,32.90047],[-96.5529,32.89802]]]}},{"type":"Feature","properties":{"h3":"8826c82f09fffff","mii":13,"trt":0.0,"glp1":0.0,"pharmacy":0.0,"gym":0.0,"n":0},"geometry":{"type":"Polygon","coordinates":[[[-96.5473,32.8905],[-96.54225,32.89313],[-96.54253,32.89821],[-96.54786,32.90065],[-96.5529,32.89802],[-96.55262,32.89295],[-96.5473,32.8905]]]}},{"type":"Feature","properties":{"h3":"8826c82f55fffff","mii":13,"trt":0.0,"glp1":0.0,"pharmacy":0.0,"gym":0.0,"n":0},"geometry":{"type":"Polygon","coordinates":[[[-96.53692,32.89069],[-96.53187,32.89332],[-96.53215,32.89839],[-96.53748,32.90084],[-96.54253,32.89821],[-96.54225,32.89313],[-96.53692,32.89069]]]}},{"type":"Feature","properties":{"h3":"8826c82f5dfffff","mii":13,"trt":0.0,"glp1":0.0,"pharmacy":0.0,"gym":0.0,"n":0},"geometry":{"type":"Polygon","coordinates":[[[-96.53215,32.89839],[-96.52711,32.90102],[-96.52739,32.9061],[-96.53271,32.90854],[-96.53776,32.90591],[-96.53748,32.90084],[-96.53215,32.89839]]]}},{"type":"Feature","properties":{"h3":"8826c83807fffff","mii":13,"trt":0.0,"glp1":2.85,"pharmacy":0.0,"gym":0.0,"n":5},"geometry":{"type":"Polygon","coordinates":[[[-96.64143,33.08683],[-96.63637,33.08946],[-96.63665,33.09453],[-96.642,33.09697],[-96.64705,33.09434],[-96.64677,33.08927],[-96.64143,33.08683]]]}},{"type":"Feature","properties":{"h3":"8826cb935dfffff","mii":13,"trt":0.0,"glp1":0.0,"pharmacy":0.0,"gym":0.0,"n":0},"geometry":{"type":"Polygon","coordinates":[[[-96.71076,32.84173],[-96.70572,32.84437],[-96.70601,32.84945],[-96.71134,32.85189],[-96.71639,32.84925],[-96.7161,32.84417],[-96.71076,32.84173]]]}},{"type":"Feature","properties":{"h3":"8826cb9351fffff","mii":13,"trt":0.0,"glp1":0.0,"pharmacy":0.0,"gym":0.0,"n":0},"geometry":{"type":"Polygon","coordinates":[[[-96.70514,32.83422],[-96.7001,32.83686],[-96.70039,32.84193],[-96.70572,32.84437],[-96.71076,32.84173],[-96.71048,32.83666],[-96.70514,32.83422]]]}},{"type":"Feature","properties":{"h3":"8826cb935bfffff","mii":13,"trt":0.0,"glp1":0.0,"pharmacy":0.0,"gym":0.0,"n":0},"geometry":{"type":"Polygon","coordinates":[[[-96.69477,32.83442],[-96.68972,32.83706],[-96.69001,32.84213],[-96.69534,32.84457],[-96.70039,32.84193],[-96.7001,32.83686],[-96.69477,32.83442]]]}},{"type":"Feature","properties":{"h3":"8826cb9265fffff","mii":13,"trt":0.0,"glp1":0.0,"pharmacy":0.0,"gym":0.0,"n":0},"geometry":{"type":"Polygon","coordinates":[[[-96.69001,32.84213],[-96.68496,32.84477],[-96.68525,32.84985],[-96.69058,32.85229],[-96.69563,32.84965],[-96.69534,32.84457],[-96.69001,32.84213]]]}},{"type":"Feature","properties":{"h3":"8826c8642bfffff","mii":13,"trt":0.0,"glp1":0.0,"pharmacy":0.0,"gym":0.0,"n":0},"geometry":{"type":"Polygon","coordinates":[[[-96.85789,32.86931],[-96.85285,32.87196],[-96.85314,32.87704],[-96.85848,32.87947],[-96.86353,32.87682],[-96.86324,32.87175],[-96.85789,32.86931]]]}},{"type":"Feature","properties":{"h3":"8826c86421fffff","mii":13,"trt":0.0,"glp1":0.0,"pharmacy":0.0,"gym":0.0,"n":0},"geometry":{"type":"Polygon","coordinates":[[[-96.86828,32.8691],[-96.86324,32.87175],[-96.86353,32.87682],[-96.86888,32.87926],[-96.87392,32.87661],[-96.87363,32.87153],[-96.86828,32.8691]]]}},{"type":"Feature","properties":{"h3":"8826c86427fffff","mii":13,"trt":0.0,"glp1":0.0,"pharmacy":0.0,"gym":0.0,"n":0},"geometry":{"type":"Polygon","coordinates":[[[-96.87304,32.86138],[-96.86799,32.86402],[-96.86828,32.8691],[-96.87363,32.87153],[-96.87868,32.86889],[-96.87838,32.86381],[-96.87304,32.86138]]]}},{"type":"Feature","properties":{"h3":"8826c865c9fffff","mii":13,"trt":0.0,"glp1":0.0,"pharmacy":0.0,"gym":0.0,"n":0},"geometry":{"type":"Polygon","coordinates":[[[-96.8674,32.85386],[-96.86235,32.85651],[-96.86265,32.86159],[-96.86799,32.86402],[-96.87304,32.86138],[-96.87274,32.8563],[-96.8674,32.85386]]]}},{"type":"Feature","properties":{"h3":"8826c86435fffff","mii":13,"trt":0.0,"glp1":0.0,"pharmacy":0.0,"gym":0.0,"n":0},"geometry":{"type":"Polygon","coordinates":[[[-96.85701,32.85408],[-96.85196,32.85672],[-96.85226,32.8618],[-96.8576,32.86423],[-96.86265,32.86159],[-96.86235,32.85651],[-96.85701,32.85408]]]}},{"type":"Feature","properties":{"h3":"8826c8643dfffff","mii":13,"trt":0.0,"glp1":0.0,"pharmacy":0.0,"gym":0.0,"n":0},"geometry":{"type":"Polygon","coordinates":[[[-96.85226,32.8618],[-96.84721,32.86445],[-96.84751,32.86952],[-96.85285,32.87196],[-96.85789,32.86931],[-96.8576,32.86423],[-96.85226,32.8618]]]}},{"type":"Feature","properties":{"h3":"8826c8646bfffff","mii":13,"trt":0.0,"glp1":2.85,"pharmacy":0.0,"gym":0.0,"n":5},"geometry":{"type":"Polygon","coordinates":[[[-96.85403,32.89227],[-96.84898,32.89491],[-96.84927,32.89999],[-96.85462,32.90242],[-96.85967,32.89978],[-96.85937,32.8947],[-96.85403,32.89227]]]}},{"type":"Feature","properties":{"h3":"8826cb90a9fffff","mii":13,"trt":0.0,"glp1":2.85,"pharmacy":0.0,"gym":0.0,"n":5},"geometry":{"type":"Polygon","coordinates":[[[-96.67276,32.72046],[-96.66772,32.7231],[-96.668,32.72817],[-96.67333,32.73061],[-96.67837,32.72797],[-96.67808,32.72289],[-96.67276,32.72046]]]}},{"type":"Feature","properties":{"h3":"8826cbd709fffff","mii":13,"trt":0.0,"glp1":2.95,"pharmacy":0.0,"gym":0.0,"n":5},"geometry":{"type":"Polygon","coordinates":[[[-97.08309,32.71947],[-97.07805,32.72213],[-97.07835,32.72721],[-97.0837,32.72964],[-97.08874,32.72698],[-97.08844,32.72189],[-97.08309,32.71947]]]}},{"type":"Feature","properties":{"h3":"8826cbd553fffff","mii":13,"trt":0.0,"glp1":0.0,"pharmacy":0.0,"gym":0.0,"n":0},"geometry":{"type":"Polygon","coordinates":[[[-97.08981,32.65821],[-97.08477,32.66087],[-97.08508,32.66596],[-97.09042,32.66838],[-97.09546,32.66572],[-97.09516,32.66063],[-97.08981,32.65821]]]}},{"type":"Feature","properties":{"h3":"8826cbd557fffff","mii":13,"trt":0.0,"glp1":0.0,"pharmacy":0.0,"gym":0.0,"n":0},"geometry":{"type":"Polygon","coordinates":[[[-97.1002,32.65797],[-97.09516,32.66063],[-97.09546,32.66572],[-97.10081,32.66814],[-97.10585,32.66548],[-97.10554,32.6604],[-97.1002,32.65797]]]}},{"type":"Feature","properties":{"h3":"8826cbd51dfffff","mii":13,"trt":0.0,"glp1":0.0,"pharmacy":0.0,"gym":0.0,"n":0},"geometry":{"type":"Polygon","coordinates":[[[-97.10493,32.65022],[-97.09989,32.65289],[-97.1002,32.65797],[-97.10554,32.6604],[-97.11058,32.65773],[-97.11027,32.65265],[-97.10493,32.65022]]]}},{"type":"Feature","properties":{"h3":"8826cbd511fffff","mii":13,"trt":0.0,"glp1":0.0,"pharmacy":0.0,"gym":0.0,"n":0},"geometry":{"type":"Polygon","coordinates":[[[-97.09928,32.64271],[-97.09424,32.64538],[-97.09455,32.65046],[-97.09989,32.65289],[-97.10493,32.65022],[-97.10462,32.64514],[-97.09928,32.64271]]]}},{"type":"Feature","properties":{"h3":"8826cbd51bfffff","mii":13,"trt":0.0,"glp1":0.0,"pharmacy":0.0,"gym":0.0,"n":0},"geometry":{"type":"Polygon","coordinates":[[[-97.0889,32.64295],[-97.08386,32.64561],[-97.08416,32.6507],[-97.08951,32.65312],[-97.09455,32.65046],[-97.09424,32.64538],[-97.0889,32.64295]]]}},{"type":"Feature","properties":{"h3":"8826cbd425fffff","mii":13,"trt":0.0,"glp1":0.0,"pharmacy":0.0,"gym":0.0,"n":0},"geometry":{"type":"Polygon","coordinates":[[[-97.08416,32.6507],[-97.07913,32.65336],[-97.07943,32.65845],[-97.08477,32.66087],[-97.08981,32.65821],[-97.08951,32.65312],[-97.08416,32.6507]]]}},{"type":"Feature","properties":{"h3":"8826cbd0d5fffff","mii":13,"trt":0.0,"glp1":2.95,"pharmacy":0.0,"gym":0.0,"n":5},"geometry":{"type":"Polygon","coordinates":[[[-97.14543,32.71804],[-97.14039,32.7207],[-97.14069,32.72579],[-97.14604,32.72821],[-97.15109,32.72555],[-97.15078,32.72046],[-97.14543,32.71804]]]}},{"type":"Feature","properties":{"h3":"8826cbc241fffff","mii":13,"trt":0.0,"glp1":2.75,"pharmacy":0.0,"gym":0.0,"n":5},"geometry":{"type":"Polygon","coordinates":[[[-97.18987,32.67881],[-97.18483,32.68147],[-97.18514,32.68656],[-97.19049,32.68898],[-97.19553,32.68631],[-97.19522,32.68123],[-97.18987,32.67881]]]}},{"type":"Feature","properties":{"h3":"8826cbda45fffff","mii":13,"trt":0.0,"glp1":0.0,"pharmacy":0.0,"gym":0.0,"n":0},"geometry":{"type":"Polygon","coordinates":[[[-97.35244,32.78186],[-97.3474,32.78453],[-97.34771,32.78961],[-97.35308,32.79203],[-97.35812,32.78936],[-97.3578,32.78427],[-97.35244,32.78186]]]}},{"type":"Feature","properties":{"h3":"8826cbda69fffff","mii":13,"trt":0.0,"glp1":0.0,"pharmacy":0.0,"gym":0.0,"n":0},"geometry":{"type":"Polygon","coordinates":[[[-97.36285,32.7816],[-97.3578,32.78427],[-97.35812,32.78936],[-97.36349,32.79177],[-97.36853,32.7891],[-97.36821,32.78402],[-97.36285,32.7816]]]}},{"type":"Feature","properties":{"h3":"8826cbda57fffff","mii":13,"trt":0.0,"glp1":0.0,"pharmacy":0.0,"gym":0.0,"n":0},"geometry":{"type":"Polygon","coordinates":[[[-97.325,32.75961],[-97.31995,32.76228],[-97.32027,32.76736],[-97.32563,32.76978],[-97.33068,32.76711],[-97.33036,32.76202],[-97.325,32.75961]]]}},{"type":"Feature","properties":{"h3":"8826cbda0bfffff","mii":13,"trt":0.0,"glp1":0.0,"pharmacy":0.0,"gym":0.0,"n":0},"geometry":{"type":"Polygon","coordinates":[[[-97.3354,32.75935],[-97.33036,32.76202],[-97.33068,32.76711],[-97.33604,32.76953],[-97.34108,32.76686],[-97.34076,32.76177],[-97.3354,32.75935]]]}},{"type":"Feature","properties":{"h3":"8826cbda03fffff","mii":13,"trt":0.0,"glp1":0.0,"pharmacy":0.0,"gym":0.0,"n":0},"geometry":{"type":"Polygon","coordinates":[[[-97.34013,32.7516],[-97.33509,32.75427],[-97.3354,32.75935],[-97.34076,32.76177],[-97.34581,32.7591],[-97.34549,32.75401],[-97.34013,32.7516]]]}},{"type":"Feature","properties":{"h3":"8826cbda19fffff","mii":13,"trt":0.0,"glp1":0.0,"pharmacy":0.0,"gym":0.0,"n":0},"geometry":{"type":"Polygon","coordinates":[[[-97.31932,32.75211],[-97.31428,32.75478],[-97.31459,32.75986],[-97.31995,32.76228],[-97.325,32.75961],[-97.32468,32.75452],[-97.31932,32.75211]]]}},{"type":"Feature","properties":{"h3":"8826ca341dfffff","mii":13,"trt":0.0,"glp1":0.0,"pharmacy":0.0,"gym":0.0,"n":0},"geometry":{"type":"Polygon","coordinates":[[[-97.54146,32.63942],[-97.53642,32.64211],[-97.53675,32.6472],[-97.54211,32.64961],[-97.54715,32.64692],[-97.54683,32.64183],[-97.54146,32.63942]]]}},{"type":"Feature","properties":{"h3":"8826ca3403fffff","mii":13,"trt":0.0,"glp1":0.0,"pharmacy":0.0,"gym":0.0,"n":0},"geometry":{"type":"Polygon","coordinates":[[[-97.55187,32.63915],[-97.54683,32.64183],[-97.54715,32.64692],[-97.55252,32.64933],[-97.55756,32.64665],[-97.55723,32.64156],[-97.55187,32.63915]]]}},{"type":"Feature","properties":{"h3":"8826ca3439fffff","mii":13,"trt":0.0,"glp1":0.0,"pharmacy":0.0,"gym":0.0,"n":0},"geometry":{"type":"Polygon","coordinates":[[[-97.55658,32.63137],[-97.55154,32.63406],[-97.55187,32.63915],[-97.55723,32.64156],[-97.56227,32.63887],[-97.56194,32.63378],[-97.55658,32.63137]]]}},{"type":"Feature","properties":{"h3":"8826ca343bfffff","mii":13,"trt":0.0,"glp1":0.0,"pharmacy":0.0,"gym":0.0,"n":0},"geometry":{"type":"Polygon","coordinates":[[[-97.55089,32.62387],[-97.54585,32.62656],[-97.54617,32.63165],[-97.55154,32.63406],[-97.55658,32.63137],[-97.55625,32.62628],[-97.55089,32.62387]]]}},{"type":"Feature","properties":{"h3":"8826ca3417fffff","mii":13,"trt":0.0,"glp1":0.0,"pharmacy":0.0,"gym":0.0,"n":0},"geometry":{"type":"Polygon","coordinates":[[[-97.54048,32.62415],[-97.53544,32.62683],[-97.53577,32.63193],[-97.54114,32.63433],[-97.54617,32.63165],[-97.54585,32.62656],[-97.54048,32.62415]]]}},{"type":"Feature","properties":{"h3":"8826ca3411fffff","mii":13,"trt":0.0,"glp1":0.0,"pharmacy":0.0,"gym":0.0,"n":0},"geometry":{"type":"Polygon","coordinates":[[[-97.53577,32.63193],[-97.53073,32.63461],[-97.53106,32.6397],[-97.53642,32.64211],[-97.54146,32.63942],[-97.54114,32.63433],[-97.53577,32.63193]]]}},{"type":"Feature","properties":{"h3":"8826c8786bfffff","mii":13,"trt":0.0,"glp1":3.05,"pharmacy":0.0,"gym":0.0,"n":5},"geometry":{"type":"Polygon","coordinates":[[[-97.15818,33.09932],[-97.15312,33.10197],[-97.15343,33.10704],[-97.1588,33.10947],[-97.16386,33.10681],[-97.16355,33.10174],[-97.15818,33.09932]]]}},{"type":"Feature","properties":{"h3":"8826cbd889fffff","mii":12,"trt":0.0,"glp1":0.0,"pharmacy":0.0,"gym":0.0,"n":0},"geometry":{"type":"Polygon","coordinates":[[[-97.33443,32.66002],[-97.32939,32.6627],[-97.3297,32.66779],[-97.33506,32.6702],[-97.3401,32.66753],[-97.33978,32.66244],[-97.33443,32.66002]]]}},{"type":"Feature","properties":{"h3":"8826cbd8d7fffff","mii":12,"trt":0.0,"glp1":0.0,"pharmacy":0.0,"gym":0.0,"n":0},"geometry":{"type":"Polygon","coordinates":[[[-97.31836,32.65278],[-97.31332,32.65545],[-97.31364,32.66054],[-97.31899,32.66295],[-97.32403,32.66028],[-97.32371,32.65519],[-97.31836,32.65278]]]}},{"type":"Feature","properties":{"h3":"8826caa603fffff","mii":12,"trt":0.0,"glp1":0.0,"pharmacy":0.0,"gym":0.0,"n":0},"geometry":{"type":"Polygon","coordinates":[[[-97.31367,32.91263],[-97.30862,32.9153],[-97.30893,32.92038],[-97.3143,32.9228],[-97.31935,32.92013],[-97.31904,32.91505],[-97.31367,32.91263]]]}},{"type":"Feature","properties":{"h3":"8826caa639fffff","mii":12,"trt":0.0,"glp1":0.0,"pharmacy":0.0,"gym":0.0,"n":0},"geometry":{"type":"Polygon","coordinates":[[[-97.3184,32.90489],[-97.31335,32.90755],[-97.31367,32.91263],[-97.31904,32.91505],[-97.32409,32.91239],[-97.32377,32.9073],[-97.3184,32.90489]]]}},{"type":"Feature","properties":{"h3":"8826caa63bfffff","mii":12,"trt":0.0,"glp1":0.0,"pharmacy":0.0,"gym":0.0,"n":0},"geometry":{"type":"Polygon","coordinates":[[[-97.31272,32.89739],[-97.30767,32.90005],[-97.30799,32.90514],[-97.31335,32.90755],[-97.3184,32.90489],[-97.31809,32.8998],[-97.31272,32.89739]]]}},{"type":"Feature","properties":{"h3":"8826caa617fffff","mii":12,"trt":0.0,"glp1":0.0,"pharmacy":0.0,"gym":0.0,"n":0},"geometry":{"type":"Polygon","coordinates":[[[-97.3023,32.89764],[-97.29725,32.9003],[-97.29757,32.90538],[-97.30294,32.9078],[-97.30799,32.90514],[-97.30767,32.90005],[-97.3023,32.89764]]]}},{"type":"Feature","properties":{"h3":"8826c86007fffff","mii":12,"trt":0.0,"glp1":0.0,"pharmacy":0.0,"gym":0.0,"n":0},"geometry":{"type":"Polygon","coordinates":[[[-96.99934,32.97313],[-96.99429,32.97578],[-96.99459,32.98086],[-96.99994,32.98329],[-97.005,32.98064],[-97.00469,32.97556],[-96.99934,32.97313]]]}},{"type":"Feature","properties":{"h3":"8826c8603dfffff","mii":12,"trt":0.0,"glp1":0.0,"pharmacy":0.0,"gym":0.0,"n":0},"geometry":{"type":"Polygon","coordinates":[[[-97.00409,32.96541],[-96.99904,32.96806],[-96.99934,32.97313],[-97.00469,32.97556],[-97.00975,32.97291],[-97.00944,32.96783],[-97.00409,32.96541]]]}},{"type":"Feature","properties":{"h3":"8826c86031fffff","mii":12,"trt":0.0,"glp1":0.0,"pharmacy":0.0,"gym":0.0,"n":0},"geometry":{"type":"Polygon","coordinates":[[[-96.99843,32.9579],[-96.99338,32.96055],[-96.99368,32.96563],[-96.99904,32.96806],[-97.00409,32.96541],[-97.00379,32.96033],[-96.99843,32.9579]]]}},{"type":"Feature","properties":{"h3":"8826c87629fffff","mii":12,"trt":0.0,"glp1":0.0,"pharmacy":0.0,"gym":0.0,"n":0},"geometry":{"type":"Polygon","coordinates":[[[-96.8031,33.09143],[-96.79804,33.09406],[-96.79833,33.09914],[-96.80368,33.10157],[-96.80874,33.09894],[-96.80845,33.09386],[-96.8031,33.09143]]]}},{"type":"Feature","properties":{"h3":"8826c8762dfffff","mii":12,"trt":0.0,"glp1":0.0,"pharmacy":0.0,"gym":0.0,"n":0},"geometry":{"type":"Polygon","coordinates":[[[-96.8135,33.09123],[-96.80845,33.09386],[-96.80874,33.09894],[-96.81409,33.10137],[-96.81915,33.09873],[-96.81886,33.09366],[-96.8135,33.09123]]]}},{"type":"Feature","properties":{"h3":"8826c87625fffff","mii":12,"trt":0.0,"glp1":0.0,"pharmacy":0.0,"gym":0.0,"n":0},"geometry":{"type":"Polygon","coordinates":[[[-96.81827,33.08352],[-96.81321,33.08615],[-96.8135,33.09123],[-96.81886,33.09366],[-96.82391,33.09102],[-96.82362,33.08595],[-96.81827,33.08352]]]}},{"type":"Feature","properties":{"h3":"8826c87623fffff","mii":12,"trt":0.0,"glp1":0.0,"pharmacy":0.0,"gym":0.0,"n":0},"geometry":{"type":"Polygon","coordinates":[[[-96.80222,33.07621],[-96.79716,33.07885],[-96.79745,33.08392],[-96.8028,33.08636],[-96.80786,33.08372],[-96.80757,33.07865],[-96.80222,33.07621]]]}},{"type":"Feature","properties":{"h3":"8826c8762bfffff","mii":12,"trt":0.0,"glp1":0.0,"pharmacy":0.0,"gym":0.0,"n":0},"geometry":{"type":"Polygon","coordinates":[[[-96.79745,33.08392],[-96.7924,33.08656],[-96.79269,33.09163],[-96.79804,33.09406],[-96.8031,33.09143],[-96.8028,33.08636],[-96.79745,33.08392]]]}},{"type":"Feature","properties":{"h3":"8826c82b61fffff","mii":12,"trt":0.0,"glp1":0.0,"pharmacy":0.0,"gym":0.0,"n":0},"geometry":{"type":"Polygon","coordinates":[[[-96.72505,33.00151],[-96.72,33.00414],[-96.72029,33.00922],[-96.72563,33.01166],[-96.73068,33.00902],[-96.73039,33.00395],[-96.72505,33.00151]]]}},{"type":"Feature","properties":{"h3":"8826c82b63fffff","mii":12,"trt":0.0,"glp1":0.0,"pharmacy":0.0,"gym":0.0,"n":0},"geometry":{"type":"Polygon","coordinates":[[[-96.71942,32.994],[-96.71437,32.99663],[-96.71466,33.00171],[-96.72,33.00414],[-96.72505,33.00151],[-96.72476,32.99644],[-96.71942,32.994]]]}},{"type":"Feature","properties":{"h3":"8826c82811fffff","mii":12,"trt":0.0,"glp1":0.0,"pharmacy":0.0,"gym":0.0,"n":0},"geometry":{"type":"Polygon","coordinates":[[[-96.6424,32.91925],[-96.63735,32.92188],[-96.63764,32.92696],[-96.64297,32.9294],[-96.64802,32.92676],[-96.64773,32.92169],[-96.6424,32.91925]]]}},{"type":"Feature","properties":{"h3":"8826c828e9fffff","mii":12,"trt":0.0,"glp1":0.0,"pharmacy":0.0,"gym":0.0,"n":0},"geometry":{"type":"Polygon","coordinates":[[[-96.64154,32.90402],[-96.6365,32.90666],[-96.63678,32.91173],[-96.64211,32.91417],[-96.64716,32.91154],[-96.64688,32.90647],[-96.64154,32.90402]]]}},{"type":"Feature","properties":{"h3":"8826c828c5fffff","mii":12,"trt":0.0,"glp1":0.0,"pharmacy":0.0,"gym":0.0,"n":0},"geometry":{"type":"Polygon","coordinates":[[[-96.63116,32.90422],[-96.62611,32.90685],[-96.6264,32.91193],[-96.63173,32.91437],[-96.63678,32.91173],[-96.6365,32.90666],[-96.63116,32.90422]]]}},{"type":"Feature","properties":{"h3":"8826c80eb5fffff","mii":12,"trt":0.0,"glp1":0.0,"pharmacy":0.0,"gym":0.0,"n":0},"geometry":{"type":"Polygon","coordinates":[[[-96.72984,33.17657],[-96.72478,33.1792],[-96.72507,33.18427],[-96.73042,33.18671],[-96.73548,33.18408],[-96.73519,33.17901],[-96.72984,33.17657]]]}},{"type":"Feature","properties":{"h3":"8826c80cc9fffff","mii":12,"trt":0.0,"glp1":0.0,"pharmacy":0.0,"gym":0.0,"n":0},"geometry":{"type":"Polygon","coordinates":[[[-96.74025,33.17638],[-96.73519,33.17901],[-96.73548,33.18408],[-96.74083,33.18652],[-96.74589,33.18388],[-96.7456,33.17881],[-96.74025,33.17638]]]}},{"type":"Feature","properties":{"h3":"8826c80cc1fffff","mii":12,"trt":0.0,"glp1":0.0,"pharmacy":0.0,"gym":0.0,"n":0},"geometry":{"type":"Polygon","coordinates":[[[-96.74502,33.16868],[-96.73996,33.17131],[-96.74025,33.17638],[-96.7456,33.17881],[-96.75066,33.17618],[-96.75037,33.17111],[-96.74502,33.16868]]]}},{"type":"Feature","properties":{"h3":"8826c83b39fffff","mii":12,"trt":0.0,"glp1":0.0,"pharmacy":0.0,"gym":0.0,"n":0},"geometry":{"type":"Polygon","coordinates":[[[-96.67521,33.1319],[-96.67015,33.13453],[-96.67043,33.1396],[-96.67578,33.14204],[-96.68084,33.13941],[-96.68055,33.13434],[-96.67521,33.1319]]]}},{"type":"Feature","properties":{"h3":"8826c83b3dfffff","mii":12,"trt":0.0,"glp1":0.0,"pharmacy":0.0,"gym":0.0,"n":0},"geometry":{"type":"Polygon","coordinates":[[[-96.68561,33.13171],[-96.68055,33.13434],[-96.68084,33.13941],[-96.68618,33.14185],[-96.69124,33.13922],[-96.69096,33.13415],[-96.68561,33.13171]]]}},{"type":"Feature","properties":{"h3":"8826c83b35fffff","mii":12,"trt":0.0,"glp1":0.0,"pharmacy":0.0,"gym":0.0,"n":0},"geometry":{"type":"Polygon","coordinates":[[[-96.69038,33.12401],[-96.68532,33.12664],[-96.68561,33.13171],[-96.69096,33.13415],[-96.69601,33.13152],[-96.69573,33.12645],[-96.69038,33.12401]]]}},{"type":"Feature","properties":{"h3":"8826c820b3fffff","mii":12,"trt":0.0,"glp1":0.0,"pharmacy":0.0,"gym":0.0,"n":0},"geometry":{"type":"Polygon","coordinates":[[[-96.44441,32.90754],[-96.43936,32.91016],[-96.43963,32.91523],[-96.44496,32.91768],[-96.45001,32.91506],[-96.44973,32.90998],[-96.44441,32.90754]]]}},{"type":"Feature","properties":{"h3":"8826c820b7fffff","mii":12,"trt":0.0,"glp1":0.0,"pharmacy":0.0,"gym":0.0,"n":0},"geometry":{"type":"Polygon","coordinates":[[[-96.45478,32.90736],[-96.44973,32.90998],[-96.45001,32.91506],[-96.45533,32.9175],[-96.46038,32.91488],[-96.4601,32.90981],[-96.45478,32.90736]]]}},{"type":"Feature","properties":{"h3":"8826c82e5dfffff","mii":12,"trt":0.0,"glp1":0.0,"pharmacy":0.0,"gym":0.0,"n":0},"geometry":{"type":"Polygon","coordinates":[[[-96.45955,32.89966],[-96.4545,32.90229],[-96.45478,32.90736],[-96.4601,32.90981],[-96.46515,32.90718],[-96.46487,32.90211],[-96.45955,32.89966]]]}},{"type":"Feature","properties":{"h3":"8826c82e51fffff","mii":12,"trt":0.0,"glp1":0.0,"pharmacy":0.0,"gym":0.0,"n":0},"geometry":{"type":"Polygon","coordinates":[[[-96.45395,32.89214],[-96.4489,32.89476],[-96.44918,32.89984],[-96.4545,32.90229],[-96.45955,32.89966],[-96.45927,32.89459],[-96.45395,32.89214]]]}},{"type":"Feature","properties":{"h3":"8826c82e5bfffff","mii":12,"trt":0.0,"glp1":0.0,"pharmacy":0.0,"gym":0.0,"n":0},"geometry":{"type":"Polygon","coordinates":[[[-96.44358,32.89232],[-96.43853,32.89494],[-96.43881,32.90001],[-96.44413,32.90246],[-96.44918,32.89984],[-96.4489,32.89476],[-96.44358,32.89232]]]}},{"type":"Feature","properties":{"h3":"8826c82565fffff","mii":12,"trt":0.0,"glp1":0.0,"pharmacy":0.0,"gym":0.0,"n":0},"geometry":{"type":"Polygon","coordinates":[[[-96.43881,32.90001],[-96.43376,32.90264],[-96.43404,32.90771],[-96.43936,32.91016],[-96.44441,32.90754],[-96.44413,32.90246],[-96.43881,32.90001]]]}},{"type":"Feature","properties":{"h3":"8826c86897fffff","mii":12,"trt":0.0,"glp1":0.0,"pharmacy":0.0,"gym":0.0,"n":0},"geometry":{"type":"Polygon","coordinates":[[[-97.11688,32.8485],[-97.11184,32.85115],[-97.11214,32.85623],[-97.1175,32.85866],[-97.12254,32.856],[-97.12224,32.85092],[-97.11688,32.8485]]]}},{"type":"Feature","properties":{"h3":"8826c86d69fffff","mii":12,"trt":0.0,"glp1":0.0,"pharmacy":0.0,"gym":0.0,"n":0},"geometry":{"type":"Polygon","coordinates":[[[-97.11122,32.84099],[-97.10617,32.84365],[-97.10648,32.84873],[-97.11184,32.85115],[-97.11688,32.8485],[-97.11658,32.84341],[-97.11122,32.84099]]]}},{"type":"Feature","properties":{"h3":"8826c86d45fffff","mii":12,"trt":0.0,"glp1":0.0,"pharmacy":0.0,"gym":0.0,"n":0},"geometry":{"type":"Polygon","coordinates":[[[-97.10082,32.84122],[-97.09577,32.84388],[-97.09608,32.84896],[-97.10143,32.85139],[-97.10648,32.84873],[-97.10617,32.84365],[-97.10082,32.84122]]]}},{"type":"Feature","properties":{"h3":"8826c86d4dfffff","mii":12,"trt":0.0,"glp1":0.0,"pharmacy":0.0,"gym":0.0,"n":0},"geometry":{"type":"Polygon","coordinates":[[[-97.09608,32.84896],[-97.09103,32.85162],[-97.09134,32.8567],[-97.09669,32.85912],[-97.10174,32.85647],[-97.10143,32.85139],[-97.09608,32.84896]]]}},{"type":"Feature","properties":{"h3":"8826c87521fffff","mii":12,"trt":0.0,"glp1":0.0,"pharmacy":0.0,"gym":0.0,"n":0},"geometry":{"type":"Polygon","coordinates":[[[-96.91403,33.02827],[-96.90897,33.03092],[-96.90927,33.03599],[-96.91463,33.03842],[-96.91968,33.03578],[-96.91938,33.0307],[-96.91403,33.02827]]]}},{"type":"Feature","properties":{"h3":"8826c87525fffff","mii":12,"trt":0.0,"glp1":0.0,"pharmacy":0.0,"gym":0.0,"n":0},"geometry":{"type":"Polygon","coordinates":[[[-96.92444,33.02806],[-96.91938,33.0307],[-96.91968,33.03578],[-96.92503,33.03821],[-96.93009,33.03557],[-96.92979,33.03049],[-96.92444,33.02806]]]}},{"type":"Feature","properties":{"h3":"8826c8621bfffff","mii":12,"trt":0.0,"glp1":0.0,"pharmacy":0.0,"gym":0.0,"n":0},"geometry":{"type":"Polygon","coordinates":[[[-96.92919,33.02034],[-96.92414,33.02298],[-96.92444,33.02806],[-96.92979,33.03049],[-96.93485,33.02785],[-96.93455,33.02277],[-96.92919,33.02034]]]}},{"type":"Feature","properties":{"h3":"8826c862cdfffff","mii":12,"trt":0.0,"glp1":0.0,"pharmacy":0.0,"gym":0.0,"n":0},"geometry":{"type":"Polygon","coordinates":[[[-96.92354,33.01283],[-96.91849,33.01548],[-96.91879,33.02055],[-96.92414,33.02298],[-96.92919,33.02034],[-96.92889,33.01526],[-96.92354,33.01283]]]}},{"type":"Feature","properties":{"h3":"8826c862c9fffff","mii":12,"trt":0.0,"glp1":0.0,"pharmacy":0.0,"gym":0.0,"n":0},"geometry":{"type":"Polygon","coordinates":[[[-96.91314,33.01305],[-96.90808,33.01569],[-96.90838,33.02077],[-96.91373,33.0232],[-96.91879,33.02055],[-96.91849,33.01548],[-96.91314,33.01305]]]}},{"type":"Feature","properties":{"h3":"8826c87523fffff","mii":12,"trt":0.0,"glp1":0.0,"pharmacy":0.0,"gym":0.0,"n":0},"geometry":{"type":"Polygon","coordinates":[[[-96.90838,33.02077],[-96.90332,33.02341],[-96.90362,33.02848],[-96.90897,33.03092],[-96.91403,33.02827],[-96.91373,33.0232],[-96.90838,33.02077]]]}},{"type":"Feature","properties":{"h3":"8826c86a67fffff","mii":12,"trt":0.0,"glp1":0.0,"pharmacy":0.0,"gym":0.0,"n":0},"geometry":{"type":"Polygon","coordinates":[[[-97.16685,32.98473],[-97.16179,32.98738],[-97.1621,32.99246],[-97.16746,32.99488],[-97.17252,32.99223],[-97.17221,32.98715],[-97.16685,32.98473]]]}},{"type":"Feature","properties":{"h3":"8826c86a25fffff","mii":12,"trt":0.0,"glp1":0.0,"pharmacy":0.0,"gym":0.0,"n":0},"geometry":{"type":"Polygon","coordinates":[[[-97.17633,32.96925],[-97.17128,32.97191],[-97.17159,32.97699],[-97.17695,32.97941],[-97.18201,32.97675],[-97.18169,32.97167],[-97.17633,32.96925]]]}},{"type":"Feature","properties":{"h3":"8826c86a21fffff","mii":12,"trt":0.0,"glp1":0.0,"pharmacy":0.0,"gym":0.0,"n":0},"geometry":{"type":"Polygon","coordinates":[[[-97.16592,32.96949],[-97.16086,32.97214],[-97.16117,32.97722],[-97.16654,32.97965],[-97.17159,32.97699],[-97.17128,32.97191],[-97.16592,32.96949]]]}},{"type":"Feature","properties":{"h3":"8826c86a29fffff","mii":12,"trt":0.0,"glp1":0.0,"pharmacy":0.0,"gym":0.0,"n":0},"geometry":{"type":"Polygon","coordinates":[[[-97.16117,32.97722],[-97.15612,32.97988],[-97.15643,32.98496],[-97.16179,32.98738],[-97.16685,32.98473],[-97.16654,32.97965],[-97.16117,32.97722]]]}},{"type":"Feature","properties":{"h3":"8826c874bbfffff","mii":12,"trt":0.0,"glp1":0.0,"pharmacy":0.0,"gym":0.0,"n":0},"geometry":{"type":"Polygon","coordinates":[[[-96.76965,32.96255],[-96.7646,32.96519],[-96.76489,32.97027],[-96.77023,32.9727],[-96.77528,32.97007],[-96.77499,32.96499],[-96.76965,32.96255]]]}},{"type":"Feature","properties":{"h3":"8826c80cdbfffff","mii":12,"trt":0.0,"glp1":0.0,"pharmacy":0.0,"gym":0.0,"n":0},"geometry":{"type":"Polygon","coordinates":[[[-96.71292,33.15405],[-96.70786,33.15668],[-96.70815,33.16174],[-96.7135,33.16418],[-96.71856,33.16155],[-96.71827,33.15648],[-96.71292,33.15405]]]}},{"type":"Feature","properties":{"h3":"8826c80cd7fffff","mii":12,"trt":0.0,"glp1":0.0,"pharmacy":0.0,"gym":0.0,"n":0},"geometry":{"type":"Polygon","coordinates":[[[-96.7281,33.14615],[-96.72304,33.14878],[-96.72333,33.15385],[-96.72868,33.15629],[-96.73374,33.15366],[-96.73345,33.14859],[-96.7281,33.14615]]]}},{"type":"Feature","properties":{"h3":"8826c80c99fffff","mii":12,"trt":0.0,"glp1":0.0,"pharmacy":0.0,"gym":0.0,"n":0},"geometry":{"type":"Polygon","coordinates":[[[-96.72246,33.13864],[-96.7174,33.14127],[-96.71769,33.14634],[-96.72304,33.14878],[-96.7281,33.14615],[-96.72781,33.14108],[-96.72246,33.13864]]]}},{"type":"Feature","properties":{"h3":"8826c83b25fffff","mii":12,"trt":0.0,"glp1":0.0,"pharmacy":0.0,"gym":0.0,"n":0},"geometry":{"type":"Polygon","coordinates":[[[-96.71206,33.13884],[-96.707,33.14147],[-96.70729,33.14654],[-96.71263,33.14898],[-96.71769,33.14634],[-96.7174,33.14127],[-96.71206,33.13884]]]}},{"type":"Feature","properties":{"h3":"8826c83b2dfffff","mii":12,"trt":0.0,"glp1":0.0,"pharmacy":0.0,"gym":0.0,"n":0},"geometry":{"type":"Polygon","coordinates":[[[-96.70729,33.14654],[-96.70223,33.14917],[-96.70251,33.15424],[-96.70786,33.15668],[-96.71292,33.15405],[-96.71263,33.14898],[-96.70729,33.14654]]]}},{"type":"Feature","properties":{"h3":"8826c94b61fffff","mii":12,"trt":0.0,"glp1":0.0,"pharmacy":0.0,"gym":0.0,"n":0},"geometry":{"type":"Polygon","coordinates":[[[-96.45023,32.63308],[-96.4452,32.63571],[-96.44547,32.64079],[-96.45078,32.64324],[-96.45582,32.64061],[-96.45554,32.63553],[-96.45023,32.63308]]]}},{"type":"Feature","properties":{"h3":"8826c94b65fffff","mii":12,"trt":0.0,"glp1":0.0,"pharmacy":0.0,"gym":0.0,"n":0},"geometry":{"type":"Polygon","coordinates":[[[-96.46058,32.6329],[-96.45554,32.63553],[-96.45582,32.64061],[-96.46113,32.64305],[-96.46617,32.64042],[-96.46589,32.63534],[-96.46058,32.6329]]]}},{"type":"Feature","properties":{"h3":"8826cb94dbfffff","mii":12,"trt":0.0,"glp1":0.0,"pharmacy":0.0,"gym":0.0,"n":0},"geometry":{"type":"Polygon","coordinates":[[[-96.46534,32.62518],[-96.4603,32.62782],[-96.46058,32.6329],[-96.46589,32.63534],[-96.47092,32.63271],[-96.47065,32.62763],[-96.46534,32.62518]]]}},{"type":"Feature","properties":{"h3":"8826c94b2dfffff","mii":12,"trt":0.0,"glp1":0.0,"pharmacy":0.0,"gym":0.0,"n":0},"geometry":{"type":"Polygon","coordinates":[[[-96.45975,32.61766],[-96.45472,32.62029],[-96.45499,32.62537],[-96.4603,32.62782],[-96.46534,32.62518],[-96.46506,32.6201],[-96.45975,32.61766]]]}},{"type":"Feature","properties":{"h3":"8826c94b29fffff","mii":12,"trt":0.0,"glp1":0.0,"pharmacy":0.0,"gym":0.0,"n":0},"geometry":{"type":"Polygon","coordinates":[[[-96.44941,32.61784],[-96.44437,32.62048],[-96.44465,32.62556],[-96.44996,32.628],[-96.45499,32.62537],[-96.45472,32.62029],[-96.44941,32.61784]]]}},{"type":"Feature","properties":{"h3":"8826c94b63fffff","mii":12,"trt":0.0,"glp1":0.0,"pharmacy":0.0,"gym":0.0,"n":0},"geometry":{"type":"Polygon","coordinates":[[[-96.44465,32.62556],[-96.43961,32.62819],[-96.43989,32.63327],[-96.4452,32.63571],[-96.45023,32.63308],[-96.44996,32.628],[-96.44465,32.62556]]]}},{"type":"Feature","properties":{"h3":"8826c9592bfffff","mii":12,"trt":0.0,"glp1":0.0,"pharmacy":0.0,"gym":0.0,"n":0},"geometry":{"type":"Polygon","coordinates":[[[-96.44961,32.71696],[-96.44457,32.71959],[-96.44484,32.72467],[-96.45016,32.72712],[-96.4552,32.72449],[-96.45492,32.71941],[-96.44961,32.71696]]]}},{"type":"Feature","properties":{"h3":"8826c95921fffff","mii":12,"trt":0.0,"glp1":0.0,"pharmacy":0.0,"gym":0.0,"n":0},"geometry":{"type":"Polygon","coordinates":[[[-96.45996,32.71678],[-96.45492,32.71941],[-96.4552,32.72449],[-96.46051,32.72693],[-96.46555,32.7243],[-96.46527,32.71923],[-96.45996,32.71678]]]}},{"type":"Feature","properties":{"h3":"8826c95927fffff","mii":12,"trt":0.0,"glp1":0.0,"pharmacy":0.0,"gym":0.0,"n":0},"geometry":{"type":"Polygon","coordinates":[[[-96.46472,32.70907],[-96.45968,32.7117],[-96.45996,32.71678],[-96.46527,32.71923],[-96.47031,32.71659],[-96.47004,32.71152],[-96.46472,32.70907]]]}},{"type":"Feature","properties":{"h3":"8826cb96c9fffff","mii":12,"trt":0.0,"glp1":0.0,"pharmacy":0.0,"gym":0.0,"n":0},"geometry":{"type":"Polygon","coordinates":[[[-96.45913,32.70155],[-96.45409,32.70418],[-96.45437,32.70925],[-96.45968,32.7117],[-96.46472,32.70907],[-96.46444,32.70399],[-96.45913,32.70155]]]}},{"type":"Feature","properties":{"h3":"8826c95935fffff","mii":12,"trt":0.0,"glp1":0.0,"pharmacy":0.0,"gym":0.0,"n":0},"geometry":{"type":"Polygon","coordinates":[[[-96.44878,32.70173],[-96.44374,32.70436],[-96.44402,32.70944],[-96.44933,32.71188],[-96.45437,32.70925],[-96.45409,32.70418],[-96.44878,32.70173]]]}},{"type":"Feature","properties":{"h3":"8826c9593dfffff","mii":12,"trt":0.0,"glp1":0.0,"pharmacy":0.0,"gym":0.0,"n":0},"geometry":{"type":"Polygon","coordinates":[[[-96.44402,32.70944],[-96.43898,32.71207],[-96.43925,32.71714],[-96.44457,32.71959],[-96.44961,32.71696],[-96.44933,32.71188],[-96.44402,32.70944]]]}},{"type":"Feature","properties":{"h3":"8826c82943fffff","mii":12,"trt":0.0,"glp1":0.0,"pharmacy":0.0,"gym":0.0,"n":0},"geometry":{"type":"Polygon","coordinates":[[[-96.72721,32.94813],[-96.72216,32.95077],[-96.72245,32.95584],[-96.72779,32.95828],[-96.73284,32.95564],[-96.73255,32.95057],[-96.72721,32.94813]]]}},{"type":"Feature","properties":{"h3":"8826c82909fffff","mii":12,"trt":0.0,"glp1":0.0,"pharmacy":0.0,"gym":0.0,"n":0},"geometry":{"type":"Polygon","coordinates":[[[-96.73197,32.94042],[-96.72692,32.94306],[-96.72721,32.94813],[-96.73255,32.95057],[-96.7376,32.94793],[-96.73731,32.94286],[-96.73197,32.94042]]]}},{"type":"Feature","properties":{"h3":"8826c8290bfffff","mii":12,"trt":0.0,"glp1":0.0,"pharmacy":0.0,"gym":0.0,"n":0},"geometry":{"type":"Polygon","coordinates":[[[-96.72634,32.93291],[-96.72129,32.93554],[-96.72158,32.94062],[-96.72692,32.94306],[-96.73197,32.94042],[-96.73168,32.93534],[-96.72634,32.93291]]]}},{"type":"Feature","properties":{"h3":"8826c82957fffff","mii":12,"trt":0.0,"glp1":0.0,"pharmacy":0.0,"gym":0.0,"n":0},"geometry":{"type":"Polygon","coordinates":[[[-96.71595,32.93311],[-96.71091,32.93574],[-96.71119,32.94082],[-96.71653,32.94325],[-96.72158,32.94062],[-96.72129,32.93554],[-96.71595,32.93311]]]}},{"type":"Feature","properties":{"h3":"8826cbd811fffff","mii":12,"trt":0.0,"glp1":0.0,"pharmacy":0.0,"gym":0.0,"n":0},"geometry":{"type":"Polygon","coordinates":[[[-97.35712,32.69004],[-97.35208,32.69271],[-97.3524,32.6978],[-97.35776,32.70021],[-97.3628,32.69754],[-97.36248,32.69245],[-97.35712,32.69004]]]}},{"type":"Feature","properties":{"h3":"8826cbd815fffff","mii":12,"trt":0.0,"glp1":0.0,"pharmacy":0.0,"gym":0.0,"n":0},"geometry":{"type":"Polygon","coordinates":[[[-97.36752,32.68978],[-97.36248,32.69245],[-97.3628,32.69754],[-97.36816,32.69995],[-97.3732,32.69728],[-97.37288,32.69219],[-97.36752,32.68978]]]}},{"type":"Feature","properties":{"h3":"8826cbd83bfffff","mii":12,"trt":0.0,"glp1":0.0,"pharmacy":0.0,"gym":0.0,"n":0},"geometry":{"type":"Polygon","coordinates":[[[-97.37225,32.68202],[-97.36721,32.68469],[-97.36752,32.68978],[-97.37288,32.69219],[-97.37792,32.68952],[-97.37761,32.68443],[-97.37225,32.68202]]]}},{"type":"Feature","properties":{"h3":"8826cbd8edfffff","mii":12,"trt":0.0,"glp1":0.0,"pharmacy":0.0,"gym":0.0,"n":0},"geometry":{"type":"Polygon","coordinates":[[[-97.36657,32.67451],[-97.36153,32.67719],[-97.36185,32.68228],[-97.36721,32.68469],[-97.37225,32.68202],[-97.37193,32.67693],[-97.36657,32.67451]]]}},{"type":"Feature","properties":{"h3":"8826cbd8e9fffff","mii":12,"trt":0.0,"glp1":0.0,"pharmacy":0.0,"gym":0.0,"n":0},"geometry":{"type":"Polygon","coordinates":[[[-97.35617,32.67477],[-97.35113,32.67745],[-97.35145,32.68253],[-97.35681,32.68495],[-97.36185,32.68228],[-97.36153,32.67719],[-97.35617,32.67477]]]}},{"type":"Feature","properties":{"h3":"8826cbd813fffff","mii":12,"trt":0.0,"glp1":0.0,"pharmacy":0.0,"gym":0.0,"n":0},"geometry":{"type":"Polygon","coordinates":[[[-97.35145,32.68253],[-97.34641,32.68521],[-97.34673,32.6903],[-97.35208,32.69271],[-97.35712,32.69004],[-97.35681,32.68495],[-97.35145,32.68253]]]}},{"type":"Feature","properties":{"h3":"8826c82169fffff","mii":12,"trt":0.0,"glp1":0.0,"pharmacy":0.0,"gym":0.0,"n":0},"geometry":{"type":"Polygon","coordinates":[[[-96.57481,33.01188],[-96.56976,33.01451],[-96.57004,33.01958],[-96.57538,33.02203],[-96.58043,33.0194],[-96.58015,33.01433],[-96.57481,33.01188]]]}},{"type":"Feature","properties":{"h3":"8826c8216dfffff","mii":12,"trt":0.0,"glp1":0.0,"pharmacy":0.0,"gym":0.0,"n":0},"geometry":{"type":"Polygon","coordinates":[[[-96.5852,33.0117],[-96.58015,33.01433],[-96.58043,33.0194],[-96.58576,33.02184],[-96.59082,33.01921],[-96.59053,33.01414],[-96.5852,33.0117]]]}},{"type":"Feature","properties":{"h3":"8826c82165fffff","mii":12,"trt":0.0,"glp1":0.0,"pharmacy":0.0,"gym":0.0,"n":0},"geometry":{"type":"Polygon","coordinates":[[[-96.58997,33.004],[-96.58492,33.00663],[-96.5852,33.0117],[-96.59053,33.01414],[-96.59559,33.01151],[-96.5953,33.00644],[-96.58997,33.004]]]}},{"type":"Feature","properties":{"h3":"8826c82167fffff","mii":12,"trt":0.0,"glp1":0.0,"pharmacy":0.0,"gym":0.0,"n":0},"geometry":{"type":"Polygon","coordinates":[[[-96.58435,32.99648],[-96.5793,32.99911],[-96.57958,33.00418],[-96.58492,33.00663],[-96.58997,33.004],[-96.58969,32.99893],[-96.58435,32.99648]]]}},{"type":"Feature","properties":{"h3":"8826c82163fffff","mii":12,"trt":0.0,"glp1":0.0,"pharmacy":0.0,"gym":0.0,"n":0},"geometry":{"type":"Polygon","coordinates":[[[-96.57397,32.99667],[-96.56891,32.9993],[-96.5692,33.00437],[-96.57453,33.00681],[-96.57958,33.00418],[-96.5793,32.99911],[-96.57397,32.99667]]]}},{"type":"Feature","properties":{"h3":"8826c8216bfffff","mii":12,"trt":0.0,"glp1":0.0,"pharmacy":0.0,"gym":0.0,"n":0},"geometry":{"type":"Polygon","coordinates":[[[-96.5692,33.00437],[-96.56414,33.00699],[-96.56443,33.01207],[-96.56976,33.01451],[-96.57481,33.01188],[-96.57453,33.00681],[-96.5692,33.00437]]]}},{"type":"Feature","properties":{"h3":"8826c86093fffff","mii":12,"trt":0.6,"glp1":0.0,"pharmacy":0.0,"gym":0.0,"n":1},"geometry":{"type":"Polygon","coordinates":[[[-96.92768,32.90601],[-96.92263,32.90865],[-96.92292,32.91373],[-96.92827,32.91616],[-96.93332,32.91351],[-96.93302,32.90844],[-96.92768,32.90601]]]}},{"type":"Feature","properties":{"h3":"8826c86637fffff","mii":12,"trt":0.6,"glp1":0.0,"pharmacy":0.0,"gym":0.0,"n":1},"geometry":{"type":"Polygon","coordinates":[[[-96.8181,32.90062],[-96.81305,32.90326],[-96.81334,32.90834],[-96.81869,32.91077],[-96.82374,32.90813],[-96.82344,32.90305],[-96.8181,32.90062]]]}},{"type":"Feature","properties":{"h3":"8826c86459fffff","mii":12,"trt":0.0,"glp1":0.0,"pharmacy":0.0,"gym":0.0,"n":0},"geometry":{"type":"Polygon","coordinates":[[[-96.81247,32.89311],[-96.80742,32.89575],[-96.80771,32.90083],[-96.81305,32.90326],[-96.8181,32.90062],[-96.81781,32.89554],[-96.81247,32.89311]]]}},{"type":"Feature","properties":{"h3":"8826c828edfffff","mii":12,"trt":0.0,"glp1":0.0,"pharmacy":0.0,"gym":0.0,"n":0},"geometry":{"type":"Polygon","coordinates":[[[-96.65192,32.90383],[-96.64688,32.90647],[-96.64716,32.91154],[-96.6525,32.91398],[-96.65754,32.91135],[-96.65726,32.90627],[-96.65192,32.90383]]]}},{"type":"Feature","properties":{"h3":"8826c8645bfffff","mii":12,"trt":0.6,"glp1":0.0,"pharmacy":0.0,"gym":0.0,"n":1},"geometry":{"type":"Polygon","coordinates":[[[-96.80683,32.88559],[-96.80178,32.88824],[-96.80208,32.89331],[-96.80742,32.89575],[-96.81247,32.89311],[-96.81217,32.88803],[-96.80683,32.88559]]]}},{"type":"Feature","properties":{"h3":"8826c866d5fffff","mii":12,"trt":0.0,"glp1":0.0,"pharmacy":0.0,"gym":0.0,"n":0},"geometry":{"type":"Polygon","coordinates":[[[-96.7549,32.88662],[-96.74985,32.88926],[-96.75014,32.89434],[-96.75548,32.89677],[-96.76053,32.89413],[-96.76023,32.88906],[-96.7549,32.88662]]]}},{"type":"Feature","properties":{"h3":"8826cbda2bfffff","mii":12,"trt":0.0,"glp1":0.0,"pharmacy":0.0,"gym":0.0,"n":0},"geometry":{"type":"Polygon","coordinates":[[[-97.36094,32.75108],[-97.3559,32.75376],[-97.35621,32.75884],[-97.36158,32.76126],[-97.36662,32.75859],[-97.3663,32.7535],[-97.36094,32.75108]]]}},{"type":"Feature","properties":{"h3":"8826cbda21fffff","mii":12,"trt":0.0,"glp1":0.0,"pharmacy":0.0,"gym":0.0,"n":0},"geometry":{"type":"Polygon","coordinates":[[[-97.37135,32.75083],[-97.3663,32.7535],[-97.36662,32.75859],[-97.37198,32.761],[-97.37703,32.75833],[-97.37671,32.75324],[-97.37135,32.75083]]]}},{"type":"Feature","properties":{"h3":"8826cbda3dfffff","mii":12,"trt":0.0,"glp1":0.0,"pharmacy":0.0,"gym":0.0,"n":0},"geometry":{"type":"Polygon","coordinates":[[[-97.35526,32.74358],[-97.35022,32.74625],[-97.35053,32.75134],[-97.3559,32.75376],[-97.36094,32.75108],[-97.36062,32.746],[-97.35526,32.74358]]]}},{"type":"Feature","properties":{"h3":"8826cbd86dfffff","mii":12,"trt":0.0,"glp1":0.0,"pharmacy":0.0,"gym":0.0,"n":0},"geometry":{"type":"Polygon","coordinates":[[[-97.40633,32.72702],[-97.40129,32.7297],[-97.40161,32.73479],[-97.40697,32.7372],[-97.41201,32.73453],[-97.41169,32.72944],[-97.40633,32.72702]]]}},{"type":"Feature","properties":{"h3":"8826cbd959fffff","mii":12,"trt":0.0,"glp1":0.0,"pharmacy":0.0,"gym":0.0,"n":0},"geometry":{"type":"Polygon","coordinates":[[[-97.42146,32.719],[-97.41641,32.72167],[-97.41673,32.72676],[-97.4221,32.72918],[-97.42714,32.7265],[-97.42682,32.72141],[-97.42146,32.719]]]}},{"type":"Feature","properties":{"h3":"8826c86de1fffff","mii":12,"trt":0.0,"glp1":0.0,"pharmacy":0.0,"gym":0.0,"n":0},"geometry":{"type":"Polygon","coordinates":[[[-97.07636,32.7807],[-97.07132,32.78336],[-97.07162,32.78844],[-97.07697,32.79087],[-97.08202,32.78821],[-97.08171,32.78313],[-97.07636,32.7807]]]}},{"type":"Feature","properties":{"h3":"8826c86de3fffff","mii":12,"trt":0.0,"glp1":0.0,"pharmacy":0.0,"gym":0.0,"n":0},"geometry":{"type":"Polygon","coordinates":[[[-97.07071,32.7732],[-97.06566,32.77585],[-97.06597,32.78094],[-97.07132,32.78336],[-97.07636,32.7807],[-97.07606,32.77562],[-97.07071,32.7732]]]}},{"type":"Feature","properties":{"h3":"8826c83925fffff","mii":12,"trt":0.6,"glp1":0.0,"pharmacy":0.0,"gym":0.0,"n":1},"geometry":{"type":"Polygon","coordinates":[[[-96.74543,33.08491],[-96.74037,33.08755],[-96.74066,33.09262],[-96.74601,33.09506],[-96.75107,33.09242],[-96.75078,33.08735],[-96.74543,33.08491]]]}},{"type":"Feature","properties":{"h3":"8826c82885fffff","mii":12,"trt":0.0,"glp1":0.0,"pharmacy":0.0,"gym":0.0,"n":0},"geometry":{"type":"Polygon","coordinates":[[[-96.63507,32.88128],[-96.63002,32.88392],[-96.63031,32.88899],[-96.63564,32.89143],[-96.64069,32.8888],[-96.6404,32.88372],[-96.63507,32.88128]]]}},{"type":"Feature","properties":{"h3":"8826c828a9fffff","mii":12,"trt":0.0,"glp1":0.0,"pharmacy":0.0,"gym":0.0,"n":0},"geometry":{"type":"Polygon","coordinates":[[[-96.64545,32.88109],[-96.6404,32.88372],[-96.64069,32.8888],[-96.64602,32.89124],[-96.65107,32.88861],[-96.65078,32.88353],[-96.64545,32.88109]]]}},{"type":"Feature","properties":{"h3":"8826c828a1fffff","mii":12,"trt":0.0,"glp1":0.0,"pharmacy":0.0,"gym":0.0,"n":0},"geometry":{"type":"Polygon","coordinates":[[[-96.65021,32.87338],[-96.64517,32.87601],[-96.64545,32.88109],[-96.65078,32.88353],[-96.65583,32.8809],[-96.65554,32.87582],[-96.65021,32.87338]]]}},{"type":"Feature","properties":{"h3":"8826c828a3fffff","mii":12,"trt":0.0,"glp1":0.0,"pharmacy":0.0,"gym":0.0,"n":0},"geometry":{"type":"Polygon","coordinates":[[[-96.64459,32.86586],[-96.63955,32.8685],[-96.63983,32.87357],[-96.64517,32.87601],[-96.65021,32.87338],[-96.64993,32.8683],[-96.64459,32.86586]]]}},{"type":"Feature","properties":{"h3":"8826c828bdfffff","mii":12,"trt":0.0,"glp1":0.0,"pharmacy":0.0,"gym":0.0,"n":0},"geometry":{"type":"Polygon","coordinates":[[[-96.63422,32.86606],[-96.62917,32.86869],[-96.62946,32.87377],[-96.63479,32.87621],[-96.63983,32.87357],[-96.63955,32.8685],[-96.63422,32.86606]]]}},{"type":"Feature","properties":{"h3":"8826c8215dfffff","mii":12,"trt":0.0,"glp1":0.0,"pharmacy":0.0,"gym":0.0,"n":0},"geometry":{"type":"Polygon","coordinates":[[[-96.53804,33.00492],[-96.53299,33.00754],[-96.53327,33.01261],[-96.5386,33.01506],[-96.54365,33.01243],[-96.54337,33.00736],[-96.53804,33.00492]]]}},{"type":"Feature","properties":{"h3":"8826c82143fffff","mii":12,"trt":0.0,"glp1":0.0,"pharmacy":0.0,"gym":0.0,"n":0},"geometry":{"type":"Polygon","coordinates":[[[-96.54842,33.00473],[-96.54337,33.00736],[-96.54365,33.01243],[-96.54899,33.01488],[-96.55404,33.01225],[-96.55376,33.00718],[-96.54842,33.00473]]]}},{"type":"Feature","properties":{"h3":"8826c82109fffff","mii":12,"trt":0.0,"glp1":0.0,"pharmacy":0.0,"gym":0.0,"n":0},"geometry":{"type":"Polygon","coordinates":[[[-96.5532,32.99704],[-96.54814,32.99966],[-96.54842,33.00473],[-96.55376,33.00718],[-96.55881,33.00455],[-96.55853,32.99948],[-96.5532,32.99704]]]}},{"type":"Feature","properties":{"h3":"8826c8210bfffff","mii":12,"trt":0.0,"glp1":0.0,"pharmacy":0.0,"gym":0.0,"n":0},"geometry":{"type":"Polygon","coordinates":[[[-96.54758,32.98952],[-96.54253,32.99215],[-96.54281,32.99722],[-96.54814,32.99966],[-96.5532,32.99704],[-96.55291,32.99196],[-96.54758,32.98952]]]}},{"type":"Feature","properties":{"h3":"8826c82157fffff","mii":12,"trt":0.0,"glp1":0.0,"pharmacy":0.0,"gym":0.0,"n":0},"geometry":{"type":"Polygon","coordinates":[[[-96.5372,32.9897],[-96.53215,32.99233],[-96.53243,32.9974],[-96.53776,32.99984],[-96.54281,32.99722],[-96.54253,32.99215],[-96.5372,32.9897]]]}},{"type":"Feature","properties":{"h3":"8826c82151fffff","mii":12,"trt":0.0,"glp1":0.0,"pharmacy":0.0,"gym":0.0,"n":0},"geometry":{"type":"Polygon","coordinates":[[[-96.53243,32.9974],[-96.52738,33.00003],[-96.52766,33.0051],[-96.53299,33.00754],[-96.53804,33.00492],[-96.53776,32.99984],[-96.53243,32.9974]]]}},{"type":"Feature","properties":{"h3":"8826c86e17fffff","mii":12,"trt":0.0,"glp1":0.0,"pharmacy":0.0,"gym":0.0,"n":0},"geometry":{"type":"Polygon","coordinates":[[[-96.97131,32.85169],[-96.96627,32.85434],[-96.96657,32.85942],[-96.97191,32.86185],[-96.97696,32.8592],[-96.97666,32.85412],[-96.97131,32.85169]]]}},{"type":"Feature","properties":{"h3":"8826c86e33fffff","mii":12,"trt":0.0,"glp1":0.0,"pharmacy":0.0,"gym":0.0,"n":0},"geometry":{"type":"Polygon","coordinates":[[[-96.98645,32.84373],[-96.98141,32.84639],[-96.98171,32.85147],[-96.98705,32.85389],[-96.9921,32.85124],[-96.9918,32.84616],[-96.98645,32.84373]]]}},{"type":"Feature","properties":{"h3":"8826c86ee5fffff","mii":12,"trt":0.0,"glp1":0.0,"pharmacy":0.0,"gym":0.0,"n":0},"geometry":{"type":"Polygon","coordinates":[[[-96.9808,32.83623],[-96.97576,32.83888],[-96.97606,32.84396],[-96.98141,32.84639],[-96.98645,32.84373],[-96.98615,32.83865],[-96.9808,32.83623]]]}},{"type":"Feature","properties":{"h3":"8826c86ee1fffff","mii":12,"trt":0.0,"glp1":0.0,"pharmacy":0.0,"gym":0.0,"n":0},"geometry":{"type":"Polygon","coordinates":[[[-96.97041,32.83645],[-96.96537,32.8391],[-96.96567,32.84418],[-96.97101,32.84661],[-96.97606,32.84396],[-96.97576,32.83888],[-96.97041,32.83645]]]}},{"type":"Feature","properties":{"h3":"8826c86ee9fffff","mii":12,"trt":0.0,"glp1":0.0,"pharmacy":0.0,"gym":0.0,"n":0},"geometry":{"type":"Polygon","coordinates":[[[-96.96567,32.84418],[-96.96062,32.84683],[-96.96092,32.85191],[-96.96627,32.85434],[-96.97131,32.85169],[-96.97101,32.84661],[-96.96567,32.84418]]]}},{"type":"Feature","properties":{"h3":"8826cb9325fffff","mii":12,"trt":0.0,"glp1":0.0,"pharmacy":0.0,"gym":0.0,"n":0},"geometry":{"type":"Polygon","coordinates":[[[-96.76655,32.81777],[-96.7615,32.82041],[-96.76179,32.82549],[-96.76713,32.82792],[-96.77218,32.82528],[-96.77188,32.8202],[-96.76655,32.81777]]]}},{"type":"Feature","properties":{"h3":"8826c80633fffff","mii":12,"trt":0.0,"glp1":2.3,"pharmacy":0.0,"gym":0.0,"n":4},"geometry":{"type":"Polygon","coordinates":[[[-96.57405,33.27823],[-96.56898,33.28086],[-96.56927,33.28592],[-96.57461,33.28836],[-96.57968,33.28574],[-96.5794,33.28068],[-96.57405,33.27823]]]}},{"type":"Feature","properties":{"h3":"8826cbd5c7fffff","mii":12,"trt":0.0,"glp1":2.3,"pharmacy":0.0,"gym":0.0,"n":4},"geometry":{"type":"Polygon","coordinates":[[[-97.08234,32.62018],[-97.0773,32.62284],[-97.0776,32.62793],[-97.08295,32.63035],[-97.08798,32.62769],[-97.08768,32.62261],[-97.08234,32.62018]]]}},{"type":"Feature","properties":{"h3":"8826cbca15fffff","mii":12,"trt":0.0,"glp1":0.0,"pharmacy":0.0,"gym":0.0,"n":0},"geometry":{"type":"Polygon","coordinates":[[[-97.36085,32.5829],[-97.35581,32.58558],[-97.35613,32.59067],[-97.36148,32.59308],[-97.36652,32.59041],[-97.3662,32.58532],[-97.36085,32.5829]]]}},{"type":"Feature","properties":{"h3":"8826cbca39fffff","mii":12,"trt":0.0,"glp1":0.0,"pharmacy":0.0,"gym":0.0,"n":0},"geometry":{"type":"Polygon","coordinates":[[[-97.37124,32.58264],[-97.3662,32.58532],[-97.36652,32.59041],[-97.37187,32.59282],[-97.37691,32.59014],[-97.37659,32.58505],[-97.37124,32.58264]]]}},{"type":"Feature","properties":{"h3":"8826cbca31fffff","mii":12,"trt":0.0,"glp1":0.0,"pharmacy":0.0,"gym":0.0,"n":0},"geometry":{"type":"Polygon","coordinates":[[[-97.37596,32.57487],[-97.37092,32.57755],[-97.37124,32.58264],[-97.37659,32.58505],[-97.38163,32.58238],[-97.38131,32.57729],[-97.37596,32.57487]]]}},{"type":"Feature","properties":{"h3":"8826cbca33fffff","mii":12,"trt":0.0,"glp1":0.0,"pharmacy":0.0,"gym":0.0,"n":0},"geometry":{"type":"Polygon","coordinates":[[[-97.37028,32.56737],[-97.36525,32.57004],[-97.36557,32.57514],[-97.37092,32.57755],[-97.37596,32.57487],[-97.37564,32.56978],[-97.37028,32.56737]]]}},{"type":"Feature","properties":{"h3":"8826cbcaedfffff","mii":12,"trt":0.0,"glp1":0.0,"pharmacy":0.0,"gym":0.0,"n":0},"geometry":{"type":"Polygon","coordinates":[[[-97.35989,32.56763],[-97.35486,32.57031],[-97.35518,32.5754],[-97.36053,32.57781],[-97.36557,32.57514],[-97.36525,32.57004],[-97.35989,32.56763]]]}},{"type":"Feature","properties":{"h3":"8826cbca17fffff","mii":12,"trt":0.0,"glp1":0.0,"pharmacy":0.0,"gym":0.0,"n":0},"geometry":{"type":"Polygon","coordinates":[[[-97.35518,32.5754],[-97.35014,32.57807],[-97.35046,32.58316],[-97.35581,32.58558],[-97.36085,32.5829],[-97.36053,32.57781],[-97.35518,32.5754]]]}},{"type":"Feature","properties":{"h3":"8826caa183fffff","mii":12,"trt":0.0,"glp1":0.0,"pharmacy":0.0,"gym":0.0,"n":0},"geometry":{"type":"Polygon","coordinates":[[[-97.53255,32.90722],[-97.5275,32.90989],[-97.52783,32.91498],[-97.53321,32.91738],[-97.53826,32.91471],[-97.53793,32.90962],[-97.53255,32.90722]]]}},{"type":"Feature","properties":{"h3":"8826caa187fffff","mii":12,"trt":0.0,"glp1":0.0,"pharmacy":0.0,"gym":0.0,"n":0},"geometry":{"type":"Polygon","coordinates":[[[-97.54298,32.90695],[-97.53793,32.90962],[-97.53826,32.91471],[-97.54364,32.91712],[-97.54869,32.91444],[-97.54836,32.90936],[-97.54298,32.90695]]]}},{"type":"Feature","properties":{"h3":"8826caa1bdfffff","mii":12,"trt":0.0,"glp1":0.0,"pharmacy":0.0,"gym":0.0,"n":0},"geometry":{"type":"Polygon","coordinates":[[[-97.54771,32.89919],[-97.54266,32.90186],[-97.54298,32.90695],[-97.54836,32.90936],[-97.55341,32.90668],[-97.55309,32.90159],[-97.54771,32.89919]]]}},{"type":"Feature","properties":{"h3":"8826caa1b1fffff","mii":12,"trt":0.0,"glp1":0.0,"pharmacy":0.0,"gym":0.0,"n":0},"geometry":{"type":"Polygon","coordinates":[[[-97.542,32.89169],[-97.53695,32.89437],[-97.53728,32.89946],[-97.54266,32.90186],[-97.54771,32.89919],[-97.54738,32.8941],[-97.542,32.89169]]]}},{"type":"Feature","properties":{"h3":"8826caa1bbfffff","mii":12,"trt":0.0,"glp1":0.0,"pharmacy":0.0,"gym":0.0,"n":0},"geometry":{"type":"Polygon","coordinates":[[[-97.53158,32.89196],[-97.52652,32.89464],[-97.52685,32.89972],[-97.53223,32.90213],[-97.53728,32.89946],[-97.53695,32.89437],[-97.53158,32.89196]]]}},{"type":"Feature","properties":{"h3":"8826caa195fffff","mii":12,"trt":0.0,"glp1":0.0,"pharmacy":0.0,"gym":0.0,"n":0},"geometry":{"type":"Polygon","coordinates":[[[-97.52685,32.89972],[-97.5218,32.9024],[-97.52213,32.90748],[-97.5275,32.90989],[-97.53255,32.90722],[-97.53223,32.90213],[-97.52685,32.89972]]]}},{"type":"Feature","properties":{"h3":"8826cbda61fffff","mii":12,"trt":0.0,"glp1":0.0,"pharmacy":0.0,"gym":0.0,"n":0},"geometry":{"type":"Polygon","coordinates":[[[-97.36758,32.77384],[-97.36253,32.77652],[-97.36285,32.7816],[-97.36821,32.78402],[-97.37326,32.78134],[-97.37294,32.77626],[-97.36758,32.77384]]]}},{"type":"Feature","properties":{"h3":"8826cbda63fffff","mii":12,"trt":0.0,"glp1":0.0,"pharmacy":0.0,"gym":0.0,"n":0},"geometry":{"type":"Polygon","coordinates":[[[-97.36189,32.76634],[-97.35685,32.76902],[-97.35717,32.7741],[-97.36253,32.77652],[-97.36758,32.77384],[-97.36726,32.76876],[-97.36189,32.76634]]]}},{"type":"Feature","properties":{"h3":"8826cbda0dfffff","mii":12,"trt":0.0,"glp1":0.0,"pharmacy":0.0,"gym":0.0,"n":0},"geometry":{"type":"Polygon","coordinates":[[[-97.35149,32.7666],[-97.34644,32.76927],[-97.34676,32.77436],[-97.35212,32.77677],[-97.35717,32.7741],[-97.35685,32.76902],[-97.35149,32.7666]]]}},{"type":"Feature","properties":{"h3":"8826cbda47fffff","mii":12,"trt":0.0,"glp1":0.0,"pharmacy":0.0,"gym":0.0,"n":0},"geometry":{"type":"Polygon","coordinates":[[[-97.34676,32.77436],[-97.34172,32.77703],[-97.34203,32.78211],[-97.3474,32.78453],[-97.35244,32.78186],[-97.35212,32.77677],[-97.34676,32.77436]]]}},{"type":"Feature","properties":{"h3":"8826cbdaadfffff","mii":12,"trt":0.0,"glp1":2.3,"pharmacy":0.0,"gym":0.0,"n":4},"geometry":{"type":"Polygon","coordinates":[[[-97.33728,32.70582],[-97.33224,32.70849],[-97.33255,32.71357],[-97.33791,32.71599],[-97.34295,32.71332],[-97.34264,32.70823],[-97.33728,32.70582]]]}},{"type":"Feature","properties":{"h3":"8826cbd801fffff","mii":12,"trt":0.0,"glp1":0.0,"pharmacy":0.0,"gym":0.0,"n":0},"geometry":{"type":"Polygon","coordinates":[[[-97.37888,32.70478],[-97.37384,32.70746],[-97.37416,32.71254],[-97.37952,32.71496],[-97.38456,32.71228],[-97.38424,32.7072],[-97.37888,32.70478]]]}},{"type":"Feature","properties":{"h3":"8826cbd805fffff","mii":12,"trt":0.0,"glp1":0.0,"pharmacy":0.0,"gym":0.0,"n":0},"geometry":{"type":"Polygon","coordinates":[[[-97.38928,32.70452],[-97.38424,32.7072],[-97.38456,32.71228],[-97.38992,32.7147],[-97.39496,32.71202],[-97.39464,32.70694],[-97.38928,32.70452]]]}},{"type":"Feature","properties":{"h3":"8826cbd82bfffff","mii":12,"trt":0.0,"glp1":0.0,"pharmacy":0.0,"gym":0.0,"n":0},"geometry":{"type":"Polygon","coordinates":[[[-97.39401,32.69676],[-97.38896,32.69943],[-97.38928,32.70452],[-97.39464,32.70694],[-97.39969,32.70426],[-97.39937,32.69917],[-97.39401,32.69676]]]}},{"type":"Feature","properties":{"h3":"8826cbd83dfffff","mii":12,"trt":0.0,"glp1":0.0,"pharmacy":0.0,"gym":0.0,"n":0},"geometry":{"type":"Polygon","coordinates":[[[-97.38833,32.68926],[-97.38328,32.69193],[-97.3836,32.69702],[-97.38896,32.69943],[-97.39401,32.69676],[-97.39369,32.69167],[-97.38833,32.68926]]]}},{"type":"Feature","properties":{"h3":"8826cbd839fffff","mii":12,"trt":0.0,"glp1":0.0,"pharmacy":0.0,"gym":0.0,"n":0},"geometry":{"type":"Polygon","coordinates":[[[-97.37792,32.68952],[-97.37288,32.69219],[-97.3732,32.69728],[-97.37856,32.69969],[-97.3836,32.69702],[-97.38328,32.69193],[-97.37792,32.68952]]]}},{"type":"Feature","properties":{"h3":"8826cbd803fffff","mii":12,"trt":0.0,"glp1":0.0,"pharmacy":0.0,"gym":0.0,"n":0},"geometry":{"type":"Polygon","coordinates":[[[-97.3732,32.69728],[-97.36816,32.69995],[-97.36848,32.70504],[-97.37384,32.70746],[-97.37888,32.70478],[-97.37856,32.69969],[-97.3732,32.69728]]]}},{"type":"Feature","properties":{"h3":"8826cbd941fffff","mii":12,"trt":0.0,"glp1":0.0,"pharmacy":0.0,"gym":0.0,"n":0},"geometry":{"type":"Polygon","coordinates":[[[-97.44795,32.72597],[-97.44291,32.72865],[-97.44323,32.73374],[-97.4486,32.73615],[-97.45364,32.73347],[-97.45332,32.72838],[-97.44795,32.72597]]]}},{"type":"Feature","properties":{"h3":"8826cbd945fffff","mii":12,"trt":0.0,"glp1":0.0,"pharmacy":0.0,"gym":0.0,"n":0},"geometry":{"type":"Polygon","coordinates":[[[-97.45836,32.72571],[-97.45332,32.72838],[-97.45364,32.73347],[-97.45901,32.73588],[-97.46405,32.7332],[-97.46373,32.72812],[-97.45836,32.72571]]]}},{"type":"Feature","properties":{"h3":"8826cbd96bfffff","mii":12,"trt":0.0,"glp1":0.0,"pharmacy":0.0,"gym":0.0,"n":0},"geometry":{"type":"Polygon","coordinates":[[[-97.46308,32.71794],[-97.45804,32.72062],[-97.45836,32.72571],[-97.46373,32.72812],[-97.46877,32.72544],[-97.46845,32.72035],[-97.46308,32.71794]]]}},{"type":"Feature","properties":{"h3":"8826cbd90dfffff","mii":12,"trt":0.0,"glp1":0.0,"pharmacy":0.0,"gym":0.0,"n":0},"geometry":{"type":"Polygon","coordinates":[[[-97.45739,32.71044],[-97.45235,32.71312],[-97.45267,32.71821],[-97.45804,32.72062],[-97.46308,32.71794],[-97.46276,32.71285],[-97.45739,32.71044]]]}},{"type":"Feature","properties":{"h3":"8826cbd909fffff","mii":12,"trt":0.0,"glp1":0.0,"pharmacy":0.0,"gym":0.0,"n":0},"geometry":{"type":"Polygon","coordinates":[[[-97.44699,32.71071],[-97.44195,32.71338],[-97.44227,32.71847],[-97.44763,32.72088],[-97.45267,32.71821],[-97.45235,32.71312],[-97.44699,32.71071]]]}},{"type":"Feature","properties":{"h3":"8826cbd943fffff","mii":12,"trt":0.0,"glp1":0.0,"pharmacy":0.0,"gym":0.0,"n":0},"geometry":{"type":"Polygon","coordinates":[[[-97.44227,32.71847],[-97.43723,32.72115],[-97.43755,32.72624],[-97.44291,32.72865],[-97.44795,32.72597],[-97.44763,32.72088],[-97.44227,32.71847]]]}},{"type":"Feature","properties":{"h3":"8826c879a1fffff","mii":12,"trt":0.0,"glp1":0.0,"pharmacy":0.0,"gym":0.0,"n":0},"geometry":{"type":"Polygon","coordinates":[[[-97.20564,33.02199],[-97.20059,33.02465],[-97.2009,33.02973],[-97.20627,33.03215],[-97.21132,33.02949],[-97.21101,33.02441],[-97.20564,33.02199]]]}},{"type":"Feature","properties":{"h3":"8826c879a5fffff","mii":12,"trt":0.0,"glp1":0.0,"pharmacy":0.0,"gym":0.0,"n":0},"geometry":{"type":"Polygon","coordinates":[[[-97.21607,33.02175],[-97.21101,33.02441],[-97.21132,33.02949],[-97.21669,33.03191],[-97.22175,33.02925],[-97.22143,33.02417],[-97.21607,33.02175]]]}},{"type":"Feature","properties":{"h3":"8826cab69bfffff","mii":12,"trt":0.0,"glp1":0.0,"pharmacy":0.0,"gym":0.0,"n":0},"geometry":{"type":"Polygon","coordinates":[[[-97.22081,33.01402],[-97.21575,33.01667],[-97.21607,33.02175],[-97.22143,33.02417],[-97.22649,33.02152],[-97.22618,33.01644],[-97.22081,33.01402]]]}},{"type":"Feature","properties":{"h3":"8826c86b4dfffff","mii":12,"trt":0.0,"glp1":0.0,"pharmacy":0.0,"gym":0.0,"n":0},"geometry":{"type":"Polygon","coordinates":[[[-97.21513,33.00652],[-97.21008,33.00918],[-97.21039,33.01425],[-97.21575,33.01667],[-97.22081,33.01402],[-97.2205,33.00894],[-97.21513,33.00652]]]}},{"type":"Feature","properties":{"h3":"8826c86b49fffff","mii":12,"trt":0.0,"glp1":0.0,"pharmacy":0.0,"gym":0.0,"n":0},"geometry":{"type":"Polygon","coordinates":[[[-97.20471,33.00675],[-97.19965,33.00941],[-97.19997,33.01449],[-97.20533,33.01691],[-97.21039,33.01425],[-97.21008,33.00918],[-97.20471,33.00675]]]}},{"type":"Feature","properties":{"h3":"8826c879a3fffff","mii":12,"trt":0.0,"glp1":0.0,"pharmacy":0.0,"gym":0.0,"n":0},"geometry":{"type":"Polygon","coordinates":[[[-97.19997,33.01449],[-97.19491,33.01715],[-97.19522,33.02223],[-97.20059,33.02465],[-97.20564,33.02199],[-97.20533,33.01691],[-97.19997,33.01449]]]}},{"type":"Feature","properties":{"h3":"8826cb9129fffff","mii":12,"trt":0.0,"glp1":0.0,"pharmacy":0.0,"gym":0.0,"n":0},"geometry":{"type":"Polygon","coordinates":[[[-96.78469,32.77164],[-96.77964,32.77428],[-96.77993,32.77936],[-96.78527,32.7818],[-96.79031,32.77916],[-96.79002,32.77408],[-96.78469,32.77164]]]}},{"type":"Feature","properties":{"h3":"8826cb9121fffff","mii":12,"trt":0.0,"glp1":0.0,"pharmacy":0.0,"gym":0.0,"n":0},"geometry":{"type":"Polygon","coordinates":[[[-96.78944,32.76392],[-96.78439,32.76656],[-96.78469,32.77164],[-96.79002,32.77408],[-96.79506,32.77143],[-96.79477,32.76635],[-96.78944,32.76392]]]}},{"type":"Feature","properties":{"h3":"8826cb9123fffff","mii":12,"trt":0.0,"glp1":0.0,"pharmacy":0.0,"gym":0.0,"n":0},"geometry":{"type":"Polygon","coordinates":[[[-96.78381,32.7564],[-96.77877,32.75905],[-96.77906,32.76413],[-96.78439,32.76656],[-96.78944,32.76392],[-96.78915,32.75884],[-96.78381,32.7564]]]}},{"type":"Feature","properties":{"h3":"8826c844c3fffff","mii":11,"trt":0.0,"glp1":0.0,"pharmacy":0.0,"gym":0.0,"n":0},"geometry":{"type":"Polygon","coordinates":[[[-97.07078,33.2079],[-97.06571,33.21055],[-97.06602,33.21562],[-97.07139,33.21804],[-97.07645,33.2154],[-97.07615,33.21033],[-97.07078,33.2079]]]}},{"type":"Feature","properties":{"h3":"8826c829bdfffff","mii":11,"trt":0.0,"glp1":0.0,"pharmacy":0.0,"gym":0.0,"n":0},"geometry":{"type":"Polygon","coordinates":[[[-96.70687,32.86468],[-96.70182,32.86732],[-96.70211,32.8724],[-96.70745,32.87483],[-96.71249,32.8722],[-96.71221,32.86712],[-96.70687,32.86468]]]}},{"type":"Feature","properties":{"h3":"8826c875d3fffff","mii":11,"trt":0.0,"glp1":0.0,"pharmacy":0.0,"gym":0.0,"n":0},"geometry":{"type":"Polygon","coordinates":[[[-96.81774,32.98448],[-96.81269,32.98712],[-96.81298,32.99219],[-96.81833,32.99463],[-96.82338,32.99199],[-96.82309,32.98691],[-96.81774,32.98448]]]}},{"type":"Feature","properties":{"h3":"8826c875d9fffff","mii":11,"trt":0.0,"glp1":0.0,"pharmacy":0.0,"gym":0.0,"n":0},"geometry":{"type":"Polygon","coordinates":[[[-96.81862,32.9997],[-96.81357,33.00234],[-96.81386,33.00741],[-96.81921,33.00985],[-96.82426,33.00721],[-96.82397,33.00213],[-96.81862,32.9997]]]}},{"type":"Feature","properties":{"h3":"8826c875d1fffff","mii":11,"trt":0.0,"glp1":0.0,"pharmacy":0.0,"gym":0.0,"n":0},"geometry":{"type":"Polygon","coordinates":[[[-96.82338,32.99199],[-96.81833,32.99463],[-96.81862,32.9997],[-96.82397,33.00213],[-96.82902,32.99949],[-96.82873,32.99442],[-96.82338,32.99199]]]}},{"type":"Feature","properties":{"h3":"8826c865d5fffff","mii":11,"trt":0.0,"glp1":0.0,"pharmacy":0.0,"gym":0.0,"n":0},"geometry":{"type":"Polygon","coordinates":[[[-96.86088,32.83112],[-96.85583,32.83376],[-96.85612,32.83884],[-96.86147,32.84127],[-96.86651,32.83863],[-96.86622,32.83355],[-96.86088,32.83112]]]}},{"type":"Feature","properties":{"h3":"8826c86589fffff","mii":11,"trt":0.0,"glp1":0.0,"pharmacy":0.0,"gym":0.0,"n":0},"geometry":{"type":"Polygon","coordinates":[[[-96.87126,32.8309],[-96.86622,32.83355],[-96.86651,32.83863],[-96.87185,32.84106],[-96.8769,32.83841],[-96.8766,32.83333],[-96.87126,32.8309]]]}},{"type":"Feature","properties":{"h3":"8826c86c3dfffff","mii":11,"trt":0.55,"glp1":0.0,"pharmacy":0.0,"gym":0.0,"n":1},"geometry":{"type":"Polygon","coordinates":[[[-97.03096,32.80461],[-97.02591,32.80727],[-97.02622,32.81235],[-97.03157,32.81477],[-97.03661,32.81212],[-97.03631,32.80704],[-97.03096,32.80461]]]}},{"type":"Feature","properties":{"h3":"8826cbd021fffff","mii":11,"trt":0.0,"glp1":0.0,"pharmacy":0.0,"gym":0.0,"n":0},"geometry":{"type":"Polygon","coordinates":[[[-97.22571,32.75436],[-97.22067,32.75702],[-97.22098,32.76211],[-97.22634,32.76453],[-97.23138,32.76186],[-97.23107,32.75677],[-97.22571,32.75436]]]}},{"type":"Feature","properties":{"h3":"8826cbd03dfffff","mii":11,"trt":0.0,"glp1":0.0,"pharmacy":0.0,"gym":0.0,"n":0},"geometry":{"type":"Polygon","coordinates":[[[-97.20965,32.7471],[-97.20461,32.74976],[-97.20492,32.75485],[-97.21027,32.75727],[-97.21532,32.7546],[-97.215,32.74952],[-97.20965,32.7471]]]}},{"type":"Feature","properties":{"h3":"8826cb99b1fffff","mii":11,"trt":0.0,"glp1":0.0,"pharmacy":0.0,"gym":0.0,"n":0},"geometry":{"type":"Polygon","coordinates":[[[-96.90686,32.63935],[-96.90182,32.64201],[-96.90212,32.64709],[-96.90746,32.64952],[-96.91249,32.64687],[-96.9122,32.64178],[-96.90686,32.63935]]]}},{"type":"Feature","properties":{"h3":"8826cb99b5fffff","mii":11,"trt":0.0,"glp1":0.0,"pharmacy":0.0,"gym":0.0,"n":0},"geometry":{"type":"Polygon","coordinates":[[[-96.91723,32.63913],[-96.9122,32.64178],[-96.91249,32.64687],[-96.91783,32.6493],[-96.92287,32.64664],[-96.92257,32.64156],[-96.91723,32.63913]]]}},{"type":"Feature","properties":{"h3":"8826cb8b4bfffff","mii":11,"trt":0.0,"glp1":0.0,"pharmacy":0.0,"gym":0.0,"n":0},"geometry":{"type":"Polygon","coordinates":[[[-96.92197,32.63139],[-96.91694,32.63405],[-96.91723,32.63913],[-96.92257,32.64156],[-96.92761,32.63891],[-96.92731,32.63382],[-96.92197,32.63139]]]}},{"type":"Feature","properties":{"h3":"8826cb8b5dfffff","mii":11,"trt":0.0,"glp1":0.0,"pharmacy":0.0,"gym":0.0,"n":0},"geometry":{"type":"Polygon","coordinates":[[[-96.91634,32.62388],[-96.91131,32.62653],[-96.9116,32.63162],[-96.91694,32.63405],[-96.92197,32.63139],[-96.92168,32.62631],[-96.91634,32.62388]]]}},{"type":"Feature","properties":{"h3":"8826cb8b59fffff","mii":11,"trt":0.0,"glp1":0.0,"pharmacy":0.0,"gym":0.0,"n":0},"geometry":{"type":"Polygon","coordinates":[[[-96.90597,32.6241],[-96.90094,32.62675],[-96.90123,32.63184],[-96.90657,32.63427],[-96.9116,32.63162],[-96.91131,32.62653],[-96.90597,32.6241]]]}},{"type":"Feature","properties":{"h3":"8826c82aa1fffff","mii":11,"trt":0.0,"glp1":0.0,"pharmacy":0.0,"gym":0.0,"n":0},"geometry":{"type":"Polygon","coordinates":[[[-96.61687,32.92734],[-96.61182,32.92997],[-96.61211,32.93504],[-96.61744,32.93749],[-96.62249,32.93485],[-96.6222,32.92978],[-96.61687,32.92734]]]}},{"type":"Feature","properties":{"h3":"8826c82aa5fffff","mii":11,"trt":0.0,"glp1":0.0,"pharmacy":0.0,"gym":0.0,"n":0},"geometry":{"type":"Polygon","coordinates":[[[-96.62725,32.92715],[-96.6222,32.92978],[-96.62249,32.93485],[-96.62782,32.9373],[-96.63287,32.93466],[-96.63259,32.92959],[-96.62725,32.92715]]]}},{"type":"Feature","properties":{"h3":"8826c828c9fffff","mii":11,"trt":0.0,"glp1":0.0,"pharmacy":0.0,"gym":0.0,"n":0},"geometry":{"type":"Polygon","coordinates":[[[-96.61602,32.91212],[-96.61097,32.91475],[-96.61125,32.91982],[-96.61659,32.92226],[-96.62164,32.91963],[-96.62135,32.91456],[-96.61602,32.91212]]]}},{"type":"Feature","properties":{"h3":"8826c82aa3fffff","mii":11,"trt":0.0,"glp1":0.0,"pharmacy":0.0,"gym":0.0,"n":0},"geometry":{"type":"Polygon","coordinates":[[[-96.61125,32.91982],[-96.60621,32.92245],[-96.60649,32.92753],[-96.61182,32.92997],[-96.61687,32.92734],[-96.61659,32.92226],[-96.61125,32.91982]]]}},{"type":"Feature","properties":{"h3":"8826c86eb5fffff","mii":11,"trt":0.0,"glp1":2.2,"pharmacy":0.0,"gym":0.0,"n":4},"geometry":{"type":"Polygon","coordinates":[[[-96.96297,32.79845],[-96.95792,32.80111],[-96.95822,32.80619],[-96.96357,32.80862],[-96.96861,32.80596],[-96.96831,32.80088],[-96.96297,32.79845]]]}},{"type":"Feature","properties":{"h3":"8826c82893fffff","mii":11,"trt":0.0,"glp1":0.0,"pharmacy":0.0,"gym":0.0,"n":0},"geometry":{"type":"Polygon","coordinates":[[[-96.59748,32.85912],[-96.59243,32.86175],[-96.59271,32.86682],[-96.59804,32.86927],[-96.60309,32.86663],[-96.60281,32.86156],[-96.59748,32.85912]]]}},{"type":"Feature","properties":{"h3":"8826c82897fffff","mii":11,"trt":0.0,"glp1":0.0,"pharmacy":0.0,"gym":0.0,"n":0},"geometry":{"type":"Polygon","coordinates":[[[-96.60785,32.85892],[-96.60281,32.86156],[-96.60309,32.86663],[-96.60842,32.86908],[-96.61346,32.86644],[-96.61318,32.86137],[-96.60785,32.85892]]]}},{"type":"Feature","properties":{"h3":"8826c82d6dfffff","mii":11,"trt":0.0,"glp1":0.0,"pharmacy":0.0,"gym":0.0,"n":0},"geometry":{"type":"Polygon","coordinates":[[[-96.61261,32.85121],[-96.60757,32.85385],[-96.60785,32.85892],[-96.61318,32.86137],[-96.61823,32.85873],[-96.61794,32.85366],[-96.61261,32.85121]]]}},{"type":"Feature","properties":{"h3":"8826c82d61fffff","mii":11,"trt":0.0,"glp1":0.0,"pharmacy":0.0,"gym":0.0,"n":0},"geometry":{"type":"Polygon","coordinates":[[[-96.607,32.8437],[-96.60196,32.84633],[-96.60224,32.85141],[-96.60757,32.85385],[-96.61261,32.85121],[-96.61233,32.84614],[-96.607,32.8437]]]}},{"type":"Feature","properties":{"h3":"8826c82d6bfffff","mii":11,"trt":0.0,"glp1":0.0,"pharmacy":0.0,"gym":0.0,"n":0},"geometry":{"type":"Polygon","coordinates":[[[-96.59663,32.84389],[-96.59158,32.84652],[-96.59187,32.8516],[-96.59719,32.85404],[-96.60224,32.85141],[-96.60196,32.84633],[-96.59663,32.84389]]]}},{"type":"Feature","properties":{"h3":"8826c82d45fffff","mii":11,"trt":0.0,"glp1":0.0,"pharmacy":0.0,"gym":0.0,"n":0},"geometry":{"type":"Polygon","coordinates":[[[-96.59187,32.8516],[-96.58682,32.85423],[-96.5871,32.85931],[-96.59243,32.86175],[-96.59748,32.85912],[-96.59719,32.85404],[-96.59187,32.8516]]]}},{"type":"Feature","properties":{"h3":"8826c82acdfffff","mii":11,"trt":0.0,"glp1":0.0,"pharmacy":0.0,"gym":0.0,"n":0},"geometry":{"type":"Polygon","coordinates":[[[-96.59304,32.96586],[-96.58799,32.96849],[-96.58827,32.97356],[-96.59361,32.97601],[-96.59866,32.97338],[-96.59837,32.9683],[-96.59304,32.96586]]]}},{"type":"Feature","properties":{"h3":"8826c82a13fffff","mii":11,"trt":0.0,"glp1":0.0,"pharmacy":0.0,"gym":0.0,"n":0},"geometry":{"type":"Polygon","coordinates":[[[-96.60342,32.96567],[-96.59837,32.9683],[-96.59866,32.97338],[-96.60399,32.97582],[-96.60904,32.97319],[-96.60876,32.96812],[-96.60342,32.96567]]]}},{"type":"Feature","properties":{"h3":"8826c82ae9fffff","mii":11,"trt":0.0,"glp1":0.0,"pharmacy":0.0,"gym":0.0,"n":0},"geometry":{"type":"Polygon","coordinates":[[[-96.60819,32.95797],[-96.60314,32.9606],[-96.60342,32.96567],[-96.60876,32.96812],[-96.61381,32.96549],[-96.61352,32.96041],[-96.60819,32.95797]]]}},{"type":"Feature","properties":{"h3":"8826c82aebfffff","mii":11,"trt":0.0,"glp1":0.0,"pharmacy":0.0,"gym":0.0,"n":0},"geometry":{"type":"Polygon","coordinates":[[[-96.60257,32.95045],[-96.59752,32.95309],[-96.59781,32.95816],[-96.60314,32.9606],[-96.60819,32.95797],[-96.60791,32.9529],[-96.60257,32.95045]]]}},{"type":"Feature","properties":{"h3":"8826c82ac7fffff","mii":11,"trt":0.0,"glp1":0.0,"pharmacy":0.0,"gym":0.0,"n":0},"geometry":{"type":"Polygon","coordinates":[[[-96.59219,32.95064],[-96.58714,32.95327],[-96.58742,32.95835],[-96.59276,32.96079],[-96.59781,32.95816],[-96.59752,32.95309],[-96.59219,32.95064]]]}},{"type":"Feature","properties":{"h3":"8826c82ac1fffff","mii":11,"trt":0.0,"glp1":0.0,"pharmacy":0.0,"gym":0.0,"n":0},"geometry":{"type":"Polygon","coordinates":[[[-96.58742,32.95835],[-96.58237,32.96098],[-96.58266,32.96605],[-96.58799,32.96849],[-96.59304,32.96586],[-96.59276,32.96079],[-96.58742,32.95835]]]}},{"type":"Feature","properties":{"h3":"8826c82dc5fffff","mii":11,"trt":0.0,"glp1":0.0,"pharmacy":0.0,"gym":0.0,"n":0},"geometry":{"type":"Polygon","coordinates":[[[-96.55261,32.79896],[-96.54757,32.8016],[-96.54785,32.80667],[-96.55317,32.80912],[-96.55822,32.80648],[-96.55794,32.80141],[-96.55261,32.79896]]]}},{"type":"Feature","properties":{"h3":"8826c82de9fffff","mii":11,"trt":0.0,"glp1":0.0,"pharmacy":0.0,"gym":0.0,"n":0},"geometry":{"type":"Polygon","coordinates":[[[-96.56298,32.79877],[-96.55794,32.80141],[-96.55822,32.80648],[-96.56354,32.80893],[-96.56859,32.80629],[-96.5683,32.80122],[-96.56298,32.79877]]]}},{"type":"Feature","properties":{"h3":"8826c82de1fffff","mii":11,"trt":0.0,"glp1":0.0,"pharmacy":0.0,"gym":0.0,"n":0},"geometry":{"type":"Polygon","coordinates":[[[-96.56774,32.79106],[-96.5627,32.7937],[-96.56298,32.79877],[-96.5683,32.80122],[-96.57335,32.79858],[-96.57307,32.79351],[-96.56774,32.79106]]]}},{"type":"Feature","properties":{"h3":"8826c82de3fffff","mii":11,"trt":0.0,"glp1":0.0,"pharmacy":0.0,"gym":0.0,"n":0},"geometry":{"type":"Polygon","coordinates":[[[-96.56214,32.78354],[-96.55709,32.78618],[-96.55738,32.79125],[-96.5627,32.7937],[-96.56774,32.79106],[-96.56746,32.78599],[-96.56214,32.78354]]]}},{"type":"Feature","properties":{"h3":"8826c82d8dfffff","mii":11,"trt":0.0,"glp1":0.0,"pharmacy":0.0,"gym":0.0,"n":0},"geometry":{"type":"Polygon","coordinates":[[[-96.55177,32.78373],[-96.54673,32.78637],[-96.54701,32.79144],[-96.55233,32.79389],[-96.55738,32.79125],[-96.55709,32.78618],[-96.55177,32.78373]]]}},{"type":"Feature","properties":{"h3":"8826c82dc7fffff","mii":11,"trt":0.0,"glp1":0.0,"pharmacy":0.0,"gym":0.0,"n":0},"geometry":{"type":"Polygon","coordinates":[[[-96.54701,32.79144],[-96.54197,32.79408],[-96.54225,32.79915],[-96.54757,32.8016],[-96.55261,32.79896],[-96.55233,32.79389],[-96.54701,32.79144]]]}},{"type":"Feature","properties":{"h3":"8826cb8f67fffff","mii":11,"trt":0.0,"glp1":2.2,"pharmacy":0.0,"gym":0.0,"n":4},"geometry":{"type":"Polygon","coordinates":[[[-96.81127,32.51156],[-96.80624,32.51421],[-96.80653,32.5193],[-96.81186,32.52173],[-96.81689,32.51908],[-96.8166,32.51399],[-96.81127,32.51156]]]}},{"type":"Feature","properties":{"h3":"8826cb8b3dfffff","mii":11,"trt":0.0,"glp1":0.0,"pharmacy":0.0,"gym":0.0,"n":0},"geometry":{"type":"Polygon","coordinates":[[[-96.94566,32.59269],[-96.94063,32.59534],[-96.94093,32.60043],[-96.94626,32.60286],[-96.9513,32.6002],[-96.951,32.59512],[-96.94566,32.59269]]]}},{"type":"Feature","properties":{"h3":"8826cb8b35fffff","mii":11,"trt":0.0,"glp1":0.0,"pharmacy":0.0,"gym":0.0,"n":0},"geometry":{"type":"Polygon","coordinates":[[[-96.9504,32.58495],[-96.94537,32.5876],[-96.94566,32.59269],[-96.951,32.59512],[-96.95603,32.59246],[-96.95574,32.58737],[-96.9504,32.58495]]]}},{"type":"Feature","properties":{"h3":"8826cb8b37fffff","mii":11,"trt":0.0,"glp1":0.0,"pharmacy":0.0,"gym":0.0,"n":0},"geometry":{"type":"Polygon","coordinates":[[[-96.94477,32.57743],[-96.93973,32.58009],[-96.94003,32.58517],[-96.94537,32.5876],[-96.9504,32.58495],[-96.9501,32.57986],[-96.94477,32.57743]]]}},{"type":"Feature","properties":{"h3":"8826cb8b33fffff","mii":11,"trt":0.0,"glp1":0.0,"pharmacy":0.0,"gym":0.0,"n":0},"geometry":{"type":"Polygon","coordinates":[[[-96.9344,32.57766],[-96.92937,32.58031],[-96.92967,32.5854],[-96.935,32.58783],[-96.94003,32.58517],[-96.93973,32.58009],[-96.9344,32.57766]]]}},{"type":"Feature","properties":{"h3":"8826cb8b3bfffff","mii":11,"trt":0.0,"glp1":0.0,"pharmacy":0.0,"gym":0.0,"n":0},"geometry":{"type":"Polygon","coordinates":[[[-96.92967,32.5854],[-96.92463,32.58806],[-96.92493,32.59314],[-96.93026,32.59557],[-96.9353,32.59292],[-96.935,32.58783],[-96.92967,32.5854]]]}},{"type":"Feature","properties":{"h3":"8826c864d1fffff","mii":11,"trt":0.0,"glp1":0.0,"pharmacy":0.0,"gym":0.0,"n":0},"geometry":{"type":"Polygon","coordinates":[[[-96.7778,32.8328],[-96.77276,32.83544],[-96.77305,32.84052],[-96.77839,32.84295],[-96.78343,32.84031],[-96.78314,32.83523],[-96.7778,32.8328]]]}},{"type":"Feature","properties":{"h3":"8826cb9139fffff","mii":11,"trt":0.0,"glp1":2.2,"pharmacy":0.0,"gym":0.0,"n":4},"geometry":{"type":"Polygon","coordinates":[[[-96.76306,32.75682],[-96.75802,32.75946],[-96.75831,32.76454],[-96.76364,32.76698],[-96.76869,32.76433],[-96.7684,32.75925],[-96.76306,32.75682]]]}},{"type":"Feature","properties":{"h3":"8826cbc2c1fffff","mii":11,"trt":0.0,"glp1":2.2,"pharmacy":0.0,"gym":0.0,"n":4},"geometry":{"type":"Polygon","coordinates":[[[-97.15027,32.62625],[-97.14523,32.62891],[-97.14554,32.634],[-97.15089,32.63642],[-97.15592,32.63376],[-97.15562,32.62867],[-97.15027,32.62625]]]}},{"type":"Feature","properties":{"h3":"8826cbd8adfffff","mii":11,"trt":0.0,"glp1":0.0,"pharmacy":0.0,"gym":0.0,"n":0},"geometry":{"type":"Polygon","coordinates":[[[-97.37034,32.65148],[-97.3653,32.65416],[-97.36562,32.65925],[-97.37097,32.66166],[-97.37601,32.65899],[-97.37569,32.6539],[-97.37034,32.65148]]]}},{"type":"Feature","properties":{"h3":"8826cbd9d3fffff","mii":11,"trt":0.0,"glp1":0.0,"pharmacy":0.0,"gym":0.0,"n":0},"geometry":{"type":"Polygon","coordinates":[[[-97.38073,32.65122],[-97.37569,32.6539],[-97.37601,32.65899],[-97.38137,32.6614],[-97.38641,32.65873],[-97.38609,32.65364],[-97.38073,32.65122]]]}},{"type":"Feature","properties":{"h3":"8826cbd999fffff","mii":11,"trt":0.0,"glp1":0.0,"pharmacy":0.0,"gym":0.0,"n":0},"geometry":{"type":"Polygon","coordinates":[[[-97.38545,32.64346],[-97.38041,32.64613],[-97.38073,32.65122],[-97.38609,32.65364],[-97.39113,32.65096],[-97.39081,32.64587],[-97.38545,32.64346]]]}},{"type":"Feature","properties":{"h3":"8826cbd99bfffff","mii":11,"trt":0.0,"glp1":0.0,"pharmacy":0.0,"gym":0.0,"n":0},"geometry":{"type":"Polygon","coordinates":[[[-97.37978,32.63595],[-97.37474,32.63863],[-97.37506,32.64372],[-97.38041,32.64613],[-97.38545,32.64346],[-97.38513,32.63837],[-97.37978,32.63595]]]}},{"type":"Feature","properties":{"h3":"8826cbd8a7fffff","mii":11,"trt":0.0,"glp1":0.0,"pharmacy":0.0,"gym":0.0,"n":0},"geometry":{"type":"Polygon","coordinates":[[[-97.36938,32.63622],[-97.36434,32.63889],[-97.36466,32.64398],[-97.37002,32.64639],[-97.37506,32.64372],[-97.37474,32.63863],[-97.36938,32.63622]]]}},{"type":"Feature","properties":{"h3":"8826cbd8a1fffff","mii":11,"trt":0.0,"glp1":0.0,"pharmacy":0.0,"gym":0.0,"n":0},"geometry":{"type":"Polygon","coordinates":[[[-97.36466,32.64398],[-97.35962,32.64666],[-97.35994,32.65174],[-97.3653,32.65416],[-97.37034,32.65148],[-97.37002,32.64639],[-97.36466,32.64398]]]}},{"type":"Feature","properties":{"h3":"8826c80919fffff","mii":11,"trt":0.0,"glp1":0.0,"pharmacy":0.0,"gym":0.0,"n":0},"geometry":{"type":"Polygon","coordinates":[[[-96.9871,33.2934],[-96.98204,33.29604],[-96.98234,33.30111],[-96.98771,33.30354],[-96.99278,33.3009],[-96.99247,33.29583],[-96.9871,33.2934]]]}},{"type":"Feature","properties":{"h3":"8826c8091dfffff","mii":11,"trt":0.0,"glp1":0.0,"pharmacy":0.0,"gym":0.0,"n":0},"geometry":{"type":"Polygon","coordinates":[[[-96.99754,33.29319],[-96.99247,33.29583],[-96.99278,33.3009],[-96.99815,33.30332],[-97.00321,33.30068],[-97.00291,33.29562],[-96.99754,33.29319]]]}},{"type":"Feature","properties":{"h3":"8826c80915fffff","mii":11,"trt":0.0,"glp1":0.0,"pharmacy":0.0,"gym":0.0,"n":0},"geometry":{"type":"Polygon","coordinates":[[[-97.0023,33.28548],[-96.99724,33.28812],[-96.99754,33.29319],[-97.00291,33.29562],[-97.00798,33.29297],[-97.00767,33.2879],[-97.0023,33.28548]]]}},{"type":"Feature","properties":{"h3":"8826c80917fffff","mii":11,"trt":0.0,"glp1":0.0,"pharmacy":0.0,"gym":0.0,"n":0},"geometry":{"type":"Polygon","coordinates":[[[-96.99663,33.27798],[-96.99157,33.28062],[-96.99187,33.28569],[-96.99724,33.28812],[-97.0023,33.28548],[-97.002,33.28041],[-96.99663,33.27798]]]}},{"type":"Feature","properties":{"h3":"8826c80913fffff","mii":11,"trt":0.0,"glp1":0.0,"pharmacy":0.0,"gym":0.0,"n":0},"geometry":{"type":"Polygon","coordinates":[[[-96.9862,33.27819],[-96.98113,33.28083],[-96.98143,33.2859],[-96.9868,33.28833],[-96.99187,33.28569],[-96.99157,33.28062],[-96.9862,33.27819]]]}},{"type":"Feature","properties":{"h3":"8826c8091bfffff","mii":11,"trt":0.0,"glp1":0.0,"pharmacy":0.0,"gym":0.0,"n":0},"geometry":{"type":"Polygon","coordinates":[[[-96.98143,33.2859],[-96.97637,33.28854],[-96.97667,33.29361],[-96.98204,33.29604],[-96.9871,33.2934],[-96.9868,33.28833],[-96.98143,33.2859]]]}},{"type":"Feature","properties":{"h3":"8826c845dbfffff","mii":10,"trt":0.0,"glp1":0.0,"pharmacy":0.0,"gym":0.0,"n":0},"geometry":{"type":"Polygon","coordinates":[[[-97.11727,33.19929],[-97.1122,33.20194],[-97.11251,33.20701],[-97.11788,33.20944],[-97.12295,33.20679],[-97.12264,33.20172],[-97.11727,33.19929]]]}},{"type":"Feature","properties":{"h3":"8826c845d1fffff","mii":10,"trt":0.0,"glp1":0.0,"pharmacy":0.0,"gym":0.0,"n":0},"geometry":{"type":"Polygon","coordinates":[[[-97.1277,33.19907],[-97.12264,33.20172],[-97.12295,33.20679],[-97.12832,33.20921],[-97.13338,33.20656],[-97.13307,33.20149],[-97.1277,33.19907]]]}},{"type":"Feature","properties":{"h3":"8826c844adfffff","mii":10,"trt":0.0,"glp1":0.0,"pharmacy":0.0,"gym":0.0,"n":0},"geometry":{"type":"Polygon","coordinates":[[[-97.11159,33.19179],[-97.10652,33.19444],[-97.10683,33.19951],[-97.1122,33.20194],[-97.11727,33.19929],[-97.11696,33.19422],[-97.11159,33.19179]]]}},{"type":"Feature","properties":{"h3":"8826c86db7fffff","mii":10,"trt":0.0,"glp1":0.0,"pharmacy":0.0,"gym":0.0,"n":0},"geometry":{"type":"Polygon","coordinates":[[[-97.06323,32.73519],[-97.05819,32.73785],[-97.05849,32.74293],[-97.06384,32.74535],[-97.06888,32.7427],[-97.06857,32.73761],[-97.06323,32.73519]]]}},{"type":"Feature","properties":{"h3":"8826cbd751fffff","mii":10,"trt":0.0,"glp1":0.0,"pharmacy":0.0,"gym":0.0,"n":0},"geometry":{"type":"Polygon","coordinates":[[[-97.06232,32.71994],[-97.05727,32.72259],[-97.05758,32.72768],[-97.06292,32.7301],[-97.06797,32.72744],[-97.06766,32.72236],[-97.06232,32.71994]]]}},{"type":"Feature","properties":{"h3":"8826cb914dfffff","mii":10,"trt":0.0,"glp1":0.0,"pharmacy":0.0,"gym":0.0,"n":0},"geometry":{"type":"Polygon","coordinates":[[[-96.76568,32.80253],[-96.76063,32.80517],[-96.76092,32.81025],[-96.76626,32.81269],[-96.7713,32.81005],[-96.77101,32.80497],[-96.76568,32.80253]]]}},{"type":"Feature","properties":{"h3":"8826c86c2dfffff","mii":10,"trt":0.5,"glp1":0.0,"pharmacy":0.0,"gym":0.0,"n":1},"geometry":{"type":"Polygon","coordinates":[[[-97.05266,32.8194],[-97.04761,32.82205],[-97.04792,32.82713],[-97.05327,32.82956],[-97.05831,32.82691],[-97.05801,32.82182],[-97.05266,32.8194]]]}},{"type":"Feature","properties":{"h3":"8826cbd883fffff","mii":10,"trt":0.5,"glp1":0.0,"pharmacy":0.0,"gym":0.0,"n":1},"geometry":{"type":"Polygon","coordinates":[[[-97.33348,32.64476],[-97.32844,32.64743],[-97.32875,32.65252],[-97.33411,32.65494],[-97.33915,32.65226],[-97.33883,32.64717],[-97.33348,32.64476]]]}},{"type":"Feature","properties":{"h3":"8826cbc709fffff","mii":10,"trt":0.5,"glp1":0.0,"pharmacy":0.0,"gym":0.0,"n":1},"geometry":{"type":"Polygon","coordinates":[[[-97.1098,32.55841],[-97.10477,32.56108],[-97.10507,32.56617],[-97.11041,32.56859],[-97.11545,32.56592],[-97.11514,32.56084],[-97.1098,32.55841]]]}},{"type":"Feature","properties":{"h3":"8826c86f23fffff","mii":10,"trt":0.5,"glp1":0.0,"pharmacy":0.0,"gym":0.0,"n":1},"geometry":{"type":"Polygon","coordinates":[[[-97.08094,32.85693],[-97.07589,32.85959],[-97.0762,32.86467],[-97.08155,32.86709],[-97.0866,32.86444],[-97.08629,32.85936],[-97.08094,32.85693]]]}},{"type":"Feature","properties":{"h3":"8826c864e1fffff","mii":10,"trt":0.0,"glp1":1.8,"pharmacy":0.0,"gym":0.0,"n":3},"geometry":{"type":"Polygon","coordinates":[[[-96.82497,32.83948],[-96.81992,32.84212],[-96.82021,32.8472],[-96.82555,32.84963],[-96.8306,32.84699],[-96.83031,32.84191],[-96.82497,32.83948]]]}},{"type":"Feature","properties":{"h3":"8826c821adfffff","mii":10,"trt":0.0,"glp1":0.0,"pharmacy":0.0,"gym":0.0,"n":0},"geometry":{"type":"Polygon","coordinates":[[[-96.54982,32.93617],[-96.54477,32.9388],[-96.54505,32.94387],[-96.55038,32.94631],[-96.55543,32.94368],[-96.55515,32.93861],[-96.54982,32.93617]]]}},{"type":"Feature","properties":{"h3":"8826c82ad3fffff","mii":10,"trt":0.0,"glp1":0.0,"pharmacy":0.0,"gym":0.0,"n":0},"geometry":{"type":"Polygon","coordinates":[[[-96.5602,32.93598],[-96.55515,32.93861],[-96.55543,32.94368],[-96.56076,32.94613],[-96.56581,32.9435],[-96.56553,32.93843],[-96.5602,32.93598]]]}},{"type":"Feature","properties":{"h3":"8826c82a99fffff","mii":10,"trt":0.0,"glp1":0.0,"pharmacy":0.0,"gym":0.0,"n":0},"geometry":{"type":"Polygon","coordinates":[[[-96.56497,32.92828],[-96.55992,32.93091],[-96.5602,32.93598],[-96.56553,32.93843],[-96.57058,32.9358],[-96.5703,32.93072],[-96.56497,32.92828]]]}},{"type":"Feature","properties":{"h3":"8826c82a9bfffff","mii":10,"trt":0.0,"glp1":0.0,"pharmacy":0.0,"gym":0.0,"n":0},"geometry":{"type":"Polygon","coordinates":[[[-96.55936,32.92076],[-96.55431,32.92339],[-96.55459,32.92846],[-96.55992,32.93091],[-96.56497,32.92828],[-96.56469,32.92321],[-96.55936,32.92076]]]}},{"type":"Feature","properties":{"h3":"8826c821a7fffff","mii":10,"trt":0.0,"glp1":0.0,"pharmacy":0.0,"gym":0.0,"n":0},"geometry":{"type":"Polygon","coordinates":[[[-96.54898,32.92095],[-96.54393,32.92358],[-96.54421,32.92865],[-96.54954,32.93109],[-96.55459,32.92846],[-96.55431,32.92339],[-96.54898,32.92095]]]}},{"type":"Feature","properties":{"h3":"8826c821a1fffff","mii":10,"trt":0.0,"glp1":0.0,"pharmacy":0.0,"gym":0.0,"n":0},"geometry":{"type":"Polygon","coordinates":[[[-96.54421,32.92865],[-96.53916,32.93128],[-96.53944,32.93635],[-96.54477,32.9388],[-96.54982,32.93617],[-96.54954,32.93109],[-96.54421,32.92865]]]}},{"type":"Feature","properties":{"h3":"8826c801dbfffff","mii":10,"trt":0.0,"glp1":0.0,"pharmacy":0.0,"gym":0.0,"n":0},"geometry":{"type":"Polygon","coordinates":[[[-96.75852,33.31301],[-96.75346,33.31564],[-96.75375,33.32071],[-96.75911,33.32315],[-96.76418,33.32052],[-96.76388,33.31545],[-96.75852,33.31301]]]}},{"type":"Feature","properties":{"h3":"8826c801d1fffff","mii":10,"trt":0.0,"glp1":0.0,"pharmacy":0.0,"gym":0.0,"n":0},"geometry":{"type":"Polygon","coordinates":[[[-96.76895,33.31282],[-96.76388,33.31545],[-96.76418,33.32052],[-96.76953,33.32296],[-96.7746,33.32033],[-96.77431,33.31526],[-96.76895,33.31282]]]}},{"type":"Feature","properties":{"h3":"8826c801d7fffff","mii":10,"trt":0.0,"glp1":0.0,"pharmacy":0.0,"gym":0.0,"n":0},"geometry":{"type":"Polygon","coordinates":[[[-96.77372,33.30513],[-96.76866,33.30776],[-96.76895,33.31282],[-96.77431,33.31526],[-96.77938,33.31263],[-96.77908,33.30757],[-96.77372,33.30513]]]}},{"type":"Feature","properties":{"h3":"8826c80199fffff","mii":10,"trt":0.0,"glp1":0.0,"pharmacy":0.0,"gym":0.0,"n":0},"geometry":{"type":"Polygon","coordinates":[[[-96.76807,33.29762],[-96.76301,33.30025],[-96.7633,33.30532],[-96.76866,33.30776],[-96.77372,33.30513],[-96.77343,33.30006],[-96.76807,33.29762]]]}},{"type":"Feature","properties":{"h3":"8826c800a5fffff","mii":10,"trt":0.0,"glp1":0.0,"pharmacy":0.0,"gym":0.0,"n":0},"geometry":{"type":"Polygon","coordinates":[[[-96.75765,33.29782],[-96.75258,33.30044],[-96.75288,33.30551],[-96.75823,33.30795],[-96.7633,33.30532],[-96.76301,33.30025],[-96.75765,33.29782]]]}},{"type":"Feature","properties":{"h3":"8826c800adfffff","mii":10,"trt":0.0,"glp1":0.0,"pharmacy":0.0,"gym":0.0,"n":0},"geometry":{"type":"Polygon","coordinates":[[[-96.75288,33.30551],[-96.74781,33.30814],[-96.7481,33.31321],[-96.75346,33.31564],[-96.75852,33.31301],[-96.75823,33.30795],[-96.75288,33.30551]]]}},{"type":"Feature","properties":{"h3":"8826c876c3fffff","mii":10,"trt":0.0,"glp1":0.0,"pharmacy":0.0,"gym":0.0,"n":0},"geometry":{"type":"Polygon","coordinates":[[[-96.73329,33.05468],[-96.72823,33.05731],[-96.72852,33.06238],[-96.73387,33.06482],[-96.73892,33.06219],[-96.73863,33.05711],[-96.73329,33.05468]]]}},{"type":"Feature","properties":{"h3":"8826c8768bfffff","mii":10,"trt":0.0,"glp1":0.0,"pharmacy":0.0,"gym":0.0,"n":0},"geometry":{"type":"Polygon","coordinates":[[[-96.73242,33.03946],[-96.72737,33.04209],[-96.72765,33.04717],[-96.733,33.0496],[-96.73805,33.04697],[-96.73776,33.0419],[-96.73242,33.03946]]]}},{"type":"Feature","properties":{"h3":"8826c876d5fffff","mii":10,"trt":0.0,"glp1":0.0,"pharmacy":0.0,"gym":0.0,"n":0},"geometry":{"type":"Polygon","coordinates":[[[-96.72765,33.04717],[-96.7226,33.0498],[-96.72289,33.05487],[-96.72823,33.05731],[-96.73329,33.05468],[-96.733,33.0496],[-96.72765,33.04717]]]}},{"type":"Feature","properties":{"h3":"8826c94f4dfffff","mii":10,"trt":0.0,"glp1":0.0,"pharmacy":0.0,"gym":0.0,"n":0},"geometry":{"type":"Polygon","coordinates":[[[-96.27996,32.54453],[-96.27493,32.54716],[-96.2752,32.55224],[-96.2805,32.55469],[-96.28553,32.55206],[-96.28526,32.54698],[-96.27996,32.54453]]]}},{"type":"Feature","properties":{"h3":"8826c94a93fffff","mii":10,"trt":0.0,"glp1":0.0,"pharmacy":0.0,"gym":0.0,"n":0},"geometry":{"type":"Polygon","coordinates":[[[-96.29029,32.54436],[-96.28526,32.54698],[-96.28553,32.55206],[-96.29082,32.55452],[-96.29585,32.55189],[-96.29559,32.54681],[-96.29029,32.54436]]]}},{"type":"Feature","properties":{"h3":"8826c94f69fffff","mii":10,"trt":0.0,"glp1":0.0,"pharmacy":0.0,"gym":0.0,"n":0},"geometry":{"type":"Polygon","coordinates":[[[-96.29505,32.53665],[-96.29002,32.53928],[-96.29029,32.54436],[-96.29559,32.54681],[-96.30062,32.54418],[-96.30035,32.5391],[-96.29505,32.53665]]]}},{"type":"Feature","properties":{"h3":"8826c94f6bfffff","mii":10,"trt":0.0,"glp1":0.0,"pharmacy":0.0,"gym":0.0,"n":0},"geometry":{"type":"Polygon","coordinates":[[[-96.28948,32.52912],[-96.28446,32.53175],[-96.28472,32.53683],[-96.29002,32.53928],[-96.29505,32.53665],[-96.29478,32.53157],[-96.28948,32.52912]]]}},{"type":"Feature","properties":{"h3":"8826c94f47fffff","mii":10,"trt":0.0,"glp1":0.0,"pharmacy":0.0,"gym":0.0,"n":0},"geometry":{"type":"Polygon","coordinates":[[[-96.27916,32.52929],[-96.27413,32.53192],[-96.2744,32.537],[-96.27969,32.53945],[-96.28472,32.53683],[-96.28446,32.53175],[-96.27916,32.52929]]]}},{"type":"Feature","properties":{"h3":"8826c94f41fffff","mii":10,"trt":0.0,"glp1":0.0,"pharmacy":0.0,"gym":0.0,"n":0},"geometry":{"type":"Polygon","coordinates":[[[-96.2744,32.537],[-96.26937,32.53963],[-96.26963,32.54471],[-96.27493,32.54716],[-96.27996,32.54453],[-96.27969,32.53945],[-96.2744,32.537]]]}},{"type":"Feature","properties":{"h3":"8826c8662dfffff","mii":10,"trt":0.0,"glp1":0.0,"pharmacy":0.0,"gym":0.0,"n":0},"geometry":{"type":"Polygon","coordinates":[[[-96.84065,32.93066],[-96.8356,32.9333],[-96.83589,32.93838],[-96.84124,32.94082],[-96.84629,32.93817],[-96.84599,32.9331],[-96.84065,32.93066]]]}},{"type":"Feature","properties":{"h3":"8826c86625fffff","mii":10,"trt":0.0,"glp1":0.0,"pharmacy":0.0,"gym":0.0,"n":0},"geometry":{"type":"Polygon","coordinates":[[[-96.8454,32.92294],[-96.84035,32.92559],[-96.84065,32.93066],[-96.84599,32.9331],[-96.85104,32.93045],[-96.85075,32.92538],[-96.8454,32.92294]]]}},{"type":"Feature","properties":{"h3":"8826c86627fffff","mii":10,"trt":0.0,"glp1":0.0,"pharmacy":0.0,"gym":0.0,"n":0},"geometry":{"type":"Polygon","coordinates":[[[-96.83976,32.91543],[-96.83472,32.91808],[-96.83501,32.92315],[-96.84035,32.92559],[-96.8454,32.92294],[-96.84511,32.91787],[-96.83976,32.91543]]]}},{"type":"Feature","properties":{"h3":"8826cb9865fffff","mii":10,"trt":0.0,"glp1":0.0,"pharmacy":0.0,"gym":0.0,"n":0},"geometry":{"type":"Polygon","coordinates":[[[-96.90183,32.73107],[-96.89679,32.73372],[-96.89708,32.7388],[-96.90242,32.74123],[-96.90746,32.73858],[-96.90717,32.7335],[-96.90183,32.73107]]]}},{"type":"Feature","properties":{"h3":"8826cb9959fffff","mii":10,"trt":0.0,"glp1":0.0,"pharmacy":0.0,"gym":0.0,"n":0},"geometry":{"type":"Polygon","coordinates":[[[-96.91221,32.73085],[-96.90717,32.7335],[-96.90746,32.73858],[-96.9128,32.74101],[-96.91784,32.73836],[-96.91755,32.73328],[-96.91221,32.73085]]]}},{"type":"Feature","properties":{"h3":"8826cb9951fffff","mii":10,"trt":0.0,"glp1":0.0,"pharmacy":0.0,"gym":0.0,"n":0},"geometry":{"type":"Polygon","coordinates":[[[-96.91695,32.72312],[-96.91191,32.72577],[-96.91221,32.73085],[-96.91755,32.73328],[-96.92259,32.73063],[-96.92229,32.72555],[-96.91695,32.72312]]]}},{"type":"Feature","properties":{"h3":"8826cb9953fffff","mii":10,"trt":0.0,"glp1":0.0,"pharmacy":0.0,"gym":0.0,"n":0},"geometry":{"type":"Polygon","coordinates":[[[-96.91132,32.7156],[-96.90628,32.71825],[-96.90657,32.72334],[-96.91191,32.72577],[-96.91695,32.72312],[-96.91665,32.71803],[-96.91132,32.7156]]]}},{"type":"Feature","properties":{"h3":"8826cb982dfffff","mii":10,"trt":0.0,"glp1":0.0,"pharmacy":0.0,"gym":0.0,"n":0},"geometry":{"type":"Polygon","coordinates":[[[-96.90094,32.71582],[-96.8959,32.71847],[-96.89619,32.72356],[-96.90153,32.72599],[-96.90657,32.72334],[-96.90628,32.71825],[-96.90094,32.71582]]]}},{"type":"Feature","properties":{"h3":"8826cb9867fffff","mii":10,"trt":0.0,"glp1":0.0,"pharmacy":0.0,"gym":0.0,"n":0},"geometry":{"type":"Polygon","coordinates":[[[-96.89619,32.72356],[-96.89115,32.72621],[-96.89145,32.73129],[-96.89679,32.73372],[-96.90183,32.73107],[-96.90153,32.72599],[-96.89619,32.72356]]]}},{"type":"Feature","properties":{"h3":"8826c86645fffff","mii":10,"trt":0.0,"glp1":0.0,"pharmacy":0.0,"gym":0.0,"n":0},"geometry":{"type":"Polygon","coordinates":[[[-96.81598,32.95402],[-96.81093,32.95666],[-96.81123,32.96174],[-96.81657,32.96417],[-96.82162,32.96153],[-96.82133,32.95646],[-96.81598,32.95402]]]}},{"type":"Feature","properties":{"h3":"8826c86663fffff","mii":10,"trt":0.0,"glp1":0.0,"pharmacy":0.0,"gym":0.0,"n":0},"geometry":{"type":"Polygon","coordinates":[[[-96.8255,32.93859],[-96.82045,32.94123],[-96.82074,32.94631],[-96.82608,32.94874],[-96.83114,32.9461],[-96.83084,32.94102],[-96.8255,32.93859]]]}},{"type":"Feature","properties":{"h3":"8826c86647fffff","mii":10,"trt":0.0,"glp1":0.0,"pharmacy":0.0,"gym":0.0,"n":0},"geometry":{"type":"Polygon","coordinates":[[[-96.81035,32.94651],[-96.8053,32.94915],[-96.80559,32.95423],[-96.81093,32.95666],[-96.81598,32.95402],[-96.81569,32.94895],[-96.81035,32.94651]]]}},{"type":"Feature","properties":{"h3":"8826cb9ab9fffff","mii":10,"trt":0.0,"glp1":1.75,"pharmacy":0.0,"gym":0.0,"n":3},"geometry":{"type":"Polygon","coordinates":[[[-96.79631,32.70274],[-96.79127,32.70538],[-96.79156,32.71046],[-96.79689,32.7129],[-96.80193,32.71025],[-96.80164,32.70517],[-96.79631,32.70274]]]}},{"type":"Feature","properties":{"h3":"8826c875ddfffff","mii":10,"trt":0.0,"glp1":1.75,"pharmacy":0.0,"gym":0.0,"n":3},"geometry":{"type":"Polygon","coordinates":[[[-96.82902,32.99949],[-96.82397,33.00213],[-96.82426,33.00721],[-96.82961,33.00964],[-96.83467,33.007],[-96.83437,33.00193],[-96.82902,32.99949]]]}},{"type":"Feature","properties":{"h3":"8826cb9229fffff","mii":10,"trt":0.0,"glp1":0.0,"pharmacy":0.0,"gym":0.0,"n":0},"geometry":{"type":"Polygon","coordinates":[[[-96.67877,32.8271],[-96.67372,32.82974],[-96.67401,32.83482],[-96.67934,32.83726],[-96.68439,32.83462],[-96.6841,32.82954],[-96.67877,32.8271]]]}},{"type":"Feature","properties":{"h3":"8826cb922dfffff","mii":10,"trt":0.0,"glp1":0.0,"pharmacy":0.0,"gym":0.0,"n":0},"geometry":{"type":"Polygon","coordinates":[[[-96.68915,32.8269],[-96.6841,32.82954],[-96.68439,32.83462],[-96.68972,32.83706],[-96.69477,32.83442],[-96.69448,32.82934],[-96.68915,32.8269]]]}},{"type":"Feature","properties":{"h3":"8826cb9225fffff","mii":10,"trt":0.0,"glp1":0.0,"pharmacy":0.0,"gym":0.0,"n":0},"geometry":{"type":"Polygon","coordinates":[[[-96.6939,32.81919],[-96.68886,32.82183],[-96.68915,32.8269],[-96.69448,32.82934],[-96.69952,32.8267],[-96.69923,32.82163],[-96.6939,32.81919]]]}},{"type":"Feature","properties":{"h3":"8826cb9227fffff","mii":10,"trt":0.0,"glp1":0.0,"pharmacy":0.0,"gym":0.0,"n":0},"geometry":{"type":"Polygon","coordinates":[[[-96.68828,32.81167],[-96.68324,32.81431],[-96.68353,32.81939],[-96.68886,32.82183],[-96.6939,32.81919],[-96.69362,32.81411],[-96.68828,32.81167]]]}},{"type":"Feature","properties":{"h3":"8826cb9223fffff","mii":10,"trt":0.0,"glp1":0.0,"pharmacy":0.0,"gym":0.0,"n":0},"geometry":{"type":"Polygon","coordinates":[[[-96.67791,32.81187],[-96.67287,32.81451],[-96.67315,32.81958],[-96.67848,32.82202],[-96.68353,32.81939],[-96.68324,32.81431],[-96.67791,32.81187]]]}},{"type":"Feature","properties":{"h3":"8826cb922bfffff","mii":10,"trt":0.0,"glp1":0.0,"pharmacy":0.0,"gym":0.0,"n":0},"geometry":{"type":"Polygon","coordinates":[[[-96.67315,32.81958],[-96.66811,32.82222],[-96.66839,32.8273],[-96.67372,32.82974],[-96.67877,32.8271],[-96.67848,32.82202],[-96.67315,32.81958]]]}},{"type":"Feature","properties":{"h3":"8826cbd52dfffff","mii":10,"trt":0.0,"glp1":0.0,"pharmacy":0.0,"gym":0.0,"n":0},"geometry":{"type":"Polygon","coordinates":[[[-97.15212,32.65677],[-97.14708,32.65943],[-97.14739,32.66452],[-97.15274,32.66694],[-97.15777,32.66428],[-97.15747,32.65919],[-97.15212,32.65677]]]}},{"type":"Feature","properties":{"h3":"8826cbc253fffff","mii":10,"trt":0.0,"glp1":0.0,"pharmacy":0.0,"gym":0.0,"n":0},"geometry":{"type":"Polygon","coordinates":[[[-97.16251,32.65653],[-97.15747,32.65919],[-97.15777,32.66428],[-97.16312,32.6667],[-97.16816,32.66404],[-97.16785,32.65895],[-97.16251,32.65653]]]}},{"type":"Feature","properties":{"h3":"8826cbc219fffff","mii":10,"trt":0.0,"glp1":0.0,"pharmacy":0.0,"gym":0.0,"n":0},"geometry":{"type":"Polygon","coordinates":[[[-97.16724,32.64877],[-97.1622,32.65144],[-97.16251,32.65653],[-97.16785,32.65895],[-97.17289,32.65628],[-97.17258,32.6512],[-97.16724,32.64877]]]}},{"type":"Feature","properties":{"h3":"8826cbc21bfffff","mii":10,"trt":0.0,"glp1":0.0,"pharmacy":0.0,"gym":0.0,"n":0},"geometry":{"type":"Polygon","coordinates":[[[-97.16158,32.64127],[-97.15654,32.64393],[-97.15685,32.64902],[-97.1622,32.65144],[-97.16724,32.64877],[-97.16693,32.64369],[-97.16158,32.64127]]]}},{"type":"Feature","properties":{"h3":"8826cbd527fffff","mii":10,"trt":0.0,"glp1":0.0,"pharmacy":0.0,"gym":0.0,"n":0},"geometry":{"type":"Polygon","coordinates":[[[-97.15119,32.64151],[-97.14616,32.64417],[-97.14646,32.64926],[-97.15181,32.65168],[-97.15685,32.64902],[-97.15654,32.64393],[-97.15119,32.64151]]]}},{"type":"Feature","properties":{"h3":"8826cbd521fffff","mii":10,"trt":0.0,"glp1":0.0,"pharmacy":0.0,"gym":0.0,"n":0},"geometry":{"type":"Polygon","coordinates":[[[-97.14646,32.64926],[-97.14143,32.65193],[-97.14173,32.65701],[-97.14708,32.65943],[-97.15212,32.65677],[-97.15181,32.65168],[-97.14646,32.64926]]]}},{"type":"Feature","properties":{"h3":"8826cbd163fffff","mii":10,"trt":0.0,"glp1":1.75,"pharmacy":0.0,"gym":0.0,"n":3},"geometry":{"type":"Polygon","coordinates":[[[-97.28906,32.76812],[-97.28402,32.77079],[-97.28433,32.77587],[-97.28969,32.77829],[-97.29473,32.77562],[-97.29442,32.77054],[-97.28906,32.76812]]]}},{"type":"Feature","properties":{"h3":"8826caa699fffff","mii":10,"trt":0.0,"glp1":1.75,"pharmacy":0.0,"gym":0.0,"n":3},"geometry":{"type":"Polygon","coordinates":[[[-97.25309,32.86063],[-97.24804,32.86329],[-97.24835,32.86837],[-97.25371,32.87079],[-97.25876,32.86813],[-97.25845,32.86305],[-97.25309,32.86063]]]}},{"type":"Feature","properties":{"h3":"8826cbc8a9fffff","mii":9,"trt":0.0,"glp1":0.0,"pharmacy":0.0,"gym":0.0,"n":0},"geometry":{"type":"Polygon","coordinates":[[[-97.38628,32.49046],[-97.38125,32.49314],[-97.38157,32.49823],[-97.38692,32.50064],[-97.39195,32.49796],[-97.39163,32.49287],[-97.38628,32.49046]]]}},{"type":"Feature","properties":{"h3":"8826cbc8a1fffff","mii":9,"trt":0.0,"glp1":0.0,"pharmacy":0.0,"gym":0.0,"n":0},"geometry":{"type":"Polygon","coordinates":[[[-97.39099,32.48269],[-97.38596,32.48537],[-97.38628,32.49046],[-97.39163,32.49287],[-97.39666,32.49019],[-97.39634,32.4851],[-97.39099,32.48269]]]}},{"type":"Feature","properties":{"h3":"8826cbc8a3fffff","mii":9,"trt":0.0,"glp1":0.0,"pharmacy":0.0,"gym":0.0,"n":0},"geometry":{"type":"Polygon","coordinates":[[[-97.38533,32.47518],[-97.38029,32.47786],[-97.38061,32.48295],[-97.38596,32.48537],[-97.39099,32.48269],[-97.39068,32.47759],[-97.38533,32.47518]]]}},{"type":"Feature","properties":{"h3":"8826cbc8bdfffff","mii":9,"trt":0.0,"glp1":0.0,"pharmacy":0.0,"gym":0.0,"n":0},"geometry":{"type":"Polygon","coordinates":[[[-97.37494,32.47545],[-97.36991,32.47813],[-97.37023,32.48322],[-97.37558,32.48563],[-97.38061,32.48295],[-97.38029,32.47786],[-97.37494,32.47545]]]}},{"type":"Feature","properties":{"h3":"8826cbda51fffff","mii":9,"trt":0.0,"glp1":0.0,"pharmacy":0.0,"gym":0.0,"n":0},"geometry":{"type":"Polygon","coordinates":[[[-97.32027,32.76736],[-97.31523,32.77003],[-97.31554,32.77512],[-97.3209,32.77754],[-97.32595,32.77487],[-97.32563,32.76978],[-97.32027,32.76736]]]}},{"type":"Feature","properties":{"h3":"8826cbda53fffff","mii":9,"trt":0.0,"glp1":0.0,"pharmacy":0.0,"gym":0.0,"n":0},"geometry":{"type":"Polygon","coordinates":[[[-97.31459,32.75986],[-97.30955,32.76253],[-97.30987,32.76762],[-97.31523,32.77003],[-97.32027,32.76736],[-97.31995,32.76228],[-97.31459,32.75986]]]}},{"type":"Feature","properties":{"h3":"8826cbd12dfffff","mii":9,"trt":0.0,"glp1":0.0,"pharmacy":0.0,"gym":0.0,"n":0},"geometry":{"type":"Polygon","coordinates":[[[-97.30419,32.76012],[-97.29915,32.76278],[-97.29946,32.76787],[-97.30482,32.77029],[-97.30987,32.76762],[-97.30955,32.76253],[-97.30419,32.76012]]]}},{"type":"Feature","properties":{"h3":"8826c87945fffff","mii":9,"trt":0.0,"glp1":0.0,"pharmacy":0.0,"gym":0.0,"n":0},"geometry":{"type":"Polygon","coordinates":[[[-97.22644,33.10541],[-97.22138,33.10807],[-97.22169,33.11315],[-97.22706,33.11557],[-97.23212,33.11291],[-97.23181,33.10783],[-97.22644,33.10541]]]}},{"type":"Feature","properties":{"h3":"8826c87969fffff","mii":9,"trt":0.0,"glp1":0.0,"pharmacy":0.0,"gym":0.0,"n":0},"geometry":{"type":"Polygon","coordinates":[[[-97.23687,33.10518],[-97.23181,33.10783],[-97.23212,33.11291],[-97.23749,33.11533],[-97.24255,33.11267],[-97.24224,33.1076],[-97.23687,33.10518]]]}},{"type":"Feature","properties":{"h3":"8826c87961fffff","mii":9,"trt":0.0,"glp1":0.0,"pharmacy":0.0,"gym":0.0,"n":0},"geometry":{"type":"Polygon","coordinates":[[[-97.24161,33.09744],[-97.23655,33.1001],[-97.23687,33.10518],[-97.24224,33.1076],[-97.2473,33.10494],[-97.24698,33.09986],[-97.24161,33.09744]]]}},{"type":"Feature","properties":{"h3":"8826c87963fffff","mii":9,"trt":0.0,"glp1":0.0,"pharmacy":0.0,"gym":0.0,"n":0},"geometry":{"type":"Polygon","coordinates":[[[-97.23593,33.08995],[-97.23087,33.0926],[-97.23118,33.09768],[-97.23655,33.1001],[-97.24161,33.09744],[-97.2413,33.09237],[-97.23593,33.08995]]]}},{"type":"Feature","properties":{"h3":"8826c8790dfffff","mii":9,"trt":0.0,"glp1":0.0,"pharmacy":0.0,"gym":0.0,"n":0},"geometry":{"type":"Polygon","coordinates":[[[-97.2255,33.09018],[-97.22044,33.09284],[-97.22075,33.09792],[-97.22612,33.10034],[-97.23118,33.09768],[-97.23087,33.0926],[-97.2255,33.09018]]]}},{"type":"Feature","properties":{"h3":"8826c87947fffff","mii":9,"trt":0.0,"glp1":0.0,"pharmacy":0.0,"gym":0.0,"n":0},"geometry":{"type":"Polygon","coordinates":[[[-97.22075,33.09792],[-97.21569,33.10057],[-97.216,33.10565],[-97.22138,33.10807],[-97.22644,33.10541],[-97.22612,33.10034],[-97.22075,33.09792]]]}},{"type":"Feature","properties":{"h3":"8826c87703fffff","mii":9,"trt":0.0,"glp1":0.0,"pharmacy":0.0,"gym":0.0,"n":0},"geometry":{"type":"Polygon","coordinates":[[[-96.84949,33.0829],[-96.84444,33.08554],[-96.84473,33.09062],[-96.85008,33.09305],[-96.85514,33.09041],[-96.85484,33.08534],[-96.84949,33.0829]]]}},{"type":"Feature","properties":{"h3":"8826c87715fffff","mii":9,"trt":0.0,"glp1":0.0,"pharmacy":0.0,"gym":0.0,"n":0},"geometry":{"type":"Polygon","coordinates":[[[-96.84385,33.0754],[-96.83879,33.07804],[-96.83908,33.08311],[-96.84444,33.08554],[-96.84949,33.0829],[-96.8492,33.07783],[-96.84385,33.0754]]]}},{"type":"Feature","properties":{"h3":"8826c87711fffff","mii":9,"trt":0.0,"glp1":0.0,"pharmacy":0.0,"gym":0.0,"n":0},"geometry":{"type":"Polygon","coordinates":[[[-96.83344,33.0756],[-96.82838,33.07824],[-96.82868,33.08331],[-96.83403,33.08575],[-96.83908,33.08311],[-96.83879,33.07804],[-96.83344,33.0756]]]}},{"type":"Feature","properties":{"h3":"8826c87719fffff","mii":9,"trt":0.0,"glp1":0.0,"pharmacy":0.0,"gym":0.0,"n":0},"geometry":{"type":"Polygon","coordinates":[[[-96.82868,33.08331],[-96.82362,33.08595],[-96.82391,33.09102],[-96.82926,33.09346],[-96.83432,33.09082],[-96.83403,33.08575],[-96.82868,33.08331]]]}},{"type":"Feature","properties":{"h3":"8826c80cd5fffff","mii":9,"trt":0.0,"glp1":0.0,"pharmacy":0.0,"gym":0.0,"n":0},"geometry":{"type":"Polygon","coordinates":[[[-96.73374,33.15366],[-96.72868,33.15629],[-96.72897,33.16136],[-96.73432,33.1638],[-96.73938,33.16117],[-96.73909,33.1561],[-96.73374,33.15366]]]}},{"type":"Feature","properties":{"h3":"8826c80cd9fffff","mii":9,"trt":0.0,"glp1":0.0,"pharmacy":0.0,"gym":0.0,"n":0},"geometry":{"type":"Polygon","coordinates":[[[-96.71856,33.16155],[-96.7135,33.16418],[-96.71379,33.16925],[-96.71914,33.17169],[-96.7242,33.16906],[-96.72391,33.16399],[-96.71856,33.16155]]]}},{"type":"Feature","properties":{"h3":"8826c80c8bfffff","mii":9,"trt":0.0,"glp1":0.0,"pharmacy":0.0,"gym":0.0,"n":0},"geometry":{"type":"Polygon","coordinates":[[[-96.73851,33.14596],[-96.73345,33.14859],[-96.73374,33.15366],[-96.73909,33.1561],[-96.74415,33.15347],[-96.74386,33.1484],[-96.73851,33.14596]]]}},{"type":"Feature","properties":{"h3":"8826c80c81fffff","mii":9,"trt":0.0,"glp1":0.0,"pharmacy":0.0,"gym":0.0,"n":0},"geometry":{"type":"Polygon","coordinates":[[[-96.74892,33.14576],[-96.74386,33.1484],[-96.74415,33.15347],[-96.7495,33.1559],[-96.75456,33.15327],[-96.75427,33.1482],[-96.74892,33.14576]]]}},{"type":"Feature","properties":{"h3":"8826c80c9dfffff","mii":9,"trt":0.0,"glp1":0.0,"pharmacy":0.0,"gym":0.0,"n":0},"geometry":{"type":"Polygon","coordinates":[[[-96.73287,33.13845],[-96.72781,33.14108],[-96.7281,33.14615],[-96.73345,33.14859],[-96.73851,33.14596],[-96.73822,33.14089],[-96.73287,33.13845]]]}},{"type":"Feature","properties":{"h3":"8826cbc889fffff","mii":9,"trt":0.0,"glp1":0.0,"pharmacy":0.0,"gym":0.0,"n":0},"geometry":{"type":"Polygon","coordinates":[[[-97.3608,32.49876],[-97.35577,32.50144],[-97.35609,32.50653],[-97.36144,32.50895],[-97.36647,32.50627],[-97.36615,32.50118],[-97.3608,32.49876]]]}},{"type":"Feature","properties":{"h3":"8826cbc88dfffff","mii":9,"trt":0.0,"glp1":0.0,"pharmacy":0.0,"gym":0.0,"n":0},"geometry":{"type":"Polygon","coordinates":[[[-97.37118,32.4985],[-97.36615,32.50118],[-97.36647,32.50627],[-97.37182,32.50868],[-97.37685,32.506],[-97.37653,32.50091],[-97.37118,32.4985]]]}},{"type":"Feature","properties":{"h3":"8826cbc883fffff","mii":9,"trt":0.0,"glp1":0.0,"pharmacy":0.0,"gym":0.0,"n":0},"geometry":{"type":"Polygon","coordinates":[[[-97.35985,32.48348],[-97.35482,32.48616],[-97.35513,32.49126],[-97.36048,32.49367],[-97.36552,32.49099],[-97.3652,32.4859],[-97.35985,32.48348]]]}},{"type":"Feature","properties":{"h3":"8826cbc88bfffff","mii":9,"trt":0.0,"glp1":0.0,"pharmacy":0.0,"gym":0.0,"n":0},"geometry":{"type":"Polygon","coordinates":[[[-97.35513,32.49126],[-97.3501,32.49393],[-97.35042,32.49903],[-97.35577,32.50144],[-97.3608,32.49876],[-97.36048,32.49367],[-97.35513,32.49126]]]}},{"type":"Feature","properties":{"h3":"8826ca86b5fffff","mii":9,"trt":0.0,"glp1":0.0,"pharmacy":0.0,"gym":0.0,"n":0},"geometry":{"type":"Polygon","coordinates":[[[-97.57312,33.21155],[-97.56805,33.21422],[-97.56838,33.2193],[-97.57378,33.22171],[-97.57884,33.21904],[-97.57851,33.21396],[-97.57312,33.21155]]]}},{"type":"Feature","properties":{"h3":"8826ca84c3fffff","mii":9,"trt":0.0,"glp1":0.0,"pharmacy":0.0,"gym":0.0,"n":0},"geometry":{"type":"Polygon","coordinates":[[[-97.58259,33.19606],[-97.57752,33.19873],[-97.57785,33.2038],[-97.58325,33.20621],[-97.58831,33.20354],[-97.58798,33.19846],[-97.58259,33.19606]]]}},{"type":"Feature","properties":{"h3":"8826ca84ddfffff","mii":9,"trt":0.0,"glp1":0.0,"pharmacy":0.0,"gym":0.0,"n":0},"geometry":{"type":"Polygon","coordinates":[[[-97.57213,33.19632],[-97.56707,33.19899],[-97.56739,33.20407],[-97.57279,33.20647],[-97.57785,33.2038],[-97.57752,33.19873],[-97.57213,33.19632]]]}},{"type":"Feature","properties":{"h3":"8826ca86b7fffff","mii":9,"trt":0.0,"glp1":0.0,"pharmacy":0.0,"gym":0.0,"n":0},"geometry":{"type":"Polygon","coordinates":[[[-97.56739,33.20407],[-97.56233,33.20674],[-97.56266,33.21181],[-97.56805,33.21422],[-97.57312,33.21155],[-97.57279,33.20647],[-97.56739,33.20407]]]}},{"type":"Feature","properties":{"h3":"8826cb8b0bfffff","mii":9,"trt":0.0,"glp1":0.0,"pharmacy":0.0,"gym":0.0,"n":0},"geometry":{"type":"Polygon","coordinates":[[[-96.92582,32.6084],[-96.92078,32.61105],[-96.92108,32.61614],[-96.92642,32.61857],[-96.93145,32.61591],[-96.93115,32.61083],[-96.92582,32.6084]]]}},{"type":"Feature","properties":{"h3":"8826cb8b01fffff","mii":9,"trt":0.0,"glp1":0.0,"pharmacy":0.0,"gym":0.0,"n":0},"geometry":{"type":"Polygon","coordinates":[[[-96.93619,32.60817],[-96.93115,32.61083],[-96.93145,32.61591],[-96.93679,32.61834],[-96.94182,32.61569],[-96.94152,32.6106],[-96.93619,32.60817]]]}},{"type":"Feature","properties":{"h3":"8826cb8b07fffff","mii":9,"trt":0.0,"glp1":0.0,"pharmacy":0.0,"gym":0.0,"n":0},"geometry":{"type":"Polygon","coordinates":[[[-96.94093,32.60043],[-96.93589,32.60309],[-96.93619,32.60817],[-96.94152,32.6106],[-96.94656,32.60795],[-96.94626,32.60286],[-96.94093,32.60043]]]}},{"type":"Feature","properties":{"h3":"8826cb8b15fffff","mii":9,"trt":0.0,"glp1":0.0,"pharmacy":0.0,"gym":0.0,"n":0},"geometry":{"type":"Polygon","coordinates":[[[-96.92493,32.59314],[-96.91989,32.5958],[-96.92019,32.60088],[-96.92552,32.60331],[-96.93056,32.60066],[-96.93026,32.59557],[-96.92493,32.59314]]]}},{"type":"Feature","properties":{"h3":"8826cb8b1dfffff","mii":9,"trt":0.0,"glp1":0.0,"pharmacy":0.0,"gym":0.0,"n":0},"geometry":{"type":"Polygon","coordinates":[[[-96.92019,32.60088],[-96.91515,32.60354],[-96.91545,32.60862],[-96.92078,32.61105],[-96.92582,32.6084],[-96.92552,32.60331],[-96.92019,32.60088]]]}},{"type":"Feature","properties":{"h3":"8826cbd56bfffff","mii":9,"trt":0.0,"glp1":0.0,"pharmacy":0.0,"gym":0.0,"n":0},"geometry":{"type":"Polygon","coordinates":[[[-97.13227,32.67251],[-97.12723,32.67517],[-97.12754,32.68026],[-97.13288,32.68268],[-97.13792,32.68002],[-97.13762,32.67493],[-97.13227,32.67251]]]}},{"type":"Feature","properties":{"h3":"8826cbd649fffff","mii":9,"trt":0.0,"glp1":0.0,"pharmacy":0.0,"gym":0.0,"n":0},"geometry":{"type":"Polygon","coordinates":[[[-97.00655,32.74408],[-97.00151,32.74673],[-97.00181,32.75182],[-97.00716,32.75424],[-97.0122,32.75159],[-97.0119,32.74651],[-97.00655,32.74408]]]}},{"type":"Feature","properties":{"h3":"8826cbd64dfffff","mii":9,"trt":0.0,"glp1":0.0,"pharmacy":0.0,"gym":0.0,"n":0},"geometry":{"type":"Polygon","coordinates":[[[-97.01694,32.74385],[-97.0119,32.74651],[-97.0122,32.75159],[-97.01754,32.75402],[-97.02259,32.75136],[-97.02228,32.74628],[-97.01694,32.74385]]]}},{"type":"Feature","properties":{"h3":"8826cbd645fffff","mii":9,"trt":0.0,"glp1":0.0,"pharmacy":0.0,"gym":0.0,"n":0},"geometry":{"type":"Polygon","coordinates":[[[-97.02168,32.73611],[-97.01664,32.73877],[-97.01694,32.74385],[-97.02228,32.74628],[-97.02733,32.74362],[-97.02702,32.73854],[-97.02168,32.73611]]]}},{"type":"Feature","properties":{"h3":"8826cbd647fffff","mii":9,"trt":0.0,"glp1":0.0,"pharmacy":0.0,"gym":0.0,"n":0},"geometry":{"type":"Polygon","coordinates":[[[-97.01603,32.7286],[-97.01099,32.73126],[-97.01129,32.73634],[-97.01664,32.73877],[-97.02168,32.73611],[-97.02138,32.73103],[-97.01603,32.7286]]]}},{"type":"Feature","properties":{"h3":"8826cbd643fffff","mii":9,"trt":0.0,"glp1":0.0,"pharmacy":0.0,"gym":0.0,"n":0},"geometry":{"type":"Polygon","coordinates":[[[-97.00565,32.72883],[-97.00061,32.73149],[-97.00091,32.73657],[-97.00625,32.739],[-97.01129,32.73634],[-97.01099,32.73126],[-97.00565,32.72883]]]}},{"type":"Feature","properties":{"h3":"8826cbd64bfffff","mii":9,"trt":0.0,"glp1":0.0,"pharmacy":0.0,"gym":0.0,"n":0},"geometry":{"type":"Polygon","coordinates":[[[-97.00091,32.73657],[-96.99587,32.73922],[-96.99617,32.74431],[-97.00151,32.74673],[-97.00655,32.74408],[-97.00625,32.739],[-97.00091,32.73657]]]}},{"type":"Feature","properties":{"h3":"8826c86997fffff","mii":9,"trt":0.0,"glp1":0.0,"pharmacy":0.0,"gym":0.0,"n":0},"geometry":{"type":"Polygon","coordinates":[[[-97.18971,32.84684],[-97.18466,32.8495],[-97.18497,32.85458],[-97.19033,32.857],[-97.19537,32.85434],[-97.19506,32.84926],[-97.18971,32.84684]]]}},{"type":"Feature","properties":{"h3":"8826cbd261fffff","mii":9,"trt":0.0,"glp1":0.0,"pharmacy":0.0,"gym":0.0,"n":0},"geometry":{"type":"Polygon","coordinates":[[[-97.18878,32.83159],[-97.18373,32.83425],[-97.18404,32.83933],[-97.1894,32.84175],[-97.19444,32.83909],[-97.19413,32.83401],[-97.18878,32.83159]]]}},{"type":"Feature","properties":{"h3":"8826cbd247fffff","mii":9,"trt":0.0,"glp1":0.0,"pharmacy":0.0,"gym":0.0,"n":0},"geometry":{"type":"Polygon","coordinates":[[[-97.16797,32.83207],[-97.16292,32.83473],[-97.16323,32.83981],[-97.16859,32.84223],[-97.17363,32.83957],[-97.17332,32.83449],[-97.16797,32.83207]]]}},{"type":"Feature","properties":{"h3":"8826c86ab3fffff","mii":9,"trt":0.0,"glp1":0.0,"pharmacy":0.0,"gym":0.0,"n":0},"geometry":{"type":"Polygon","coordinates":[[[-97.09884,32.89469],[-97.09379,32.89735],[-97.09409,32.90243],[-97.09945,32.90485],[-97.1045,32.90219],[-97.10419,32.89711],[-97.09884,32.89469]]]}},{"type":"Feature","properties":{"h3":"8826c86ab7fffff","mii":9,"trt":0.0,"glp1":0.0,"pharmacy":0.0,"gym":0.0,"n":0},"geometry":{"type":"Polygon","coordinates":[[[-97.10924,32.89446],[-97.10419,32.89711],[-97.1045,32.90219],[-97.10985,32.90462],[-97.1149,32.90196],[-97.1146,32.89688],[-97.10924,32.89446]]]}},{"type":"Feature","properties":{"h3":"8826c868ddfffff","mii":9,"trt":0.0,"glp1":0.0,"pharmacy":0.0,"gym":0.0,"n":0},"geometry":{"type":"Polygon","coordinates":[[[-97.11398,32.88672],[-97.10893,32.88938],[-97.10924,32.89446],[-97.1146,32.89688],[-97.11965,32.89423],[-97.11934,32.88914],[-97.11398,32.88672]]]}},{"type":"Feature","properties":{"h3":"8826c868d1fffff","mii":9,"trt":0.0,"glp1":0.0,"pharmacy":0.0,"gym":0.0,"n":0},"geometry":{"type":"Polygon","coordinates":[[[-97.10832,32.87922],[-97.10327,32.88187],[-97.10358,32.88695],[-97.10893,32.88938],[-97.11398,32.88672],[-97.11368,32.88164],[-97.10832,32.87922]]]}},{"type":"Feature","properties":{"h3":"8826c868dbfffff","mii":9,"trt":0.0,"glp1":0.0,"pharmacy":0.0,"gym":0.0,"n":0},"geometry":{"type":"Polygon","coordinates":[[[-97.09792,32.87945],[-97.09287,32.8821],[-97.09317,32.88719],[-97.09853,32.88961],[-97.10358,32.88695],[-97.10327,32.88187],[-97.09792,32.87945]]]}},{"type":"Feature","properties":{"h3":"8826c86f65fffff","mii":9,"trt":0.0,"glp1":0.0,"pharmacy":0.0,"gym":0.0,"n":0},"geometry":{"type":"Polygon","coordinates":[[[-97.09317,32.88719],[-97.08813,32.88984],[-97.08843,32.89492],[-97.09379,32.89735],[-97.09884,32.89469],[-97.09853,32.88961],[-97.09317,32.88719]]]}},{"type":"Feature","properties":{"h3":"8826cbd35bfffff","mii":9,"trt":0.0,"glp1":0.0,"pharmacy":0.0,"gym":0.0,"n":0},"geometry":{"type":"Polygon","coordinates":[[[-97.20391,32.8236],[-97.19887,32.82626],[-97.19918,32.83135],[-97.20454,32.83377],[-97.20958,32.8311],[-97.20927,32.82602],[-97.20391,32.8236]]]}},{"type":"Feature","properties":{"h3":"8826cbd351fffff","mii":9,"trt":0.0,"glp1":0.0,"pharmacy":0.0,"gym":0.0,"n":0},"geometry":{"type":"Polygon","coordinates":[[[-97.21432,32.82336],[-97.20927,32.82602],[-97.20958,32.8311],[-97.21494,32.83352],[-97.21999,32.83086],[-97.21968,32.82578],[-97.21432,32.82336]]]}},{"type":"Feature","properties":{"h3":"8826cbd357fffff","mii":9,"trt":0.0,"glp1":0.0,"pharmacy":0.0,"gym":0.0,"n":0},"geometry":{"type":"Polygon","coordinates":[[[-97.21905,32.81561],[-97.21401,32.81827],[-97.21432,32.82336],[-97.21968,32.82578],[-97.22472,32.82311],[-97.22441,32.81803],[-97.21905,32.81561]]]}},{"type":"Feature","properties":{"h3":"8826cbd319fffff","mii":9,"trt":0.0,"glp1":0.0,"pharmacy":0.0,"gym":0.0,"n":0},"geometry":{"type":"Polygon","coordinates":[[[-97.21338,32.80811],[-97.20834,32.81077],[-97.20865,32.81585],[-97.21401,32.81827],[-97.21905,32.81561],[-97.21874,32.81053],[-97.21338,32.80811]]]}},{"type":"Feature","properties":{"h3":"8826cbd225fffff","mii":9,"trt":0.0,"glp1":0.0,"pharmacy":0.0,"gym":0.0,"n":0},"geometry":{"type":"Polygon","coordinates":[[[-97.20298,32.80835],[-97.19794,32.81101],[-97.19825,32.8161],[-97.2036,32.81852],[-97.20865,32.81585],[-97.20834,32.81077],[-97.20298,32.80835]]]}},{"type":"Feature","properties":{"h3":"8826cbd22dfffff","mii":9,"trt":0.0,"glp1":0.0,"pharmacy":0.0,"gym":0.0,"n":0},"geometry":{"type":"Polygon","coordinates":[[[-97.19825,32.8161],[-97.1932,32.81876],[-97.19351,32.82384],[-97.19887,32.82626],[-97.20391,32.8236],[-97.2036,32.81852],[-97.19825,32.8161]]]}},{"type":"Feature","properties":{"h3":"8826c860b5fffff","mii":9,"trt":0.0,"glp1":0.0,"pharmacy":0.0,"gym":0.0,"n":0},"geometry":{"type":"Polygon","coordinates":[[[-96.96927,32.90513],[-96.96422,32.90778],[-96.96452,32.91286],[-96.96987,32.91529],[-96.97492,32.91264],[-96.97462,32.90756],[-96.96927,32.90513]]]}},{"type":"Feature","properties":{"h3":"8826c860b7fffff","mii":9,"trt":0.0,"glp1":0.0,"pharmacy":0.0,"gym":0.0,"n":0},"geometry":{"type":"Polygon","coordinates":[[[-96.96362,32.89762],[-96.95857,32.90027],[-96.95887,32.90535],[-96.96422,32.90778],[-96.96927,32.90513],[-96.96897,32.90005],[-96.96362,32.89762]]]}},{"type":"Feature","properties":{"h3":"8826c860b3fffff","mii":9,"trt":0.0,"glp1":0.0,"pharmacy":0.0,"gym":0.0,"n":0},"geometry":{"type":"Polygon","coordinates":[[[-96.95322,32.89784],[-96.94817,32.90049],[-96.94847,32.90557],[-96.95382,32.908],[-96.95887,32.90535],[-96.95857,32.90027],[-96.95322,32.89784]]]}},{"type":"Feature","properties":{"h3":"8826c860bbfffff","mii":9,"trt":0.0,"glp1":0.0,"pharmacy":0.0,"gym":0.0,"n":0},"geometry":{"type":"Polygon","coordinates":[[[-96.94847,32.90557],[-96.94342,32.90822],[-96.94372,32.9133],[-96.94907,32.91573],[-96.95412,32.91308],[-96.95382,32.908],[-96.94847,32.90557]]]}},{"type":"Feature","properties":{"h3":"8826c860c1fffff","mii":9,"trt":0.0,"glp1":0.0,"pharmacy":0.0,"gym":0.0,"n":0},"geometry":{"type":"Polygon","coordinates":[[[-96.95117,32.95127],[-96.94611,32.95392],[-96.94641,32.959],[-96.95177,32.96143],[-96.95682,32.95878],[-96.95652,32.9537],[-96.95117,32.95127]]]}},{"type":"Feature","properties":{"h3":"8826c860c5fffff","mii":9,"trt":0.0,"glp1":0.0,"pharmacy":0.0,"gym":0.0,"n":0},"geometry":{"type":"Polygon","coordinates":[[[-96.96157,32.95105],[-96.95652,32.9537],[-96.95682,32.95878],[-96.96217,32.96121],[-96.96722,32.95856],[-96.96692,32.95348],[-96.96157,32.95105]]]}},{"type":"Feature","properties":{"h3":"8826c860ebfffff","mii":9,"trt":0.0,"glp1":0.0,"pharmacy":0.0,"gym":0.0,"n":0},"geometry":{"type":"Polygon","coordinates":[[[-96.96632,32.94333],[-96.96127,32.94598],[-96.96157,32.95105],[-96.96692,32.95348],[-96.97197,32.95083],[-96.97167,32.94576],[-96.96632,32.94333]]]}},{"type":"Feature","properties":{"h3":"8826c8608dfffff","mii":9,"trt":0.0,"glp1":0.0,"pharmacy":0.0,"gym":0.0,"n":0},"geometry":{"type":"Polygon","coordinates":[[[-96.96067,32.93582],[-96.95562,32.93847],[-96.95592,32.94355],[-96.96127,32.94598],[-96.96632,32.94333],[-96.96602,32.93825],[-96.96067,32.93582]]]}},{"type":"Feature","properties":{"h3":"8826c86089fffff","mii":9,"trt":0.0,"glp1":0.0,"pharmacy":0.0,"gym":0.0,"n":0},"geometry":{"type":"Polygon","coordinates":[[[-96.95027,32.93604],[-96.94522,32.93869],[-96.94552,32.94376],[-96.95087,32.94619],[-96.95592,32.94355],[-96.95562,32.93847],[-96.95027,32.93604]]]}},{"type":"Feature","properties":{"h3":"8826c860c3fffff","mii":9,"trt":0.0,"glp1":0.0,"pharmacy":0.0,"gym":0.0,"n":0},"geometry":{"type":"Polygon","coordinates":[[[-96.94552,32.94376],[-96.94046,32.94641],[-96.94076,32.95149],[-96.94611,32.95392],[-96.95117,32.95127],[-96.95087,32.94619],[-96.94552,32.94376]]]}},{"type":"Feature","properties":{"h3":"8826c86aadfffff","mii":9,"trt":0.0,"glp1":0.0,"pharmacy":0.0,"gym":0.0,"n":0},"geometry":{"type":"Polygon","coordinates":[[[-97.1319,32.92447],[-97.12685,32.92713],[-97.12716,32.93221],[-97.13252,32.93463],[-97.13757,32.93198],[-97.13726,32.9269],[-97.1319,32.92447]]]}},{"type":"Feature","properties":{"h3":"8826c86b4bfffff","mii":9,"trt":0.0,"glp1":0.0,"pharmacy":0.0,"gym":0.0,"n":0},"geometry":{"type":"Polygon","coordinates":[[[-97.19903,32.99925],[-97.19398,33.00191],[-97.19429,33.00699],[-97.19965,33.00941],[-97.20471,33.00675],[-97.2044,33.00168],[-97.19903,32.99925]]]}},{"type":"Feature","properties":{"h3":"8826c86b41fffff","mii":9,"trt":0.0,"glp1":0.0,"pharmacy":0.0,"gym":0.0,"n":0},"geometry":{"type":"Polygon","coordinates":[[[-97.20945,32.99902],[-97.2044,33.00168],[-97.20471,33.00675],[-97.21008,33.00918],[-97.21513,33.00652],[-97.21482,33.00144],[-97.20945,32.99902]]]}},{"type":"Feature","properties":{"h3":"8826c86b47fffff","mii":9,"trt":0.0,"glp1":0.0,"pharmacy":0.0,"gym":0.0,"n":0},"geometry":{"type":"Polygon","coordinates":[[[-97.21419,32.99128],[-97.20914,32.99394],[-97.20945,32.99902],[-97.21482,33.00144],[-97.21987,32.99878],[-97.21956,32.9937],[-97.21419,32.99128]]]}},{"type":"Feature","properties":{"h3":"8826c86b09fffff","mii":9,"trt":0.0,"glp1":0.0,"pharmacy":0.0,"gym":0.0,"n":0},"geometry":{"type":"Polygon","coordinates":[[[-97.20852,32.98378],[-97.20346,32.98644],[-97.20377,32.99152],[-97.20914,32.99394],[-97.21419,32.99128],[-97.21388,32.9862],[-97.20852,32.98378]]]}},{"type":"Feature","properties":{"h3":"8826c86b59fffff","mii":9,"trt":0.0,"glp1":0.0,"pharmacy":0.0,"gym":0.0,"n":0},"geometry":{"type":"Polygon","coordinates":[[[-97.18294,32.99199],[-97.17788,32.99465],[-97.17819,32.99973],[-97.18356,33.00215],[-97.18861,32.99949],[-97.1883,32.99441],[-97.18294,32.99199]]]}},{"type":"Feature","properties":{"h3":"8826c86b57fffff","mii":9,"trt":0.0,"glp1":0.0,"pharmacy":0.0,"gym":0.0,"n":0},"geometry":{"type":"Polygon","coordinates":[[[-97.19242,32.97652],[-97.18737,32.97918],[-97.18768,32.98425],[-97.19304,32.98668],[-97.1981,32.98402],[-97.19779,32.97894],[-97.19242,32.97652]]]}},{"type":"Feature","properties":{"h3":"8826c86367fffff","mii":9,"trt":0.0,"glp1":0.0,"pharmacy":0.0,"gym":0.0,"n":0},"geometry":{"type":"Polygon","coordinates":[[[-97.0607,33.04045],[-97.05564,33.0431],[-97.05595,33.04817],[-97.06131,33.0506],[-97.06637,33.04795],[-97.06606,33.04287],[-97.0607,33.04045]]]}},{"type":"Feature","properties":{"h3":"8826c86329fffff","mii":9,"trt":0.0,"glp1":0.0,"pharmacy":0.0,"gym":0.0,"n":0},"geometry":{"type":"Polygon","coordinates":[[[-97.05503,33.03294],[-97.04998,33.03559],[-97.05028,33.04067],[-97.05564,33.0431],[-97.0607,33.04045],[-97.06039,33.03537],[-97.05503,33.03294]]]}},{"type":"Feature","properties":{"h3":"8826c87893fffff","mii":9,"trt":0.0,"glp1":0.0,"pharmacy":0.0,"gym":0.0,"n":0},"geometry":{"type":"Polygon","coordinates":[[[-97.0797,33.00954],[-97.07464,33.01219],[-97.07495,33.01726],[-97.08031,33.01969],[-97.08536,33.01704],[-97.08506,33.01196],[-97.0797,33.00954]]]}},{"type":"Feature","properties":{"h3":"8826c86145fffff","mii":9,"trt":0.0,"glp1":0.0,"pharmacy":0.0,"gym":0.0,"n":0},"geometry":{"type":"Polygon","coordinates":[[[-97.07403,33.00203],[-97.06898,33.00468],[-97.06928,33.00976],[-97.07464,33.01219],[-97.0797,33.00954],[-97.07939,33.00446],[-97.07403,33.00203]]]}},{"type":"Feature","properties":{"h3":"8826c86141fffff","mii":9,"trt":0.0,"glp1":0.0,"pharmacy":0.0,"gym":0.0,"n":0},"geometry":{"type":"Polygon","coordinates":[[[-97.06362,33.00226],[-97.05857,33.00491],[-97.05887,33.00999],[-97.06423,33.01241],[-97.06928,33.00976],[-97.06898,33.00468],[-97.06362,33.00226]]]}},{"type":"Feature","properties":{"h3":"8826c86149fffff","mii":9,"trt":0.0,"glp1":0.0,"pharmacy":0.0,"gym":0.0,"n":0},"geometry":{"type":"Polygon","coordinates":[[[-97.05887,33.00999],[-97.05382,33.01264],[-97.05412,33.01771],[-97.05948,33.02014],[-97.06453,33.01749],[-97.06423,33.01241],[-97.05887,33.00999]]]}},{"type":"Feature","properties":{"h3":"8826c86331fffff","mii":9,"trt":0.0,"glp1":0.0,"pharmacy":0.0,"gym":0.0,"n":0},"geometry":{"type":"Polygon","coordinates":[[[-97.03804,33.01043],[-97.03299,33.01308],[-97.03329,33.01816],[-97.03865,33.02059],[-97.04371,33.01794],[-97.0434,33.01286],[-97.03804,33.01043]]]}},{"type":"Feature","properties":{"h3":"8826c86335fffff","mii":9,"trt":0.0,"glp1":0.0,"pharmacy":0.0,"gym":0.0,"n":0},"geometry":{"type":"Polygon","coordinates":[[[-97.04846,33.01021],[-97.0434,33.01286],[-97.04371,33.01794],[-97.04907,33.02036],[-97.05412,33.01771],[-97.05382,33.01264],[-97.04846,33.01021]]]}},{"type":"Feature","properties":{"h3":"8826c8614bfffff","mii":9,"trt":0.0,"glp1":0.0,"pharmacy":0.0,"gym":0.0,"n":0},"geometry":{"type":"Polygon","coordinates":[[[-97.05321,33.00248],[-97.04815,33.00513],[-97.04846,33.01021],[-97.05382,33.01264],[-97.05887,33.00999],[-97.05857,33.00491],[-97.05321,33.00248]]]}},{"type":"Feature","properties":{"h3":"8826c8615dfffff","mii":9,"trt":0.0,"glp1":0.0,"pharmacy":0.0,"gym":0.0,"n":0},"geometry":{"type":"Polygon","coordinates":[[[-97.04754,32.99498],[-97.04249,32.99763],[-97.04279,33.00271],[-97.04815,33.00513],[-97.05321,33.00248],[-97.0529,32.99741],[-97.04754,32.99498]]]}},{"type":"Feature","properties":{"h3":"8826c86159fffff","mii":9,"trt":0.0,"glp1":0.0,"pharmacy":0.0,"gym":0.0,"n":0},"geometry":{"type":"Polygon","coordinates":[[[-97.03713,32.9952],[-97.03208,32.99785],[-97.03238,33.00293],[-97.03774,33.00536],[-97.04279,33.00271],[-97.04249,32.99763],[-97.03713,32.9952]]]}},{"type":"Feature","properties":{"h3":"8826c86333fffff","mii":9,"trt":0.0,"glp1":0.0,"pharmacy":0.0,"gym":0.0,"n":0},"geometry":{"type":"Polygon","coordinates":[[[-97.03238,33.00293],[-97.02733,33.00558],[-97.02763,33.01066],[-97.03299,33.01308],[-97.03804,33.01043],[-97.03774,33.00536],[-97.03238,33.00293]]]}},{"type":"Feature","properties":{"h3":"8826c84433fffff","mii":9,"trt":0.0,"glp1":0.0,"pharmacy":0.0,"gym":0.0,"n":0},"geometry":{"type":"Polygon","coordinates":[[[-97.11819,33.21451],[-97.11313,33.21716],[-97.11343,33.22223],[-97.11881,33.22465],[-97.12387,33.22201],[-97.12356,33.21693],[-97.11819,33.21451]]]}},{"type":"Feature","properties":{"h3":"8826c84421fffff","mii":9,"trt":0.0,"glp1":0.0,"pharmacy":0.0,"gym":0.0,"n":0},"geometry":{"type":"Polygon","coordinates":[[[-97.14567,33.23677],[-97.14061,33.23942],[-97.14092,33.2445],[-97.14629,33.24692],[-97.15136,33.24427],[-97.15105,33.2392],[-97.14567,33.23677]]]}},{"type":"Feature","properties":{"h3":"8826c84425fffff","mii":9,"trt":0.0,"glp1":0.0,"pharmacy":0.0,"gym":0.0,"n":0},"geometry":{"type":"Polygon","coordinates":[[[-97.15611,33.23655],[-97.15105,33.2392],[-97.15136,33.24427],[-97.15673,33.24669],[-97.1618,33.24404],[-97.16149,33.23897],[-97.15611,33.23655]]]}},{"type":"Feature","properties":{"h3":"8826c8451bfffff","mii":9,"trt":0.0,"glp1":0.0,"pharmacy":0.0,"gym":0.0,"n":0},"geometry":{"type":"Polygon","coordinates":[[[-97.16087,33.22883],[-97.1558,33.23148],[-97.15611,33.23655],[-97.16149,33.23897],[-97.16655,33.23632],[-97.16624,33.23125],[-97.16087,33.22883]]]}},{"type":"Feature","properties":{"h3":"8826c845cdfffff","mii":9,"trt":0.0,"glp1":0.0,"pharmacy":0.0,"gym":0.0,"n":0},"geometry":{"type":"Polygon","coordinates":[[[-97.15518,33.22133],[-97.15012,33.22398],[-97.15043,33.22905],[-97.1558,33.23148],[-97.16087,33.22883],[-97.16056,33.22375],[-97.15518,33.22133]]]}},{"type":"Feature","properties":{"h3":"8826c844c1fffff","mii":9,"trt":0.0,"glp1":0.0,"pharmacy":0.0,"gym":0.0,"n":0},"geometry":{"type":"Polygon","coordinates":[[[-97.07645,33.2154],[-97.07139,33.21804],[-97.0717,33.22312],[-97.07707,33.22554],[-97.08213,33.2229],[-97.08182,33.21782],[-97.07645,33.2154]]]}},{"type":"Feature","properties":{"h3":"8826c844c5fffff","mii":9,"trt":0.0,"glp1":0.0,"pharmacy":0.0,"gym":0.0,"n":0},"geometry":{"type":"Polygon","coordinates":[[[-97.08689,33.21518],[-97.08182,33.21782],[-97.08213,33.2229],[-97.0875,33.22532],[-97.09256,33.22267],[-97.09226,33.2176],[-97.08689,33.21518]]]}},{"type":"Feature","properties":{"h3":"8826c844ebfffff","mii":9,"trt":0.0,"glp1":0.0,"pharmacy":0.0,"gym":0.0,"n":0},"geometry":{"type":"Polygon","coordinates":[[[-97.09164,33.20746],[-97.08658,33.2101],[-97.08689,33.21518],[-97.09226,33.2176],[-97.09732,33.21496],[-97.09701,33.20988],[-97.09164,33.20746]]]}},{"type":"Feature","properties":{"h3":"8826c8448dfffff","mii":9,"trt":0.0,"glp1":0.0,"pharmacy":0.0,"gym":0.0,"n":0},"geometry":{"type":"Polygon","coordinates":[[[-97.08597,33.19996],[-97.0809,33.20261],[-97.08121,33.20768],[-97.08658,33.2101],[-97.09164,33.20746],[-97.09134,33.20239],[-97.08597,33.19996]]]}},{"type":"Feature","properties":{"h3":"8826c84489fffff","mii":9,"trt":0.0,"glp1":0.0,"pharmacy":0.0,"gym":0.0,"n":0},"geometry":{"type":"Polygon","coordinates":[[[-97.07553,33.20018],[-97.07047,33.20283],[-97.07078,33.2079],[-97.07615,33.21033],[-97.08121,33.20768],[-97.0809,33.20261],[-97.07553,33.20018]]]}},{"type":"Feature","properties":{"h3":"8826c87a55fffff","mii":9,"trt":0.0,"glp1":0.0,"pharmacy":0.0,"gym":0.0,"n":0},"geometry":{"type":"Polygon","coordinates":[[[-97.09839,33.14635],[-97.09333,33.149],[-97.09364,33.15408],[-97.099,33.1565],[-97.10407,33.15385],[-97.10376,33.14878],[-97.09839,33.14635]]]}},{"type":"Feature","properties":{"h3":"8826c87a09fffff","mii":9,"trt":0.0,"glp1":0.0,"pharmacy":0.0,"gym":0.0,"n":0},"geometry":{"type":"Polygon","coordinates":[[[-97.10882,33.14613],[-97.10376,33.14878],[-97.10407,33.15385],[-97.10943,33.15628],[-97.11449,33.15363],[-97.11419,33.14855],[-97.10882,33.14613]]]}},{"type":"Feature","properties":{"h3":"8826c87a01fffff","mii":9,"trt":0.0,"glp1":0.0,"pharmacy":0.0,"gym":0.0,"n":0},"geometry":{"type":"Polygon","coordinates":[[[-97.11357,33.13841],[-97.10851,33.14106],[-97.10882,33.14613],[-97.11419,33.14855],[-97.11925,33.1459],[-97.11894,33.14083],[-97.11357,33.13841]]]}},{"type":"Feature","properties":{"h3":"8826c87a03fffff","mii":9,"trt":0.0,"glp1":0.0,"pharmacy":0.0,"gym":0.0,"n":0},"geometry":{"type":"Polygon","coordinates":[[[-97.1079,33.13091],[-97.10284,33.13356],[-97.10314,33.13863],[-97.10851,33.14106],[-97.11357,33.13841],[-97.11326,33.13333],[-97.1079,33.13091]]]}},{"type":"Feature","properties":{"h3":"8826c87a1dfffff","mii":9,"trt":0.0,"glp1":0.0,"pharmacy":0.0,"gym":0.0,"n":0},"geometry":{"type":"Polygon","coordinates":[[[-97.09747,33.13113],[-97.09241,33.13378],[-97.09272,33.13886],[-97.09808,33.14128],[-97.10314,33.13863],[-97.10284,33.13356],[-97.09747,33.13113]]]}},{"type":"Feature","properties":{"h3":"8826c87a57fffff","mii":9,"trt":0.0,"glp1":0.0,"pharmacy":0.0,"gym":0.0,"n":0},"geometry":{"type":"Polygon","coordinates":[[[-97.09272,33.13886],[-97.08766,33.1415],[-97.08796,33.14658],[-97.09333,33.149],[-97.09839,33.14635],[-97.09808,33.14128],[-97.09272,33.13886]]]}},{"type":"Feature","properties":{"h3":"8826cb9a1dfffff","mii":9,"trt":0.0,"glp1":0.0,"pharmacy":0.0,"gym":0.0,"n":0},"geometry":{"type":"Polygon","coordinates":[[[-96.82057,32.76328],[-96.81553,32.76593],[-96.81582,32.77101],[-96.82115,32.77344],[-96.8262,32.7708],[-96.8259,32.76572],[-96.82057,32.76328]]]}},{"type":"Feature","properties":{"h3":"8826cb9a03fffff","mii":9,"trt":0.0,"glp1":0.0,"pharmacy":0.0,"gym":0.0,"n":0},"geometry":{"type":"Polygon","coordinates":[[[-96.83095,32.76307],[-96.8259,32.76572],[-96.8262,32.7708],[-96.83153,32.77323],[-96.83658,32.77059],[-96.83628,32.76551],[-96.83095,32.76307]]]}},{"type":"Feature","properties":{"h3":"8826cb9313fffff","mii":9,"trt":0.0,"glp1":0.0,"pharmacy":0.0,"gym":0.0,"n":0},"geometry":{"type":"Polygon","coordinates":[[[-96.70342,32.80375],[-96.69837,32.80639],[-96.69866,32.81147],[-96.70399,32.81391],[-96.70904,32.81127],[-96.70875,32.80619],[-96.70342,32.80375]]]}},{"type":"Feature","properties":{"h3":"8826cb9317fffff","mii":9,"trt":0.0,"glp1":0.0,"pharmacy":0.0,"gym":0.0,"n":0},"geometry":{"type":"Polygon","coordinates":[[[-96.71379,32.80355],[-96.70875,32.80619],[-96.70904,32.81127],[-96.71437,32.81371],[-96.71941,32.81107],[-96.71912,32.80599],[-96.71379,32.80355]]]}},{"type":"Feature","properties":{"h3":"8826cb906dfffff","mii":9,"trt":0.0,"glp1":0.0,"pharmacy":0.0,"gym":0.0,"n":0},"geometry":{"type":"Polygon","coordinates":[[[-96.71855,32.79583],[-96.7135,32.79847],[-96.71379,32.80355],[-96.71912,32.80599],[-96.72417,32.80335],[-96.72388,32.79827],[-96.71855,32.79583]]]}},{"type":"Feature","properties":{"h3":"8826cb9061fffff","mii":9,"trt":0.0,"glp1":0.0,"pharmacy":0.0,"gym":0.0,"n":0},"geometry":{"type":"Polygon","coordinates":[[[-96.71293,32.78832],[-96.70788,32.79096],[-96.70817,32.79604],[-96.7135,32.79847],[-96.71855,32.79583],[-96.71826,32.79075],[-96.71293,32.78832]]]}},{"type":"Feature","properties":{"h3":"8826cb906bfffff","mii":9,"trt":0.0,"glp1":0.0,"pharmacy":0.0,"gym":0.0,"n":0},"geometry":{"type":"Polygon","coordinates":[[[-96.70255,32.78852],[-96.69751,32.79116],[-96.6978,32.79624],[-96.70313,32.79868],[-96.70817,32.79604],[-96.70788,32.79096],[-96.70255,32.78852]]]}},{"type":"Feature","properties":{"h3":"8826cb9045fffff","mii":9,"trt":0.0,"glp1":0.0,"pharmacy":0.0,"gym":0.0,"n":0},"geometry":{"type":"Polygon","coordinates":[[[-96.6978,32.79624],[-96.69275,32.79888],[-96.69304,32.80395],[-96.69837,32.80639],[-96.70342,32.80375],[-96.70313,32.79868],[-96.6978,32.79624]]]}},{"type":"Feature","properties":{"h3":"8826c829b9fffff","mii":9,"trt":0.0,"glp1":0.0,"pharmacy":0.0,"gym":0.0,"n":0},"geometry":{"type":"Polygon","coordinates":[[[-96.69649,32.86488],[-96.69144,32.86752],[-96.69173,32.87259],[-96.69706,32.87503],[-96.70211,32.8724],[-96.70182,32.86732],[-96.69649,32.86488]]]}},{"type":"Feature","properties":{"h3":"8826c829b5fffff","mii":9,"trt":0.0,"glp1":0.0,"pharmacy":0.0,"gym":0.0,"n":0},"geometry":{"type":"Polygon","coordinates":[[[-96.71163,32.85697],[-96.70658,32.8596],[-96.70687,32.86468],[-96.71221,32.86712],[-96.71725,32.86448],[-96.71696,32.8594],[-96.71163,32.85697]]]}},{"type":"Feature","properties":{"h3":"8826c829bbfffff","mii":9,"trt":0.0,"glp1":0.0,"pharmacy":0.0,"gym":0.0,"n":0},"geometry":{"type":"Polygon","coordinates":[[[-96.69087,32.85736],[-96.68582,32.86],[-96.68611,32.86508],[-96.69144,32.86752],[-96.69649,32.86488],[-96.6962,32.8598],[-96.69087,32.85736]]]}},{"type":"Feature","properties":{"h3":"8826cb9a27fffff","mii":9,"trt":0.0,"glp1":0.0,"pharmacy":0.0,"gym":0.0,"n":0},"geometry":{"type":"Polygon","coordinates":[[[-96.86683,32.7547],[-96.86179,32.75735],[-96.86208,32.76243],[-96.86742,32.76486],[-96.87246,32.76221],[-96.87217,32.75713],[-96.86683,32.7547]]]}},{"type":"Feature","properties":{"h3":"8826cb9b1bfffff","mii":9,"trt":0.0,"glp1":0.0,"pharmacy":0.0,"gym":0.0,"n":0},"geometry":{"type":"Polygon","coordinates":[[[-96.87721,32.75448],[-96.87217,32.75713],[-96.87246,32.76221],[-96.8778,32.76465],[-96.88285,32.762],[-96.88255,32.75692],[-96.87721,32.75448]]]}},{"type":"Feature","properties":{"h3":"8826cb9b13fffff","mii":9,"trt":0.0,"glp1":0.0,"pharmacy":0.0,"gym":0.0,"n":0},"geometry":{"type":"Polygon","coordinates":[[[-96.88196,32.74675],[-96.87692,32.7494],[-96.87721,32.75448],[-96.88255,32.75692],[-96.88759,32.75427],[-96.8873,32.74918],[-96.88196,32.74675]]]}},{"type":"Feature","properties":{"h3":"8826cb9845fffff","mii":9,"trt":0.0,"glp1":0.0,"pharmacy":0.0,"gym":0.0,"n":0},"geometry":{"type":"Polygon","coordinates":[[[-96.87632,32.73924],[-96.87128,32.74189],[-96.87158,32.74697],[-96.87692,32.7494],[-96.88196,32.74675],[-96.88166,32.74167],[-96.87632,32.73924]]]}},{"type":"Feature","properties":{"h3":"8826cb9841fffff","mii":9,"trt":0.0,"glp1":0.0,"pharmacy":0.0,"gym":0.0,"n":0},"geometry":{"type":"Polygon","coordinates":[[[-96.86595,32.73946],[-96.8609,32.7421],[-96.8612,32.74719],[-96.86654,32.74962],[-96.87158,32.74697],[-96.87128,32.74189],[-96.86595,32.73946]]]}},{"type":"Feature","properties":{"h3":"8826cb9849fffff","mii":9,"trt":0.0,"glp1":0.0,"pharmacy":0.0,"gym":0.0,"n":0},"geometry":{"type":"Polygon","coordinates":[[[-96.8612,32.74719],[-96.85616,32.74983],[-96.85645,32.75492],[-96.86179,32.75735],[-96.86683,32.7547],[-96.86654,32.74962],[-96.8612,32.74719]]]}},{"type":"Feature","properties":{"h3":"8826c86597fffff","mii":9,"trt":0.0,"glp1":0.0,"pharmacy":0.0,"gym":0.0,"n":0},"geometry":{"type":"Polygon","coordinates":[[[-96.85911,32.80064],[-96.85406,32.80329],[-96.85436,32.80837],[-96.8597,32.8108],[-96.86474,32.80815],[-96.86444,32.80307],[-96.85911,32.80064]]]}},{"type":"Feature","properties":{"h3":"8826cb9a69fffff","mii":9,"trt":0.0,"glp1":0.0,"pharmacy":0.0,"gym":0.0,"n":0},"geometry":{"type":"Polygon","coordinates":[[[-96.85347,32.79313],[-96.84843,32.79577],[-96.84872,32.80085],[-96.85406,32.80329],[-96.85911,32.80064],[-96.85881,32.79556],[-96.85347,32.79313]]]}},{"type":"Feature","properties":{"h3":"8826c8288bfffff","mii":9,"trt":0.0,"glp1":0.0,"pharmacy":0.0,"gym":0.0,"n":0},"geometry":{"type":"Polygon","coordinates":[[[-96.61432,32.88167],[-96.60927,32.8843],[-96.60955,32.88938],[-96.61488,32.89182],[-96.61993,32.88918],[-96.61965,32.88411],[-96.61432,32.88167]]]}},{"type":"Feature","properties":{"h3":"8826c82881fffff","mii":9,"trt":0.0,"glp1":0.0,"pharmacy":0.0,"gym":0.0,"n":0},"geometry":{"type":"Polygon","coordinates":[[[-96.62469,32.88148],[-96.61965,32.88411],[-96.61993,32.88918],[-96.62526,32.89163],[-96.63031,32.88899],[-96.63002,32.88392],[-96.62469,32.88148]]]}},{"type":"Feature","properties":{"h3":"8826c828b9fffff","mii":9,"trt":0.0,"glp1":0.0,"pharmacy":0.0,"gym":0.0,"n":0},"geometry":{"type":"Polygon","coordinates":[[[-96.62384,32.86625],[-96.61879,32.86888],[-96.61908,32.87396],[-96.62441,32.8764],[-96.62946,32.87377],[-96.62917,32.86869],[-96.62384,32.86625]]]}},{"type":"Feature","properties":{"h3":"8826c82895fffff","mii":9,"trt":0.0,"glp1":0.0,"pharmacy":0.0,"gym":0.0,"n":0},"geometry":{"type":"Polygon","coordinates":[[[-96.61346,32.86644],[-96.60842,32.86908],[-96.6087,32.87415],[-96.61403,32.87659],[-96.61908,32.87396],[-96.61879,32.86888],[-96.61346,32.86644]]]}},{"type":"Feature","properties":{"h3":"8826c8289dfffff","mii":9,"trt":0.0,"glp1":0.0,"pharmacy":0.0,"gym":0.0,"n":0},"geometry":{"type":"Polygon","coordinates":[[[-96.6087,32.87415],[-96.60366,32.87678],[-96.60394,32.88186],[-96.60927,32.8843],[-96.61432,32.88167],[-96.61403,32.87659],[-96.6087,32.87415]]]}},{"type":"Feature","properties":{"h3":"8826cb92cbfffff","mii":9,"trt":0.0,"glp1":0.0,"pharmacy":0.0,"gym":0.0,"n":0},"geometry":{"type":"Polygon","coordinates":[[[-96.60445,32.79801],[-96.59941,32.80064],[-96.59969,32.80572],[-96.60502,32.80816],[-96.61006,32.80553],[-96.60978,32.80045],[-96.60445,32.79801]]]}},{"type":"Feature","properties":{"h3":"8826cb92c1fffff","mii":9,"trt":0.0,"glp1":0.0,"pharmacy":0.0,"gym":0.0,"n":0},"geometry":{"type":"Polygon","coordinates":[[[-96.61482,32.79782],[-96.60978,32.80045],[-96.61006,32.80553],[-96.61539,32.80797],[-96.62043,32.80533],[-96.62015,32.80026],[-96.61482,32.79782]]]}},{"type":"Feature","properties":{"h3":"8826cb92c7fffff","mii":9,"trt":0.0,"glp1":0.0,"pharmacy":0.0,"gym":0.0,"n":0},"geometry":{"type":"Polygon","coordinates":[[[-96.61958,32.7901],[-96.61454,32.79274],[-96.61482,32.79782],[-96.62015,32.80026],[-96.62519,32.79762],[-96.62491,32.79254],[-96.61958,32.7901]]]}},{"type":"Feature","properties":{"h3":"8826cb9289fffff","mii":9,"trt":0.0,"glp1":0.0,"pharmacy":0.0,"gym":0.0,"n":0},"geometry":{"type":"Polygon","coordinates":[[[-96.61397,32.78258],[-96.60893,32.78522],[-96.60921,32.7903],[-96.61454,32.79274],[-96.61958,32.7901],[-96.6193,32.78503],[-96.61397,32.78258]]]}},{"type":"Feature","properties":{"h3":"8826cb92d5fffff","mii":9,"trt":0.0,"glp1":0.0,"pharmacy":0.0,"gym":0.0,"n":0},"geometry":{"type":"Polygon","coordinates":[[[-96.6036,32.78278],[-96.59856,32.78541],[-96.59884,32.79049],[-96.60417,32.79293],[-96.60921,32.7903],[-96.60893,32.78522],[-96.6036,32.78278]]]}},{"type":"Feature","properties":{"h3":"8826cb92ddfffff","mii":9,"trt":0.0,"glp1":0.0,"pharmacy":0.0,"gym":0.0,"n":0},"geometry":{"type":"Polygon","coordinates":[[[-96.59884,32.79049],[-96.5938,32.79312],[-96.59408,32.7982],[-96.59941,32.80064],[-96.60445,32.79801],[-96.60417,32.79293],[-96.59884,32.79049]]]}},{"type":"Feature","properties":{"h3":"8826c874a7fffff","mii":9,"trt":0.0,"glp1":0.0,"pharmacy":0.0,"gym":0.0,"n":0},"geometry":{"type":"Polygon","coordinates":[[[-96.80647,32.96946],[-96.80142,32.9721],[-96.80171,32.97717],[-96.80705,32.97961],[-96.8121,32.97697],[-96.81181,32.97189],[-96.80647,32.96946]]]}},{"type":"Feature","properties":{"h3":"8826c86615fffff","mii":9,"trt":0.0,"glp1":0.0,"pharmacy":0.0,"gym":0.0,"n":0},"geometry":{"type":"Polygon","coordinates":[[[-96.7982,32.91626],[-96.79315,32.9189],[-96.79344,32.92398],[-96.79878,32.92641],[-96.80383,32.92377],[-96.80354,32.9187],[-96.7982,32.91626]]]}},{"type":"Feature","properties":{"h3":"8826c86639fffff","mii":9,"trt":0.0,"glp1":0.0,"pharmacy":0.0,"gym":0.0,"n":0},"geometry":{"type":"Polygon","coordinates":[[[-96.80859,32.91606],[-96.80354,32.9187],[-96.80383,32.92377],[-96.80917,32.92621],[-96.81422,32.92357],[-96.81393,32.91849],[-96.80859,32.91606]]]}},{"type":"Feature","properties":{"h3":"8826c86617fffff","mii":9,"trt":0.0,"glp1":0.0,"pharmacy":0.0,"gym":0.0,"n":0},"geometry":{"type":"Polygon","coordinates":[[[-96.79256,32.90875],[-96.78751,32.91139],[-96.78781,32.91647],[-96.79315,32.9189],[-96.7982,32.91626],[-96.7979,32.91119],[-96.79256,32.90875]]]}},{"type":"Feature","properties":{"h3":"8826c8665bfffff","mii":9,"trt":0.0,"glp1":0.0,"pharmacy":0.0,"gym":0.0,"n":0},"geometry":{"type":"Polygon","coordinates":[[[-96.77353,32.93961],[-96.76848,32.94225],[-96.76877,32.94733],[-96.77412,32.94977],[-96.77917,32.94713],[-96.77887,32.94205],[-96.77353,32.93961]]]}},{"type":"Feature","properties":{"h3":"8826c82967fffff","mii":9,"trt":0.0,"glp1":0.0,"pharmacy":0.0,"gym":0.0,"n":0},"geometry":{"type":"Polygon","coordinates":[[[-96.76314,32.93982],[-96.75809,32.94246],[-96.75838,32.94753],[-96.76372,32.94997],[-96.76877,32.94733],[-96.76848,32.94225],[-96.76314,32.93982]]]}},{"type":"Feature","properties":{"h3":"8826c87469fffff","mii":9,"trt":0.0,"glp1":0.0,"pharmacy":0.0,"gym":0.0,"n":0},"geometry":{"type":"Polygon","coordinates":[[[-96.83255,33.06038],[-96.8275,33.06302],[-96.82779,33.06809],[-96.83314,33.07053],[-96.8382,33.06789],[-96.8379,33.06282],[-96.83255,33.06038]]]}},{"type":"Feature","properties":{"h3":"8826c8746dfffff","mii":9,"trt":0.0,"glp1":0.0,"pharmacy":0.0,"gym":0.0,"n":0},"geometry":{"type":"Polygon","coordinates":[[[-96.84296,33.06018],[-96.8379,33.06282],[-96.8382,33.06789],[-96.84355,33.07032],[-96.84861,33.06769],[-96.84831,33.06261],[-96.84296,33.06018]]]}},{"type":"Feature","properties":{"h3":"8826c87465fffff","mii":9,"trt":0.0,"glp1":0.0,"pharmacy":0.0,"gym":0.0,"n":0},"geometry":{"type":"Polygon","coordinates":[[[-96.84772,33.05247],[-96.84267,33.0551],[-96.84296,33.06018],[-96.84831,33.06261],[-96.85337,33.05997],[-96.85307,33.0549],[-96.84772,33.05247]]]}},{"type":"Feature","properties":{"h3":"8826c87467fffff","mii":9,"trt":0.0,"glp1":0.0,"pharmacy":0.0,"gym":0.0,"n":0},"geometry":{"type":"Polygon","coordinates":[[[-96.84208,33.04496],[-96.83702,33.0476],[-96.83732,33.05267],[-96.84267,33.0551],[-96.84772,33.05247],[-96.84743,33.04739],[-96.84208,33.04496]]]}},{"type":"Feature","properties":{"h3":"8826c87463fffff","mii":9,"trt":0.0,"glp1":0.0,"pharmacy":0.0,"gym":0.0,"n":0},"geometry":{"type":"Polygon","coordinates":[[[-96.83167,33.04516],[-96.82662,33.0478],[-96.82691,33.05288],[-96.83226,33.05531],[-96.83732,33.05267],[-96.83702,33.0476],[-96.83167,33.04516]]]}},{"type":"Feature","properties":{"h3":"8826c8746bfffff","mii":9,"trt":0.0,"glp1":0.0,"pharmacy":0.0,"gym":0.0,"n":0},"geometry":{"type":"Polygon","coordinates":[[[-96.82691,33.05288],[-96.82185,33.05551],[-96.82215,33.06059],[-96.8275,33.06302],[-96.83255,33.06038],[-96.83226,33.05531],[-96.82691,33.05288]]]}},{"type":"Feature","properties":{"h3":"8826c8771bfffff","mii":9,"trt":0.0,"glp1":0.0,"pharmacy":0.0,"gym":0.0,"n":0},"geometry":{"type":"Polygon","coordinates":[[[-96.82303,33.07581],[-96.81797,33.07844],[-96.81827,33.08352],[-96.82362,33.08595],[-96.82868,33.08331],[-96.82838,33.07824],[-96.82303,33.07581]]]}},{"type":"Feature","properties":{"h3":"8826c87713fffff","mii":9,"trt":0.0,"glp1":0.0,"pharmacy":0.0,"gym":0.0,"n":0},"geometry":{"type":"Polygon","coordinates":[[[-96.82779,33.06809],[-96.82274,33.07073],[-96.82303,33.07581],[-96.82838,33.07824],[-96.83344,33.0756],[-96.83314,33.07053],[-96.82779,33.06809]]]}},{"type":"Feature","properties":{"h3":"8826c87445fffff","mii":9,"trt":0.0,"glp1":0.0,"pharmacy":0.0,"gym":0.0,"n":0},"geometry":{"type":"Polygon","coordinates":[[[-96.82215,33.06059],[-96.81709,33.06323],[-96.81739,33.0683],[-96.82274,33.07073],[-96.82779,33.06809],[-96.8275,33.06302],[-96.82215,33.06059]]]}},{"type":"Feature","properties":{"h3":"8826c87441fffff","mii":9,"trt":0.0,"glp1":0.0,"pharmacy":0.0,"gym":0.0,"n":0},"geometry":{"type":"Polygon","coordinates":[[[-96.81174,33.06079],[-96.80669,33.06343],[-96.80698,33.0685],[-96.81233,33.07094],[-96.81739,33.0683],[-96.81709,33.06323],[-96.81174,33.06079]]]}},{"type":"Feature","properties":{"h3":"8826c87449fffff","mii":9,"trt":0.0,"glp1":0.0,"pharmacy":0.0,"gym":0.0,"n":0},"geometry":{"type":"Polygon","coordinates":[[[-96.80698,33.0685],[-96.80193,33.07114],[-96.80222,33.07621],[-96.80757,33.07865],[-96.81262,33.07601],[-96.81233,33.07094],[-96.80698,33.0685]]]}},{"type":"Feature","properties":{"h3":"8826c87453fffff","mii":9,"trt":0.0,"glp1":0.0,"pharmacy":0.0,"gym":0.0,"n":0},"geometry":{"type":"Polygon","coordinates":[[[-96.78442,33.03847],[-96.77936,33.0411],[-96.77966,33.04618],[-96.785,33.04861],[-96.79006,33.04597],[-96.78977,33.0409],[-96.78442,33.03847]]]}},{"type":"Feature","properties":{"h3":"8826c87693fffff","mii":9,"trt":0.0,"glp1":0.0,"pharmacy":0.0,"gym":0.0,"n":0},"geometry":{"type":"Polygon","coordinates":[[[-96.71552,33.01693],[-96.71047,33.01956],[-96.71076,33.02463],[-96.7161,33.02707],[-96.72115,33.02444],[-96.72087,33.01936],[-96.71552,33.01693]]]}},{"type":"Feature","properties":{"h3":"8826c8745dfffff","mii":9,"trt":0.0,"glp1":0.0,"pharmacy":0.0,"gym":0.0,"n":0},"geometry":{"type":"Polygon","coordinates":[[[-96.7957,33.05348],[-96.79064,33.05612],[-96.79094,33.06119],[-96.79628,33.06363],[-96.80134,33.06099],[-96.80105,33.05592],[-96.7957,33.05348]]]}},{"type":"Feature","properties":{"h3":"8826c87443fffff","mii":9,"trt":0.0,"glp1":0.0,"pharmacy":0.0,"gym":0.0,"n":0},"geometry":{"type":"Polygon","coordinates":[[[-96.8061,33.05328],[-96.80105,33.05592],[-96.80134,33.06099],[-96.80669,33.06343],[-96.81174,33.06079],[-96.81145,33.05572],[-96.8061,33.05328]]]}},{"type":"Feature","properties":{"h3":"8826c87409fffff","mii":9,"trt":0.0,"glp1":0.0,"pharmacy":0.0,"gym":0.0,"n":0},"geometry":{"type":"Polygon","coordinates":[[[-96.81086,33.04557],[-96.80581,33.04821],[-96.8061,33.05328],[-96.81145,33.05572],[-96.81651,33.05308],[-96.81621,33.04801],[-96.81086,33.04557]]]}},{"type":"Feature","properties":{"h3":"8826c876a9fffff","mii":9,"trt":0.0,"glp1":0.0,"pharmacy":0.0,"gym":0.0,"n":0},"geometry":{"type":"Polygon","coordinates":[[[-96.76362,33.03887],[-96.75856,33.0415],[-96.75885,33.04657],[-96.7642,33.04901],[-96.76925,33.04638],[-96.76896,33.0413],[-96.76362,33.03887]]]}},{"type":"Feature","properties":{"h3":"8826c876abfffff","mii":9,"trt":0.0,"glp1":0.0,"pharmacy":0.0,"gym":0.0,"n":0},"geometry":{"type":"Polygon","coordinates":[[[-96.75798,33.03136],[-96.75293,33.03399],[-96.75322,33.03906],[-96.75856,33.0415],[-96.76362,33.03887],[-96.76333,33.03379],[-96.75798,33.03136]]]}},{"type":"Feature","properties":{"h3":"8826c87687fffff","mii":9,"trt":0.0,"glp1":0.0,"pharmacy":0.0,"gym":0.0,"n":0},"geometry":{"type":"Polygon","coordinates":[[[-96.74758,33.03155],[-96.74253,33.03419],[-96.74282,33.03926],[-96.74816,33.0417],[-96.75322,33.03906],[-96.75293,33.03399],[-96.74758,33.03155]]]}},{"type":"Feature","properties":{"h3":"8826c8663dfffff","mii":9,"trt":0.0,"glp1":0.0,"pharmacy":0.0,"gym":0.0,"n":0},"geometry":{"type":"Polygon","coordinates":[[[-96.81898,32.91585],[-96.81393,32.91849],[-96.81422,32.92357],[-96.81957,32.926],[-96.82462,32.92336],[-96.82432,32.91828],[-96.81898,32.91585]]]}},{"type":"Feature","properties":{"h3":"8826c8775dfffff","mii":9,"trt":0.0,"glp1":0.0,"pharmacy":0.0,"gym":0.0,"n":0},"geometry":{"type":"Polygon","coordinates":[[[-96.8352,33.10604],[-96.83015,33.10868],[-96.83044,33.11375],[-96.83579,33.11618],[-96.84085,33.11354],[-96.84056,33.10847],[-96.8352,33.10604]]]}},{"type":"Feature","properties":{"h3":"8826c87743fffff","mii":9,"trt":0.0,"glp1":0.0,"pharmacy":0.0,"gym":0.0,"n":0},"geometry":{"type":"Polygon","coordinates":[[[-96.84562,33.10583],[-96.84056,33.10847],[-96.84085,33.11354],[-96.84621,33.11598],[-96.85126,33.11334],[-96.85097,33.10827],[-96.84562,33.10583]]]}},{"type":"Feature","properties":{"h3":"8826c87709fffff","mii":9,"trt":0.0,"glp1":0.0,"pharmacy":0.0,"gym":0.0,"n":0},"geometry":{"type":"Polygon","coordinates":[[[-96.85038,33.09812],[-96.84532,33.10076],[-96.84562,33.10583],[-96.85097,33.10827],[-96.85603,33.10563],[-96.85573,33.10056],[-96.85038,33.09812]]]}},{"type":"Feature","properties":{"h3":"8826c87751fffff","mii":9,"trt":0.0,"glp1":0.0,"pharmacy":0.0,"gym":0.0,"n":0},"geometry":{"type":"Polygon","coordinates":[[[-96.82956,33.09853],[-96.8245,33.10117],[-96.82479,33.10624],[-96.83015,33.10868],[-96.8352,33.10604],[-96.83491,33.10097],[-96.82956,33.09853]]]}},{"type":"Feature","properties":{"h3":"8826c80d91fffff","mii":9,"trt":0.0,"glp1":0.0,"pharmacy":0.0,"gym":0.0,"n":0},"geometry":{"type":"Polygon","coordinates":[[[-96.80009,33.12957],[-96.79503,33.1322],[-96.79532,33.13727],[-96.80068,33.13971],[-96.80574,33.13707],[-96.80544,33.132],[-96.80009,33.12957]]]}},{"type":"Feature","properties":{"h3":"8826c80d95fffff","mii":9,"trt":0.0,"glp1":0.0,"pharmacy":0.0,"gym":0.0,"n":0},"geometry":{"type":"Polygon","coordinates":[[[-96.8105,33.12937],[-96.80544,33.132],[-96.80574,33.13707],[-96.81109,33.13951],[-96.81615,33.13687],[-96.81585,33.1318],[-96.8105,33.12937]]]}},{"type":"Feature","properties":{"h3":"8826c8766dfffff","mii":9,"trt":0.0,"glp1":0.0,"pharmacy":0.0,"gym":0.0,"n":0},"geometry":{"type":"Polygon","coordinates":[[[-96.80962,33.11415],[-96.80456,33.11679],[-96.80486,33.12186],[-96.81021,33.12429],[-96.81527,33.12166],[-96.81497,33.11659],[-96.80962,33.11415]]]}},{"type":"Feature","properties":{"h3":"8826c87669fffff","mii":9,"trt":0.0,"glp1":0.0,"pharmacy":0.0,"gym":0.0,"n":0},"geometry":{"type":"Polygon","coordinates":[[[-96.79921,33.11435],[-96.79415,33.11699],[-96.79445,33.12206],[-96.7998,33.12449],[-96.80486,33.12186],[-96.80456,33.11679],[-96.79921,33.11435]]]}},{"type":"Feature","properties":{"h3":"8826c80d93fffff","mii":9,"trt":0.0,"glp1":0.0,"pharmacy":0.0,"gym":0.0,"n":0},"geometry":{"type":"Polygon","coordinates":[[[-96.79445,33.12206],[-96.78939,33.12469],[-96.78968,33.12976],[-96.79503,33.1322],[-96.80009,33.12957],[-96.7998,33.12449],[-96.79445,33.12206]]]}},{"type":"Feature","properties":{"h3":"8826c82b05fffff","mii":9,"trt":0.0,"glp1":0.0,"pharmacy":0.0,"gym":0.0,"n":0},"geometry":{"type":"Polygon","coordinates":[[[-96.71379,32.98649],[-96.70874,32.98912],[-96.70903,32.99419],[-96.71437,32.99663],[-96.71942,32.994],[-96.71913,32.98892],[-96.71379,32.98649]]]}},{"type":"Feature","properties":{"h3":"8826c82b39fffff","mii":9,"trt":0.0,"glp1":0.0,"pharmacy":0.0,"gym":0.0,"n":0},"geometry":{"type":"Polygon","coordinates":[[[-96.70253,32.97146],[-96.69748,32.97409],[-96.69777,32.97917],[-96.70311,32.98161],[-96.70816,32.97897],[-96.70787,32.9739],[-96.70253,32.97146]]]}},{"type":"Feature","properties":{"h3":"8826c82b21fffff","mii":9,"trt":0.0,"glp1":0.0,"pharmacy":0.0,"gym":0.0,"n":0},"geometry":{"type":"Polygon","coordinates":[[[-96.72895,32.97858],[-96.72389,32.98121],[-96.72418,32.98629],[-96.72952,32.98873],[-96.73458,32.98609],[-96.73429,32.98102],[-96.72895,32.97858]]]}},{"type":"Feature","properties":{"h3":"8826c82b27fffff","mii":9,"trt":0.0,"glp1":0.0,"pharmacy":0.0,"gym":0.0,"n":0},"geometry":{"type":"Polygon","coordinates":[[[-96.73371,32.97087],[-96.72866,32.9735],[-96.72895,32.97858],[-96.73429,32.98102],[-96.73934,32.97838],[-96.73905,32.97331],[-96.73371,32.97087]]]}},{"type":"Feature","properties":{"h3":"8826c82949fffff","mii":9,"trt":0.0,"glp1":0.0,"pharmacy":0.0,"gym":0.0,"n":0},"geometry":{"type":"Polygon","coordinates":[[[-96.72808,32.96336],[-96.72303,32.96599],[-96.72332,32.97107],[-96.72866,32.9735],[-96.73371,32.97087],[-96.73342,32.96579],[-96.72808,32.96336]]]}},{"type":"Feature","properties":{"h3":"8826c8294bfffff","mii":9,"trt":0.0,"glp1":0.0,"pharmacy":0.0,"gym":0.0,"n":0},"geometry":{"type":"Polygon","coordinates":[[[-96.72245,32.95584],[-96.7174,32.95848],[-96.71769,32.96355],[-96.72303,32.96599],[-96.72808,32.96336],[-96.72779,32.95828],[-96.72245,32.95584]]]}},{"type":"Feature","properties":{"h3":"8826c82b33fffff","mii":9,"trt":0.0,"glp1":0.0,"pharmacy":0.0,"gym":0.0,"n":0},"geometry":{"type":"Polygon","coordinates":[[[-96.70167,32.95624],[-96.69662,32.95887],[-96.69691,32.96395],[-96.70225,32.96639],[-96.7073,32.96375],[-96.70701,32.95868],[-96.70167,32.95624]]]}},{"type":"Feature","properties":{"h3":"8826c872dbfffff","mii":9,"trt":0.0,"glp1":0.0,"pharmacy":0.0,"gym":0.0,"n":0},"geometry":{"type":"Polygon","coordinates":[[[-96.85869,33.15128],[-96.85363,33.15391],[-96.85392,33.15899],[-96.85928,33.16142],[-96.86434,33.15878],[-96.86404,33.15371],[-96.85869,33.15128]]]}},{"type":"Feature","properties":{"h3":"8826c872d1fffff","mii":9,"trt":0.0,"glp1":0.0,"pharmacy":0.0,"gym":0.0,"n":0},"geometry":{"type":"Polygon","coordinates":[[[-96.8691,33.15107],[-96.86404,33.15371],[-96.86434,33.15878],[-96.8697,33.16122],[-96.87476,33.15858],[-96.87446,33.15351],[-96.8691,33.15107]]]}},{"type":"Feature","properties":{"h3":"8826c872d7fffff","mii":9,"trt":0.0,"glp1":0.0,"pharmacy":0.0,"gym":0.0,"n":0},"geometry":{"type":"Polygon","coordinates":[[[-96.87387,33.14336],[-96.86881,33.146],[-96.8691,33.15107],[-96.87446,33.15351],[-96.87952,33.15087],[-96.87922,33.1458],[-96.87387,33.14336]]]}},{"type":"Feature","properties":{"h3":"8826c87299fffff","mii":9,"trt":0.0,"glp1":0.0,"pharmacy":0.0,"gym":0.0,"n":0},"geometry":{"type":"Polygon","coordinates":[[[-96.86821,33.13586],[-96.86316,33.1385],[-96.86345,33.14357],[-96.86881,33.146],[-96.87387,33.14336],[-96.87357,33.13829],[-96.86821,33.13586]]]}},{"type":"Feature","properties":{"h3":"8826c80da5fffff","mii":9,"trt":0.0,"glp1":0.0,"pharmacy":0.0,"gym":0.0,"n":0},"geometry":{"type":"Polygon","coordinates":[[[-96.8578,33.13606],[-96.85274,33.1387],[-96.85304,33.14377],[-96.85839,33.14621],[-96.86345,33.14357],[-96.86316,33.1385],[-96.8578,33.13606]]]}},{"type":"Feature","properties":{"h3":"8826c83b47fffff","mii":9,"trt":0.0,"glp1":0.0,"pharmacy":0.0,"gym":0.0,"n":0},"geometry":{"type":"Polygon","coordinates":[[[-96.67693,33.16231],[-96.67187,33.16494],[-96.67216,33.17001],[-96.6775,33.17245],[-96.68256,33.16982],[-96.68228,33.16475],[-96.67693,33.16231]]]}},{"type":"Feature","properties":{"h3":"8826c83b6bfffff","mii":9,"trt":0.0,"glp1":0.0,"pharmacy":0.0,"gym":0.0,"n":0},"geometry":{"type":"Polygon","coordinates":[[[-96.68734,33.16213],[-96.68228,33.16475],[-96.68256,33.16982],[-96.68791,33.17226],[-96.69297,33.16963],[-96.69268,33.16456],[-96.68734,33.16213]]]}},{"type":"Feature","properties":{"h3":"8826c83b63fffff","mii":9,"trt":0.0,"glp1":0.0,"pharmacy":0.0,"gym":0.0,"n":0},"geometry":{"type":"Polygon","coordinates":[[[-96.69211,33.15443],[-96.68705,33.15706],[-96.68734,33.16213],[-96.69268,33.16456],[-96.69774,33.16194],[-96.69746,33.15687],[-96.69211,33.15443]]]}},{"type":"Feature","properties":{"h3":"8826c83b05fffff","mii":9,"trt":0.0,"glp1":0.0,"pharmacy":0.0,"gym":0.0,"n":0},"geometry":{"type":"Polygon","coordinates":[[[-96.68647,33.14692],[-96.68141,33.14955],[-96.6817,33.15462],[-96.68705,33.15706],[-96.69211,33.15443],[-96.69182,33.14936],[-96.68647,33.14692]]]}},{"type":"Feature","properties":{"h3":"8826c83b01fffff","mii":9,"trt":0.0,"glp1":0.0,"pharmacy":0.0,"gym":0.0,"n":0},"geometry":{"type":"Polygon","coordinates":[[[-96.67607,33.14711],[-96.67101,33.14974],[-96.67129,33.1548],[-96.67664,33.15724],[-96.6817,33.15462],[-96.68141,33.14955],[-96.67607,33.14711]]]}},{"type":"Feature","properties":{"h3":"8826c83b09fffff","mii":9,"trt":0.0,"glp1":0.0,"pharmacy":0.0,"gym":0.0,"n":0},"geometry":{"type":"Polygon","coordinates":[[[-96.67129,33.1548],[-96.66624,33.15743],[-96.66652,33.1625],[-96.67187,33.16494],[-96.67693,33.16231],[-96.67664,33.15724],[-96.67129,33.1548]]]}},{"type":"Feature","properties":{"h3":"8826c801b3fffff","mii":9,"trt":0.0,"glp1":0.0,"pharmacy":0.0,"gym":0.0,"n":0},"geometry":{"type":"Polygon","coordinates":[[[-96.79282,33.27434],[-96.78775,33.27697],[-96.78805,33.28204],[-96.7934,33.28447],[-96.79847,33.28184],[-96.79818,33.27678],[-96.79282,33.27434]]]}},{"type":"Feature","properties":{"h3":"8826c801b7fffff","mii":9,"trt":0.0,"glp1":0.0,"pharmacy":0.0,"gym":0.0,"n":0},"geometry":{"type":"Polygon","coordinates":[[[-96.80324,33.27414],[-96.79818,33.27678],[-96.79847,33.28184],[-96.80383,33.28428],[-96.80889,33.28165],[-96.8086,33.27658],[-96.80324,33.27414]]]}},{"type":"Feature","properties":{"h3":"8826c80f5dfffff","mii":9,"trt":0.0,"glp1":0.0,"pharmacy":0.0,"gym":0.0,"n":0},"geometry":{"type":"Polygon","coordinates":[[[-96.80801,33.26644],[-96.80295,33.26908],[-96.80324,33.27414],[-96.8086,33.27658],[-96.81367,33.27395],[-96.81337,33.26888],[-96.80801,33.26644]]]}},{"type":"Feature","properties":{"h3":"8826c80f51fffff","mii":9,"trt":0.0,"glp1":0.0,"pharmacy":0.0,"gym":0.0,"n":0},"geometry":{"type":"Polygon","coordinates":[[[-96.80236,33.25894],[-96.7973,33.26157],[-96.79759,33.26664],[-96.80295,33.26908],[-96.80801,33.26644],[-96.80772,33.26138],[-96.80236,33.25894]]]}},{"type":"Feature","properties":{"h3":"8826c80f5bfffff","mii":9,"trt":0.0,"glp1":0.0,"pharmacy":0.0,"gym":0.0,"n":0},"geometry":{"type":"Polygon","coordinates":[[[-96.79194,33.25914],[-96.78687,33.26177],[-96.78717,33.26683],[-96.79252,33.26927],[-96.79759,33.26664],[-96.7973,33.26157],[-96.79194,33.25914]]]}},{"type":"Feature","properties":{"h3":"8826c80e65fffff","mii":9,"trt":0.0,"glp1":0.0,"pharmacy":0.0,"gym":0.0,"n":0},"geometry":{"type":"Polygon","coordinates":[[[-96.78717,33.26683],[-96.7821,33.26947],[-96.78239,33.27453],[-96.78775,33.27697],[-96.79282,33.27434],[-96.79252,33.26927],[-96.78717,33.26683]]]}},{"type":"Feature","properties":{"h3":"8826c82e0dfffff","mii":9,"trt":0.0,"glp1":0.0,"pharmacy":0.0,"gym":0.0,"n":0},"geometry":{"type":"Polygon","coordinates":[[[-96.48506,32.8916],[-96.48001,32.89423],[-96.48029,32.8993],[-96.48561,32.90175],[-96.49066,32.89912],[-96.49038,32.89405],[-96.48506,32.8916]]]}},{"type":"Feature","properties":{"h3":"8826c82e05fffff","mii":9,"trt":0.0,"glp1":0.0,"pharmacy":0.0,"gym":0.0,"n":0},"geometry":{"type":"Polygon","coordinates":[[[-96.48983,32.8839],[-96.48478,32.88653],[-96.48506,32.8916],[-96.49038,32.89405],[-96.49543,32.89142],[-96.49515,32.88635],[-96.48983,32.8839]]]}},{"type":"Feature","properties":{"h3":"8826c82e07fffff","mii":9,"trt":0.0,"glp1":0.0,"pharmacy":0.0,"gym":0.0,"n":0},"geometry":{"type":"Polygon","coordinates":[[[-96.48423,32.87638],[-96.47918,32.87901],[-96.47946,32.88408],[-96.48478,32.88653],[-96.48983,32.8839],[-96.48955,32.87883],[-96.48423,32.87638]]]}},{"type":"Feature","properties":{"h3":"8826c83591fffff","mii":9,"trt":0.0,"glp1":0.0,"pharmacy":0.0,"gym":0.0,"n":0},"geometry":{"type":"Polygon","coordinates":[[[-96.31847,32.97812],[-96.31342,32.98074],[-96.31369,32.98581],[-96.31901,32.98826],[-96.32406,32.98564],[-96.32379,32.98057],[-96.31847,32.97812]]]}},{"type":"Feature","properties":{"h3":"8826c83595fffff","mii":9,"trt":0.0,"glp1":0.0,"pharmacy":0.0,"gym":0.0,"n":0},"geometry":{"type":"Polygon","coordinates":[[[-96.32884,32.97796],[-96.32379,32.98057],[-96.32406,32.98564],[-96.32938,32.98809],[-96.33443,32.98548],[-96.33416,32.98041],[-96.32884,32.97796]]]}},{"type":"Feature","properties":{"h3":"8826c835bbfffff","mii":9,"trt":0.0,"glp1":0.0,"pharmacy":0.0,"gym":0.0,"n":0},"geometry":{"type":"Polygon","coordinates":[[[-96.33362,32.97027],[-96.32857,32.97289],[-96.32884,32.97796],[-96.33416,32.98041],[-96.33921,32.97779],[-96.33894,32.97272],[-96.33362,32.97027]]]}},{"type":"Feature","properties":{"h3":"8826c8266dfffff","mii":9,"trt":0.0,"glp1":0.0,"pharmacy":0.0,"gym":0.0,"n":0},"geometry":{"type":"Polygon","coordinates":[[[-96.32803,32.96275],[-96.32298,32.96536],[-96.32325,32.97043],[-96.32857,32.97289],[-96.33362,32.97027],[-96.33335,32.9652],[-96.32803,32.96275]]]}},{"type":"Feature","properties":{"h3":"8826c82669fffff","mii":9,"trt":0.0,"glp1":0.0,"pharmacy":0.0,"gym":0.0,"n":0},"geometry":{"type":"Polygon","coordinates":[[[-96.31766,32.96291],[-96.31261,32.96553],[-96.31288,32.9706],[-96.3182,32.97305],[-96.32325,32.97043],[-96.32298,32.96536],[-96.31766,32.96291]]]}},{"type":"Feature","properties":{"h3":"8826c83593fffff","mii":9,"trt":0.0,"glp1":0.0,"pharmacy":0.0,"gym":0.0,"n":0},"geometry":{"type":"Polygon","coordinates":[[[-96.31288,32.9706],[-96.30783,32.97321],[-96.3081,32.97828],[-96.31342,32.98074],[-96.31847,32.97812],[-96.3182,32.97305],[-96.31288,32.9706]]]}},{"type":"Feature","properties":{"h3":"8826c8ad37fffff","mii":9,"trt":0.0,"glp1":0.0,"pharmacy":0.0,"gym":0.0,"n":0},"geometry":{"type":"Polygon","coordinates":[[[-96.3602,33.17525],[-96.35514,33.17786],[-96.35541,33.18293],[-96.36074,33.18538],[-96.3658,33.18277],[-96.36553,33.1777],[-96.3602,33.17525]]]}},{"type":"Feature","properties":{"h3":"8826c832cbfffff","mii":9,"trt":0.0,"glp1":0.0,"pharmacy":0.0,"gym":0.0,"n":0},"geometry":{"type":"Polygon","coordinates":[[[-96.37059,33.17509],[-96.36553,33.1777],[-96.3658,33.18277],[-96.37113,33.18522],[-96.37619,33.1826],[-96.37592,33.17754],[-96.37059,33.17509]]]}},{"type":"Feature","properties":{"h3":"8826c832c3fffff","mii":9,"trt":0.0,"glp1":0.0,"pharmacy":0.0,"gym":0.0,"n":0},"geometry":{"type":"Polygon","coordinates":[[[-96.37537,33.16741],[-96.37031,33.17002],[-96.37059,33.17509],[-96.37592,33.17754],[-96.38098,33.17492],[-96.3807,33.16986],[-96.37537,33.16741]]]}},{"type":"Feature","properties":{"h3":"8826c832d5fffff","mii":9,"trt":0.0,"glp1":0.0,"pharmacy":0.0,"gym":0.0,"n":0},"geometry":{"type":"Polygon","coordinates":[[[-96.36977,33.15989],[-96.36471,33.16251],[-96.36498,33.16757],[-96.37031,33.17002],[-96.37537,33.16741],[-96.3751,33.16234],[-96.36977,33.15989]]]}},{"type":"Feature","properties":{"h3":"8826c832d1fffff","mii":9,"trt":0.0,"glp1":0.0,"pharmacy":0.0,"gym":0.0,"n":0},"geometry":{"type":"Polygon","coordinates":[[[-96.35938,33.16005],[-96.35432,33.16267],[-96.35459,33.16773],[-96.35992,33.17018],[-96.36498,33.16757],[-96.36471,33.16251],[-96.35938,33.16005]]]}},{"type":"Feature","properties":{"h3":"8826c832d9fffff","mii":9,"trt":0.0,"glp1":0.0,"pharmacy":0.0,"gym":0.0,"n":0},"geometry":{"type":"Polygon","coordinates":[[[-96.35459,33.16773],[-96.34953,33.17034],[-96.34981,33.17541],[-96.35514,33.17786],[-96.3602,33.17525],[-96.35992,33.17018],[-96.35459,33.16773]]]}},{"type":"Feature","properties":{"h3":"8826c8298dfffff","mii":9,"trt":0.45,"glp1":0.0,"pharmacy":0.0,"gym":0.0,"n":1},"geometry":{"type":"Polygon","coordinates":[[[-96.70298,32.88762],[-96.69793,32.89026],[-96.69822,32.89534],[-96.70355,32.89778],[-96.7086,32.89514],[-96.70831,32.89006],[-96.70298,32.88762]]]}},{"type":"Feature","properties":{"h3":"8826c86601fffff","mii":9,"trt":0.45,"glp1":0.0,"pharmacy":0.0,"gym":0.0,"n":1},"geometry":{"type":"Polygon","coordinates":[[[-96.80947,32.93128],[-96.80442,32.93393],[-96.80471,32.939],[-96.81005,32.94144],[-96.8151,32.9388],[-96.81481,32.93372],[-96.80947,32.93128]]]}},{"type":"Feature","properties":{"h3":"8826caa4cbfffff","mii":9,"trt":0.45,"glp1":0.0,"pharmacy":0.0,"gym":0.0,"n":1},"geometry":{"type":"Polygon","coordinates":[[[-97.29852,32.83664],[-97.29347,32.8393],[-97.29378,32.84439],[-97.29915,32.84681],[-97.3042,32.84414],[-97.30388,32.83906],[-97.29852,32.83664]]]}},{"type":"Feature","properties":{"h3":"8826cbc145fffff","mii":9,"trt":0.45,"glp1":0.0,"pharmacy":0.0,"gym":0.0,"n":1},"geometry":{"type":"Polygon","coordinates":[[[-97.30607,32.6225],[-97.30104,32.62517],[-97.30135,32.63026],[-97.3067,32.63268],[-97.31174,32.63001],[-97.31143,32.62492],[-97.30607,32.6225]]]}},{"type":"Feature","properties":{"h3":"8826cbd95bfffff","mii":9,"trt":0.0,"glp1":0.0,"pharmacy":0.0,"gym":0.0,"n":0},"geometry":{"type":"Polygon","coordinates":[[[-97.41577,32.7115],[-97.41073,32.71417],[-97.41105,32.71926],[-97.41641,32.72167],[-97.42146,32.719],[-97.42113,32.71391],[-97.41577,32.7115]]]}},{"type":"Feature","properties":{"h3":"8826cbd867fffff","mii":9,"trt":0.0,"glp1":0.0,"pharmacy":0.0,"gym":0.0,"n":0},"geometry":{"type":"Polygon","coordinates":[[[-97.40537,32.71176],[-97.40033,32.71444],[-97.40065,32.71952],[-97.40601,32.72194],[-97.41105,32.71926],[-97.41073,32.71417],[-97.40537,32.71176]]]}},{"type":"Feature","properties":{"h3":"8826cbd861fffff","mii":9,"trt":0.0,"glp1":0.0,"pharmacy":0.0,"gym":0.0,"n":0},"geometry":{"type":"Polygon","coordinates":[[[-97.40065,32.71952],[-97.3956,32.7222],[-97.39592,32.72729],[-97.40129,32.7297],[-97.40633,32.72702],[-97.40601,32.72194],[-97.40065,32.71952]]]}},{"type":"Feature","properties":{"h3":"8826cbd0e1fffff","mii":9,"trt":0.45,"glp1":0.0,"pharmacy":0.0,"gym":0.0,"n":1},"geometry":{"type":"Polygon","coordinates":[[[-97.18226,32.72482],[-97.17722,32.72749],[-97.17753,32.73257],[-97.18288,32.73499],[-97.18793,32.73233],[-97.18762,32.72724],[-97.18226,32.72482]]]}},{"type":"Feature","properties":{"h3":"8826c86dc5fffff","mii":9,"trt":0.0,"glp1":0.0,"pharmacy":0.0,"gym":0.0,"n":0},"geometry":{"type":"Polygon","coordinates":[[[-97.06123,32.78868],[-97.05618,32.79133],[-97.05649,32.79641],[-97.06184,32.79884],[-97.06688,32.79618],[-97.06658,32.7911],[-97.06123,32.78868]]]}},{"type":"Feature","properties":{"h3":"8826c86de9fffff","mii":9,"trt":0.0,"glp1":0.0,"pharmacy":0.0,"gym":0.0,"n":0},"geometry":{"type":"Polygon","coordinates":[[[-97.07162,32.78844],[-97.06658,32.7911],[-97.06688,32.79618],[-97.07223,32.79861],[-97.07728,32.79595],[-97.07697,32.79087],[-97.07162,32.78844]]]}},{"type":"Feature","properties":{"h3":"8826c86d8dfffff","mii":9,"trt":0.0,"glp1":0.0,"pharmacy":0.0,"gym":0.0,"n":0},"geometry":{"type":"Polygon","coordinates":[[[-97.06031,32.77343],[-97.05527,32.77608],[-97.05558,32.78117],[-97.06092,32.78359],[-97.06597,32.78094],[-97.06566,32.77585],[-97.06031,32.77343]]]}},{"type":"Feature","properties":{"h3":"8826c86dc7fffff","mii":9,"trt":0.0,"glp1":0.0,"pharmacy":0.0,"gym":0.0,"n":0},"geometry":{"type":"Polygon","coordinates":[[[-97.05558,32.78117],[-97.05053,32.78382],[-97.05083,32.78891],[-97.05618,32.79133],[-97.06123,32.78868],[-97.06092,32.78359],[-97.05558,32.78117]]]}},{"type":"Feature","properties":{"h3":"8826cbd74bfffff","mii":9,"trt":0.0,"glp1":0.0,"pharmacy":0.0,"gym":0.0,"n":0},"geometry":{"type":"Polygon","coordinates":[[[-97.07362,32.73495],[-97.06857,32.73761],[-97.06888,32.7427],[-97.07423,32.74512],[-97.07927,32.74246],[-97.07896,32.73738],[-97.07362,32.73495]]]}},{"type":"Feature","properties":{"h3":"8826cbd749fffff","mii":9,"trt":0.45,"glp1":0.0,"pharmacy":0.0,"gym":0.0,"n":1},"geometry":{"type":"Polygon","coordinates":[[[-97.07927,32.74246],[-97.07423,32.74512],[-97.07453,32.7502],[-97.07988,32.75263],[-97.08492,32.74997],[-97.08462,32.74489],[-97.07927,32.74246]]]}},{"type":"Feature","properties":{"h3":"8826c814a3fffff","mii":9,"trt":0.0,"glp1":0.0,"pharmacy":0.0,"gym":0.0,"n":0},"geometry":{"type":"Polygon","coordinates":[[[-96.56224,33.34686],[-96.55717,33.34948],[-96.55746,33.35454],[-96.56281,33.35699],[-96.56788,33.35437],[-96.56759,33.34931],[-96.56224,33.34686]]]}},{"type":"Feature","properties":{"h3":"8826c814a7fffff","mii":9,"trt":0.0,"glp1":0.0,"pharmacy":0.0,"gym":0.0,"n":0},"geometry":{"type":"Polygon","coordinates":[[[-96.57266,33.34669],[-96.56759,33.34931],[-96.56788,33.35437],[-96.57323,33.35681],[-96.57829,33.35419],[-96.57801,33.34913],[-96.57266,33.34669]]]}},{"type":"Feature","properties":{"h3":"8826c8064dfffff","mii":9,"trt":0.0,"glp1":0.0,"pharmacy":0.0,"gym":0.0,"n":0},"geometry":{"type":"Polygon","coordinates":[[[-96.57744,33.339],[-96.57238,33.34162],[-96.57266,33.34669],[-96.57801,33.34913],[-96.58308,33.34651],[-96.58279,33.34145],[-96.57744,33.339]]]}},{"type":"Feature","properties":{"h3":"8826c80641fffff","mii":9,"trt":0.0,"glp1":0.0,"pharmacy":0.0,"gym":0.0,"n":0},"geometry":{"type":"Polygon","coordinates":[[[-96.57181,33.3315],[-96.56674,33.33412],[-96.56703,33.33918],[-96.57238,33.34162],[-96.57744,33.339],[-96.57716,33.33394],[-96.57181,33.3315]]]}},{"type":"Feature","properties":{"h3":"8826c8064bfffff","mii":9,"trt":0.0,"glp1":0.0,"pharmacy":0.0,"gym":0.0,"n":0},"geometry":{"type":"Polygon","coordinates":[[[-96.56139,33.33167],[-96.55633,33.33429],[-96.55661,33.33935],[-96.56196,33.3418],[-96.56703,33.33918],[-96.56674,33.33412],[-96.56139,33.33167]]]}},{"type":"Feature","properties":{"h3":"8826c814b5fffff","mii":9,"trt":0.0,"glp1":0.0,"pharmacy":0.0,"gym":0.0,"n":0},"geometry":{"type":"Polygon","coordinates":[[[-96.55661,33.33935],[-96.55154,33.34197],[-96.55183,33.34703],[-96.55717,33.34948],[-96.56224,33.34686],[-96.56196,33.3418],[-96.55661,33.33935]]]}},{"type":"Feature","properties":{"h3":"8826c87885fffff","mii":9,"trt":0.0,"glp1":0.0,"pharmacy":0.0,"gym":0.0,"n":0},"geometry":{"type":"Polygon","coordinates":[[[-97.11754,33.03159],[-97.11248,33.03424],[-97.11279,33.03932],[-97.11815,33.04174],[-97.12321,33.03909],[-97.1229,33.03401],[-97.11754,33.03159]]]}},{"type":"Feature","properties":{"h3":"8826c878a9fffff","mii":9,"trt":0.0,"glp1":0.0,"pharmacy":0.0,"gym":0.0,"n":0},"geometry":{"type":"Polygon","coordinates":[[[-97.12795,33.03136],[-97.1229,33.03401],[-97.12321,33.03909],[-97.12857,33.04151],[-97.13363,33.03886],[-97.13332,33.03378],[-97.12795,33.03136]]]}},{"type":"Feature","properties":{"h3":"8826c878a1fffff","mii":9,"trt":0.0,"glp1":0.0,"pharmacy":0.0,"gym":0.0,"n":0},"geometry":{"type":"Polygon","coordinates":[[[-97.1327,33.02363],[-97.12765,33.02628],[-97.12795,33.03136],[-97.13332,33.03378],[-97.13837,33.03113],[-97.13806,33.02605],[-97.1327,33.02363]]]}},{"type":"Feature","properties":{"h3":"8826c878a3fffff","mii":9,"trt":0.0,"glp1":0.0,"pharmacy":0.0,"gym":0.0,"n":0},"geometry":{"type":"Polygon","coordinates":[[[-97.12703,33.01612],[-97.12198,33.01878],[-97.12228,33.02386],[-97.12765,33.02628],[-97.1327,33.02363],[-97.13239,33.01855],[-97.12703,33.01612]]]}},{"type":"Feature","properties":{"h3":"8826c878bdfffff","mii":9,"trt":0.0,"glp1":0.0,"pharmacy":0.0,"gym":0.0,"n":0},"geometry":{"type":"Polygon","coordinates":[[[-97.11661,33.01635],[-97.11156,33.01901],[-97.11187,33.02408],[-97.11723,33.02651],[-97.12228,33.02386],[-97.12198,33.01878],[-97.11661,33.01635]]]}},{"type":"Feature","properties":{"h3":"8826c87887fffff","mii":9,"trt":0.0,"glp1":0.0,"pharmacy":0.0,"gym":0.0,"n":0},"geometry":{"type":"Polygon","coordinates":[[[-97.11187,33.02408],[-97.10681,33.02674],[-97.10712,33.03181],[-97.11248,33.03424],[-97.11754,33.03159],[-97.11723,33.02651],[-97.11187,33.02408]]]}},{"type":"Feature","properties":{"h3":"8826c87223fffff","mii":9,"trt":0.0,"glp1":0.0,"pharmacy":0.0,"gym":0.0,"n":0},"geometry":{"type":"Polygon","coordinates":[[[-96.95425,33.17984],[-96.94919,33.18248],[-96.94949,33.18755],[-96.95485,33.18998],[-96.95991,33.18734],[-96.95961,33.18227],[-96.95425,33.17984]]]}},{"type":"Feature","properties":{"h3":"8826c87227fffff","mii":9,"trt":0.0,"glp1":0.0,"pharmacy":0.0,"gym":0.0,"n":0},"geometry":{"type":"Polygon","coordinates":[[[-96.96468,33.17963],[-96.95961,33.18227],[-96.95991,33.18734],[-96.96528,33.18977],[-96.97034,33.18713],[-96.97004,33.18206],[-96.96468,33.17963]]]}},{"type":"Feature","properties":{"h3":"8826c8704dfffff","mii":9,"trt":0.0,"glp1":0.0,"pharmacy":0.0,"gym":0.0,"n":0},"geometry":{"type":"Polygon","coordinates":[[[-96.96944,33.17191],[-96.96437,33.17456],[-96.96468,33.17963],[-96.97004,33.18206],[-96.9751,33.17941],[-96.9748,33.17434],[-96.96944,33.17191]]]}},{"type":"Feature","properties":{"h3":"8826c87041fffff","mii":9,"trt":0.0,"glp1":0.0,"pharmacy":0.0,"gym":0.0,"n":0},"geometry":{"type":"Polygon","coordinates":[[[-96.96377,33.16441],[-96.95871,33.16705],[-96.95901,33.17213],[-96.96437,33.17456],[-96.96944,33.17191],[-96.96914,33.16684],[-96.96377,33.16441]]]}},{"type":"Feature","properties":{"h3":"8826c8704bfffff","mii":9,"trt":0.0,"glp1":0.0,"pharmacy":0.0,"gym":0.0,"n":0},"geometry":{"type":"Polygon","coordinates":[[[-96.95335,33.16462],[-96.94829,33.16726],[-96.94859,33.17234],[-96.95395,33.17477],[-96.95901,33.17213],[-96.95871,33.16705],[-96.95335,33.16462]]]}},{"type":"Feature","properties":{"h3":"8826c87235fffff","mii":9,"trt":0.0,"glp1":0.0,"pharmacy":0.0,"gym":0.0,"n":0},"geometry":{"type":"Polygon","coordinates":[[[-96.94859,33.17234],[-96.94353,33.17498],[-96.94383,33.18005],[-96.94919,33.18248],[-96.95425,33.17984],[-96.95395,33.17477],[-96.94859,33.17234]]]}},{"type":"Feature","properties":{"h3":"8826c838b5fffff","mii":9,"trt":0.0,"glp1":0.0,"pharmacy":0.0,"gym":0.0,"n":0},"geometry":{"type":"Polygon","coordinates":[[[-96.6116,33.01884],[-96.60654,33.02147],[-96.60683,33.02654],[-96.61216,33.02898],[-96.61722,33.02635],[-96.61693,33.02128],[-96.6116,33.01884]]]}},{"type":"Feature","properties":{"h3":"8826c82a49fffff","mii":9,"trt":0.0,"glp1":0.0,"pharmacy":0.0,"gym":0.0,"n":0},"geometry":{"type":"Polygon","coordinates":[[[-96.62199,33.01865],[-96.61693,33.02128],[-96.61722,33.02635],[-96.62256,33.0288],[-96.62761,33.02617],[-96.62732,33.02109],[-96.62199,33.01865]]]}},{"type":"Feature","properties":{"h3":"8826c82a41fffff","mii":9,"trt":0.0,"glp1":0.0,"pharmacy":0.0,"gym":0.0,"n":0},"geometry":{"type":"Polygon","coordinates":[[[-96.62675,33.01095],[-96.6217,33.01358],[-96.62199,33.01865],[-96.62732,33.02109],[-96.63238,33.01846],[-96.63209,33.01339],[-96.62675,33.01095]]]}},{"type":"Feature","properties":{"h3":"8826c83801fffff","mii":9,"trt":0.0,"glp1":0.0,"pharmacy":0.0,"gym":0.0,"n":0},"geometry":{"type":"Polygon","coordinates":[[[-96.63665,33.09453],[-96.6316,33.09716],[-96.63188,33.10223],[-96.63723,33.10467],[-96.64228,33.10204],[-96.642,33.09697],[-96.63665,33.09453]]]}},{"type":"Feature","properties":{"h3":"8826c83805fffff","mii":9,"trt":0.0,"glp1":0.0,"pharmacy":0.0,"gym":0.0,"n":0},"geometry":{"type":"Polygon","coordinates":[[[-96.64705,33.09434],[-96.642,33.09697],[-96.64228,33.10204],[-96.64762,33.10448],[-96.65268,33.10185],[-96.6524,33.09678],[-96.64705,33.09434]]]}},{"type":"Feature","properties":{"h3":"8826c8382bfffff","mii":9,"trt":0.0,"glp1":0.0,"pharmacy":0.0,"gym":0.0,"n":0},"geometry":{"type":"Polygon","coordinates":[[[-96.65182,33.08664],[-96.64677,33.08927],[-96.64705,33.09434],[-96.6524,33.09678],[-96.65745,33.09416],[-96.65717,33.08908],[-96.65182,33.08664]]]}},{"type":"Feature","properties":{"h3":"8826c8383dfffff","mii":9,"trt":0.0,"glp1":0.0,"pharmacy":0.0,"gym":0.0,"n":0},"geometry":{"type":"Polygon","coordinates":[[[-96.6462,33.07913],[-96.64114,33.08176],[-96.64143,33.08683],[-96.64677,33.08927],[-96.65182,33.08664],[-96.65154,33.08157],[-96.6462,33.07913]]]}},{"type":"Feature","properties":{"h3":"8826c83839fffff","mii":9,"trt":0.0,"glp1":0.0,"pharmacy":0.0,"gym":0.0,"n":0},"geometry":{"type":"Polygon","coordinates":[[[-96.6358,33.07932],[-96.63074,33.08195],[-96.63103,33.08702],[-96.63637,33.08946],[-96.64143,33.08683],[-96.64114,33.08176],[-96.6358,33.07932]]]}},{"type":"Feature","properties":{"h3":"8826c83803fffff","mii":9,"trt":0.0,"glp1":0.0,"pharmacy":0.0,"gym":0.0,"n":0},"geometry":{"type":"Polygon","coordinates":[[[-96.63103,33.08702],[-96.62597,33.08965],[-96.62626,33.09472],[-96.6316,33.09716],[-96.63665,33.09453],[-96.63637,33.08946],[-96.63103,33.08702]]]}},{"type":"Feature","properties":{"h3":"8826c82743fffff","mii":9,"trt":0.0,"glp1":1.65,"pharmacy":0.0,"gym":0.0,"n":3},"geometry":{"type":"Polygon","coordinates":[[[-96.36391,32.95456],[-96.35886,32.95718],[-96.35914,32.96225],[-96.36446,32.9647],[-96.36951,32.96208],[-96.36923,32.95701],[-96.36391,32.95456]]]}},{"type":"Feature","properties":{"h3":"8826c86445fffff","mii":9,"trt":0.0,"glp1":0.0,"pharmacy":0.0,"gym":0.0,"n":0},"geometry":{"type":"Polygon","coordinates":[[[-96.84927,32.89999],[-96.84422,32.90263],[-96.84452,32.90771],[-96.84986,32.91015],[-96.85491,32.9075],[-96.85462,32.90242],[-96.84927,32.89999]]]}},{"type":"Feature","properties":{"h3":"8826c86469fffff","mii":9,"trt":0.0,"glp1":0.0,"pharmacy":0.0,"gym":0.0,"n":0},"geometry":{"type":"Polygon","coordinates":[[[-96.85967,32.89978],[-96.85462,32.90242],[-96.85491,32.9075],[-96.86026,32.90993],[-96.86531,32.90729],[-96.86501,32.90221],[-96.85967,32.89978]]]}},{"type":"Feature","properties":{"h3":"8826c86461fffff","mii":9,"trt":0.0,"glp1":0.0,"pharmacy":0.0,"gym":0.0,"n":0},"geometry":{"type":"Polygon","coordinates":[[[-96.86442,32.89206],[-96.85937,32.8947],[-96.85967,32.89978],[-96.86501,32.90221],[-96.87006,32.89957],[-96.86976,32.89449],[-96.86442,32.89206]]]}},{"type":"Feature","properties":{"h3":"8826c86463fffff","mii":9,"trt":0.0,"glp1":0.0,"pharmacy":0.0,"gym":0.0,"n":0},"geometry":{"type":"Polygon","coordinates":[[[-96.85878,32.88455],[-96.85373,32.88719],[-96.85403,32.89227],[-96.85937,32.8947],[-96.86442,32.89206],[-96.86412,32.88698],[-96.85878,32.88455]]]}},{"type":"Feature","properties":{"h3":"8826c8640dfffff","mii":9,"trt":0.0,"glp1":0.0,"pharmacy":0.0,"gym":0.0,"n":0},"geometry":{"type":"Polygon","coordinates":[[[-96.84839,32.88476],[-96.84334,32.8874],[-96.84364,32.89248],[-96.84898,32.89491],[-96.85403,32.89227],[-96.85373,32.88719],[-96.84839,32.88476]]]}},{"type":"Feature","properties":{"h3":"8826c86447fffff","mii":9,"trt":0.0,"glp1":0.0,"pharmacy":0.0,"gym":0.0,"n":0},"geometry":{"type":"Polygon","coordinates":[[[-96.84364,32.89248],[-96.83859,32.89512],[-96.83888,32.9002],[-96.84422,32.90263],[-96.84927,32.89999],[-96.84898,32.89491],[-96.84364,32.89248]]]}},{"type":"Feature","properties":{"h3":"8826cb90e3fffff","mii":9,"trt":0.0,"glp1":0.0,"pharmacy":0.0,"gym":0.0,"n":0},"geometry":{"type":"Polygon","coordinates":[[[-96.668,32.72817],[-96.66296,32.73081],[-96.66325,32.73589],[-96.66857,32.73833],[-96.67361,32.73569],[-96.67333,32.73061],[-96.668,32.72817]]]}},{"type":"Feature","properties":{"h3":"8826cb90e7fffff","mii":9,"trt":0.0,"glp1":0.0,"pharmacy":0.0,"gym":0.0,"n":0},"geometry":{"type":"Polygon","coordinates":[[[-96.67837,32.72797],[-96.67333,32.73061],[-96.67361,32.73569],[-96.67894,32.73813],[-96.68398,32.73549],[-96.6837,32.73041],[-96.67837,32.72797]]]}},{"type":"Feature","properties":{"h3":"8826cb90adfffff","mii":9,"trt":0.0,"glp1":0.0,"pharmacy":0.0,"gym":0.0,"n":0},"geometry":{"type":"Polygon","coordinates":[[[-96.68312,32.72025],[-96.67808,32.72289],[-96.67837,32.72797],[-96.6837,32.73041],[-96.68874,32.72777],[-96.68845,32.72269],[-96.68312,32.72025]]]}},{"type":"Feature","properties":{"h3":"8826cb90a1fffff","mii":9,"trt":0.0,"glp1":0.0,"pharmacy":0.0,"gym":0.0,"n":0},"geometry":{"type":"Polygon","coordinates":[[[-96.67751,32.71273],[-96.67247,32.71538],[-96.67276,32.72046],[-96.67808,32.72289],[-96.68312,32.72025],[-96.68284,32.71517],[-96.67751,32.71273]]]}},{"type":"Feature","properties":{"h3":"8826cb90abfffff","mii":9,"trt":0.0,"glp1":0.0,"pharmacy":0.0,"gym":0.0,"n":0},"geometry":{"type":"Polygon","coordinates":[[[-96.66714,32.71294],[-96.66211,32.71558],[-96.66239,32.72066],[-96.66772,32.7231],[-96.67276,32.72046],[-96.67247,32.71538],[-96.66714,32.71294]]]}},{"type":"Feature","properties":{"h3":"8826cb9085fffff","mii":9,"trt":0.0,"glp1":0.0,"pharmacy":0.0,"gym":0.0,"n":0},"geometry":{"type":"Polygon","coordinates":[[[-96.66239,32.72066],[-96.65735,32.7233],[-96.65764,32.72837],[-96.66296,32.73081],[-96.668,32.72817],[-96.66772,32.7231],[-96.66239,32.72066]]]}},{"type":"Feature","properties":{"h3":"8826c8748dfffff","mii":9,"trt":0.0,"glp1":0.0,"pharmacy":0.0,"gym":0.0,"n":0},"geometry":{"type":"Polygon","coordinates":[[[-96.78179,32.9928],[-96.77674,32.99544],[-96.77703,33.00051],[-96.78238,33.00295],[-96.78743,33.00031],[-96.78714,32.99524],[-96.78179,32.9928]]]}},{"type":"Feature","properties":{"h3":"8826c865bdfffff","mii":9,"trt":0.0,"glp1":0.0,"pharmacy":0.0,"gym":0.0,"n":0},"geometry":{"type":"Polygon","coordinates":[[[-96.88551,32.80772],[-96.88047,32.81037],[-96.88076,32.81545],[-96.8861,32.81788],[-96.89115,32.81523],[-96.89085,32.81015],[-96.88551,32.80772]]]}},{"type":"Feature","properties":{"h3":"8826c865b1fffff","mii":9,"trt":0.0,"glp1":0.0,"pharmacy":0.0,"gym":0.0,"n":0},"geometry":{"type":"Polygon","coordinates":[[[-96.87987,32.80021],[-96.87483,32.80286],[-96.87512,32.80794],[-96.88047,32.81037],[-96.88551,32.80772],[-96.88521,32.80264],[-96.87987,32.80021]]]}},{"type":"Feature","properties":{"h3":"8826c865bbfffff","mii":9,"trt":0.0,"glp1":0.0,"pharmacy":0.0,"gym":0.0,"n":0},"geometry":{"type":"Polygon","coordinates":[[[-96.86949,32.80042],[-96.86444,32.80307],[-96.86474,32.80815],[-96.87008,32.81058],[-96.87512,32.80794],[-96.87483,32.80286],[-96.86949,32.80042]]]}},{"type":"Feature","properties":{"h3":"8826cbd747fffff","mii":9,"trt":0.0,"glp1":0.0,"pharmacy":0.0,"gym":0.0,"n":0},"geometry":{"type":"Polygon","coordinates":[[[-97.08874,32.72698],[-97.0837,32.72964],[-97.08401,32.73472],[-97.08935,32.73714],[-97.0944,32.73448],[-97.09409,32.7294],[-97.08874,32.72698]]]}},{"type":"Feature","properties":{"h3":"8826cbd70dfffff","mii":9,"trt":0.0,"glp1":0.0,"pharmacy":0.0,"gym":0.0,"n":0},"geometry":{"type":"Polygon","coordinates":[[[-97.09348,32.71923],[-97.08844,32.72189],[-97.08874,32.72698],[-97.09409,32.7294],[-97.09913,32.72674],[-97.09883,32.72166],[-97.09348,32.71923]]]}},{"type":"Feature","properties":{"h3":"8826cbd701fffff","mii":9,"trt":0.0,"glp1":0.0,"pharmacy":0.0,"gym":0.0,"n":0},"geometry":{"type":"Polygon","coordinates":[[[-97.08783,32.71172],[-97.08279,32.71438],[-97.08309,32.71947],[-97.08844,32.72189],[-97.09348,32.71923],[-97.09317,32.71415],[-97.08783,32.71172]]]}},{"type":"Feature","properties":{"h3":"8826cbd70bfffff","mii":9,"trt":0.0,"glp1":0.0,"pharmacy":0.0,"gym":0.0,"n":0},"geometry":{"type":"Polygon","coordinates":[[[-97.07744,32.71196],[-97.0724,32.71462],[-97.0727,32.7197],[-97.07805,32.72213],[-97.08309,32.71947],[-97.08279,32.71438],[-97.07744,32.71196]]]}},{"type":"Feature","properties":{"h3":"8826cbd161fffff","mii":9,"trt":0.0,"glp1":0.0,"pharmacy":0.0,"gym":0.0,"n":0},"geometry":{"type":"Polygon","coordinates":[[[-97.29473,32.77562],[-97.28969,32.77829],[-97.29,32.78338],[-97.29536,32.78579],[-97.30041,32.78313],[-97.30009,32.77804],[-97.29473,32.77562]]]}},{"type":"Feature","properties":{"h3":"8826cbd0ddfffff","mii":9,"trt":0.0,"glp1":0.0,"pharmacy":0.0,"gym":0.0,"n":0},"geometry":{"type":"Polygon","coordinates":[[[-97.14069,32.72579],[-97.13565,32.72845],[-97.13596,32.73353],[-97.14131,32.73596],[-97.14635,32.7333],[-97.14604,32.72821],[-97.14069,32.72579]]]}},{"type":"Feature","properties":{"h3":"8826cbd0c3fffff","mii":9,"trt":0.0,"glp1":0.0,"pharmacy":0.0,"gym":0.0,"n":0},"geometry":{"type":"Polygon","coordinates":[[[-97.15109,32.72555],[-97.14604,32.72821],[-97.14635,32.7333],[-97.1517,32.73572],[-97.15674,32.73305],[-97.15644,32.72797],[-97.15109,32.72555]]]}},{"type":"Feature","properties":{"h3":"8826cbd089fffff","mii":9,"trt":0.0,"glp1":0.0,"pharmacy":0.0,"gym":0.0,"n":0},"geometry":{"type":"Polygon","coordinates":[[[-97.15582,32.7178],[-97.15078,32.72046],[-97.15109,32.72555],[-97.15644,32.72797],[-97.16148,32.72531],[-97.16117,32.72022],[-97.15582,32.7178]]]}},{"type":"Feature","properties":{"h3":"8826cbd08bfffff","mii":9,"trt":0.0,"glp1":0.0,"pharmacy":0.0,"gym":0.0,"n":0},"geometry":{"type":"Polygon","coordinates":[[[-97.15016,32.71029],[-97.14512,32.71296],[-97.14543,32.71804],[-97.15078,32.72046],[-97.15582,32.7178],[-97.15551,32.71271],[-97.15016,32.71029]]]}},{"type":"Feature","properties":{"h3":"8826cbd0d7fffff","mii":9,"trt":0.0,"glp1":0.0,"pharmacy":0.0,"gym":0.0,"n":0},"geometry":{"type":"Polygon","coordinates":[[[-97.13977,32.71053],[-97.13473,32.7132],[-97.13504,32.71828],[-97.14039,32.7207],[-97.14543,32.71804],[-97.14512,32.71296],[-97.13977,32.71053]]]}},{"type":"Feature","properties":{"h3":"8826cbd0d1fffff","mii":9,"trt":0.0,"glp1":0.0,"pharmacy":0.0,"gym":0.0,"n":0},"geometry":{"type":"Polygon","coordinates":[[[-97.13504,32.71828],[-97.13,32.72094],[-97.1303,32.72603],[-97.13565,32.72845],[-97.14069,32.72579],[-97.14039,32.7207],[-97.13504,32.71828]]]}},{"type":"Feature","properties":{"h3":"8826cbca49fffff","mii":9,"trt":0.0,"glp1":0.0,"pharmacy":0.0,"gym":0.0,"n":0},"geometry":{"type":"Polygon","coordinates":[[[-97.36371,32.62871],[-97.35867,32.63139],[-97.35899,32.63648],[-97.36434,32.63889],[-97.36938,32.63622],[-97.36906,32.63113],[-97.36371,32.62871]]]}},{"type":"Feature","properties":{"h3":"8826cbca4dfffff","mii":9,"trt":0.0,"glp1":0.0,"pharmacy":0.0,"gym":0.0,"n":0},"geometry":{"type":"Polygon","coordinates":[[[-97.3741,32.62845],[-97.36906,32.63113],[-97.36938,32.63622],[-97.37474,32.63863],[-97.37978,32.63595],[-97.37946,32.63087],[-97.3741,32.62845]]]}},{"type":"Feature","properties":{"h3":"8826cbca45fffff","mii":9,"trt":0.0,"glp1":0.0,"pharmacy":0.0,"gym":0.0,"n":0},"geometry":{"type":"Polygon","coordinates":[[[-97.37882,32.62069],[-97.37378,32.62336],[-97.3741,32.62845],[-97.37946,32.63087],[-97.3845,32.62819],[-97.38418,32.6231],[-97.37882,32.62069]]]}},{"type":"Feature","properties":{"h3":"8826cbca47fffff","mii":9,"trt":0.0,"glp1":0.0,"pharmacy":0.0,"gym":0.0,"n":0},"geometry":{"type":"Polygon","coordinates":[[[-97.37315,32.61318],[-97.36811,32.61586],[-97.36843,32.62095],[-97.37378,32.62336],[-97.37882,32.62069],[-97.3785,32.6156],[-97.37315,32.61318]]]}},{"type":"Feature","properties":{"h3":"8826cbca43fffff","mii":9,"trt":0.0,"glp1":0.0,"pharmacy":0.0,"gym":0.0,"n":0},"geometry":{"type":"Polygon","coordinates":[[[-97.36275,32.61344],[-97.35772,32.61612],[-97.35803,32.62121],[-97.36339,32.62362],[-97.36843,32.62095],[-97.36811,32.61586],[-97.36275,32.61344]]]}},{"type":"Feature","properties":{"h3":"8826cbca4bfffff","mii":9,"trt":0.0,"glp1":0.0,"pharmacy":0.0,"gym":0.0,"n":0},"geometry":{"type":"Polygon","coordinates":[[[-97.35803,32.62121],[-97.353,32.62388],[-97.35331,32.62897],[-97.35867,32.63139],[-97.36371,32.62871],[-97.36339,32.62362],[-97.35803,32.62121]]]}},{"type":"Feature","properties":{"h3":"8826cbdb59fffff","mii":9,"trt":0.0,"glp1":1.65,"pharmacy":0.0,"gym":0.0,"n":3},"geometry":{"type":"Polygon","coordinates":[[[-97.38839,32.77333],[-97.38335,32.776],[-97.38367,32.78109],[-97.38903,32.7835],[-97.39408,32.78083],[-97.39376,32.77574],[-97.38839,32.77333]]]}},{"type":"Feature","properties":{"h3":"8826cbd111fffff","mii":9,"trt":0.0,"glp1":0.0,"pharmacy":0.0,"gym":0.0,"n":0},"geometry":{"type":"Polygon","coordinates":[[[-97.25124,32.74611],[-97.2462,32.74878],[-97.24651,32.75386],[-97.25187,32.75628],[-97.25691,32.75361],[-97.2566,32.74853],[-97.25124,32.74611]]]}},{"type":"Feature","properties":{"h3":"8826cbd1e9fffff","mii":9,"trt":0.0,"glp1":0.0,"pharmacy":0.0,"gym":0.0,"n":0},"geometry":{"type":"Polygon","coordinates":[[[-97.2503,32.73085],[-97.24526,32.73352],[-97.24557,32.73861],[-97.25093,32.74102],[-97.25597,32.73836],[-97.25566,32.73327],[-97.2503,32.73085]]]}},{"type":"Feature","properties":{"h3":"8826cbd113fffff","mii":9,"trt":0.0,"glp1":0.0,"pharmacy":0.0,"gym":0.0,"n":0},"geometry":{"type":"Polygon","coordinates":[[[-97.24557,32.73861],[-97.24053,32.74127],[-97.24084,32.74636],[-97.2462,32.74878],[-97.25124,32.74611],[-97.25093,32.74102],[-97.24557,32.73861]]]}},{"type":"Feature","properties":{"h3":"8826c8698dfffff","mii":9,"trt":0.0,"glp1":1.65,"pharmacy":0.0,"gym":0.0,"n":3},"geometry":{"type":"Polygon","coordinates":[[[-97.21239,32.87685],[-97.20734,32.87951],[-97.20765,32.88459],[-97.21301,32.88701],[-97.21806,32.88435],[-97.21775,32.87927],[-97.21239,32.87685]]]}},{"type":"Feature","properties":{"h3":"8826c8459dfffff","mii":9,"trt":0.0,"glp1":0.0,"pharmacy":0.0,"gym":0.0,"n":0},"geometry":{"type":"Polygon","coordinates":[[[-97.13721,33.18362],[-97.13215,33.18627],[-97.13245,33.19134],[-97.13783,33.19377],[-97.14289,33.19112],[-97.14258,33.18604],[-97.13721,33.18362]]]}},{"type":"Feature","properties":{"h3":"8826c84591fffff","mii":9,"trt":0.0,"glp1":0.0,"pharmacy":0.0,"gym":0.0,"n":0},"geometry":{"type":"Polygon","coordinates":[[[-97.13153,33.17612],[-97.12647,33.17877],[-97.12677,33.18385],[-97.13215,33.18627],[-97.13721,33.18362],[-97.1369,33.17855],[-97.13153,33.17612]]]}},{"type":"Feature","properties":{"h3":"8826c8459bfffff","mii":9,"trt":0.0,"glp1":0.0,"pharmacy":0.0,"gym":0.0,"n":0},"geometry":{"type":"Polygon","coordinates":[[[-97.1211,33.17635],[-97.11603,33.179],[-97.11634,33.18407],[-97.12171,33.1865],[-97.12677,33.18385],[-97.12647,33.17877],[-97.1211,33.17635]]]}},{"type":"Feature","properties":{"h3":"8826c87845fffff","mii":9,"trt":0.0,"glp1":0.0,"pharmacy":0.0,"gym":0.0,"n":0},"geometry":{"type":"Polygon","coordinates":[[[-97.15343,33.10704],[-97.14837,33.1097],[-97.14868,33.11477],[-97.15405,33.1172],[-97.15911,33.11454],[-97.1588,33.10947],[-97.15343,33.10704]]]}},{"type":"Feature","properties":{"h3":"8826c87869fffff","mii":9,"trt":0.0,"glp1":0.0,"pharmacy":0.0,"gym":0.0,"n":0},"geometry":{"type":"Polygon","coordinates":[[[-97.16386,33.10681],[-97.1588,33.10947],[-97.15911,33.11454],[-97.16448,33.11697],[-97.16954,33.11431],[-97.16923,33.10924],[-97.16386,33.10681]]]}},{"type":"Feature","properties":{"h3":"8826c87861fffff","mii":9,"trt":0.0,"glp1":0.0,"pharmacy":0.0,"gym":0.0,"n":0},"geometry":{"type":"Polygon","coordinates":[[[-97.16861,33.09908],[-97.16355,33.10174],[-97.16386,33.10681],[-97.16923,33.10924],[-97.17429,33.10658],[-97.17398,33.10151],[-97.16861,33.09908]]]}},{"type":"Feature","properties":{"h3":"8826c87863fffff","mii":9,"trt":0.0,"glp1":0.0,"pharmacy":0.0,"gym":0.0,"n":0},"geometry":{"type":"Polygon","coordinates":[[[-97.16293,33.09159],[-97.15787,33.09424],[-97.15818,33.09932],[-97.16355,33.10174],[-97.16861,33.09908],[-97.1683,33.09401],[-97.16293,33.09159]]]}},{"type":"Feature","properties":{"h3":"8826c8780dfffff","mii":9,"trt":0.0,"glp1":0.0,"pharmacy":0.0,"gym":0.0,"n":0},"geometry":{"type":"Polygon","coordinates":[[[-97.1525,33.09182],[-97.14744,33.09447],[-97.14775,33.09955],[-97.15312,33.10197],[-97.15818,33.09932],[-97.15787,33.09424],[-97.1525,33.09182]]]}},{"type":"Feature","properties":{"h3":"8826c87847fffff","mii":9,"trt":0.0,"glp1":0.0,"pharmacy":0.0,"gym":0.0,"n":0},"geometry":{"type":"Polygon","coordinates":[[[-97.14775,33.09955],[-97.1427,33.1022],[-97.143,33.10727],[-97.14837,33.1097],[-97.15343,33.10704],[-97.15312,33.10197],[-97.14775,33.09955]]]}},{"type":"Feature","properties":{"h3":"8826c866d1fffff","mii":9,"trt":0.0,"glp1":0.0,"pharmacy":0.35,"gym":0.0,"n":1},"geometry":{"type":"Polygon","coordinates":[[[-96.74451,32.88682],[-96.73946,32.88946],[-96.73975,32.89454],[-96.74509,32.89698],[-96.75014,32.89434],[-96.74985,32.88926],[-96.74451,32.88682]]]}},{"type":"Feature","properties":{"h3":"8826c86e1bfffff","mii":9,"trt":0.0,"glp1":0.0,"pharmacy":0.35,"gym":0.0,"n":1},"geometry":{"type":"Polygon","coordinates":[[[-96.95617,32.85964],[-96.95112,32.86229],[-96.95142,32.86737],[-96.95677,32.8698],[-96.96182,32.86715],[-96.96152,32.86207],[-96.95617,32.85964]]]}},{"type":"Feature","properties":{"h3":"8826c82a65fffff","mii":8,"trt":0.0,"glp1":0.0,"pharmacy":0.0,"gym":0.0,"n":0},"geometry":{"type":"Polygon","coordinates":[[[-96.66269,33.00268],[-96.65764,33.00531],[-96.65793,33.01038],[-96.66327,33.01282],[-96.66832,33.01019],[-96.66803,33.00512],[-96.66269,33.00268]]]}},{"type":"Feature","properties":{"h3":"8826c82b59fffff","mii":8,"trt":0.0,"glp1":0.0,"pharmacy":0.0,"gym":0.0,"n":0},"geometry":{"type":"Polygon","coordinates":[[[-96.67309,33.00248],[-96.66803,33.00512],[-96.66832,33.01019],[-96.67366,33.01263],[-96.67871,33.01],[-96.67842,33.00492],[-96.67309,33.00248]]]}},{"type":"Feature","properties":{"h3":"8826c82b51fffff","mii":8,"trt":0.0,"glp1":0.0,"pharmacy":0.0,"gym":0.0,"n":0},"geometry":{"type":"Polygon","coordinates":[[[-96.67785,32.99478],[-96.6728,32.99741],[-96.67309,33.00248],[-96.67842,33.00492],[-96.68348,33.00229],[-96.68319,32.99722],[-96.67785,32.99478]]]}},{"type":"Feature","properties":{"h3":"8826c82b53fffff","mii":8,"trt":0.0,"glp1":0.0,"pharmacy":0.0,"gym":0.0,"n":0},"geometry":{"type":"Polygon","coordinates":[[[-96.67222,32.98726],[-96.66717,32.9899],[-96.66746,32.99497],[-96.6728,32.99741],[-96.67785,32.99478],[-96.67756,32.9897],[-96.67222,32.98726]]]}},{"type":"Feature","properties":{"h3":"8826c82a2dfffff","mii":8,"trt":0.0,"glp1":0.0,"pharmacy":0.0,"gym":0.0,"n":0},"geometry":{"type":"Polygon","coordinates":[[[-96.66183,32.98746],[-96.65678,32.99009],[-96.65707,32.99516],[-96.66241,32.9976],[-96.66746,32.99497],[-96.66717,32.9899],[-96.66183,32.98746]]]}},{"type":"Feature","properties":{"h3":"8826c82a67fffff","mii":8,"trt":0.0,"glp1":0.0,"pharmacy":0.0,"gym":0.0,"n":0},"geometry":{"type":"Polygon","coordinates":[[[-96.65707,32.99516],[-96.65202,32.99779],[-96.6523,33.00287],[-96.65764,33.00531],[-96.66269,33.00268],[-96.66241,32.9976],[-96.65707,32.99516]]]}},{"type":"Feature","properties":{"h3":"8826c8681bfffff","mii":8,"trt":0.0,"glp1":0.0,"pharmacy":0.0,"gym":0.0,"n":0},"geometry":{"type":"Polygon","coordinates":[[[-97.14138,32.909],[-97.13633,32.91166],[-97.13664,32.91674],[-97.142,32.91916],[-97.14705,32.9165],[-97.14674,32.91142],[-97.14138,32.909]]]}},{"type":"Feature","properties":{"h3":"8826c868cdfffff","mii":8,"trt":0.0,"glp1":0.0,"pharmacy":0.0,"gym":0.0,"n":0},"geometry":{"type":"Polygon","coordinates":[[[-97.13572,32.9015],[-97.13067,32.90415],[-97.13098,32.90923],[-97.13633,32.91166],[-97.14138,32.909],[-97.14108,32.90392],[-97.13572,32.9015]]]}},{"type":"Feature","properties":{"h3":"8826c868c9fffff","mii":8,"trt":0.0,"glp1":0.0,"pharmacy":0.0,"gym":0.0,"n":0},"geometry":{"type":"Polygon","coordinates":[[[-97.12531,32.90173],[-97.12026,32.90439],[-97.12057,32.90947],[-97.12593,32.91189],[-97.13098,32.90923],[-97.13067,32.90415],[-97.12531,32.90173]]]}},{"type":"Feature","properties":{"h3":"8826cbda13fffff","mii":8,"trt":0.0,"glp1":0.0,"pharmacy":0.0,"gym":0.0,"n":0},"geometry":{"type":"Polygon","coordinates":[[[-97.31837,32.73685],[-97.31333,32.73952],[-97.31365,32.7446],[-97.31901,32.74702],[-97.32405,32.74435],[-97.32373,32.73926],[-97.31837,32.73685]]]}},{"type":"Feature","properties":{"h3":"8826c82985fffff","mii":8,"trt":0.0,"glp1":0.0,"pharmacy":0.0,"gym":0.0,"n":0},"geometry":{"type":"Polygon","coordinates":[[[-96.70773,32.87991],[-96.70269,32.88255],[-96.70298,32.88762],[-96.70831,32.89006],[-96.71336,32.88742],[-96.71307,32.88235],[-96.70773,32.87991]]]}},{"type":"Feature","properties":{"h3":"8826c86a83fffff","mii":8,"trt":0.0,"glp1":0.0,"pharmacy":0.0,"gym":0.0,"n":0},"geometry":{"type":"Polygon","coordinates":[[[-97.09501,32.91767],[-97.08996,32.92032],[-97.09027,32.9254],[-97.09562,32.92782],[-97.10067,32.92517],[-97.10037,32.92009],[-97.09501,32.91767]]]}},{"type":"Feature","properties":{"h3":"8826cbd229fffff","mii":8,"trt":0.0,"glp1":0.0,"pharmacy":0.0,"gym":0.0,"n":0},"geometry":{"type":"Polygon","coordinates":[[[-97.18784,32.81634],[-97.1828,32.819],[-97.18311,32.82408],[-97.18846,32.8265],[-97.19351,32.82384],[-97.1932,32.81876],[-97.18784,32.81634]]]}},{"type":"Feature","properties":{"h3":"8826cbd22bfffff","mii":8,"trt":0.0,"glp1":0.0,"pharmacy":0.0,"gym":0.0,"n":0},"geometry":{"type":"Polygon","coordinates":[[[-97.18218,32.80883],[-97.17713,32.8115],[-97.17744,32.81658],[-97.1828,32.819],[-97.18784,32.81634],[-97.18753,32.81126],[-97.18218,32.80883]]]}},{"type":"Feature","properties":{"h3":"8826cbd207fffff","mii":8,"trt":0.0,"glp1":0.0,"pharmacy":0.0,"gym":0.0,"n":0},"geometry":{"type":"Polygon","coordinates":[[[-97.17178,32.80907],[-97.16673,32.81174],[-97.16704,32.81682],[-97.1724,32.81924],[-97.17744,32.81658],[-97.17713,32.8115],[-97.17178,32.80907]]]}},{"type":"Feature","properties":{"h3":"8826cbd201fffff","mii":8,"trt":0.0,"glp1":0.0,"pharmacy":0.0,"gym":0.0,"n":0},"geometry":{"type":"Polygon","coordinates":[[[-97.16704,32.81682],[-97.16199,32.81948],[-97.1623,32.82456],[-97.16766,32.82698],[-97.17271,32.82432],[-97.1724,32.81924],[-97.16704,32.81682]]]}},{"type":"Feature","properties":{"h3":"8826c87117fffff","mii":8,"trt":0.0,"glp1":1.2,"pharmacy":0.0,"gym":0.0,"n":2},"geometry":{"type":"Polygon","coordinates":[[[-97.02359,33.11746],[-97.01853,33.12011],[-97.01883,33.12518],[-97.02419,33.12761],[-97.02925,33.12496],[-97.02895,33.11989],[-97.02359,33.11746]]]}},{"type":"Feature","properties":{"h3":"8826cb8117fffff","mii":8,"trt":0.0,"glp1":1.2,"pharmacy":0.0,"gym":0.0,"n":2},"geometry":{"type":"Polygon","coordinates":[[[-96.77421,32.5887],[-96.76918,32.59134],[-96.76947,32.59643],[-96.77479,32.59886],[-96.77983,32.59621],[-96.77954,32.59113],[-96.77421,32.5887]]]}},{"type":"Feature","properties":{"h3":"8826cbc249fffff","mii":8,"trt":0.0,"glp1":0.0,"pharmacy":0.0,"gym":0.0,"n":0},"geometry":{"type":"Polygon","coordinates":[[[-97.18514,32.68656],[-97.1801,32.68922],[-97.18041,32.69431],[-97.18576,32.69673],[-97.1908,32.69406],[-97.19049,32.68898],[-97.18514,32.68656]]]}},{"type":"Feature","properties":{"h3":"8826cbc24dfffff","mii":8,"trt":0.0,"glp1":0.0,"pharmacy":0.0,"gym":0.0,"n":0},"geometry":{"type":"Polygon","coordinates":[[[-97.19553,32.68631],[-97.19049,32.68898],[-97.1908,32.69406],[-97.19615,32.69649],[-97.20119,32.69382],[-97.20088,32.68873],[-97.19553,32.68631]]]}},{"type":"Feature","properties":{"h3":"8826cbc245fffff","mii":8,"trt":0.0,"glp1":0.0,"pharmacy":0.0,"gym":0.0,"n":0},"geometry":{"type":"Polygon","coordinates":[[[-97.20026,32.67856],[-97.19522,32.68123],[-97.19553,32.68631],[-97.20088,32.68873],[-97.20592,32.68607],[-97.20561,32.68098],[-97.20026,32.67856]]]}},{"type":"Feature","properties":{"h3":"8826cbc247fffff","mii":8,"trt":0.0,"glp1":0.0,"pharmacy":0.0,"gym":0.0,"n":0},"geometry":{"type":"Polygon","coordinates":[[[-97.1946,32.67105],[-97.18956,32.67372],[-97.18987,32.67881],[-97.19522,32.68123],[-97.20026,32.67856],[-97.19995,32.67347],[-97.1946,32.67105]]]}},{"type":"Feature","properties":{"h3":"8826cbc243fffff","mii":8,"trt":0.0,"glp1":0.0,"pharmacy":0.0,"gym":0.0,"n":0},"geometry":{"type":"Polygon","coordinates":[[[-97.18421,32.6713],[-97.17917,32.67396],[-97.17948,32.67905],[-97.18483,32.68147],[-97.18987,32.67881],[-97.18956,32.67372],[-97.18421,32.6713]]]}},{"type":"Feature","properties":{"h3":"8826cbc24bfffff","mii":8,"trt":0.0,"glp1":0.0,"pharmacy":0.0,"gym":0.0,"n":0},"geometry":{"type":"Polygon","coordinates":[[[-97.17948,32.67905],[-97.17444,32.68172],[-97.17475,32.6868],[-97.1801,32.68922],[-97.18514,32.68656],[-97.18483,32.68147],[-97.17948,32.67905]]]}},{"type":"Feature","properties":{"h3":"8826cabab1fffff","mii":8,"trt":0.0,"glp1":1.2,"pharmacy":0.0,"gym":0.0,"n":2},"geometry":{"type":"Polygon","coordinates":[[[-97.58887,33.05088],[-97.58381,33.05356],[-97.58414,33.05864],[-97.58953,33.06104],[-97.59459,33.05837],[-97.59426,33.05329],[-97.58887,33.05088]]]}},{"type":"Feature","properties":{"h3":"8826caa593fffff","mii":8,"trt":0.0,"glp1":1.2,"pharmacy":0.0,"gym":0.0,"n":2},"geometry":{"type":"Polygon","coordinates":[[[-97.35812,32.78936],[-97.35308,32.79203],[-97.35339,32.79711],[-97.35876,32.79953],[-97.3638,32.79686],[-97.36349,32.79177],[-97.35812,32.78936]]]}},{"type":"Feature","properties":{"h3":"8826cab62bfffff","mii":8,"trt":0.0,"glp1":1.3,"pharmacy":0.0,"gym":0.0,"n":2},"geometry":{"type":"Polygon","coordinates":[[[-97.308,33.07303],[-97.30294,33.07569],[-97.30326,33.08077],[-97.30863,33.08319],[-97.31369,33.08053],[-97.31337,33.07545],[-97.308,33.07303]]]}},{"type":"Feature","properties":{"h3":"8826c8609bfffff","mii":7,"trt":0.0,"glp1":0.0,"pharmacy":0.0,"gym":0.0,"n":0},"geometry":{"type":"Polygon","coordinates":[[[-96.92292,32.91373],[-96.91788,32.91638],[-96.91817,32.92146],[-96.92352,32.92389],[-96.92857,32.92124],[-96.92827,32.91616],[-96.92292,32.91373]]]}},{"type":"Feature","properties":{"h3":"8826c86091fffff","mii":7,"trt":0.0,"glp1":0.0,"pharmacy":0.0,"gym":0.0,"n":0},"geometry":{"type":"Polygon","coordinates":[[[-96.93332,32.91351],[-96.92827,32.91616],[-96.92857,32.92124],[-96.93392,32.92367],[-96.93897,32.92102],[-96.93867,32.91594],[-96.93332,32.91351]]]}},{"type":"Feature","properties":{"h3":"8826c86097fffff","mii":7,"trt":0.0,"glp1":0.0,"pharmacy":0.0,"gym":0.0,"n":0},"geometry":{"type":"Polygon","coordinates":[[[-96.93807,32.90579],[-96.93302,32.90844],[-96.93332,32.91351],[-96.93867,32.91594],[-96.94372,32.9133],[-96.94342,32.90822],[-96.93807,32.90579]]]}},{"type":"Feature","properties":{"h3":"8826c86569fffff","mii":7,"trt":0.0,"glp1":0.0,"pharmacy":0.0,"gym":0.0,"n":0},"geometry":{"type":"Polygon","coordinates":[[[-96.93243,32.89828],[-96.92738,32.90093],[-96.92768,32.90601],[-96.93302,32.90844],[-96.93807,32.90579],[-96.93777,32.90071],[-96.93243,32.89828]]]}},{"type":"Feature","properties":{"h3":"8826c86545fffff","mii":7,"trt":0.0,"glp1":0.0,"pharmacy":0.0,"gym":0.0,"n":0},"geometry":{"type":"Polygon","coordinates":[[[-96.92203,32.8985],[-96.91698,32.90114],[-96.91728,32.90622],[-96.92263,32.90865],[-96.92768,32.90601],[-96.92738,32.90093],[-96.92203,32.8985]]]}},{"type":"Feature","properties":{"h3":"8826c8654dfffff","mii":7,"trt":0.0,"glp1":0.0,"pharmacy":0.0,"gym":0.0,"n":0},"geometry":{"type":"Polygon","coordinates":[[[-96.91728,32.90622],[-96.91223,32.90887],[-96.91253,32.91395],[-96.91788,32.91638],[-96.92292,32.91373],[-96.92263,32.90865],[-96.91728,32.90622]]]}},{"type":"Feature","properties":{"h3":"8826cbd283fffff","mii":7,"trt":0.0,"glp1":0.0,"pharmacy":0.0,"gym":0.0,"n":0},"geometry":{"type":"Polygon","coordinates":[[[-97.12175,32.75677],[-97.11671,32.75943],[-97.11702,32.76451],[-97.12237,32.76694],[-97.12741,32.76428],[-97.1271,32.75919],[-97.12175,32.75677]]]}},{"type":"Feature","properties":{"h3":"8826cbd2bbfffff","mii":7,"trt":0.0,"glp1":0.0,"pharmacy":0.0,"gym":0.0,"n":0},"geometry":{"type":"Polygon","coordinates":[[[-97.12083,32.74152],[-97.11579,32.74418],[-97.1161,32.74926],[-97.12145,32.75169],[-97.12649,32.74903],[-97.12618,32.74394],[-97.12083,32.74152]]]}},{"type":"Feature","properties":{"h3":"8826cbd297fffff","mii":7,"trt":0.0,"glp1":0.0,"pharmacy":0.0,"gym":0.0,"n":0},"geometry":{"type":"Polygon","coordinates":[[[-97.11044,32.74176],[-97.1054,32.74442],[-97.1057,32.7495],[-97.11105,32.75192],[-97.1161,32.74926],[-97.11579,32.74418],[-97.11044,32.74176]]]}},{"type":"Feature","properties":{"h3":"8826c86635fffff","mii":7,"trt":0.0,"glp1":0.0,"pharmacy":0.0,"gym":0.0,"n":0},"geometry":{"type":"Polygon","coordinates":[[[-96.82374,32.90813],[-96.81869,32.91077],[-96.81898,32.91585],[-96.82432,32.91828],[-96.82937,32.91564],[-96.82908,32.91056],[-96.82374,32.90813]]]}},{"type":"Feature","properties":{"h3":"8826c8644bfffff","mii":7,"trt":0.0,"glp1":0.0,"pharmacy":0.0,"gym":0.0,"n":0},"geometry":{"type":"Polygon","coordinates":[[[-96.82849,32.90041],[-96.82344,32.90305],[-96.82374,32.90813],[-96.82908,32.91056],[-96.83413,32.90792],[-96.83383,32.90284],[-96.82849,32.90041]]]}},{"type":"Feature","properties":{"h3":"8826c8645dfffff","mii":7,"trt":0.0,"glp1":0.0,"pharmacy":0.0,"gym":0.0,"n":0},"geometry":{"type":"Polygon","coordinates":[[[-96.82285,32.8929],[-96.81781,32.89554],[-96.8181,32.90062],[-96.82344,32.90305],[-96.82849,32.90041],[-96.8282,32.89533],[-96.82285,32.8929]]]}},{"type":"Feature","properties":{"h3":"8826c8665dfffff","mii":7,"trt":0.0,"glp1":0.0,"pharmacy":0.0,"gym":0.0,"n":0},"geometry":{"type":"Polygon","coordinates":[[[-96.78956,32.94692],[-96.78451,32.94956],[-96.7848,32.95464],[-96.79014,32.95707],[-96.79519,32.95443],[-96.7949,32.94936],[-96.78956,32.94692]]]}},{"type":"Feature","properties":{"h3":"8826c82815fffff","mii":7,"trt":0.0,"glp1":0.0,"pharmacy":0.0,"gym":0.0,"n":0},"geometry":{"type":"Polygon","coordinates":[[[-96.65278,32.91906],[-96.64773,32.92169],[-96.64802,32.92676],[-96.65335,32.92921],[-96.6584,32.92657],[-96.65812,32.9215],[-96.65278,32.91906]]]}},{"type":"Feature","properties":{"h3":"8826c82839fffff","mii":7,"trt":0.0,"glp1":0.0,"pharmacy":0.0,"gym":0.0,"n":0},"geometry":{"type":"Polygon","coordinates":[[[-96.66316,32.91886],[-96.65812,32.9215],[-96.6584,32.92657],[-96.66374,32.92901],[-96.66879,32.92638],[-96.6685,32.9213],[-96.66316,32.91886]]]}},{"type":"Feature","properties":{"h3":"8826c86481fffff","mii":7,"trt":0.0,"glp1":0.0,"pharmacy":0.0,"gym":0.0,"n":0},"geometry":{"type":"Polygon","coordinates":[[[-96.80332,32.82466],[-96.79828,32.8273],[-96.79857,32.83238],[-96.80391,32.83482],[-96.80895,32.83217],[-96.80866,32.82709],[-96.80332,32.82466]]]}},{"type":"Feature","properties":{"h3":"8826c876c5fffff","mii":7,"trt":0.0,"glp1":0.0,"pharmacy":0.0,"gym":0.0,"n":0},"geometry":{"type":"Polygon","coordinates":[[[-96.74933,33.06199],[-96.74427,33.06462],[-96.74456,33.0697],[-96.74991,33.07213],[-96.75496,33.0695],[-96.75467,33.06443],[-96.74933,33.06199]]]}},{"type":"Feature","properties":{"h3":"8826c876e9fffff","mii":7,"trt":0.0,"glp1":0.0,"pharmacy":0.0,"gym":0.0,"n":0},"geometry":{"type":"Polygon","coordinates":[[[-96.75973,33.06179],[-96.75467,33.06443],[-96.75496,33.0695],[-96.76031,33.07194],[-96.76536,33.0693],[-96.76507,33.06423],[-96.75973,33.06179]]]}},{"type":"Feature","properties":{"h3":"8826c876e1fffff","mii":7,"trt":0.0,"glp1":0.0,"pharmacy":0.0,"gym":0.0,"n":0},"geometry":{"type":"Polygon","coordinates":[[[-96.76449,33.05408],[-96.75944,33.05672],[-96.75973,33.06179],[-96.76507,33.06423],[-96.77013,33.06159],[-96.76984,33.05652],[-96.76449,33.05408]]]}},{"type":"Feature","properties":{"h3":"8826c86451fffff","mii":7,"trt":0.0,"glp1":0.0,"pharmacy":0.0,"gym":0.0,"n":0},"geometry":{"type":"Polygon","coordinates":[[[-96.81722,32.88539],[-96.81217,32.88803],[-96.81247,32.89311],[-96.81781,32.89554],[-96.82285,32.8929],[-96.82256,32.88782],[-96.81722,32.88539]]]}},{"type":"Feature","properties":{"h3":"8826c86453fffff","mii":7,"trt":0.0,"glp1":0.0,"pharmacy":0.0,"gym":0.0,"n":0},"geometry":{"type":"Polygon","coordinates":[[[-96.81159,32.87787],[-96.80654,32.88052],[-96.80683,32.88559],[-96.81217,32.88803],[-96.81722,32.88539],[-96.81693,32.88031],[-96.81159,32.87787]]]}},{"type":"Feature","properties":{"h3":"8826c866adfffff","mii":7,"trt":0.0,"glp1":0.0,"pharmacy":0.0,"gym":0.0,"n":0},"geometry":{"type":"Polygon","coordinates":[[[-96.8012,32.87808],[-96.79615,32.88072],[-96.79644,32.8858],[-96.80178,32.88824],[-96.80683,32.88559],[-96.80654,32.88052],[-96.8012,32.87808]]]}},{"type":"Feature","properties":{"h3":"8826cbd5abfffff","mii":7,"trt":0.0,"glp1":0.0,"pharmacy":0.0,"gym":0.0,"n":0},"geometry":{"type":"Polygon","coordinates":[[[-97.09653,32.59693],[-97.09149,32.5996],[-97.0918,32.60468],[-97.09714,32.60711],[-97.10218,32.60444],[-97.10187,32.59936],[-97.09653,32.59693]]]}},{"type":"Feature","properties":{"h3":"8826cbd5a1fffff","mii":7,"trt":0.0,"glp1":0.0,"pharmacy":0.0,"gym":0.0,"n":0},"geometry":{"type":"Polygon","coordinates":[[[-97.10691,32.59669],[-97.10187,32.59936],[-97.10218,32.60444],[-97.10752,32.60687],[-97.11256,32.6042],[-97.11225,32.59912],[-97.10691,32.59669]]]}},{"type":"Feature","properties":{"h3":"8826cbd5a7fffff","mii":7,"trt":0.0,"glp1":0.0,"pharmacy":0.0,"gym":0.0,"n":0},"geometry":{"type":"Polygon","coordinates":[[[-97.11164,32.58894],[-97.1066,32.5916],[-97.10691,32.59669],[-97.11225,32.59912],[-97.11729,32.59645],[-97.11698,32.59136],[-97.11164,32.58894]]]}},{"type":"Feature","properties":{"h3":"8826cbc749fffff","mii":7,"trt":0.0,"glp1":0.0,"pharmacy":0.0,"gym":0.0,"n":0},"geometry":{"type":"Polygon","coordinates":[[[-97.10599,32.58143],[-97.10095,32.58409],[-97.10126,32.58918],[-97.1066,32.5916],[-97.11164,32.58894],[-97.11133,32.58385],[-97.10599,32.58143]]]}},{"type":"Feature","properties":{"h3":"8826cbd5b5fffff","mii":7,"trt":0.0,"glp1":0.0,"pharmacy":0.0,"gym":0.0,"n":0},"geometry":{"type":"Polygon","coordinates":[[[-97.09561,32.58167],[-97.09058,32.58433],[-97.09088,32.58942],[-97.09622,32.59185],[-97.10126,32.58918],[-97.10095,32.58409],[-97.09561,32.58167]]]}},{"type":"Feature","properties":{"h3":"8826cbd5bdfffff","mii":7,"trt":0.0,"glp1":0.0,"pharmacy":0.0,"gym":0.0,"n":0},"geometry":{"type":"Polygon","coordinates":[[[-97.09088,32.58942],[-97.08585,32.59208],[-97.08615,32.59717],[-97.09149,32.5996],[-97.09653,32.59693],[-97.09622,32.59185],[-97.09088,32.58942]]]}},{"type":"Feature","properties":{"h3":"8826cbd98bfffff","mii":7,"trt":0.0,"glp1":0.0,"pharmacy":0.0,"gym":0.0,"n":0},"geometry":{"type":"Polygon","coordinates":[[[-97.40153,32.6507],[-97.39649,32.65337],[-97.39681,32.65846],[-97.40217,32.66088],[-97.40721,32.6582],[-97.40689,32.65311],[-97.40153,32.6507]]]}},{"type":"Feature","properties":{"h3":"8826cbcaddfffff","mii":7,"trt":0.0,"glp1":0.0,"pharmacy":0.0,"gym":0.0,"n":0},"geometry":{"type":"Polygon","coordinates":[[[-97.31268,32.56117],[-97.30764,32.56384],[-97.30796,32.56893],[-97.31331,32.57135],[-97.31834,32.56867],[-97.31803,32.56358],[-97.31268,32.56117]]]}},{"type":"Feature","properties":{"h3":"8826cbcac3fffff","mii":7,"trt":0.0,"glp1":0.0,"pharmacy":0.0,"gym":0.0,"n":0},"geometry":{"type":"Polygon","coordinates":[[[-97.32306,32.56091],[-97.31803,32.56358],[-97.31834,32.56867],[-97.3237,32.57109],[-97.32873,32.56841],[-97.32842,32.56332],[-97.32306,32.56091]]]}},{"type":"Feature","properties":{"h3":"8826cbca89fffff","mii":7,"trt":0.0,"glp1":0.0,"pharmacy":0.0,"gym":0.0,"n":0},"geometry":{"type":"Polygon","coordinates":[[[-97.32778,32.55314],[-97.32275,32.55582],[-97.32306,32.56091],[-97.32842,32.56332],[-97.33345,32.56065],[-97.33313,32.55556],[-97.32778,32.55314]]]}},{"type":"Feature","properties":{"h3":"8826cbca8bfffff","mii":7,"trt":0.0,"glp1":0.0,"pharmacy":0.0,"gym":0.0,"n":0},"geometry":{"type":"Polygon","coordinates":[[[-97.32212,32.54564],[-97.31708,32.54831],[-97.3174,32.5534],[-97.32275,32.55582],[-97.32778,32.55314],[-97.32747,32.54805],[-97.32212,32.54564]]]}},{"type":"Feature","properties":{"h3":"8826cbcad7fffff","mii":7,"trt":0.0,"glp1":0.0,"pharmacy":0.0,"gym":0.0,"n":0},"geometry":{"type":"Polygon","coordinates":[[[-97.31173,32.54589],[-97.3067,32.54857],[-97.30701,32.55366],[-97.31236,32.55608],[-97.3174,32.5534],[-97.31708,32.54831],[-97.31173,32.54589]]]}},{"type":"Feature","properties":{"h3":"8826cbcad1fffff","mii":7,"trt":0.0,"glp1":0.0,"pharmacy":0.0,"gym":0.0,"n":0},"geometry":{"type":"Polygon","coordinates":[[[-97.30701,32.55366],[-97.30198,32.55633],[-97.30229,32.56143],[-97.30764,32.56384],[-97.31268,32.56117],[-97.31236,32.55608],[-97.30701,32.55366]]]}},{"type":"Feature","properties":{"h3":"8826c86961fffff","mii":7,"trt":0.0,"glp1":0.0,"pharmacy":0.0,"gym":0.0,"n":0},"geometry":{"type":"Polygon","coordinates":[[[-97.26821,32.93661],[-97.26316,32.93927],[-97.26347,32.94435],[-97.26884,32.94677],[-97.27389,32.94411],[-97.27357,32.93903],[-97.26821,32.93661]]]}},{"type":"Feature","properties":{"h3":"8826c86929fffff","mii":7,"trt":0.0,"glp1":0.0,"pharmacy":0.0,"gym":0.0,"n":0},"geometry":{"type":"Polygon","coordinates":[[[-97.26727,32.92137],[-97.26221,32.92403],[-97.26253,32.92911],[-97.26789,32.93153],[-97.27295,32.92887],[-97.27263,32.92379],[-97.26727,32.92137]]]}},{"type":"Feature","properties":{"h3":"8826c86963fffff","mii":7,"trt":0.0,"glp1":0.0,"pharmacy":0.0,"gym":0.0,"n":0},"geometry":{"type":"Polygon","coordinates":[[[-97.26253,32.92911],[-97.25748,32.93177],[-97.25779,32.93686],[-97.26316,32.93927],[-97.26821,32.93661],[-97.26789,32.93153],[-97.26253,32.92911]]]}},{"type":"Feature","properties":{"h3":"8826cbd139fffff","mii":7,"trt":0.0,"glp1":0.0,"pharmacy":0.0,"gym":0.0,"n":0},"geometry":{"type":"Polygon","coordinates":[[[-97.27204,32.74561],[-97.267,32.74828],[-97.26731,32.75336],[-97.27267,32.75578],[-97.27771,32.75311],[-97.2774,32.74803],[-97.27204,32.74561]]]}},{"type":"Feature","properties":{"h3":"8826cbd131fffff","mii":7,"trt":0.0,"glp1":0.0,"pharmacy":0.0,"gym":0.0,"n":0},"geometry":{"type":"Polygon","coordinates":[[[-97.27677,32.73786],[-97.27173,32.74053],[-97.27204,32.74561],[-97.2774,32.74803],[-97.28244,32.74536],[-97.28213,32.74027],[-97.27677,32.73786]]]}},{"type":"Feature","properties":{"h3":"8826cbd133fffff","mii":7,"trt":0.0,"glp1":0.0,"pharmacy":0.0,"gym":0.0,"n":0},"geometry":{"type":"Polygon","coordinates":[[[-97.2711,32.73035],[-97.26606,32.73302],[-97.26637,32.73811],[-97.27173,32.74053],[-97.27677,32.73786],[-97.27646,32.73277],[-97.2711,32.73035]]]}},{"type":"Feature","properties":{"h3":"8826cbd50dfffff","mii":7,"trt":0.0,"glp1":0.0,"pharmacy":0.0,"gym":0.0,"n":0},"geometry":{"type":"Polygon","coordinates":[[[-97.12662,32.665],[-97.12158,32.66767],[-97.12188,32.67275],[-97.12723,32.67517],[-97.13227,32.67251],[-97.13196,32.66743],[-97.12662,32.665]]]}},{"type":"Feature","properties":{"h3":"8826cbd501fffff","mii":7,"trt":0.0,"glp1":0.0,"pharmacy":0.0,"gym":0.0,"n":0},"geometry":{"type":"Polygon","coordinates":[[[-97.12096,32.65749],[-97.11593,32.66016],[-97.11623,32.66524],[-97.12158,32.66767],[-97.12662,32.665],[-97.12631,32.65992],[-97.12096,32.65749]]]}},{"type":"Feature","properties":{"h3":"8826cbd50bfffff","mii":7,"trt":0.0,"glp1":0.0,"pharmacy":0.0,"gym":0.0,"n":0},"geometry":{"type":"Polygon","coordinates":[[[-97.11058,32.65773],[-97.10554,32.6604],[-97.10585,32.66548],[-97.11119,32.66791],[-97.11623,32.66524],[-97.11593,32.66016],[-97.11058,32.65773]]]}},{"type":"Feature","properties":{"h3":"8826cb1367fffff","mii":7,"trt":0.0,"glp1":0.0,"pharmacy":0.0,"gym":0.0,"n":0},"geometry":{"type":"Polygon","coordinates":[[[-96.9894,32.45417],[-96.98438,32.45683],[-96.98468,32.46192],[-96.99,32.46435],[-96.99503,32.46168],[-96.99473,32.4566],[-96.9894,32.45417]]]}},{"type":"Feature","properties":{"h3":"8826cb1363fffff","mii":7,"trt":0.0,"glp1":0.0,"pharmacy":0.0,"gym":0.0,"n":0},"geometry":{"type":"Polygon","coordinates":[[[-96.97905,32.4544],[-96.97402,32.45706],[-96.97432,32.46215],[-96.97965,32.46458],[-96.98468,32.46192],[-96.98438,32.45683],[-96.97905,32.4544]]]}},{"type":"Feature","properties":{"h3":"8826cb136bfffff","mii":7,"trt":0.0,"glp1":0.0,"pharmacy":0.0,"gym":0.0,"n":0},"geometry":{"type":"Polygon","coordinates":[[[-96.97432,32.46215],[-96.96929,32.46481],[-96.96959,32.4699],[-96.97492,32.47233],[-96.97995,32.46967],[-96.97965,32.46458],[-96.97432,32.46215]]]}},{"type":"Feature","properties":{"h3":"8826c839a1fffff","mii":7,"trt":0.0,"glp1":0.0,"pharmacy":0.0,"gym":0.0,"n":0},"geometry":{"type":"Polygon","coordinates":[[[-96.6956,33.03253],[-96.69054,33.03517],[-96.69083,33.04024],[-96.69617,33.04268],[-96.70123,33.04004],[-96.70094,33.03497],[-96.6956,33.03253]]]}},{"type":"Feature","properties":{"h3":"8826c839a5fffff","mii":7,"trt":0.0,"glp1":0.0,"pharmacy":0.0,"gym":0.0,"n":0},"geometry":{"type":"Polygon","coordinates":[[[-96.70599,33.03234],[-96.70094,33.03497],[-96.70123,33.04004],[-96.70657,33.04248],[-96.71162,33.03985],[-96.71134,33.03478],[-96.70599,33.03234]]]}},{"type":"Feature","properties":{"h3":"8826c8769bfffff","mii":7,"trt":0.0,"glp1":0.0,"pharmacy":0.0,"gym":0.0,"n":0},"geometry":{"type":"Polygon","coordinates":[[[-96.71076,33.02463],[-96.7057,33.02727],[-96.70599,33.03234],[-96.71134,33.03478],[-96.71639,33.03214],[-96.7161,33.02707],[-96.71076,33.02463]]]}},{"type":"Feature","properties":{"h3":"8826c82b49fffff","mii":7,"trt":0.0,"glp1":0.0,"pharmacy":0.0,"gym":0.0,"n":0},"geometry":{"type":"Polygon","coordinates":[[[-96.69473,33.01732],[-96.68968,33.01995],[-96.68997,33.02502],[-96.69531,33.02746],[-96.70036,33.02483],[-96.70007,33.01975],[-96.69473,33.01732]]]}},{"type":"Feature","properties":{"h3":"8826c80da1fffff","mii":7,"trt":0.0,"glp1":0.0,"pharmacy":0.0,"gym":0.0,"n":0},"geometry":{"type":"Polygon","coordinates":[[[-96.84739,33.13627],[-96.84233,33.1389],[-96.84262,33.14397],[-96.84798,33.14641],[-96.85304,33.14377],[-96.85274,33.1387],[-96.84739,33.13627]]]}},{"type":"Feature","properties":{"h3":"8826c80dabfffff","mii":7,"trt":0.0,"glp1":0.0,"pharmacy":0.0,"gym":0.0,"n":0},"geometry":{"type":"Polygon","coordinates":[[[-96.83697,33.13647],[-96.83191,33.13911],[-96.83221,33.14418],[-96.83756,33.14661],[-96.84262,33.14397],[-96.84233,33.1389],[-96.83697,33.13647]]]}},{"type":"Feature","properties":{"h3":"8826c8392dfffff","mii":7,"trt":0.0,"glp1":0.0,"pharmacy":0.0,"gym":0.0,"n":0},"geometry":{"type":"Polygon","coordinates":[[[-96.74066,33.09262],[-96.73561,33.09525],[-96.7359,33.10032],[-96.74124,33.10276],[-96.7463,33.10013],[-96.74601,33.09506],[-96.74066,33.09262]]]}},{"type":"Feature","properties":{"h3":"8826c87653fffff","mii":7,"trt":0.0,"glp1":0.0,"pharmacy":0.0,"gym":0.0,"n":0},"geometry":{"type":"Polygon","coordinates":[[[-96.75107,33.09242],[-96.74601,33.09506],[-96.7463,33.10013],[-96.75165,33.10256],[-96.75671,33.09993],[-96.75642,33.09486],[-96.75107,33.09242]]]}},{"type":"Feature","properties":{"h3":"8826c87619fffff","mii":7,"trt":0.0,"glp1":0.0,"pharmacy":0.0,"gym":0.0,"n":0},"geometry":{"type":"Polygon","coordinates":[[[-96.75583,33.08472],[-96.75078,33.08735],[-96.75107,33.09242],[-96.75642,33.09486],[-96.76147,33.09222],[-96.76118,33.08715],[-96.75583,33.08472]]]}},{"type":"Feature","properties":{"h3":"8826c8761bfffff","mii":7,"trt":0.0,"glp1":0.0,"pharmacy":0.0,"gym":0.0,"n":0},"geometry":{"type":"Polygon","coordinates":[[[-96.7502,33.07721],[-96.74514,33.07984],[-96.74543,33.08491],[-96.75078,33.08735],[-96.75583,33.08472],[-96.75554,33.07964],[-96.7502,33.07721]]]}},{"type":"Feature","properties":{"h3":"8826c86ebdfffff","mii":7,"trt":0.0,"glp1":0.0,"pharmacy":0.0,"gym":0.0,"n":0},"geometry":{"type":"Polygon","coordinates":[[[-96.95822,32.80619],[-96.95318,32.80884],[-96.95348,32.81392],[-96.95882,32.81635],[-96.96387,32.8137],[-96.96357,32.80862],[-96.95822,32.80619]]]}},{"type":"Feature","properties":{"h3":"8826c86ea3fffff","mii":7,"trt":0.0,"glp1":0.0,"pharmacy":0.0,"gym":0.0,"n":0},"geometry":{"type":"Polygon","coordinates":[[[-96.96861,32.80596],[-96.96357,32.80862],[-96.96387,32.8137],[-96.96921,32.81613],[-96.97426,32.81347],[-96.97396,32.80839],[-96.96861,32.80596]]]}},{"type":"Feature","properties":{"h3":"8826c86cc9fffff","mii":7,"trt":0.0,"glp1":0.0,"pharmacy":0.0,"gym":0.0,"n":0},"geometry":{"type":"Polygon","coordinates":[[[-96.97336,32.79823],[-96.96831,32.80088],[-96.96861,32.80596],[-96.97396,32.80839],[-96.979,32.80574],[-96.9787,32.80066],[-96.97336,32.79823]]]}},{"type":"Feature","properties":{"h3":"8826c86ccbfffff","mii":7,"trt":0.0,"glp1":0.0,"pharmacy":0.0,"gym":0.0,"n":0},"geometry":{"type":"Polygon","coordinates":[[[-96.96771,32.79072],[-96.96267,32.79337],[-96.96297,32.79845],[-96.96831,32.80088],[-96.97336,32.79823],[-96.97306,32.79315],[-96.96771,32.79072]]]}},{"type":"Feature","properties":{"h3":"8826c86eb7fffff","mii":7,"trt":0.0,"glp1":0.0,"pharmacy":0.0,"gym":0.0,"n":0},"geometry":{"type":"Polygon","coordinates":[[[-96.95732,32.79094],[-96.95228,32.7936],[-96.95258,32.79868],[-96.95792,32.80111],[-96.96297,32.79845],[-96.96267,32.79337],[-96.95732,32.79094]]]}},{"type":"Feature","properties":{"h3":"8826c86eb1fffff","mii":7,"trt":0.0,"glp1":0.0,"pharmacy":0.0,"gym":0.0,"n":0},"geometry":{"type":"Polygon","coordinates":[[[-96.95258,32.79868],[-96.94753,32.80133],[-96.94783,32.80641],[-96.95318,32.80884],[-96.95822,32.80619],[-96.95792,32.80111],[-96.95258,32.79868]]]}},{"type":"Feature","properties":{"h3":"8826cb970bfffff","mii":7,"trt":0.0,"glp1":1.1,"pharmacy":0.0,"gym":0.0,"n":2},"geometry":{"type":"Polygon","coordinates":[[[-96.56913,32.72242],[-96.56409,32.72506],[-96.56437,32.73014],[-96.56969,32.73258],[-96.57473,32.72994],[-96.57445,32.72486],[-96.56913,32.72242]]]}},{"type":"Feature","properties":{"h3":"8826cb8f61fffff","mii":7,"trt":0.0,"glp1":0.0,"pharmacy":0.0,"gym":0.0,"n":0},"geometry":{"type":"Polygon","coordinates":[[[-96.80653,32.5193],[-96.8015,32.52195],[-96.80179,32.52703],[-96.80712,32.52947],[-96.81215,32.52682],[-96.81186,32.52173],[-96.80653,32.5193]]]}},{"type":"Feature","properties":{"h3":"8826cb8f65fffff","mii":7,"trt":0.0,"glp1":0.0,"pharmacy":0.0,"gym":0.0,"n":0},"geometry":{"type":"Polygon","coordinates":[[[-96.81689,32.51908],[-96.81186,32.52173],[-96.81215,32.52682],[-96.81747,32.52925],[-96.8225,32.5266],[-96.82221,32.52151],[-96.81689,32.51908]]]}},{"type":"Feature","properties":{"h3":"8826cb88dbfffff","mii":7,"trt":0.0,"glp1":0.0,"pharmacy":0.0,"gym":0.0,"n":0},"geometry":{"type":"Polygon","coordinates":[[[-96.82163,32.51134],[-96.8166,32.51399],[-96.81689,32.51908],[-96.82221,32.52151],[-96.82724,32.51886],[-96.82695,32.51377],[-96.82163,32.51134]]]}},{"type":"Feature","properties":{"h3":"8826cb8f2dfffff","mii":7,"trt":0.0,"glp1":0.0,"pharmacy":0.0,"gym":0.0,"n":0},"geometry":{"type":"Polygon","coordinates":[[[-96.81601,32.50382],[-96.81098,32.50647],[-96.81127,32.51156],[-96.8166,32.51399],[-96.82163,32.51134],[-96.82134,32.50625],[-96.81601,32.50382]]]}},{"type":"Feature","properties":{"h3":"8826cb8f29fffff","mii":7,"trt":0.0,"glp1":0.0,"pharmacy":0.0,"gym":0.0,"n":0},"geometry":{"type":"Polygon","coordinates":[[[-96.80566,32.50404],[-96.80063,32.50669],[-96.80092,32.51178],[-96.80624,32.51421],[-96.81127,32.51156],[-96.81098,32.50647],[-96.80566,32.50404]]]}},{"type":"Feature","properties":{"h3":"8826cb8f63fffff","mii":7,"trt":0.0,"glp1":0.0,"pharmacy":0.0,"gym":0.0,"n":0},"geometry":{"type":"Polygon","coordinates":[[[-96.80092,32.51178],[-96.79589,32.51443],[-96.79618,32.51951],[-96.8015,32.52195],[-96.80653,32.5193],[-96.80624,32.51421],[-96.80092,32.51178]]]}},{"type":"Feature","properties":{"h3":"8826cb9725fffff","mii":7,"trt":0.0,"glp1":1.1,"pharmacy":0.0,"gym":0.0,"n":2},"geometry":{"type":"Polygon","coordinates":[[[-96.61533,32.71393],[-96.61029,32.71657],[-96.61057,32.72165],[-96.61589,32.72409],[-96.62093,32.72145],[-96.62065,32.71637],[-96.61533,32.71393]]]}},{"type":"Feature","properties":{"h3":"8826c95ac3fffff","mii":7,"trt":0.0,"glp1":1.1,"pharmacy":0.0,"gym":0.0,"n":2},"geometry":{"type":"Polygon","coordinates":[[[-96.28006,32.74269],[-96.27502,32.74531],[-96.27529,32.75039],[-96.2806,32.75284],[-96.28564,32.75022],[-96.28537,32.74515],[-96.28006,32.74269]]]}},{"type":"Feature","properties":{"h3":"8826c864dbfffff","mii":7,"trt":0.0,"glp1":0.0,"pharmacy":0.0,"gym":0.0,"n":0},"geometry":{"type":"Polygon","coordinates":[[[-96.76742,32.833],[-96.76238,32.83564],[-96.76267,32.84072],[-96.768,32.84316],[-96.77305,32.84052],[-96.77276,32.83544],[-96.76742,32.833]]]}},{"type":"Feature","properties":{"h3":"8826cb932dfffff","mii":7,"trt":0.0,"glp1":0.0,"pharmacy":0.0,"gym":0.0,"n":0},"geometry":{"type":"Polygon","coordinates":[[[-96.76179,32.82549],[-96.75675,32.82813],[-96.75704,32.83321],[-96.76238,32.83564],[-96.76742,32.833],[-96.76713,32.82792],[-96.76179,32.82549]]]}},{"type":"Feature","properties":{"h3":"8826c864d5fffff","mii":7,"trt":0.0,"glp1":0.0,"pharmacy":0.0,"gym":0.0,"n":0},"geometry":{"type":"Polygon","coordinates":[[[-96.78819,32.83259],[-96.78314,32.83523],[-96.78343,32.84031],[-96.78877,32.84274],[-96.79381,32.8401],[-96.79352,32.83502],[-96.78819,32.83259]]]}},{"type":"Feature","properties":{"h3":"8826cb9103fffff","mii":7,"trt":0.0,"glp1":0.0,"pharmacy":0.0,"gym":0.0,"n":0},"geometry":{"type":"Polygon","coordinates":[[[-96.75831,32.76454],[-96.75327,32.76718],[-96.75356,32.77226],[-96.75889,32.7747],[-96.76393,32.77206],[-96.76364,32.76698],[-96.75831,32.76454]]]}},{"type":"Feature","properties":{"h3":"8826cb9131fffff","mii":7,"trt":0.0,"glp1":0.0,"pharmacy":0.0,"gym":0.0,"n":0},"geometry":{"type":"Polygon","coordinates":[[[-96.76781,32.74909],[-96.76277,32.75174],[-96.76306,32.75682],[-96.7684,32.75925],[-96.77344,32.75661],[-96.77315,32.75153],[-96.76781,32.74909]]]}},{"type":"Feature","properties":{"h3":"8826cb913bfffff","mii":7,"trt":0.0,"glp1":0.0,"pharmacy":0.0,"gym":0.0,"n":0},"geometry":{"type":"Polygon","coordinates":[[[-96.75744,32.7493],[-96.7524,32.75194],[-96.75269,32.75702],[-96.75802,32.75946],[-96.76306,32.75682],[-96.76277,32.75174],[-96.75744,32.7493]]]}},{"type":"Feature","properties":{"h3":"8826cb9115fffff","mii":7,"trt":0.0,"glp1":0.0,"pharmacy":0.0,"gym":0.0,"n":0},"geometry":{"type":"Polygon","coordinates":[[[-96.75269,32.75702],[-96.74765,32.75967],[-96.74794,32.76475],[-96.75327,32.76718],[-96.75831,32.76454],[-96.75802,32.75946],[-96.75269,32.75702]]]}},{"type":"Feature","properties":{"h3":"8826cb9b5bfffff","mii":7,"trt":0.0,"glp1":1.1,"pharmacy":0.0,"gym":0.0,"n":2},"geometry":{"type":"Polygon","coordinates":[[[-96.87335,32.77746],[-96.86831,32.7801],[-96.8686,32.78518],[-96.87394,32.78762],[-96.87899,32.78497],[-96.87869,32.77989],[-96.87335,32.77746]]]}},{"type":"Feature","properties":{"h3":"8826cb9119fffff","mii":7,"trt":0.0,"glp1":1.1,"pharmacy":0.0,"gym":0.0,"n":2},"geometry":{"type":"Polygon","coordinates":[[[-96.73756,32.76495],[-96.73252,32.76759],[-96.73281,32.77267],[-96.73814,32.77511],[-96.74318,32.77247],[-96.74289,32.76739],[-96.73756,32.76495]]]}},{"type":"Feature","properties":{"h3":"8826c8063bfffff","mii":7,"trt":0.0,"glp1":0.0,"pharmacy":0.0,"gym":0.0,"n":0},"geometry":{"type":"Polygon","coordinates":[[[-96.56927,33.28592],[-96.5642,33.28854],[-96.56448,33.2936],[-96.56983,33.29605],[-96.5749,33.29343],[-96.57461,33.28836],[-96.56927,33.28592]]]}},{"type":"Feature","properties":{"h3":"8826c80631fffff","mii":7,"trt":0.0,"glp1":0.0,"pharmacy":0.0,"gym":0.0,"n":0},"geometry":{"type":"Polygon","coordinates":[[[-96.57968,33.28574],[-96.57461,33.28836],[-96.5749,33.29343],[-96.58024,33.29587],[-96.58531,33.29325],[-96.58503,33.28819],[-96.57968,33.28574]]]}},{"type":"Feature","properties":{"h3":"8826c80637fffff","mii":7,"trt":0.0,"glp1":0.0,"pharmacy":0.0,"gym":0.0,"n":0},"geometry":{"type":"Polygon","coordinates":[[[-96.58446,33.27806],[-96.5794,33.28068],[-96.57968,33.28574],[-96.58503,33.28819],[-96.59009,33.28557],[-96.58981,33.2805],[-96.58446,33.27806]]]}},{"type":"Feature","properties":{"h3":"8826c80459fffff","mii":7,"trt":0.0,"glp1":0.0,"pharmacy":0.0,"gym":0.0,"n":0},"geometry":{"type":"Polygon","coordinates":[[[-96.57883,33.27055],[-96.57376,33.27317],[-96.57405,33.27823],[-96.5794,33.28068],[-96.58446,33.27806],[-96.58418,33.27299],[-96.57883,33.27055]]]}},{"type":"Feature","properties":{"h3":"8826c806e5fffff","mii":7,"trt":0.0,"glp1":0.0,"pharmacy":0.0,"gym":0.0,"n":0},"geometry":{"type":"Polygon","coordinates":[[[-96.56842,33.27073],[-96.56335,33.27335],[-96.56364,33.27841],[-96.56898,33.28086],[-96.57405,33.27823],[-96.57376,33.27317],[-96.56842,33.27073]]]}},{"type":"Feature","properties":{"h3":"8826c806edfffff","mii":7,"trt":0.0,"glp1":0.0,"pharmacy":0.0,"gym":0.0,"n":0},"geometry":{"type":"Polygon","coordinates":[[[-96.56364,33.27841],[-96.55857,33.28103],[-96.55885,33.2861],[-96.5642,33.28854],[-96.56927,33.28592],[-96.56898,33.28086],[-96.56364,33.27841]]]}},{"type":"Feature","properties":{"h3":"8826cbd5c1fffff","mii":7,"trt":0.0,"glp1":0.0,"pharmacy":0.0,"gym":0.0,"n":0},"geometry":{"type":"Polygon","coordinates":[[[-97.0776,32.62793],[-97.07257,32.63059],[-97.07287,32.63568],[-97.07821,32.6381],[-97.08325,32.63544],[-97.08295,32.63035],[-97.0776,32.62793]]]}},{"type":"Feature","properties":{"h3":"8826cbd5c5fffff","mii":7,"trt":0.0,"glp1":0.0,"pharmacy":0.0,"gym":0.0,"n":0},"geometry":{"type":"Polygon","coordinates":[[[-97.08798,32.62769],[-97.08295,32.63035],[-97.08325,32.63544],[-97.08859,32.63787],[-97.09363,32.6352],[-97.09333,32.63012],[-97.08798,32.62769]]]}},{"type":"Feature","properties":{"h3":"8826cbd5ebfffff","mii":7,"trt":0.0,"glp1":0.0,"pharmacy":0.0,"gym":0.0,"n":0},"geometry":{"type":"Polygon","coordinates":[[[-97.09271,32.61994],[-97.08768,32.62261],[-97.08798,32.62769],[-97.09333,32.63012],[-97.09836,32.62745],[-97.09806,32.62237],[-97.09271,32.61994]]]}},{"type":"Feature","properties":{"h3":"8826cbd58dfffff","mii":7,"trt":0.0,"glp1":0.0,"pharmacy":0.0,"gym":0.0,"n":0},"geometry":{"type":"Polygon","coordinates":[[[-97.08707,32.61243],[-97.08203,32.6151],[-97.08234,32.62018],[-97.08768,32.62261],[-97.09271,32.61994],[-97.09241,32.61486],[-97.08707,32.61243]]]}},{"type":"Feature","properties":{"h3":"8826cbd589fffff","mii":7,"trt":0.0,"glp1":0.0,"pharmacy":0.0,"gym":0.0,"n":0},"geometry":{"type":"Polygon","coordinates":[[[-97.07669,32.61267],[-97.07165,32.61533],[-97.07196,32.62042],[-97.0773,32.62284],[-97.08234,32.62018],[-97.08203,32.6151],[-97.07669,32.61267]]]}},{"type":"Feature","properties":{"h3":"8826cbd5c3fffff","mii":7,"trt":0.0,"glp1":0.0,"pharmacy":0.0,"gym":0.0,"n":0},"geometry":{"type":"Polygon","coordinates":[[[-97.07196,32.62042],[-97.06692,32.62308],[-97.06722,32.62817],[-97.07257,32.63059],[-97.0776,32.62793],[-97.0773,32.62284],[-97.07196,32.62042]]]}},{"type":"Feature","properties":{"h3":"8826cb5245fffff","mii":7,"trt":0.0,"glp1":1.1,"pharmacy":0.0,"gym":0.0,"n":2},"geometry":{"type":"Polygon","coordinates":[[[-97.40513,32.45936],[-97.4001,32.46204],[-97.40042,32.46714],[-97.40577,32.46955],[-97.4108,32.46687],[-97.41048,32.46178],[-97.40513,32.45936]]]}},{"type":"Feature","properties":{"h3":"8826cbc2c9fffff","mii":7,"trt":0.0,"glp1":0.0,"pharmacy":0.0,"gym":0.0,"n":0},"geometry":{"type":"Polygon","coordinates":[[[-97.14554,32.634],[-97.1405,32.63667],[-97.14081,32.64175],[-97.14616,32.64417],[-97.15119,32.64151],[-97.15089,32.63642],[-97.14554,32.634]]]}},{"type":"Feature","properties":{"h3":"8826cbc2cdfffff","mii":7,"trt":0.0,"glp1":0.0,"pharmacy":0.0,"gym":0.0,"n":0},"geometry":{"type":"Polygon","coordinates":[[[-97.15592,32.63376],[-97.15089,32.63642],[-97.15119,32.64151],[-97.15654,32.64393],[-97.16158,32.64127],[-97.16127,32.63618],[-97.15592,32.63376]]]}},{"type":"Feature","properties":{"h3":"8826cbc2c5fffff","mii":7,"trt":0.0,"glp1":0.0,"pharmacy":0.0,"gym":0.0,"n":0},"geometry":{"type":"Polygon","coordinates":[[[-97.16065,32.626],[-97.15562,32.62867],[-97.15592,32.63376],[-97.16127,32.63618],[-97.16631,32.63351],[-97.166,32.62843],[-97.16065,32.626]]]}},{"type":"Feature","properties":{"h3":"8826cbc2c7fffff","mii":7,"trt":0.0,"glp1":0.0,"pharmacy":0.0,"gym":0.0,"n":0},"geometry":{"type":"Polygon","coordinates":[[[-97.155,32.6185],[-97.14996,32.62116],[-97.15027,32.62625],[-97.15562,32.62867],[-97.16065,32.626],[-97.16035,32.62092],[-97.155,32.6185]]]}},{"type":"Feature","properties":{"h3":"8826cbc2c3fffff","mii":7,"trt":0.0,"glp1":0.0,"pharmacy":0.0,"gym":0.0,"n":0},"geometry":{"type":"Polygon","coordinates":[[[-97.14462,32.61874],[-97.13958,32.6214],[-97.13989,32.62649],[-97.14523,32.62891],[-97.15027,32.62625],[-97.14996,32.62116],[-97.14462,32.61874]]]}},{"type":"Feature","properties":{"h3":"8826cbc2cbfffff","mii":7,"trt":0.0,"glp1":0.0,"pharmacy":0.0,"gym":0.0,"n":0},"geometry":{"type":"Polygon","coordinates":[[[-97.13989,32.62649],[-97.13485,32.62916],[-97.13516,32.63424],[-97.1405,32.63667],[-97.14554,32.634],[-97.14523,32.62891],[-97.13989,32.62649]]]}},{"type":"Feature","properties":{"h3":"8826cbc34dfffff","mii":7,"trt":0.0,"glp1":1.1,"pharmacy":0.0,"gym":0.0,"n":2},"geometry":{"type":"Polygon","coordinates":[[[-97.26828,32.68457],[-97.26324,32.68724],[-97.26355,32.69233],[-97.2689,32.69475],[-97.27394,32.69208],[-97.27363,32.68699],[-97.26828,32.68457]]]}},{"type":"Feature","properties":{"h3":"8826cbd85bfffff","mii":7,"trt":0.0,"glp1":0.0,"pharmacy":0.0,"gym":0.0,"n":0},"geometry":{"type":"Polygon","coordinates":[[[-97.34295,32.71332],[-97.33791,32.71599],[-97.33823,32.72108],[-97.34359,32.72349],[-97.34863,32.72082],[-97.34831,32.71573],[-97.34295,32.71332]]]}},{"type":"Feature","properties":{"h3":"8826cbd853fffff","mii":7,"trt":0.0,"glp1":0.0,"pharmacy":0.0,"gym":0.0,"n":0},"geometry":{"type":"Polygon","coordinates":[[[-97.34768,32.70556],[-97.34264,32.70823],[-97.34295,32.71332],[-97.34831,32.71573],[-97.35335,32.71306],[-97.35304,32.70797],[-97.34768,32.70556]]]}},{"type":"Feature","properties":{"h3":"8826cbdaa5fffff","mii":7,"trt":0.0,"glp1":0.0,"pharmacy":0.0,"gym":0.0,"n":0},"geometry":{"type":"Polygon","coordinates":[[[-97.342,32.69806],[-97.33696,32.70073],[-97.33728,32.70582],[-97.34264,32.70823],[-97.34768,32.70556],[-97.34736,32.70047],[-97.342,32.69806]]]}},{"type":"Feature","properties":{"h3":"8826cbdaa1fffff","mii":7,"trt":0.0,"glp1":0.0,"pharmacy":0.0,"gym":0.0,"n":0},"geometry":{"type":"Polygon","coordinates":[[[-97.3316,32.69831],[-97.32656,32.70098],[-97.32688,32.70607],[-97.33224,32.70849],[-97.33728,32.70582],[-97.33696,32.70073],[-97.3316,32.69831]]]}},{"type":"Feature","properties":{"h3":"8826cbdaa9fffff","mii":7,"trt":0.0,"glp1":0.0,"pharmacy":0.0,"gym":0.0,"n":0},"geometry":{"type":"Polygon","coordinates":[[[-97.32688,32.70607],[-97.32184,32.70874],[-97.32215,32.71383],[-97.32751,32.71625],[-97.33255,32.71357],[-97.33224,32.70849],[-97.32688,32.70607]]]}},{"type":"Feature","properties":{"h3":"8826cbd327fffff","mii":7,"trt":0.0,"glp1":1.1,"pharmacy":0.0,"gym":0.0,"n":2},"geometry":{"type":"Polygon","coordinates":[[[-97.27014,32.79913],[-97.26509,32.8018],[-97.26541,32.80688],[-97.27077,32.8093],[-97.27581,32.80663],[-97.2755,32.80155],[-97.27014,32.79913]]]}},{"type":"Feature","properties":{"h3":"8826caacc5fffff","mii":7,"trt":0.0,"glp1":1.1,"pharmacy":0.0,"gym":0.0,"n":2},"geometry":{"type":"Polygon","coordinates":[[[-97.4982,32.77819],[-97.49315,32.78087],[-97.49348,32.78596],[-97.49885,32.78837],[-97.50389,32.78569],[-97.50357,32.7806],[-97.4982,32.77819]]]}},{"type":"Feature","properties":{"h3":"8826c84415fffff","mii":7,"trt":0.0,"glp1":1.1,"pharmacy":0.0,"gym":0.0,"n":2},"geometry":{"type":"Polygon","coordinates":[[[-97.10868,33.22995],[-97.10361,33.2326],[-97.10392,33.23767],[-97.10929,33.24009],[-97.11436,33.23745],[-97.11405,33.23237],[-97.10868,33.22995]]]}},{"type":"Feature","properties":{"h3":"8826c86db3fffff","mii":6,"trt":0.0,"glp1":0.0,"pharmacy":0.0,"gym":0.0,"n":0},"geometry":{"type":"Polygon","coordinates":[[[-97.05284,32.73542],[-97.0478,32.73808],[-97.0481,32.74316],[-97.05345,32.74559],[-97.05849,32.74293],[-97.05819,32.73785],[-97.05284,32.73542]]]}},{"type":"Feature","properties":{"h3":"8826cbd75bfffff","mii":6,"trt":0.0,"glp1":0.0,"pharmacy":0.0,"gym":0.0,"n":0},"geometry":{"type":"Polygon","coordinates":[[[-97.05193,32.72017],[-97.04689,32.72283],[-97.04719,32.72791],[-97.05254,32.73034],[-97.05758,32.72768],[-97.05727,32.72259],[-97.05193,32.72017]]]}},{"type":"Feature","properties":{"h3":"8826cbd665fffff","mii":6,"trt":0.0,"glp1":0.0,"pharmacy":0.0,"gym":0.0,"n":0},"geometry":{"type":"Polygon","coordinates":[[[-97.04719,32.72791],[-97.04215,32.73057],[-97.04245,32.73565],[-97.0478,32.73808],[-97.05284,32.73542],[-97.05254,32.73034],[-97.04719,32.72791]]]}},{"type":"Feature","properties":{"h3":"8826c86c07fffff","mii":6,"trt":0.0,"glp1":0.0,"pharmacy":0.0,"gym":0.0,"n":0},"geometry":{"type":"Polygon","coordinates":[[[-97.02622,32.81235],[-97.02117,32.815],[-97.02147,32.82008],[-97.02682,32.82251],[-97.03187,32.81986],[-97.03157,32.81477],[-97.02622,32.81235]]]}},{"type":"Feature","properties":{"h3":"8826c86c2bfffff","mii":6,"trt":0.0,"glp1":0.0,"pharmacy":0.0,"gym":0.0,"n":0},"geometry":{"type":"Polygon","coordinates":[[[-97.03661,32.81212],[-97.03157,32.81477],[-97.03187,32.81986],[-97.03722,32.82228],[-97.04226,32.81963],[-97.04196,32.81455],[-97.03661,32.81212]]]}},{"type":"Feature","properties":{"h3":"8826c86c23fffff","mii":6,"trt":0.0,"glp1":0.0,"pharmacy":0.0,"gym":0.0,"n":0},"geometry":{"type":"Polygon","coordinates":[[[-97.04135,32.80438],[-97.03631,32.80704],[-97.03661,32.81212],[-97.04196,32.81455],[-97.047,32.81189],[-97.0467,32.80681],[-97.04135,32.80438]]]}},{"type":"Feature","properties":{"h3":"8826c86c35fffff","mii":6,"trt":0.0,"glp1":0.0,"pharmacy":0.0,"gym":0.0,"n":0},"geometry":{"type":"Polygon","coordinates":[[[-97.0357,32.79687],[-97.03066,32.79953],[-97.03096,32.80461],[-97.03631,32.80704],[-97.04135,32.80438],[-97.04105,32.7993],[-97.0357,32.79687]]]}},{"type":"Feature","properties":{"h3":"8826c86c31fffff","mii":6,"trt":0.0,"glp1":0.0,"pharmacy":0.0,"gym":0.0,"n":0},"geometry":{"type":"Polygon","coordinates":[[[-97.02531,32.7971],[-97.02026,32.79976],[-97.02057,32.80484],[-97.02591,32.80727],[-97.03096,32.80461],[-97.03066,32.79953],[-97.02531,32.7971]]]}},{"type":"Feature","properties":{"h3":"8826c86c39fffff","mii":6,"trt":0.0,"glp1":0.0,"pharmacy":0.0,"gym":0.0,"n":0},"geometry":{"type":"Polygon","coordinates":[[[-97.02057,32.80484],[-97.01552,32.80749],[-97.01582,32.81257],[-97.02117,32.815],[-97.02622,32.81235],[-97.02591,32.80727],[-97.02057,32.80484]]]}},{"type":"Feature","properties":{"h3":"8826c829d9fffff","mii":6,"trt":0.0,"glp1":0.0,"pharmacy":0.0,"gym":0.0,"n":0},"geometry":{"type":"Polygon","coordinates":[[[-96.66707,32.89593],[-96.66202,32.89856],[-96.66231,32.90364],[-96.66764,32.90608],[-96.67269,32.90344],[-96.6724,32.89837],[-96.66707,32.89593]]]}},{"type":"Feature","properties":{"h3":"8826c828e5fffff","mii":6,"trt":0.0,"glp1":0.0,"pharmacy":0.0,"gym":0.0,"n":0},"geometry":{"type":"Polygon","coordinates":[[[-96.65669,32.89612],[-96.65164,32.89876],[-96.65192,32.90383],[-96.65726,32.90627],[-96.66231,32.90364],[-96.66202,32.89856],[-96.65669,32.89612]]]}},{"type":"Feature","properties":{"h3":"8826c86a87fffff","mii":6,"trt":0.0,"glp1":0.0,"pharmacy":0.0,"gym":0.0,"n":0},"geometry":{"type":"Polygon","coordinates":[[[-97.10542,32.91743],[-97.10037,32.92009],[-97.10067,32.92517],[-97.10603,32.92759],[-97.11108,32.92494],[-97.11078,32.91986],[-97.10542,32.91743]]]}},{"type":"Feature","properties":{"h3":"8826c82b43fffff","mii":6,"trt":0.0,"glp1":0.0,"pharmacy":0.0,"gym":0.0,"n":0},"geometry":{"type":"Polygon","coordinates":[[[-96.69387,33.0021],[-96.68882,33.00473],[-96.6891,33.0098],[-96.69445,33.01224],[-96.6995,33.00961],[-96.69921,33.00454],[-96.69387,33.0021]]]}},{"type":"Feature","properties":{"h3":"8826c86c67fffff","mii":6,"trt":0.0,"glp1":0.0,"pharmacy":0.0,"gym":0.0,"n":0},"geometry":{"type":"Polygon","coordinates":[[[-97.04792,32.82713],[-97.04287,32.82979],[-97.04317,32.83487],[-97.04852,32.8373],[-97.05357,32.83464],[-97.05327,32.82956],[-97.04792,32.82713]]]}},{"type":"Feature","properties":{"h3":"8826c86d5bfffff","mii":6,"trt":0.0,"glp1":0.0,"pharmacy":0.0,"gym":0.0,"n":0},"geometry":{"type":"Polygon","coordinates":[[[-97.05831,32.82691],[-97.05327,32.82956],[-97.05357,32.83464],[-97.05892,32.83707],[-97.06397,32.83441],[-97.06366,32.82933],[-97.05831,32.82691]]]}},{"type":"Feature","properties":{"h3":"8826c86d53fffff","mii":6,"trt":0.0,"glp1":0.0,"pharmacy":0.0,"gym":0.0,"n":0},"geometry":{"type":"Polygon","coordinates":[[[-97.06305,32.81917],[-97.05801,32.82182],[-97.05831,32.82691],[-97.06366,32.82933],[-97.06871,32.82667],[-97.0684,32.82159],[-97.06305,32.81917]]]}},{"type":"Feature","properties":{"h3":"8826c86c25fffff","mii":6,"trt":0.0,"glp1":0.0,"pharmacy":0.0,"gym":0.0,"n":0},"geometry":{"type":"Polygon","coordinates":[[[-97.0574,32.81166],[-97.05235,32.81432],[-97.05266,32.8194],[-97.05801,32.82182],[-97.06305,32.81917],[-97.06275,32.81409],[-97.0574,32.81166]]]}},{"type":"Feature","properties":{"h3":"8826c86c21fffff","mii":6,"trt":0.0,"glp1":0.0,"pharmacy":0.0,"gym":0.0,"n":0},"geometry":{"type":"Polygon","coordinates":[[[-97.047,32.81189],[-97.04196,32.81455],[-97.04226,32.81963],[-97.04761,32.82205],[-97.05266,32.8194],[-97.05235,32.81432],[-97.047,32.81189]]]}},{"type":"Feature","properties":{"h3":"8826c86c29fffff","mii":6,"trt":0.0,"glp1":0.0,"pharmacy":0.0,"gym":0.0,"n":0},"geometry":{"type":"Polygon","coordinates":[[[-97.04226,32.81963],[-97.03722,32.82228],[-97.03752,32.82736],[-97.04287,32.82979],[-97.04792,32.82713],[-97.04761,32.82205],[-97.04226,32.81963]]]}},{"type":"Feature","properties":{"h3":"8826cbd84bfffff","mii":6,"trt":0.0,"glp1":0.0,"pharmacy":0.0,"gym":0.0,"n":0},"geometry":{"type":"Polygon","coordinates":[[[-97.36471,32.72806],[-97.35967,32.73074],[-97.35999,32.73582],[-97.36535,32.73824],[-97.37039,32.73557],[-97.37007,32.73048],[-97.36471,32.72806]]]}},{"type":"Feature","properties":{"h3":"8826cbd85dfffff","mii":6,"trt":0.0,"glp1":0.0,"pharmacy":0.0,"gym":0.0,"n":0},"geometry":{"type":"Polygon","coordinates":[[[-97.35903,32.72056],[-97.35399,32.72324],[-97.35431,32.72832],[-97.35967,32.73074],[-97.36471,32.72806],[-97.36439,32.72298],[-97.35903,32.72056]]]}},{"type":"Feature","properties":{"h3":"8826cbd881fffff","mii":6,"trt":0.0,"glp1":0.0,"pharmacy":0.0,"gym":0.0,"n":0},"geometry":{"type":"Polygon","coordinates":[[[-97.33915,32.65226],[-97.33411,32.65494],[-97.33443,32.66002],[-97.33978,32.66244],[-97.34482,32.65977],[-97.3445,32.65468],[-97.33915,32.65226]]]}},{"type":"Feature","properties":{"h3":"8826cbd887fffff","mii":6,"trt":0.0,"glp1":0.0,"pharmacy":0.0,"gym":0.0,"n":0},"geometry":{"type":"Polygon","coordinates":[[[-97.34387,32.6445],[-97.33883,32.64717],[-97.33915,32.65226],[-97.3445,32.65468],[-97.34954,32.652],[-97.34923,32.64692],[-97.34387,32.6445]]]}},{"type":"Feature","properties":{"h3":"8826cbd8b9fffff","mii":6,"trt":0.0,"glp1":0.0,"pharmacy":0.0,"gym":0.0,"n":0},"geometry":{"type":"Polygon","coordinates":[[[-97.3382,32.637],[-97.33316,32.63967],[-97.33348,32.64476],[-97.33883,32.64717],[-97.34387,32.6445],[-97.34355,32.63941],[-97.3382,32.637]]]}},{"type":"Feature","properties":{"h3":"8826cbd895fffff","mii":6,"trt":0.0,"glp1":0.0,"pharmacy":0.0,"gym":0.0,"n":0},"geometry":{"type":"Polygon","coordinates":[[[-97.3278,32.63725],[-97.32277,32.63993],[-97.32308,32.64502],[-97.32844,32.64743],[-97.33348,32.64476],[-97.33316,32.63967],[-97.3278,32.63725]]]}},{"type":"Feature","properties":{"h3":"8826cbd89dfffff","mii":6,"trt":0.0,"glp1":0.0,"pharmacy":0.0,"gym":0.0,"n":0},"geometry":{"type":"Polygon","coordinates":[[[-97.32308,32.64502],[-97.31804,32.64769],[-97.31836,32.65278],[-97.32371,32.65519],[-97.32875,32.65252],[-97.32844,32.64743],[-97.32308,32.64502]]]}},{"type":"Feature","properties":{"h3":"8826cbc743fffff","mii":6,"trt":0.0,"glp1":0.0,"pharmacy":0.0,"gym":0.0,"n":0},"geometry":{"type":"Polygon","coordinates":[[[-97.10507,32.56617],[-97.10004,32.56883],[-97.10034,32.57392],[-97.10568,32.57634],[-97.11072,32.57368],[-97.11041,32.56859],[-97.10507,32.56617]]]}},{"type":"Feature","properties":{"h3":"8826cbc747fffff","mii":6,"trt":0.0,"glp1":0.0,"pharmacy":0.0,"gym":0.0,"n":0},"geometry":{"type":"Polygon","coordinates":[[[-97.11545,32.56592],[-97.11041,32.56859],[-97.11072,32.57368],[-97.11606,32.5761],[-97.1211,32.57344],[-97.12079,32.56835],[-97.11545,32.56592]]]}},{"type":"Feature","properties":{"h3":"8826cbc70dfffff","mii":6,"trt":0.0,"glp1":0.0,"pharmacy":0.0,"gym":0.0,"n":0},"geometry":{"type":"Polygon","coordinates":[[[-97.12018,32.55817],[-97.11514,32.56084],[-97.11545,32.56592],[-97.12079,32.56835],[-97.12582,32.56568],[-97.12552,32.56059],[-97.12018,32.55817]]]}},{"type":"Feature","properties":{"h3":"8826cbc701fffff","mii":6,"trt":0.0,"glp1":0.0,"pharmacy":0.0,"gym":0.0,"n":0},"geometry":{"type":"Polygon","coordinates":[[[-97.11453,32.55066],[-97.1095,32.55332],[-97.1098,32.55841],[-97.11514,32.56084],[-97.12018,32.55817],[-97.11987,32.55308],[-97.11453,32.55066]]]}},{"type":"Feature","properties":{"h3":"8826cbc70bfffff","mii":6,"trt":0.0,"glp1":0.0,"pharmacy":0.0,"gym":0.0,"n":0},"geometry":{"type":"Polygon","coordinates":[[[-97.10416,32.5509],[-97.09912,32.55357],[-97.09943,32.55865],[-97.10477,32.56108],[-97.1098,32.55841],[-97.1095,32.55332],[-97.10416,32.5509]]]}},{"type":"Feature","properties":{"h3":"8826cbc755fffff","mii":6,"trt":0.0,"glp1":0.0,"pharmacy":0.0,"gym":0.0,"n":0},"geometry":{"type":"Polygon","coordinates":[[[-97.09943,32.55865],[-97.09439,32.56132],[-97.0947,32.56641],[-97.10004,32.56883],[-97.10507,32.56617],[-97.10477,32.56108],[-97.09943,32.55865]]]}},{"type":"Feature","properties":{"h3":"8826c86f2bfffff","mii":6,"trt":0.0,"glp1":0.0,"pharmacy":0.0,"gym":0.0,"n":0},"geometry":{"type":"Polygon","coordinates":[[[-97.0762,32.86467],[-97.07115,32.86732],[-97.07145,32.8724],[-97.07681,32.87483],[-97.08185,32.87217],[-97.08155,32.86709],[-97.0762,32.86467]]]}},{"type":"Feature","properties":{"h3":"8826c86f21fffff","mii":6,"trt":0.0,"glp1":0.0,"pharmacy":0.0,"gym":0.0,"n":0},"geometry":{"type":"Polygon","coordinates":[[[-97.0866,32.86444],[-97.08155,32.86709],[-97.08185,32.87217],[-97.08721,32.8746],[-97.09226,32.87194],[-97.09195,32.86686],[-97.0866,32.86444]]]}},{"type":"Feature","properties":{"h3":"8826c86f27fffff","mii":6,"trt":0.0,"glp1":0.0,"pharmacy":0.0,"gym":0.0,"n":0},"geometry":{"type":"Polygon","coordinates":[[[-97.09134,32.8567],[-97.08629,32.85936],[-97.0866,32.86444],[-97.09195,32.86686],[-97.097,32.86421],[-97.09669,32.85912],[-97.09134,32.8567]]]}},{"type":"Feature","properties":{"h3":"8826c86d49fffff","mii":6,"trt":0.0,"glp1":0.0,"pharmacy":0.0,"gym":0.0,"n":0},"geometry":{"type":"Polygon","coordinates":[[[-97.08568,32.84919],[-97.08063,32.85185],[-97.08094,32.85693],[-97.08629,32.85936],[-97.09134,32.8567],[-97.09103,32.85162],[-97.08568,32.84919]]]}},{"type":"Feature","properties":{"h3":"8826c86f35fffff","mii":6,"trt":0.0,"glp1":0.0,"pharmacy":0.0,"gym":0.0,"n":0},"geometry":{"type":"Polygon","coordinates":[[[-97.07528,32.84943],[-97.07023,32.85208],[-97.07054,32.85716],[-97.07589,32.85959],[-97.08094,32.85693],[-97.08063,32.85185],[-97.07528,32.84943]]]}},{"type":"Feature","properties":{"h3":"8826c86f3dfffff","mii":6,"trt":0.0,"glp1":0.0,"pharmacy":0.0,"gym":0.0,"n":0},"geometry":{"type":"Polygon","coordinates":[[[-97.07054,32.85716],[-97.06549,32.85982],[-97.0658,32.8649],[-97.07115,32.86732],[-97.0762,32.86467],[-97.07589,32.85959],[-97.07054,32.85716]]]}},{"type":"Feature","properties":{"h3":"8826c864e9fffff","mii":6,"trt":0.0,"glp1":0.0,"pharmacy":0.0,"gym":0.0,"n":0},"geometry":{"type":"Polygon","coordinates":[[[-96.82021,32.8472],[-96.81517,32.84984],[-96.81546,32.85492],[-96.8208,32.85735],[-96.82585,32.85471],[-96.82555,32.84963],[-96.82021,32.8472]]]}},{"type":"Feature","properties":{"h3":"8826c864edfffff","mii":6,"trt":0.0,"glp1":0.0,"pharmacy":0.0,"gym":0.0,"n":0},"geometry":{"type":"Polygon","coordinates":[[[-96.8306,32.84699],[-96.82555,32.84963],[-96.82585,32.85471],[-96.83119,32.85715],[-96.83623,32.8545],[-96.83594,32.84942],[-96.8306,32.84699]]]}},{"type":"Feature","properties":{"h3":"8826c864e5fffff","mii":6,"trt":0.0,"glp1":0.0,"pharmacy":0.0,"gym":0.0,"n":0},"geometry":{"type":"Polygon","coordinates":[[[-96.83535,32.83927],[-96.83031,32.84191],[-96.8306,32.84699],[-96.83594,32.84942],[-96.84099,32.84678],[-96.84069,32.8417],[-96.83535,32.83927]]]}},{"type":"Feature","properties":{"h3":"8826c864e7fffff","mii":6,"trt":0.0,"glp1":0.0,"pharmacy":0.0,"gym":0.0,"n":0},"geometry":{"type":"Polygon","coordinates":[[[-96.82972,32.83175],[-96.82467,32.8344],[-96.82497,32.83948],[-96.83031,32.84191],[-96.83535,32.83927],[-96.83506,32.83419],[-96.82972,32.83175]]]}},{"type":"Feature","properties":{"h3":"8826c864e3fffff","mii":6,"trt":0.0,"glp1":0.0,"pharmacy":0.0,"gym":0.0,"n":0},"geometry":{"type":"Polygon","coordinates":[[[-96.81933,32.83196],[-96.81429,32.83461],[-96.81458,32.83969],[-96.81992,32.84212],[-96.82497,32.83948],[-96.82467,32.8344],[-96.81933,32.83196]]]}},{"type":"Feature","properties":{"h3":"8826c864ebfffff","mii":6,"trt":0.0,"glp1":0.0,"pharmacy":0.0,"gym":0.0,"n":0},"geometry":{"type":"Polygon","coordinates":[[[-96.81458,32.83969],[-96.80954,32.84233],[-96.80983,32.84741],[-96.81517,32.84984],[-96.82021,32.8472],[-96.81992,32.84212],[-96.81458,32.83969]]]}},{"type":"Feature","properties":{"h3":"8826c8274bfffff","mii":6,"trt":0.0,"glp1":0.0,"pharmacy":0.0,"gym":0.0,"n":0},"geometry":{"type":"Polygon","coordinates":[[[-96.35914,32.96225],[-96.35409,32.96487],[-96.35436,32.96994],[-96.35968,32.97239],[-96.36473,32.96977],[-96.36446,32.9647],[-96.35914,32.96225]]]}},{"type":"Feature","properties":{"h3":"8826c82741fffff","mii":6,"trt":0.0,"glp1":0.0,"pharmacy":0.0,"gym":0.0,"n":0},"geometry":{"type":"Polygon","coordinates":[[[-96.36951,32.96208],[-96.36446,32.9647],[-96.36473,32.96977],[-96.37005,32.97222],[-96.3751,32.9696],[-96.37483,32.96453],[-96.36951,32.96208]]]}},{"type":"Feature","properties":{"h3":"8826c82747fffff","mii":6,"trt":0.0,"glp1":0.0,"pharmacy":0.0,"gym":0.0,"n":0},"geometry":{"type":"Polygon","coordinates":[[[-96.37428,32.95439],[-96.36923,32.95701],[-96.36951,32.96208],[-96.37483,32.96453],[-96.37988,32.96191],[-96.3796,32.95684],[-96.37428,32.95439]]]}},{"type":"Feature","properties":{"h3":"8826c82709fffff","mii":6,"trt":0.0,"glp1":0.0,"pharmacy":0.0,"gym":0.0,"n":0},"geometry":{"type":"Polygon","coordinates":[[[-96.36869,32.94687],[-96.36364,32.94949],[-96.36391,32.95456],[-96.36923,32.95701],[-96.37428,32.95439],[-96.37401,32.94932],[-96.36869,32.94687]]]}},{"type":"Feature","properties":{"h3":"8826c82755fffff","mii":6,"trt":0.0,"glp1":0.0,"pharmacy":0.0,"gym":0.0,"n":0},"geometry":{"type":"Polygon","coordinates":[[[-96.35832,32.94704],[-96.35327,32.94966],[-96.35354,32.95473],[-96.35886,32.95718],[-96.36391,32.95456],[-96.36364,32.94949],[-96.35832,32.94704]]]}},{"type":"Feature","properties":{"h3":"8826c8275dfffff","mii":6,"trt":0.0,"glp1":0.0,"pharmacy":0.0,"gym":0.0,"n":0},"geometry":{"type":"Polygon","coordinates":[[[-96.35354,32.95473],[-96.34849,32.95734],[-96.34877,32.96241],[-96.35409,32.96487],[-96.35914,32.96225],[-96.35886,32.95718],[-96.35354,32.95473]]]}},{"type":"Feature","properties":{"h3":"8826cb9a83fffff","mii":6,"trt":0.0,"glp1":0.0,"pharmacy":0.0,"gym":0.0,"n":0},"geometry":{"type":"Polygon","coordinates":[[[-96.79156,32.71046],[-96.78652,32.71311],[-96.78681,32.71819],[-96.79215,32.72063],[-96.79719,32.71798],[-96.79689,32.7129],[-96.79156,32.71046]]]}},{"type":"Feature","properties":{"h3":"8826cb9a87fffff","mii":6,"trt":0.0,"glp1":0.0,"pharmacy":0.0,"gym":0.0,"n":0},"geometry":{"type":"Polygon","coordinates":[[[-96.80193,32.71025],[-96.79689,32.7129],[-96.79719,32.71798],[-96.80252,32.72042],[-96.80756,32.71777],[-96.80727,32.71269],[-96.80193,32.71025]]]}},{"type":"Feature","properties":{"h3":"8826cb9abdfffff","mii":6,"trt":0.0,"glp1":0.0,"pharmacy":0.0,"gym":0.0,"n":0},"geometry":{"type":"Polygon","coordinates":[[[-96.80668,32.70252],[-96.80164,32.70517],[-96.80193,32.71025],[-96.80727,32.71269],[-96.81231,32.71004],[-96.81201,32.70496],[-96.80668,32.70252]]]}},{"type":"Feature","properties":{"h3":"8826cb9ab1fffff","mii":6,"trt":0.0,"glp1":0.0,"pharmacy":0.0,"gym":0.0,"n":0},"geometry":{"type":"Polygon","coordinates":[[[-96.80106,32.69501],[-96.79602,32.69766],[-96.79631,32.70274],[-96.80164,32.70517],[-96.80668,32.70252],[-96.80639,32.69744],[-96.80106,32.69501]]]}},{"type":"Feature","properties":{"h3":"8826cb9abbfffff","mii":6,"trt":0.0,"glp1":0.0,"pharmacy":0.0,"gym":0.0,"n":0},"geometry":{"type":"Polygon","coordinates":[[[-96.79069,32.69522],[-96.78565,32.69787],[-96.78594,32.70295],[-96.79127,32.70538],[-96.79631,32.70274],[-96.79602,32.69766],[-96.79069,32.69522]]]}},{"type":"Feature","properties":{"h3":"8826cb9a95fffff","mii":6,"trt":0.0,"glp1":0.0,"pharmacy":0.0,"gym":0.0,"n":0},"geometry":{"type":"Polygon","coordinates":[[[-96.78594,32.70295],[-96.7809,32.70559],[-96.78119,32.71068],[-96.78652,32.71311],[-96.79156,32.71046],[-96.79127,32.70538],[-96.78594,32.70295]]]}},{"type":"Feature","properties":{"h3":"8826c87437fffff","mii":6,"trt":0.0,"glp1":0.0,"pharmacy":0.0,"gym":0.0,"n":0},"geometry":{"type":"Polygon","coordinates":[[[-96.82426,33.00721],[-96.81921,33.00985],[-96.8195,33.01492],[-96.82485,33.01736],[-96.82991,33.01472],[-96.82961,33.00964],[-96.82426,33.00721]]]}},{"type":"Feature","properties":{"h3":"8826c875cbfffff","mii":6,"trt":0.0,"glp1":0.0,"pharmacy":0.0,"gym":0.0,"n":0},"geometry":{"type":"Polygon","coordinates":[[[-96.83467,33.007],[-96.82961,33.00964],[-96.82991,33.01472],[-96.83525,33.01715],[-96.84031,33.01451],[-96.84001,33.00944],[-96.83467,33.007]]]}},{"type":"Feature","properties":{"h3":"8826c875c3fffff","mii":6,"trt":0.0,"glp1":0.0,"pharmacy":0.0,"gym":0.0,"n":0},"geometry":{"type":"Polygon","coordinates":[[[-96.83942,32.99929],[-96.83437,33.00193],[-96.83467,33.007],[-96.84001,33.00944],[-96.84507,33.0068],[-96.84477,33.00172],[-96.83942,32.99929]]]}},{"type":"Feature","properties":{"h3":"8826c875d5fffff","mii":6,"trt":0.0,"glp1":0.0,"pharmacy":0.0,"gym":0.0,"n":0},"geometry":{"type":"Polygon","coordinates":[[[-96.83378,32.99178],[-96.82873,32.99442],[-96.82902,32.99949],[-96.83437,33.00193],[-96.83942,32.99929],[-96.83913,32.99421],[-96.83378,32.99178]]]}},{"type":"Feature","properties":{"h3":"8826cb9a57fffff","mii":6,"trt":0.0,"glp1":0.0,"pharmacy":0.0,"gym":0.0,"n":0},"geometry":{"type":"Polygon","coordinates":[[[-96.81582,32.77101],[-96.81078,32.77366],[-96.81107,32.77874],[-96.8164,32.78117],[-96.82145,32.77852],[-96.82115,32.77344],[-96.81582,32.77101]]]}},{"type":"Feature","properties":{"h3":"8826cb9a19fffff","mii":6,"trt":0.0,"glp1":0.0,"pharmacy":0.0,"gym":0.0,"n":0},"geometry":{"type":"Polygon","coordinates":[[[-96.81019,32.7635],[-96.80515,32.76614],[-96.80544,32.77122],[-96.81078,32.77366],[-96.81582,32.77101],[-96.81553,32.76593],[-96.81019,32.7635]]]}},{"type":"Feature","properties":{"h3":"8826cb9125fffff","mii":6,"trt":0.0,"glp1":0.0,"pharmacy":0.0,"gym":0.0,"n":0},"geometry":{"type":"Polygon","coordinates":[[[-96.79981,32.76371],[-96.79477,32.76635],[-96.79506,32.77143],[-96.8004,32.77387],[-96.80544,32.77122],[-96.80515,32.76614],[-96.79981,32.76371]]]}},{"type":"Feature","properties":{"h3":"8826cbd16bfffff","mii":6,"trt":0.0,"glp1":0.0,"pharmacy":0.0,"gym":0.0,"n":0},"geometry":{"type":"Polygon","coordinates":[[[-97.28433,32.77587],[-97.27929,32.77854],[-97.2796,32.78363],[-97.28496,32.78604],[-97.29,32.78338],[-97.28969,32.77829],[-97.28433,32.77587]]]}},{"type":"Feature","properties":{"h3":"8826cbd129fffff","mii":6,"trt":0.0,"glp1":0.0,"pharmacy":0.0,"gym":0.0,"n":0},"geometry":{"type":"Polygon","coordinates":[[[-97.29379,32.76037],[-97.28874,32.76304],[-97.28906,32.76812],[-97.29442,32.77054],[-97.29946,32.76787],[-97.29915,32.76278],[-97.29379,32.76037]]]}},{"type":"Feature","properties":{"h3":"8826cbd105fffff","mii":6,"trt":0.0,"glp1":0.0,"pharmacy":0.0,"gym":0.0,"n":0},"geometry":{"type":"Polygon","coordinates":[[[-97.28339,32.76062],[-97.27834,32.76329],[-97.27866,32.76837],[-97.28402,32.77079],[-97.28906,32.76812],[-97.28874,32.76304],[-97.28339,32.76062]]]}},{"type":"Feature","properties":{"h3":"8826cbd10dfffff","mii":6,"trt":0.0,"glp1":0.0,"pharmacy":0.0,"gym":0.0,"n":0},"geometry":{"type":"Polygon","coordinates":[[[-97.27866,32.76837],[-97.27361,32.77104],[-97.27393,32.77612],[-97.27929,32.77854],[-97.28433,32.77587],[-97.28402,32.77079],[-97.27866,32.76837]]]}},{"type":"Feature","properties":{"h3":"8826caa5b3fffff","mii":6,"trt":0.0,"glp1":0.0,"pharmacy":0.0,"gym":0.0,"n":0},"geometry":{"type":"Polygon","coordinates":[[[-97.38367,32.78109],[-97.37862,32.78376],[-97.37894,32.78884],[-97.38431,32.79126],[-97.38935,32.78859],[-97.38903,32.7835],[-97.38367,32.78109]]]}},{"type":"Feature","properties":{"h3":"8826caa5b7fffff","mii":6,"trt":0.0,"glp1":0.0,"pharmacy":0.0,"gym":0.0,"n":0},"geometry":{"type":"Polygon","coordinates":[[[-97.39408,32.78083],[-97.38903,32.7835],[-97.38935,32.78859],[-97.39472,32.791],[-97.39976,32.78833],[-97.39944,32.78324],[-97.39408,32.78083]]]}},{"type":"Feature","properties":{"h3":"8826cbdb5dfffff","mii":6,"trt":0.0,"glp1":0.0,"pharmacy":0.0,"gym":0.0,"n":0},"geometry":{"type":"Polygon","coordinates":[[[-97.3988,32.77307],[-97.39376,32.77574],[-97.39408,32.78083],[-97.39944,32.78324],[-97.40449,32.78057],[-97.40417,32.77548],[-97.3988,32.77307]]]}},{"type":"Feature","properties":{"h3":"8826cbdb51fffff","mii":6,"trt":0.0,"glp1":0.0,"pharmacy":0.0,"gym":0.0,"n":0},"geometry":{"type":"Polygon","coordinates":[[[-97.39312,32.76557],[-97.38807,32.76824],[-97.38839,32.77333],[-97.39376,32.77574],[-97.3988,32.77307],[-97.39848,32.76798],[-97.39312,32.76557]]]}},{"type":"Feature","properties":{"h3":"8826cbdb5bfffff","mii":6,"trt":0.0,"glp1":0.0,"pharmacy":0.0,"gym":0.0,"n":0},"geometry":{"type":"Polygon","coordinates":[[[-97.38271,32.76583],[-97.37766,32.7685],[-97.37798,32.77359],[-97.38335,32.776],[-97.38839,32.77333],[-97.38807,32.76824],[-97.38271,32.76583]]]}},{"type":"Feature","properties":{"h3":"8826cbda65fffff","mii":6,"trt":0.0,"glp1":0.0,"pharmacy":0.0,"gym":0.0,"n":0},"geometry":{"type":"Polygon","coordinates":[[[-97.37798,32.77359],[-97.37294,32.77626],[-97.37326,32.78134],[-97.37862,32.78376],[-97.38367,32.78109],[-97.38335,32.776],[-97.37798,32.77359]]]}},{"type":"Feature","properties":{"h3":"8826caa6d3fffff","mii":6,"trt":0.0,"glp1":0.0,"pharmacy":0.0,"gym":0.0,"n":0},"geometry":{"type":"Polygon","coordinates":[[[-97.24835,32.86837],[-97.2433,32.87104],[-97.24362,32.87612],[-97.24898,32.87854],[-97.25403,32.87587],[-97.25371,32.87079],[-97.24835,32.86837]]]}},{"type":"Feature","properties":{"h3":"8826caa6d7fffff","mii":6,"trt":0.0,"glp1":0.0,"pharmacy":0.0,"gym":0.0,"n":0},"geometry":{"type":"Polygon","coordinates":[[[-97.25876,32.86813],[-97.25371,32.87079],[-97.25403,32.87587],[-97.25939,32.87829],[-97.26444,32.87563],[-97.26413,32.87055],[-97.25876,32.86813]]]}},{"type":"Feature","properties":{"h3":"8826caa69dfffff","mii":6,"trt":0.0,"glp1":0.0,"pharmacy":0.0,"gym":0.0,"n":0},"geometry":{"type":"Polygon","coordinates":[[[-97.2635,32.86038],[-97.25845,32.86305],[-97.25876,32.86813],[-97.26413,32.87055],[-97.26917,32.86788],[-97.26886,32.8628],[-97.2635,32.86038]]]}},{"type":"Feature","properties":{"h3":"8826caa691fffff","mii":6,"trt":0.0,"glp1":0.0,"pharmacy":0.0,"gym":0.0,"n":0},"geometry":{"type":"Polygon","coordinates":[[[-97.25782,32.85288],[-97.25277,32.85554],[-97.25309,32.86063],[-97.25845,32.86305],[-97.2635,32.86038],[-97.26318,32.8553],[-97.25782,32.85288]]]}},{"type":"Feature","properties":{"h3":"8826caa69bfffff","mii":6,"trt":0.0,"glp1":0.0,"pharmacy":0.0,"gym":0.0,"n":0},"geometry":{"type":"Polygon","coordinates":[[[-97.24741,32.85312],[-97.24236,32.85579],[-97.24268,32.86087],[-97.24804,32.86329],[-97.25309,32.86063],[-97.25277,32.85554],[-97.24741,32.85312]]]}},{"type":"Feature","properties":{"h3":"8826c869a5fffff","mii":6,"trt":0.0,"glp1":0.0,"pharmacy":0.0,"gym":0.0,"n":0},"geometry":{"type":"Polygon","coordinates":[[[-97.24268,32.86087],[-97.23763,32.86353],[-97.23794,32.86862],[-97.2433,32.87104],[-97.24835,32.86837],[-97.24804,32.86329],[-97.24268,32.86087]]]}},{"type":"Feature","properties":{"h3":"8826c869c7fffff","mii":6,"trt":0.0,"glp1":0.0,"pharmacy":0.0,"gym":0.0,"n":0},"geometry":{"type":"Polygon","coordinates":[[[-97.20765,32.88459],[-97.2026,32.88725],[-97.20291,32.89233],[-97.20827,32.89475],[-97.21332,32.89209],[-97.21301,32.88701],[-97.20765,32.88459]]]}},{"type":"Feature","properties":{"h3":"8826c869ebfffff","mii":6,"trt":0.0,"glp1":0.0,"pharmacy":0.0,"gym":0.0,"n":0},"geometry":{"type":"Polygon","coordinates":[[[-97.21806,32.88435],[-97.21301,32.88701],[-97.21332,32.89209],[-97.21868,32.89451],[-97.22373,32.89185],[-97.22342,32.88677],[-97.21806,32.88435]]]}},{"type":"Feature","properties":{"h3":"8826c869e3fffff","mii":6,"trt":0.0,"glp1":0.0,"pharmacy":0.0,"gym":0.0,"n":0},"geometry":{"type":"Polygon","coordinates":[[[-97.2228,32.8766],[-97.21775,32.87927],[-97.21806,32.88435],[-97.22342,32.88677],[-97.22847,32.88411],[-97.22816,32.87902],[-97.2228,32.8766]]]}},{"type":"Feature","properties":{"h3":"8826c86985fffff","mii":6,"trt":0.0,"glp1":0.0,"pharmacy":0.0,"gym":0.0,"n":0},"geometry":{"type":"Polygon","coordinates":[[[-97.21712,32.8691],[-97.21208,32.87176],[-97.21239,32.87685],[-97.21775,32.87927],[-97.2228,32.8766],[-97.22248,32.87152],[-97.21712,32.8691]]]}},{"type":"Feature","properties":{"h3":"8826c86981fffff","mii":6,"trt":0.0,"glp1":0.0,"pharmacy":0.0,"gym":0.0,"n":0},"geometry":{"type":"Polygon","coordinates":[[[-97.20672,32.86934],[-97.20167,32.87201],[-97.20198,32.87709],[-97.20734,32.87951],[-97.21239,32.87685],[-97.21208,32.87176],[-97.20672,32.86934]]]}},{"type":"Feature","properties":{"h3":"8826c86989fffff","mii":6,"trt":0.0,"glp1":0.0,"pharmacy":0.0,"gym":0.0,"n":0},"geometry":{"type":"Polygon","coordinates":[[[-97.20198,32.87709],[-97.19693,32.87975],[-97.19724,32.88483],[-97.2026,32.88725],[-97.20765,32.88459],[-97.20734,32.87951],[-97.20198,32.87709]]]}},{"type":"Feature","properties":{"h3":"8826cbd027fffff","mii":6,"trt":0.0,"glp1":0.0,"pharmacy":0.0,"gym":0.0,"n":0},"geometry":{"type":"Polygon","coordinates":[[[-97.23045,32.7466],[-97.2254,32.74927],[-97.22571,32.75436],[-97.23107,32.75677],[-97.23611,32.75411],[-97.2358,32.74902],[-97.23045,32.7466]]]}},{"type":"Feature","properties":{"h3":"8826cbd1c9fffff","mii":6,"trt":0.0,"glp1":0.0,"pharmacy":0.0,"gym":0.0,"n":0},"geometry":{"type":"Polygon","coordinates":[[[-97.22478,32.7391],[-97.21974,32.74177],[-97.22005,32.74685],[-97.2254,32.74927],[-97.23045,32.7466],[-97.23013,32.74152],[-97.22478,32.7391]]]}},{"type":"Feature","properties":{"h3":"8826cbd035fffff","mii":6,"trt":0.0,"glp1":0.0,"pharmacy":0.0,"gym":0.0,"n":0},"geometry":{"type":"Polygon","coordinates":[[[-97.21438,32.73935],[-97.20934,32.74201],[-97.20965,32.7471],[-97.215,32.74952],[-97.22005,32.74685],[-97.21974,32.74177],[-97.21438,32.73935]]]}},{"type":"Feature","properties":{"h3":"8826c829c7fffff","mii":5,"trt":0.0,"glp1":0.0,"pharmacy":0.0,"gym":0.0,"n":0},"geometry":{"type":"Polygon","coordinates":[[[-96.69822,32.89534],[-96.69317,32.89797],[-96.69346,32.90305],[-96.69879,32.90549],[-96.70384,32.90285],[-96.70355,32.89778],[-96.69822,32.89534]]]}},{"type":"Feature","properties":{"h3":"8826c829ebfffff","mii":5,"trt":0.0,"glp1":0.0,"pharmacy":0.0,"gym":0.0,"n":0},"geometry":{"type":"Polygon","coordinates":[[[-96.7086,32.89514],[-96.70355,32.89778],[-96.70384,32.90285],[-96.70918,32.90529],[-96.71422,32.90265],[-96.71394,32.89758],[-96.7086,32.89514]]]}},{"type":"Feature","properties":{"h3":"8826c829e3fffff","mii":5,"trt":0.0,"glp1":0.0,"pharmacy":0.0,"gym":0.0,"n":0},"geometry":{"type":"Polygon","coordinates":[[[-96.71336,32.88742],[-96.70831,32.89006],[-96.7086,32.89514],[-96.71394,32.89758],[-96.71898,32.89494],[-96.71869,32.88986],[-96.71336,32.88742]]]}},{"type":"Feature","properties":{"h3":"8826c82981fffff","mii":5,"trt":0.0,"glp1":0.0,"pharmacy":0.0,"gym":0.0,"n":0},"geometry":{"type":"Polygon","coordinates":[[[-96.69735,32.88011],[-96.69231,32.88275],[-96.69259,32.88782],[-96.69793,32.89026],[-96.70298,32.88762],[-96.70269,32.88255],[-96.69735,32.88011]]]}},{"type":"Feature","properties":{"h3":"8826c82989fffff","mii":5,"trt":0.0,"glp1":0.0,"pharmacy":0.0,"gym":0.0,"n":0},"geometry":{"type":"Polygon","coordinates":[[[-96.69259,32.88782],[-96.68755,32.89046],[-96.68783,32.89553],[-96.69317,32.89797],[-96.69822,32.89534],[-96.69793,32.89026],[-96.69259,32.88782]]]}},{"type":"Feature","properties":{"h3":"8826c82a55fffff","mii":5,"trt":0.0,"glp1":0.0,"pharmacy":0.0,"gym":0.0,"n":0},"geometry":{"type":"Polygon","coordinates":[[[-96.61551,32.99592],[-96.61046,32.99855],[-96.61074,33.00362],[-96.61608,33.00607],[-96.62113,33.00344],[-96.62085,32.99836],[-96.61551,32.99592]]]}},{"type":"Feature","properties":{"h3":"8826c82a51fffff","mii":5,"trt":0.0,"glp1":0.0,"pharmacy":0.0,"gym":0.0,"n":0},"geometry":{"type":"Polygon","coordinates":[[[-96.60513,32.99611],[-96.60007,32.99874],[-96.60036,33.00381],[-96.60569,33.00625],[-96.61074,33.00362],[-96.61046,32.99855],[-96.60513,32.99611]]]}},{"type":"Feature","properties":{"h3":"8826c82a59fffff","mii":5,"trt":0.0,"glp1":0.0,"pharmacy":0.0,"gym":0.0,"n":0},"geometry":{"type":"Polygon","coordinates":[[[-96.60036,33.00381],[-96.5953,33.00644],[-96.59559,33.01151],[-96.60092,33.01396],[-96.60598,33.01133],[-96.60569,33.00625],[-96.60036,33.00381]]]}},{"type":"Feature","properties":{"h3":"8826c86609fffff","mii":5,"trt":0.0,"glp1":0.0,"pharmacy":0.0,"gym":0.0,"n":0},"geometry":{"type":"Polygon","coordinates":[[[-96.80471,32.939],[-96.79966,32.94164],[-96.79995,32.94672],[-96.8053,32.94915],[-96.81035,32.94651],[-96.81005,32.94144],[-96.80471,32.939]]]}},{"type":"Feature","properties":{"h3":"8826c86603fffff","mii":5,"trt":0.0,"glp1":0.0,"pharmacy":0.0,"gym":0.0,"n":0},"geometry":{"type":"Polygon","coordinates":[[[-96.80383,32.92377],[-96.79878,32.92641],[-96.79907,32.93149],[-96.80442,32.93393],[-96.80947,32.93128],[-96.80917,32.92621],[-96.80383,32.92377]]]}},{"type":"Feature","properties":{"h3":"8826caa6b5fffff","mii":5,"trt":0.0,"glp1":0.0,"pharmacy":0.0,"gym":0.0,"n":0},"geometry":{"type":"Polygon","coordinates":[[[-97.29378,32.84439],[-97.28874,32.84705],[-97.28905,32.85214],[-97.29442,32.85456],[-97.29946,32.85189],[-97.29915,32.84681],[-97.29378,32.84439]]]}},{"type":"Feature","properties":{"h3":"8826caa4c9fffff","mii":5,"trt":0.0,"glp1":0.0,"pharmacy":0.0,"gym":0.0,"n":0},"geometry":{"type":"Polygon","coordinates":[[[-97.3042,32.84414],[-97.29915,32.84681],[-97.29946,32.85189],[-97.30483,32.85431],[-97.30988,32.85164],[-97.30956,32.84656],[-97.3042,32.84414]]]}},{"type":"Feature","properties":{"h3":"8826caa4c1fffff","mii":5,"trt":0.0,"glp1":0.0,"pharmacy":0.0,"gym":0.0,"n":0},"geometry":{"type":"Polygon","coordinates":[[[-97.30893,32.83639],[-97.30388,32.83906],[-97.3042,32.84414],[-97.30956,32.84656],[-97.31461,32.84389],[-97.31429,32.8388],[-97.30893,32.83639]]]}},{"type":"Feature","properties":{"h3":"8826caa4c3fffff","mii":5,"trt":0.0,"glp1":0.0,"pharmacy":0.0,"gym":0.0,"n":0},"geometry":{"type":"Polygon","coordinates":[[[-97.30325,32.82889],[-97.2982,32.83155],[-97.29852,32.83664],[-97.30388,32.83906],[-97.30893,32.83639],[-97.30861,32.8313],[-97.30325,32.82889]]]}},{"type":"Feature","properties":{"h3":"8826caa4ddfffff","mii":5,"trt":0.0,"glp1":0.0,"pharmacy":0.0,"gym":0.0,"n":0},"geometry":{"type":"Polygon","coordinates":[[[-97.29284,32.82914],[-97.28779,32.8318],[-97.28811,32.83689],[-97.29347,32.8393],[-97.29852,32.83664],[-97.2982,32.83155],[-97.29284,32.82914]]]}},{"type":"Feature","properties":{"h3":"8826caa6b7fffff","mii":5,"trt":0.0,"glp1":0.0,"pharmacy":0.0,"gym":0.0,"n":0},"geometry":{"type":"Polygon","coordinates":[[[-97.28811,32.83689],[-97.28306,32.83955],[-97.28337,32.84464],[-97.28874,32.84705],[-97.29378,32.84439],[-97.29347,32.8393],[-97.28811,32.83689]]]}},{"type":"Feature","properties":{"h3":"8826cbd005fffff","mii":5,"trt":0.0,"glp1":0.0,"pharmacy":0.0,"gym":0.0,"n":0},"geometry":{"type":"Polygon","coordinates":[[[-97.21058,32.76235],[-97.20554,32.76501],[-97.20585,32.7701],[-97.21121,32.77252],[-97.21625,32.76985],[-97.21594,32.76477],[-97.21058,32.76235]]]}},{"type":"Feature","properties":{"h3":"8826cbd029fffff","mii":5,"trt":0.0,"glp1":0.0,"pharmacy":0.0,"gym":0.0,"n":0},"geometry":{"type":"Polygon","coordinates":[[[-97.22098,32.76211],[-97.21594,32.76477],[-97.21625,32.76985],[-97.22161,32.77227],[-97.22665,32.76961],[-97.22634,32.76453],[-97.22098,32.76211]]]}},{"type":"Feature","properties":{"h3":"8826cbd007fffff","mii":5,"trt":0.0,"glp1":0.0,"pharmacy":0.0,"gym":0.0,"n":0},"geometry":{"type":"Polygon","coordinates":[[[-97.20492,32.75485],[-97.19987,32.75751],[-97.20018,32.76259],[-97.20554,32.76501],[-97.21058,32.76235],[-97.21027,32.75727],[-97.20492,32.75485]]]}},{"type":"Feature","properties":{"h3":"8826cbdab7fffff","mii":5,"trt":0.0,"glp1":0.0,"pharmacy":0.0,"gym":0.0,"n":0},"geometry":{"type":"Polygon","coordinates":[[[-97.31458,32.6758],[-97.30954,32.67847],[-97.30986,32.68356],[-97.31521,32.68598],[-97.32026,32.68331],[-97.31994,32.67822],[-97.31458,32.6758]]]}},{"type":"Feature","properties":{"h3":"8826cbd8d9fffff","mii":5,"trt":0.0,"glp1":0.0,"pharmacy":0.0,"gym":0.0,"n":0},"geometry":{"type":"Polygon","coordinates":[[[-97.30891,32.6683],[-97.30387,32.67097],[-97.30419,32.67606],[-97.30954,32.67847],[-97.31458,32.6758],[-97.31427,32.67071],[-97.30891,32.6683]]]}},{"type":"Feature","properties":{"h3":"8826cbc14dfffff","mii":5,"trt":0.0,"glp1":0.0,"pharmacy":0.0,"gym":0.0,"n":0},"geometry":{"type":"Polygon","coordinates":[[[-97.30135,32.63026],[-97.29631,32.63293],[-97.29663,32.63802],[-97.30198,32.64044],[-97.30702,32.63777],[-97.3067,32.63268],[-97.30135,32.63026]]]}},{"type":"Feature","properties":{"h3":"8826cbd893fffff","mii":5,"trt":0.0,"glp1":0.0,"pharmacy":0.0,"gym":0.0,"n":0},"geometry":{"type":"Polygon","coordinates":[[[-97.31174,32.63001],[-97.3067,32.63268],[-97.30702,32.63777],[-97.31237,32.64018],[-97.31741,32.63751],[-97.3171,32.63242],[-97.31174,32.63001]]]}},{"type":"Feature","properties":{"h3":"8826cbc169fffff","mii":5,"trt":0.0,"glp1":0.0,"pharmacy":0.0,"gym":0.0,"n":0},"geometry":{"type":"Polygon","coordinates":[[[-97.31646,32.62224],[-97.31143,32.62492],[-97.31174,32.63001],[-97.3171,32.63242],[-97.32213,32.62975],[-97.32182,32.62466],[-97.31646,32.62224]]]}},{"type":"Feature","properties":{"h3":"8826cbc16bfffff","mii":5,"trt":0.0,"glp1":0.0,"pharmacy":0.0,"gym":0.0,"n":0},"geometry":{"type":"Polygon","coordinates":[[[-97.3108,32.61474],[-97.30576,32.61741],[-97.30607,32.6225],[-97.31143,32.62492],[-97.31646,32.62224],[-97.31615,32.61716],[-97.3108,32.61474]]]}},{"type":"Feature","properties":{"h3":"8826cbc147fffff","mii":5,"trt":0.0,"glp1":0.0,"pharmacy":0.0,"gym":0.0,"n":0},"geometry":{"type":"Polygon","coordinates":[[[-97.30041,32.615],[-97.29537,32.61767],[-97.29568,32.62276],[-97.30104,32.62517],[-97.30607,32.6225],[-97.30576,32.61741],[-97.30041,32.615]]]}},{"type":"Feature","properties":{"h3":"8826cbc141fffff","mii":5,"trt":0.0,"glp1":0.0,"pharmacy":0.0,"gym":0.0,"n":0},"geometry":{"type":"Polygon","coordinates":[[[-97.29568,32.62276],[-97.29065,32.62543],[-97.29096,32.63052],[-97.29631,32.63293],[-97.30135,32.63026],[-97.30104,32.62517],[-97.29568,32.62276]]]}},{"type":"Feature","properties":{"h3":"8826caa619fffff","mii":5,"trt":0.0,"glp1":0.75,"pharmacy":0.0,"gym":0.0,"n":1},"geometry":{"type":"Polygon","coordinates":[[[-97.29283,32.91313],[-97.28778,32.91579],[-97.2881,32.92088],[-97.29347,32.92329],[-97.29852,32.92063],[-97.2982,32.91555],[-97.29283,32.91313]]]}},{"type":"Feature","properties":{"h3":"8826caa41bfffff","mii":5,"trt":0.0,"glp1":0.7,"pharmacy":0.0,"gym":0.0,"n":1},"geometry":{"type":"Polygon","coordinates":[[[-97.32029,32.85139],[-97.31524,32.85406],[-97.31556,32.85914],[-97.32092,32.86156],[-97.32597,32.85889],[-97.32565,32.8538],[-97.32029,32.85139]]]}},{"type":"Feature","properties":{"h3":"8826caa501fffff","mii":5,"trt":0.0,"glp1":0.75,"pharmacy":0.0,"gym":0.0,"n":1},"geometry":{"type":"Polygon","coordinates":[[[-97.4254,32.86409],[-97.42035,32.86676],[-97.42067,32.87184],[-97.42604,32.87426],[-97.43109,32.87159],[-97.43077,32.8665],[-97.4254,32.86409]]]}},{"type":"Feature","properties":{"h3":"8826cbd0e9fffff","mii":5,"trt":0.0,"glp1":0.0,"pharmacy":0.0,"gym":0.0,"n":0},"geometry":{"type":"Polygon","coordinates":[[[-97.17753,32.73257],[-97.17249,32.73524],[-97.1728,32.74032],[-97.17815,32.74274],[-97.18319,32.74008],[-97.18288,32.73499],[-97.17753,32.73257]]]}},{"type":"Feature","properties":{"h3":"8826cbd0edfffff","mii":5,"trt":0.0,"glp1":0.0,"pharmacy":0.0,"gym":0.0,"n":0},"geometry":{"type":"Polygon","coordinates":[[[-97.18793,32.73233],[-97.18288,32.73499],[-97.18319,32.74008],[-97.18855,32.7425],[-97.19359,32.73983],[-97.19328,32.73475],[-97.18793,32.73233]]]}},{"type":"Feature","properties":{"h3":"8826cbd0e5fffff","mii":5,"trt":0.0,"glp1":0.0,"pharmacy":0.0,"gym":0.0,"n":0},"geometry":{"type":"Polygon","coordinates":[[[-97.19266,32.72458],[-97.18762,32.72724],[-97.18793,32.73233],[-97.19328,32.73475],[-97.19832,32.73208],[-97.19801,32.727],[-97.19266,32.72458]]]}},{"type":"Feature","properties":{"h3":"8826cbd0e7fffff","mii":5,"trt":0.0,"glp1":0.0,"pharmacy":0.0,"gym":0.0,"n":0},"geometry":{"type":"Polygon","coordinates":[[[-97.187,32.71707],[-97.18195,32.71974],[-97.18226,32.72482],[-97.18762,32.72724],[-97.19266,32.72458],[-97.19235,32.71949],[-97.187,32.71707]]]}},{"type":"Feature","properties":{"h3":"8826cbd0e3fffff","mii":5,"trt":0.0,"glp1":0.0,"pharmacy":0.0,"gym":0.0,"n":0},"geometry":{"type":"Polygon","coordinates":[[[-97.1766,32.71732],[-97.17156,32.71998],[-97.17187,32.72507],[-97.17722,32.72749],[-97.18226,32.72482],[-97.18195,32.71974],[-97.1766,32.71732]]]}},{"type":"Feature","properties":{"h3":"8826cbd0ebfffff","mii":5,"trt":0.0,"glp1":0.0,"pharmacy":0.0,"gym":0.0,"n":0},"geometry":{"type":"Polygon","coordinates":[[[-97.17187,32.72507],[-97.16683,32.72773],[-97.16714,32.73281],[-97.17249,32.73524],[-97.17753,32.73257],[-97.17722,32.72749],[-97.17187,32.72507]]]}},{"type":"Feature","properties":{"h3":"8826c86da3fffff","mii":5,"trt":0.0,"glp1":0.0,"pharmacy":0.0,"gym":0.0,"n":0},"geometry":{"type":"Polygon","coordinates":[[[-97.07453,32.7502],[-97.06949,32.75286],[-97.06979,32.75795],[-97.07514,32.76037],[-97.08018,32.75771],[-97.07988,32.75263],[-97.07453,32.7502]]]}},{"type":"Feature","properties":{"h3":"8826c86da7fffff","mii":5,"trt":0.0,"glp1":0.0,"pharmacy":0.0,"gym":0.0,"n":0},"geometry":{"type":"Polygon","coordinates":[[[-97.08492,32.74997],[-97.07988,32.75263],[-97.08018,32.75771],[-97.08553,32.76014],[-97.09058,32.75748],[-97.09027,32.7524],[-97.08492,32.74997]]]}},{"type":"Feature","properties":{"h3":"8826cbd74dfffff","mii":5,"trt":0.0,"glp1":0.0,"pharmacy":0.0,"gym":0.0,"n":0},"geometry":{"type":"Polygon","coordinates":[[[-97.08966,32.74223],[-97.08462,32.74489],[-97.08492,32.74997],[-97.09027,32.7524],[-97.09531,32.74974],[-97.09501,32.74465],[-97.08966,32.74223]]]}},{"type":"Feature","properties":{"h3":"8826cbd741fffff","mii":5,"trt":0.0,"glp1":0.0,"pharmacy":0.0,"gym":0.0,"n":0},"geometry":{"type":"Polygon","coordinates":[[[-97.08401,32.73472],[-97.07896,32.73738],[-97.07927,32.74246],[-97.08462,32.74489],[-97.08966,32.74223],[-97.08935,32.73714],[-97.08401,32.73472]]]}},{"type":"Feature","properties":{"h3":"8826c86db5fffff","mii":5,"trt":0.0,"glp1":0.0,"pharmacy":0.0,"gym":0.0,"n":0},"geometry":{"type":"Polygon","coordinates":[[[-97.06888,32.7427],[-97.06384,32.74535],[-97.06414,32.75044],[-97.06949,32.75286],[-97.07453,32.7502],[-97.07423,32.74512],[-97.06888,32.7427]]]}},{"type":"Feature","properties":{"h3":"8826c87111fffff","mii":5,"trt":0.0,"glp1":0.0,"pharmacy":0.0,"gym":0.0,"n":0},"geometry":{"type":"Polygon","coordinates":[[[-97.01883,33.12518],[-97.01377,33.12783],[-97.01407,33.1329],[-97.01944,33.13533],[-97.0245,33.13268],[-97.02419,33.12761],[-97.01883,33.12518]]]}},{"type":"Feature","properties":{"h3":"8826c87115fffff","mii":5,"trt":0.0,"glp1":0.0,"pharmacy":0.0,"gym":0.0,"n":0},"geometry":{"type":"Polygon","coordinates":[[[-97.02925,33.12496],[-97.02419,33.12761],[-97.0245,33.13268],[-97.02986,33.13511],[-97.03492,33.13246],[-97.03462,33.12739],[-97.02925,33.12496]]]}},{"type":"Feature","properties":{"h3":"8826c8713bfffff","mii":5,"trt":0.0,"glp1":0.0,"pharmacy":0.0,"gym":0.0,"n":0},"geometry":{"type":"Polygon","coordinates":[[[-97.03401,33.11724],[-97.02895,33.11989],[-97.02925,33.12496],[-97.03462,33.12739],[-97.03968,33.12474],[-97.03937,33.11967],[-97.03401,33.11724]]]}},{"type":"Feature","properties":{"h3":"8826c871edfffff","mii":5,"trt":0.0,"glp1":0.0,"pharmacy":0.0,"gym":0.0,"n":0},"geometry":{"type":"Polygon","coordinates":[[[-97.02834,33.10974],[-97.02328,33.11239],[-97.02359,33.11746],[-97.02895,33.11989],[-97.03401,33.11724],[-97.0337,33.11217],[-97.02834,33.10974]]]}},{"type":"Feature","properties":{"h3":"8826c871e9fffff","mii":5,"trt":0.0,"glp1":0.0,"pharmacy":0.0,"gym":0.0,"n":0},"geometry":{"type":"Polygon","coordinates":[[[-97.01792,33.10996],[-97.01286,33.1126],[-97.01317,33.11768],[-97.01853,33.12011],[-97.02359,33.11746],[-97.02328,33.11239],[-97.01792,33.10996]]]}},{"type":"Feature","properties":{"h3":"8826c87113fffff","mii":5,"trt":0.0,"glp1":0.0,"pharmacy":0.0,"gym":0.0,"n":0},"geometry":{"type":"Polygon","coordinates":[[[-97.01317,33.11768],[-97.00811,33.12032],[-97.00841,33.1254],[-97.01377,33.12783],[-97.01883,33.12518],[-97.01853,33.12011],[-97.01317,33.11768]]]}},{"type":"Feature","properties":{"h3":"8826cb8111fffff","mii":5,"trt":0.0,"glp1":0.0,"pharmacy":0.0,"gym":0.0,"n":0},"geometry":{"type":"Polygon","coordinates":[[[-96.76947,32.59643],[-96.76443,32.59908],[-96.76472,32.60416],[-96.77005,32.60659],[-96.77508,32.60395],[-96.77479,32.59886],[-96.76947,32.59643]]]}},{"type":"Feature","properties":{"h3":"8826cb8115fffff","mii":5,"trt":0.0,"glp1":0.0,"pharmacy":0.0,"gym":0.0,"n":0},"geometry":{"type":"Polygon","coordinates":[[[-96.77983,32.59621],[-96.77479,32.59886],[-96.77508,32.60395],[-96.78041,32.60638],[-96.78545,32.60373],[-96.78515,32.59865],[-96.77983,32.59621]]]}},{"type":"Feature","properties":{"h3":"8826cb813bfffff","mii":5,"trt":0.0,"glp1":0.0,"pharmacy":0.0,"gym":0.0,"n":0},"geometry":{"type":"Polygon","coordinates":[[[-96.78457,32.58848],[-96.77954,32.59113],[-96.77983,32.59621],[-96.78515,32.59865],[-96.79019,32.596],[-96.7899,32.59092],[-96.78457,32.58848]]]}},{"type":"Feature","properties":{"h3":"8826cb81edfffff","mii":5,"trt":0.0,"glp1":0.0,"pharmacy":0.0,"gym":0.0,"n":0},"geometry":{"type":"Polygon","coordinates":[[[-96.77896,32.58096],[-96.77392,32.58361],[-96.77421,32.5887],[-96.77954,32.59113],[-96.78457,32.58848],[-96.78428,32.5834],[-96.77896,32.58096]]]}},{"type":"Feature","properties":{"h3":"8826cb81e9fffff","mii":5,"trt":0.0,"glp1":0.0,"pharmacy":0.0,"gym":0.0,"n":0},"geometry":{"type":"Polygon","coordinates":[[[-96.7686,32.58118],[-96.76356,32.58382],[-96.76385,32.58891],[-96.76918,32.59134],[-96.77421,32.5887],[-96.77392,32.58361],[-96.7686,32.58118]]]}},{"type":"Feature","properties":{"h3":"8826cb8113fffff","mii":5,"trt":0.0,"glp1":0.0,"pharmacy":0.0,"gym":0.0,"n":0},"geometry":{"type":"Polygon","coordinates":[[[-96.76385,32.58891],[-96.75882,32.59156],[-96.75911,32.59664],[-96.76443,32.59908],[-96.76947,32.59643],[-96.76918,32.59134],[-96.76385,32.58891]]]}},{"type":"Feature","properties":{"h3":"8826cb8329fffff","mii":5,"trt":0.0,"glp1":0.65,"pharmacy":0.0,"gym":0.0,"n":1},"geometry":{"type":"Polygon","coordinates":[[[-96.77857,32.66494],[-96.77353,32.66759],[-96.77383,32.67267],[-96.77915,32.6751],[-96.78419,32.67246],[-96.7839,32.66738],[-96.77857,32.66494]]]}},{"type":"Feature","properties":{"h3":"8826cabab9fffff","mii":5,"trt":0.0,"glp1":0.0,"pharmacy":0.0,"gym":0.0,"n":0},"geometry":{"type":"Polygon","coordinates":[[[-97.58414,33.05864],[-97.57908,33.06131],[-97.57941,33.06639],[-97.5848,33.0688],[-97.58986,33.06613],[-97.58953,33.06104],[-97.58414,33.05864]]]}},{"type":"Feature","properties":{"h3":"8826cababdfffff","mii":5,"trt":0.0,"glp1":0.0,"pharmacy":0.0,"gym":0.0,"n":0},"geometry":{"type":"Polygon","coordinates":[[[-97.59459,33.05837],[-97.58953,33.06104],[-97.58986,33.06613],[-97.59525,33.06853],[-97.6003,33.06586],[-97.59997,33.06078],[-97.59459,33.05837]]]}},{"type":"Feature","properties":{"h3":"8826cabab5fffff","mii":5,"trt":0.0,"glp1":0.0,"pharmacy":0.0,"gym":0.0,"n":0},"geometry":{"type":"Polygon","coordinates":[[[-97.59931,33.05061],[-97.59426,33.05329],[-97.59459,33.05837],[-97.59997,33.06078],[-97.60503,33.0581],[-97.6047,33.05302],[-97.59931,33.05061]]]}},{"type":"Feature","properties":{"h3":"8826cabab7fffff","mii":5,"trt":0.0,"glp1":0.0,"pharmacy":0.0,"gym":0.0,"n":0},"geometry":{"type":"Polygon","coordinates":[[[-97.5936,33.04312],[-97.58854,33.0458],[-97.58887,33.05088],[-97.59426,33.05329],[-97.59931,33.05061],[-97.59898,33.04553],[-97.5936,33.04312]]]}},{"type":"Feature","properties":{"h3":"8826cabab3fffff","mii":5,"trt":0.0,"glp1":0.0,"pharmacy":0.0,"gym":0.0,"n":0},"geometry":{"type":"Polygon","coordinates":[[[-97.58315,33.04339],[-97.5781,33.04607],[-97.57842,33.05115],[-97.58381,33.05356],[-97.58887,33.05088],[-97.58854,33.0458],[-97.58315,33.04339]]]}},{"type":"Feature","properties":{"h3":"8826cababbfffff","mii":5,"trt":0.0,"glp1":0.0,"pharmacy":0.0,"gym":0.0,"n":0},"geometry":{"type":"Polygon","coordinates":[[[-97.57842,33.05115],[-97.57337,33.05382],[-97.5737,33.0589],[-97.57908,33.06131],[-97.58414,33.05864],[-97.58381,33.05356],[-97.57842,33.05115]]]}},{"type":"Feature","properties":{"h3":"8826cbdadbfffff","mii":5,"trt":0.0,"glp1":0.65,"pharmacy":0.0,"gym":0.0,"n":1},"geometry":{"type":"Polygon","coordinates":[[[-97.27016,32.71509],[-97.26512,32.71776],[-97.26543,32.72285],[-97.27079,32.72527],[-97.27583,32.7226],[-97.27551,32.71751],[-97.27016,32.71509]]]}},{"type":"Feature","properties":{"h3":"8826caa59bfffff","mii":5,"trt":0.0,"glp1":0.0,"pharmacy":0.0,"gym":0.0,"n":0},"geometry":{"type":"Polygon","coordinates":[[[-97.35339,32.79711],[-97.34835,32.79978],[-97.34867,32.80487],[-97.35403,32.80729],[-97.35908,32.80461],[-97.35876,32.79953],[-97.35339,32.79711]]]}},{"type":"Feature","properties":{"h3":"8826caa591fffff","mii":5,"trt":0.0,"glp1":0.0,"pharmacy":0.0,"gym":0.0,"n":0},"geometry":{"type":"Polygon","coordinates":[[[-97.3638,32.79686],[-97.35876,32.79953],[-97.35908,32.80461],[-97.36444,32.80703],[-97.36949,32.80436],[-97.36917,32.79927],[-97.3638,32.79686]]]}},{"type":"Feature","properties":{"h3":"8826caa597fffff","mii":5,"trt":0.0,"glp1":0.0,"pharmacy":0.0,"gym":0.0,"n":0},"geometry":{"type":"Polygon","coordinates":[[[-97.36853,32.7891],[-97.36349,32.79177],[-97.3638,32.79686],[-97.36917,32.79927],[-97.37421,32.7966],[-97.3739,32.79152],[-97.36853,32.7891]]]}},{"type":"Feature","properties":{"h3":"8826cbda4dfffff","mii":5,"trt":0.0,"glp1":0.0,"pharmacy":0.0,"gym":0.0,"n":0},"geometry":{"type":"Polygon","coordinates":[[[-97.34771,32.78961],[-97.34267,32.79228],[-97.34299,32.79737],[-97.34835,32.79978],[-97.35339,32.79711],[-97.35308,32.79203],[-97.34771,32.78961]]]}},{"type":"Feature","properties":{"h3":"8826cbd16dfffff","mii":5,"trt":0.0,"glp1":0.0,"pharmacy":0.0,"gym":0.0,"n":0},"geometry":{"type":"Polygon","coordinates":[[[-97.30041,32.78313],[-97.29536,32.78579],[-97.29568,32.79088],[-97.30104,32.7933],[-97.30608,32.79063],[-97.30577,32.78554],[-97.30041,32.78313]]]}},{"type":"Feature","properties":{"h3":"8826caa4b3fffff","mii":5,"trt":0.0,"glp1":0.0,"pharmacy":0.0,"gym":0.0,"n":0},"geometry":{"type":"Polygon","coordinates":[[[-97.31081,32.78287],[-97.30577,32.78554],[-97.30608,32.79063],[-97.31145,32.79304],[-97.31649,32.79038],[-97.31618,32.78529],[-97.31081,32.78287]]]}},{"type":"Feature","properties":{"h3":"8826cab605fffff","mii":5,"trt":0.0,"glp1":0.0,"pharmacy":0.0,"gym":0.0,"n":0},"geometry":{"type":"Polygon","coordinates":[[[-97.30326,33.08077],[-97.2982,33.08343],[-97.29852,33.08851],[-97.30389,33.09092],[-97.30895,33.08826],[-97.30863,33.08319],[-97.30326,33.08077]]]}},{"type":"Feature","properties":{"h3":"8826cab629fffff","mii":5,"trt":0.0,"glp1":0.0,"pharmacy":0.0,"gym":0.0,"n":0},"geometry":{"type":"Polygon","coordinates":[[[-97.31369,33.08053],[-97.30863,33.08319],[-97.30895,33.08826],[-97.31433,33.09068],[-97.31938,33.08802],[-97.31907,33.08294],[-97.31369,33.08053]]]}},{"type":"Feature","properties":{"h3":"8826cab621fffff","mii":5,"trt":0.0,"glp1":0.0,"pharmacy":0.0,"gym":0.0,"n":0},"geometry":{"type":"Polygon","coordinates":[[[-97.31843,33.07279],[-97.31337,33.07545],[-97.31369,33.08053],[-97.31907,33.08294],[-97.32413,33.08028],[-97.32381,33.0752],[-97.31843,33.07279]]]}},{"type":"Feature","properties":{"h3":"8826cab623fffff","mii":5,"trt":0.0,"glp1":0.0,"pharmacy":0.0,"gym":0.0,"n":0},"geometry":{"type":"Polygon","coordinates":[[[-97.31274,33.06529],[-97.30768,33.06795],[-97.308,33.07303],[-97.31337,33.07545],[-97.31843,33.07279],[-97.31812,33.06771],[-97.31274,33.06529]]]}},{"type":"Feature","properties":{"h3":"8826cab63dfffff","mii":5,"trt":0.0,"glp1":0.0,"pharmacy":0.0,"gym":0.0,"n":0},"geometry":{"type":"Polygon","coordinates":[[[-97.30231,33.06553],[-97.29725,33.0682],[-97.29757,33.07327],[-97.30294,33.07569],[-97.308,33.07303],[-97.30768,33.06795],[-97.30231,33.06553]]]}},{"type":"Feature","properties":{"h3":"8826cab607fffff","mii":5,"trt":0.0,"glp1":0.0,"pharmacy":0.0,"gym":0.0,"n":0},"geometry":{"type":"Polygon","coordinates":[[[-97.29757,33.07327],[-97.29251,33.07593],[-97.29283,33.08101],[-97.2982,33.08343],[-97.30326,33.08077],[-97.30294,33.07569],[-97.29757,33.07327]]]}},{"type":"Feature","properties":{"h3":"8826c866d9fffff","mii":5,"trt":0.0,"glp1":0.0,"pharmacy":0.0,"gym":0.0,"n":0},"geometry":{"type":"Polygon","coordinates":[[[-96.73975,32.89454],[-96.73471,32.89718],[-96.73499,32.90225],[-96.74033,32.90469],[-96.74538,32.90205],[-96.74509,32.89698],[-96.73975,32.89454]]]}},{"type":"Feature","properties":{"h3":"8826c866ddfffff","mii":5,"trt":0.0,"glp1":0.0,"pharmacy":0.0,"gym":0.0,"n":0},"geometry":{"type":"Polygon","coordinates":[[[-96.75014,32.89434],[-96.74509,32.89698],[-96.74538,32.90205],[-96.75072,32.90449],[-96.75577,32.90185],[-96.75548,32.89677],[-96.75014,32.89434]]]}},{"type":"Feature","properties":{"h3":"8826c866dbfffff","mii":5,"trt":0.0,"glp1":0.0,"pharmacy":0.0,"gym":0.0,"n":0},"geometry":{"type":"Polygon","coordinates":[[[-96.73413,32.88702],[-96.72908,32.88966],[-96.72937,32.89474],[-96.73471,32.89718],[-96.73975,32.89454],[-96.73946,32.88946],[-96.73413,32.88702]]]}},{"type":"Feature","properties":{"h3":"8826c86e19fffff","mii":5,"trt":0.0,"glp1":0.0,"pharmacy":0.0,"gym":0.0,"n":0},"geometry":{"type":"Polygon","coordinates":[[[-96.96182,32.86715],[-96.95677,32.8698],[-96.95707,32.87488],[-96.96242,32.87731],[-96.96747,32.87466],[-96.96717,32.86958],[-96.96182,32.86715]]]}},{"type":"Feature","properties":{"h3":"8826c86e11fffff","mii":5,"trt":0.0,"glp1":0.0,"pharmacy":0.0,"gym":0.0,"n":0},"geometry":{"type":"Polygon","coordinates":[[[-96.96657,32.85942],[-96.96152,32.86207],[-96.96182,32.86715],[-96.96717,32.86958],[-96.97221,32.86693],[-96.97191,32.86185],[-96.96657,32.85942]]]}},{"type":"Feature","properties":{"h3":"8826c86e13fffff","mii":5,"trt":0.0,"glp1":0.0,"pharmacy":0.0,"gym":0.0,"n":0},"geometry":{"type":"Polygon","coordinates":[[[-96.96092,32.85191],[-96.95587,32.85456],[-96.95617,32.85964],[-96.96152,32.86207],[-96.96657,32.85942],[-96.96627,32.85434],[-96.96092,32.85191]]]}},{"type":"Feature","properties":{"h3":"8826c86ecdfffff","mii":5,"trt":0.0,"glp1":0.0,"pharmacy":0.0,"gym":0.0,"n":0},"geometry":{"type":"Polygon","coordinates":[[[-96.95053,32.85213],[-96.94548,32.85478],[-96.94578,32.85986],[-96.95112,32.86229],[-96.95617,32.85964],[-96.95587,32.85456],[-96.95053,32.85213]]]}},{"type":"Feature","properties":{"h3":"8826cb9327fffff","mii":5,"trt":0.0,"glp1":0.0,"pharmacy":0.0,"gym":0.0,"n":0},"geometry":{"type":"Polygon","coordinates":[[[-96.76092,32.81025],[-96.75588,32.81289],[-96.75617,32.81797],[-96.7615,32.82041],[-96.76655,32.81777],[-96.76626,32.81269],[-96.76092,32.81025]]]}},{"type":"Feature","properties":{"h3":"8826c805d7fffff","mii":5,"trt":0.0,"glp1":0.0,"pharmacy":0.0,"gym":0.0,"n":0},"geometry":{"type":"Polygon","coordinates":[[[-96.62184,33.20135],[-96.61678,33.20397],[-96.61706,33.20904],[-96.62241,33.21148],[-96.62747,33.20886],[-96.62718,33.20379],[-96.62184,33.20135]]]}},{"type":"Feature","properties":{"h3":"8826c8059dfffff","mii":5,"trt":0.0,"glp1":0.0,"pharmacy":0.0,"gym":0.0,"n":0},"geometry":{"type":"Polygon","coordinates":[[[-96.62661,33.19365],[-96.62155,33.19628],[-96.62184,33.20135],[-96.62718,33.20379],[-96.63224,33.20116],[-96.63196,33.19609],[-96.62661,33.19365]]]}},{"type":"Feature","properties":{"h3":"8826c80591fffff","mii":5,"trt":0.0,"glp1":0.0,"pharmacy":0.0,"gym":0.0,"n":0},"geometry":{"type":"Polygon","coordinates":[[[-96.62098,33.18614],[-96.61592,33.18877],[-96.61621,33.19384],[-96.62155,33.19628],[-96.62661,33.19365],[-96.62633,33.18858],[-96.62098,33.18614]]]}},{"type":"Feature","properties":{"h3":"8826cb9755fffff","mii":4,"trt":0.0,"glp1":0.0,"pharmacy":0.0,"gym":0.0,"n":0},"geometry":{"type":"Polygon","coordinates":[[[-96.56437,32.73014],[-96.55933,32.73277],[-96.55961,32.73785],[-96.56493,32.74029],[-96.56997,32.73766],[-96.56969,32.73258],[-96.56437,32.73014]]]}},{"type":"Feature","properties":{"h3":"8826cb9709fffff","mii":4,"trt":0.0,"glp1":0.0,"pharmacy":0.0,"gym":0.0,"n":0},"geometry":{"type":"Polygon","coordinates":[[[-96.57473,32.72994],[-96.56969,32.73258],[-96.56997,32.73766],[-96.57529,32.7401],[-96.58033,32.73746],[-96.58005,32.73239],[-96.57473,32.72994]]]}},{"type":"Feature","properties":{"h3":"8826cb9701fffff","mii":4,"trt":0.0,"glp1":0.0,"pharmacy":0.0,"gym":0.0,"n":0},"geometry":{"type":"Polygon","coordinates":[[[-96.57949,32.72223],[-96.57445,32.72486],[-96.57473,32.72994],[-96.58005,32.73239],[-96.58509,32.72975],[-96.58481,32.72467],[-96.57949,32.72223]]]}},{"type":"Feature","properties":{"h3":"8826cb9703fffff","mii":4,"trt":0.0,"glp1":0.0,"pharmacy":0.0,"gym":0.0,"n":0},"geometry":{"type":"Polygon","coordinates":[[[-96.57388,32.71471],[-96.56884,32.71734],[-96.56913,32.72242],[-96.57445,32.72486],[-96.57949,32.72223],[-96.5792,32.71715],[-96.57388,32.71471]]]}},{"type":"Feature","properties":{"h3":"8826cb971dfffff","mii":4,"trt":0.0,"glp1":0.0,"pharmacy":0.0,"gym":0.0,"n":0},"geometry":{"type":"Polygon","coordinates":[[[-96.56352,32.7149],[-96.55848,32.71754],[-96.55877,32.72261],[-96.56409,32.72506],[-96.56913,32.72242],[-96.56884,32.71734],[-96.56352,32.7149]]]}},{"type":"Feature","properties":{"h3":"8826cb9757fffff","mii":4,"trt":0.0,"glp1":0.0,"pharmacy":0.0,"gym":0.0,"n":0},"geometry":{"type":"Polygon","coordinates":[[[-96.55877,32.72261],[-96.55373,32.72525],[-96.55401,32.73033],[-96.55933,32.73277],[-96.56437,32.73014],[-96.56409,32.72506],[-96.55877,32.72261]]]}},{"type":"Feature","properties":{"h3":"8826cb9435fffff","mii":4,"trt":0.0,"glp1":0.55,"pharmacy":0.0,"gym":0.0,"n":1},"geometry":{"type":"Polygon","coordinates":[[[-96.55456,32.64643],[-96.54952,32.64906],[-96.5498,32.65414],[-96.55512,32.65659],[-96.56015,32.65395],[-96.55987,32.64887],[-96.55456,32.64643]]]}},{"type":"Feature","properties":{"h3":"8826cb972dfffff","mii":4,"trt":0.0,"glp1":0.0,"pharmacy":0.0,"gym":0.0,"n":0},"geometry":{"type":"Polygon","coordinates":[[[-96.61057,32.72165],[-96.60553,32.72428],[-96.60581,32.72936],[-96.61114,32.7318],[-96.61618,32.72917],[-96.61589,32.72409],[-96.61057,32.72165]]]}},{"type":"Feature","properties":{"h3":"8826cb90d3fffff","mii":4,"trt":0.0,"glp1":0.0,"pharmacy":0.0,"gym":0.0,"n":0},"geometry":{"type":"Polygon","coordinates":[[[-96.62093,32.72145],[-96.61589,32.72409],[-96.61618,32.72917],[-96.6215,32.73161],[-96.62654,32.72897],[-96.62626,32.72389],[-96.62093,32.72145]]]}},{"type":"Feature","properties":{"h3":"8826cb9099fffff","mii":4,"trt":0.0,"glp1":0.0,"pharmacy":0.0,"gym":0.0,"n":0},"geometry":{"type":"Polygon","coordinates":[[[-96.62569,32.71373],[-96.62065,32.71637],[-96.62093,32.72145],[-96.62626,32.72389],[-96.6313,32.72125],[-96.63101,32.71617],[-96.62569,32.71373]]]}},{"type":"Feature","properties":{"h3":"8826cb909bfffff","mii":4,"trt":0.0,"glp1":0.0,"pharmacy":0.0,"gym":0.0,"n":0},"geometry":{"type":"Polygon","coordinates":[[[-96.62008,32.70621],[-96.61504,32.70885],[-96.61533,32.71393],[-96.62065,32.71637],[-96.62569,32.71373],[-96.62541,32.70865],[-96.62008,32.70621]]]}},{"type":"Feature","properties":{"h3":"8826cb9727fffff","mii":4,"trt":0.0,"glp1":0.0,"pharmacy":0.0,"gym":0.0,"n":0},"geometry":{"type":"Polygon","coordinates":[[[-96.60972,32.70641],[-96.60468,32.70905],[-96.60497,32.71413],[-96.61029,32.71657],[-96.61533,32.71393],[-96.61504,32.70885],[-96.60972,32.70641]]]}},{"type":"Feature","properties":{"h3":"8826cb9721fffff","mii":4,"trt":0.0,"glp1":0.0,"pharmacy":0.0,"gym":0.0,"n":0},"geometry":{"type":"Polygon","coordinates":[[[-96.60497,32.71413],[-96.59993,32.71676],[-96.60021,32.72184],[-96.60553,32.72428],[-96.61057,32.72165],[-96.61029,32.71657],[-96.60497,32.71413]]]}},{"type":"Feature","properties":{"h3":"8826c95acbfffff","mii":4,"trt":0.0,"glp1":0.0,"pharmacy":0.0,"gym":0.0,"n":0},"geometry":{"type":"Polygon","coordinates":[[[-96.27529,32.75039],[-96.27025,32.75301],[-96.27052,32.75808],[-96.27583,32.76054],[-96.28087,32.75792],[-96.2806,32.75284],[-96.27529,32.75039]]]}},{"type":"Feature","properties":{"h3":"8826c95ac1fffff","mii":4,"trt":0.0,"glp1":0.0,"pharmacy":0.0,"gym":0.0,"n":0},"geometry":{"type":"Polygon","coordinates":[[[-96.28564,32.75022],[-96.2806,32.75284],[-96.28087,32.75792],[-96.28617,32.76037],[-96.29121,32.75775],[-96.29095,32.75267],[-96.28564,32.75022]]]}},{"type":"Feature","properties":{"h3":"8826c95ac7fffff","mii":4,"trt":0.0,"glp1":0.0,"pharmacy":0.0,"gym":0.0,"n":0},"geometry":{"type":"Polygon","coordinates":[[[-96.29041,32.74253],[-96.28537,32.74515],[-96.28564,32.75022],[-96.29095,32.75267],[-96.29599,32.75005],[-96.29572,32.74498],[-96.29041,32.74253]]]}},{"type":"Feature","properties":{"h3":"8826c95a89fffff","mii":4,"trt":0.0,"glp1":0.0,"pharmacy":0.0,"gym":0.0,"n":0},"geometry":{"type":"Polygon","coordinates":[[[-96.28483,32.735],[-96.27979,32.73762],[-96.28006,32.74269],[-96.28537,32.74515],[-96.29041,32.74253],[-96.29014,32.73745],[-96.28483,32.735]]]}},{"type":"Feature","properties":{"h3":"8826c95ad5fffff","mii":4,"trt":0.0,"glp1":0.0,"pharmacy":0.0,"gym":0.0,"n":0},"geometry":{"type":"Polygon","coordinates":[[[-96.27449,32.73517],[-96.26945,32.73779],[-96.26972,32.74286],[-96.27502,32.74531],[-96.28006,32.74269],[-96.27979,32.73762],[-96.27449,32.73517]]]}},{"type":"Feature","properties":{"h3":"8826c95addfffff","mii":4,"trt":0.0,"glp1":0.0,"pharmacy":0.0,"gym":0.0,"n":0},"geometry":{"type":"Polygon","coordinates":[[[-96.26972,32.74286],[-96.26468,32.74548],[-96.26495,32.75056],[-96.27025,32.75301],[-96.27529,32.75039],[-96.27502,32.74531],[-96.26972,32.74286]]]}},{"type":"Feature","properties":{"h3":"8826c836c7fffff","mii":4,"trt":0.0,"glp1":0.55,"pharmacy":0.0,"gym":0.0,"n":1},"geometry":{"type":"Polygon","coordinates":[[[-96.23474,33.06309],[-96.22969,33.0657],[-96.22996,33.07077],[-96.23528,33.07322],[-96.24033,33.07061],[-96.24006,33.06555],[-96.23474,33.06309]]]}},{"type":"Feature","properties":{"h3":"8826cb9101fffff","mii":4,"trt":0.0,"glp1":0.0,"pharmacy":0.0,"gym":0.0,"n":0},"geometry":{"type":"Polygon","coordinates":[[[-96.76393,32.77206],[-96.75889,32.7747],[-96.75918,32.77978],[-96.76451,32.78221],[-96.76956,32.77957],[-96.76927,32.77449],[-96.76393,32.77206]]]}},{"type":"Feature","properties":{"h3":"8826cb9015fffff","mii":4,"trt":0.0,"glp1":0.55,"pharmacy":0.0,"gym":0.0,"n":1},"geometry":{"type":"Polygon","coordinates":[[[-96.68009,32.75845],[-96.67505,32.76109],[-96.67533,32.76617],[-96.68066,32.76861],[-96.6857,32.76597],[-96.68542,32.76089],[-96.68009,32.75845]]]}},{"type":"Feature","properties":{"h3":"8826cb9a65fffff","mii":4,"trt":0.0,"glp1":0.0,"pharmacy":0.0,"gym":0.0,"n":0},"geometry":{"type":"Polygon","coordinates":[[[-96.8686,32.78518],[-96.86356,32.78783],[-96.86385,32.79291],[-96.86919,32.79534],[-96.87424,32.7927],[-96.87394,32.78762],[-96.8686,32.78518]]]}},{"type":"Feature","properties":{"h3":"8826cb9b59fffff","mii":4,"trt":0.0,"glp1":0.0,"pharmacy":0.0,"gym":0.0,"n":0},"geometry":{"type":"Polygon","coordinates":[[[-96.87899,32.78497],[-96.87394,32.78762],[-96.87424,32.7927],[-96.87958,32.79513],[-96.88462,32.79248],[-96.88433,32.7874],[-96.87899,32.78497]]]}},{"type":"Feature","properties":{"h3":"8826cb9b51fffff","mii":4,"trt":0.0,"glp1":0.0,"pharmacy":0.0,"gym":0.0,"n":0},"geometry":{"type":"Polygon","coordinates":[[[-96.88373,32.77724],[-96.87869,32.77989],[-96.87899,32.78497],[-96.88433,32.7874],[-96.88937,32.78475],[-96.88907,32.77967],[-96.88373,32.77724]]]}},{"type":"Feature","properties":{"h3":"8826cb9b53fffff","mii":4,"trt":0.0,"glp1":0.0,"pharmacy":0.0,"gym":0.0,"n":0},"geometry":{"type":"Polygon","coordinates":[[[-96.8781,32.76973],[-96.87306,32.77237],[-96.87335,32.77746],[-96.87869,32.77989],[-96.88373,32.77724],[-96.88344,32.77216],[-96.8781,32.76973]]]}},{"type":"Feature","properties":{"h3":"8826cb9a2dfffff","mii":4,"trt":0.0,"glp1":0.0,"pharmacy":0.0,"gym":0.0,"n":0},"geometry":{"type":"Polygon","coordinates":[[[-96.86772,32.76994],[-96.86267,32.77259],[-96.86297,32.77767],[-96.86831,32.7801],[-96.87335,32.77746],[-96.87306,32.77237],[-96.86772,32.76994]]]}},{"type":"Feature","properties":{"h3":"8826cb9a67fffff","mii":4,"trt":0.0,"glp1":0.0,"pharmacy":0.0,"gym":0.0,"n":0},"geometry":{"type":"Polygon","coordinates":[[[-96.86297,32.77767],[-96.85793,32.78032],[-96.85822,32.7854],[-96.86356,32.78783],[-96.8686,32.78518],[-96.86831,32.7801],[-96.86297,32.77767]]]}},{"type":"Feature","properties":{"h3":"8826c829abfffff","mii":4,"trt":0.0,"glp1":0.55,"pharmacy":0.0,"gym":0.0,"n":1},"geometry":{"type":"Polygon","coordinates":[[[-96.71249,32.8722],[-96.70745,32.87483],[-96.70773,32.87991],[-96.71307,32.88235],[-96.71812,32.87971],[-96.71783,32.87463],[-96.71249,32.8722]]]}},{"type":"Feature","properties":{"h3":"8826cb9153fffff","mii":4,"trt":0.0,"glp1":0.0,"pharmacy":0.0,"gym":0.0,"n":0},"geometry":{"type":"Polygon","coordinates":[[[-96.73281,32.77267],[-96.72777,32.77532],[-96.72806,32.78039],[-96.73339,32.78283],[-96.73843,32.78019],[-96.73814,32.77511],[-96.73281,32.77267]]]}},{"type":"Feature","properties":{"h3":"8826cb9157fffff","mii":4,"trt":0.0,"glp1":0.0,"pharmacy":0.0,"gym":0.0,"n":0},"geometry":{"type":"Polygon","coordinates":[[[-96.74318,32.77247],[-96.73814,32.77511],[-96.73843,32.78019],[-96.74376,32.78263],[-96.74881,32.77998],[-96.74852,32.77491],[-96.74318,32.77247]]]}},{"type":"Feature","properties":{"h3":"8826cb911dfffff","mii":4,"trt":0.0,"glp1":0.0,"pharmacy":0.0,"gym":0.0,"n":0},"geometry":{"type":"Polygon","coordinates":[[[-96.74794,32.76475],[-96.74289,32.76739],[-96.74318,32.77247],[-96.74852,32.77491],[-96.75356,32.77226],[-96.75327,32.76718],[-96.74794,32.76475]]]}},{"type":"Feature","properties":{"h3":"8826cb9111fffff","mii":4,"trt":0.0,"glp1":0.0,"pharmacy":0.0,"gym":0.0,"n":0},"geometry":{"type":"Polygon","coordinates":[[[-96.74232,32.75723],[-96.73727,32.75987],[-96.73756,32.76495],[-96.74289,32.76739],[-96.74794,32.76475],[-96.74765,32.75967],[-96.74232,32.75723]]]}},{"type":"Feature","properties":{"h3":"8826cb911bfffff","mii":4,"trt":0.0,"glp1":0.0,"pharmacy":0.0,"gym":0.0,"n":0},"geometry":{"type":"Polygon","coordinates":[[[-96.73194,32.75744],[-96.7269,32.76008],[-96.72719,32.76516],[-96.73252,32.76759],[-96.73756,32.76495],[-96.73727,32.75987],[-96.73194,32.75744]]]}},{"type":"Feature","properties":{"h3":"8826cb9025fffff","mii":4,"trt":0.0,"glp1":0.0,"pharmacy":0.0,"gym":0.0,"n":0},"geometry":{"type":"Polygon","coordinates":[[[-96.72719,32.76516],[-96.72215,32.7678],[-96.72244,32.77288],[-96.72777,32.77532],[-96.73281,32.77267],[-96.73252,32.76759],[-96.72719,32.76516]]]}},{"type":"Feature","properties":{"h3":"8826cb9a47fffff","mii":4,"trt":0.0,"glp1":0.0,"pharmacy":0.0,"gym":0.0,"n":0},"geometry":{"type":"Polygon","coordinates":[[[-96.83746,32.78583],[-96.83241,32.78847],[-96.83271,32.79355],[-96.83805,32.79599],[-96.84309,32.79334],[-96.8428,32.78826],[-96.83746,32.78583]]]}},{"type":"Feature","properties":{"h3":"8826cb9a09fffff","mii":4,"trt":0.0,"glp1":0.0,"pharmacy":0.0,"gym":0.0,"n":0},"geometry":{"type":"Polygon","coordinates":[[[-96.83183,32.77831],[-96.82678,32.78096],[-96.82708,32.78604],[-96.83241,32.78847],[-96.83746,32.78583],[-96.83716,32.78075],[-96.83183,32.77831]]]}},{"type":"Feature","properties":{"h3":"8826cb9a55fffff","mii":4,"trt":0.0,"glp1":0.0,"pharmacy":0.0,"gym":0.0,"n":0},"geometry":{"type":"Polygon","coordinates":[[[-96.82145,32.77852],[-96.8164,32.78117],[-96.8167,32.78625],[-96.82203,32.78868],[-96.82708,32.78604],[-96.82678,32.78096],[-96.82145,32.77852]]]}},{"type":"Feature","properties":{"h3":"8826caa049fffff","mii":4,"trt":0.0,"glp1":0.55,"pharmacy":0.0,"gym":0.0,"n":1},"geometry":{"type":"Polygon","coordinates":[[[-97.49669,32.99977],[-97.49164,33.00244],[-97.49196,33.00753],[-97.49734,33.00994],[-97.5024,33.00727],[-97.50207,33.00218],[-97.49669,32.99977]]]}},{"type":"Feature","properties":{"h3":"8826c86de7fffff","mii":4,"trt":0.0,"glp1":0.55,"pharmacy":0.0,"gym":0.0,"n":1},"geometry":{"type":"Polygon","coordinates":[[[-97.0811,32.77296],[-97.07606,32.77562],[-97.07636,32.7807],[-97.08171,32.78313],[-97.08675,32.78047],[-97.08645,32.77539],[-97.0811,32.77296]]]}},{"type":"Feature","properties":{"h3":"8826cb524dfffff","mii":4,"trt":0.0,"glp1":0.0,"pharmacy":0.0,"gym":0.0,"n":0},"geometry":{"type":"Polygon","coordinates":[[[-97.40042,32.46714],[-97.39539,32.46982],[-97.39571,32.47491],[-97.40106,32.47732],[-97.40609,32.47464],[-97.40577,32.46955],[-97.40042,32.46714]]]}},{"type":"Feature","properties":{"h3":"8826cbc993fffff","mii":4,"trt":0.0,"glp1":0.0,"pharmacy":0.0,"gym":0.0,"n":0},"geometry":{"type":"Polygon","coordinates":[[[-97.4108,32.46687],[-97.40577,32.46955],[-97.40609,32.47464],[-97.41144,32.47706],[-97.41647,32.47437],[-97.41615,32.46928],[-97.4108,32.46687]]]}},{"type":"Feature","properties":{"h3":"8826cb5269fffff","mii":4,"trt":0.0,"glp1":0.0,"pharmacy":0.0,"gym":0.0,"n":0},"geometry":{"type":"Polygon","coordinates":[[[-97.41551,32.45909],[-97.41048,32.46178],[-97.4108,32.46687],[-97.41615,32.46928],[-97.42118,32.4666],[-97.42086,32.46151],[-97.41551,32.45909]]]}},{"type":"Feature","properties":{"h3":"8826cb526bfffff","mii":4,"trt":0.0,"glp1":0.0,"pharmacy":0.0,"gym":0.0,"n":0},"geometry":{"type":"Polygon","coordinates":[[[-97.40984,32.45159],[-97.40481,32.45427],[-97.40513,32.45936],[-97.41048,32.46178],[-97.41551,32.45909],[-97.41519,32.454],[-97.40984,32.45159]]]}},{"type":"Feature","properties":{"h3":"8826cb5247fffff","mii":4,"trt":0.0,"glp1":0.0,"pharmacy":0.0,"gym":0.0,"n":0},"geometry":{"type":"Polygon","coordinates":[[[-97.39946,32.45186],[-97.39443,32.45454],[-97.39475,32.45963],[-97.4001,32.46204],[-97.40513,32.45936],[-97.40481,32.45427],[-97.39946,32.45186]]]}},{"type":"Feature","properties":{"h3":"8826cb5241fffff","mii":4,"trt":0.0,"glp1":0.0,"pharmacy":0.0,"gym":0.0,"n":0},"geometry":{"type":"Polygon","coordinates":[[[-97.39475,32.45963],[-97.38972,32.46231],[-97.39004,32.46741],[-97.39539,32.46982],[-97.40042,32.46714],[-97.4001,32.46204],[-97.39475,32.45963]]]}},{"type":"Feature","properties":{"h3":"8826cab597fffff","mii":4,"trt":0.0,"glp1":0.55,"pharmacy":0.0,"gym":0.0,"n":1},"geometry":{"type":"Polygon","coordinates":[[[-97.3421,32.95012],[-97.33705,32.95279],[-97.33736,32.95787],[-97.34273,32.96029],[-97.34779,32.95762],[-97.34747,32.95254],[-97.3421,32.95012]]]}},{"type":"Feature","properties":{"h3":"8826caa245fffff","mii":4,"trt":0.0,"glp1":0.55,"pharmacy":0.0,"gym":0.0,"n":1},"geometry":{"type":"Polygon","coordinates":[[[-97.47874,33.04603],[-97.47368,33.0487],[-97.47401,33.05378],[-97.47939,33.05619],[-97.48445,33.05352],[-97.48412,33.04844],[-97.47874,33.04603]]]}},{"type":"Feature","properties":{"h3":"8826cbc159fffff","mii":4,"trt":0.0,"glp1":0.55,"pharmacy":0.0,"gym":0.0,"n":1},"geometry":{"type":"Polygon","coordinates":[[[-97.26924,32.61576],[-97.2642,32.61843],[-97.26451,32.62352],[-97.26987,32.62594],[-97.2749,32.62327],[-97.27459,32.61818],[-97.26924,32.61576]]]}},{"type":"Feature","properties":{"h3":"8826cbd1a7fffff","mii":4,"trt":0.0,"glp1":0.0,"pharmacy":0.0,"gym":0.0,"n":0},"geometry":{"type":"Polygon","coordinates":[[[-97.26355,32.69233],[-97.25851,32.695],[-97.25882,32.70009],[-97.26418,32.7025],[-97.26922,32.69983],[-97.2689,32.69475],[-97.26355,32.69233]]]}},{"type":"Feature","properties":{"h3":"8826cbda9bfffff","mii":4,"trt":0.0,"glp1":0.0,"pharmacy":0.0,"gym":0.0,"n":0},"geometry":{"type":"Polygon","coordinates":[[[-97.27394,32.69208],[-97.2689,32.69475],[-97.26922,32.69983],[-97.27457,32.70225],[-97.27961,32.69958],[-97.2793,32.6945],[-97.27394,32.69208]]]}},{"type":"Feature","properties":{"h3":"8826cbda93fffff","mii":4,"trt":0.0,"glp1":0.0,"pharmacy":0.0,"gym":0.0,"n":0},"geometry":{"type":"Polygon","coordinates":[[[-97.27867,32.68432],[-97.27363,32.68699],[-97.27394,32.69208],[-97.2793,32.6945],[-97.28434,32.69183],[-97.28403,32.68674],[-97.27867,32.68432]]]}},{"type":"Feature","properties":{"h3":"8826cbc345fffff","mii":4,"trt":0.0,"glp1":0.0,"pharmacy":0.0,"gym":0.0,"n":0},"geometry":{"type":"Polygon","coordinates":[[[-97.273,32.67682],[-97.26796,32.67949],[-97.26828,32.68457],[-97.27363,32.68699],[-97.27867,32.68432],[-97.27836,32.67923],[-97.273,32.67682]]]}},{"type":"Feature","properties":{"h3":"8826cbc341fffff","mii":4,"trt":0.0,"glp1":0.0,"pharmacy":0.0,"gym":0.0,"n":0},"geometry":{"type":"Polygon","coordinates":[[[-97.26261,32.67707],[-97.25757,32.67974],[-97.25788,32.68482],[-97.26324,32.68724],[-97.26828,32.68457],[-97.26796,32.67949],[-97.26261,32.67707]]]}},{"type":"Feature","properties":{"h3":"8826cbc349fffff","mii":4,"trt":0.0,"glp1":0.0,"pharmacy":0.0,"gym":0.0,"n":0},"geometry":{"type":"Polygon","coordinates":[[[-97.25788,32.68482],[-97.25284,32.68749],[-97.25315,32.69258],[-97.25851,32.695],[-97.26355,32.69233],[-97.26324,32.68724],[-97.25788,32.68482]]]}},{"type":"Feature","properties":{"h3":"8826caa727fffff","mii":4,"trt":0.0,"glp1":0.55,"pharmacy":0.0,"gym":0.0,"n":1},"geometry":{"type":"Polygon","coordinates":[[[-97.4226,32.90235],[-97.41755,32.90502],[-97.41787,32.9101],[-97.42324,32.91252],[-97.4283,32.90984],[-97.42797,32.90476],[-97.4226,32.90235]]]}},{"type":"Feature","properties":{"h3":"8826cbd049fffff","mii":4,"trt":0.0,"glp1":0.55,"pharmacy":0.0,"gym":0.0,"n":1},"geometry":{"type":"Polygon","coordinates":[[[-97.19165,32.79334],[-97.1866,32.796],[-97.18691,32.80109],[-97.19227,32.80351],[-97.19731,32.80085],[-97.197,32.79576],[-97.19165,32.79334]]]}},{"type":"Feature","properties":{"h3":"8826cbd321fffff","mii":4,"trt":0.0,"glp1":0.0,"pharmacy":0.0,"gym":0.0,"n":0},"geometry":{"type":"Polygon","coordinates":[[[-97.26541,32.80688],[-97.26036,32.80955],[-97.26067,32.81463],[-97.26603,32.81705],[-97.27108,32.81438],[-97.27077,32.8093],[-97.26541,32.80688]]]}},{"type":"Feature","properties":{"h3":"8826cbd325fffff","mii":4,"trt":0.0,"glp1":0.0,"pharmacy":0.0,"gym":0.0,"n":0},"geometry":{"type":"Polygon","coordinates":[[[-97.27581,32.80663],[-97.27077,32.8093],[-97.27108,32.81438],[-97.27644,32.8168],[-97.28149,32.81413],[-97.28117,32.80905],[-97.27581,32.80663]]]}},{"type":"Feature","properties":{"h3":"8826caa49bfffff","mii":4,"trt":0.0,"glp1":0.0,"pharmacy":0.0,"gym":0.0,"n":0},"geometry":{"type":"Polygon","coordinates":[[[-97.28054,32.79888],[-97.2755,32.80155],[-97.27581,32.80663],[-97.28117,32.80905],[-97.28622,32.80638],[-97.2859,32.8013],[-97.28054,32.79888]]]}},{"type":"Feature","properties":{"h3":"8826cbd14dfffff","mii":4,"trt":0.0,"glp1":0.0,"pharmacy":0.0,"gym":0.0,"n":0},"geometry":{"type":"Polygon","coordinates":[[[-97.27487,32.79138],[-97.26982,32.79404],[-97.27014,32.79913],[-97.2755,32.80155],[-97.28054,32.79888],[-97.28023,32.7938],[-97.27487,32.79138]]]}},{"type":"Feature","properties":{"h3":"8826cbd149fffff","mii":4,"trt":0.0,"glp1":0.0,"pharmacy":0.0,"gym":0.0,"n":0},"geometry":{"type":"Polygon","coordinates":[[[-97.26446,32.79163],[-97.25942,32.79429],[-97.25973,32.79938],[-97.26509,32.8018],[-97.27014,32.79913],[-97.26982,32.79404],[-97.26446,32.79163]]]}},{"type":"Feature","properties":{"h3":"8826cbd323fffff","mii":4,"trt":0.0,"glp1":0.0,"pharmacy":0.0,"gym":0.0,"n":0},"geometry":{"type":"Polygon","coordinates":[[[-97.25973,32.79938],[-97.25469,32.80204],[-97.255,32.80713],[-97.26036,32.80955],[-97.26541,32.80688],[-97.26509,32.8018],[-97.25973,32.79938]]]}},{"type":"Feature","properties":{"h3":"8826caaccdfffff","mii":4,"trt":0.0,"glp1":0.0,"pharmacy":0.0,"gym":0.0,"n":0},"geometry":{"type":"Polygon","coordinates":[[[-97.49348,32.78596],[-97.48843,32.78863],[-97.48876,32.79372],[-97.49413,32.79613],[-97.49917,32.79345],[-97.49885,32.78837],[-97.49348,32.78596]]]}},{"type":"Feature","properties":{"h3":"8826caac13fffff","mii":4,"trt":0.0,"glp1":0.0,"pharmacy":0.0,"gym":0.0,"n":0},"geometry":{"type":"Polygon","coordinates":[[[-97.50389,32.78569],[-97.49885,32.78837],[-97.49917,32.79345],[-97.50454,32.79586],[-97.50959,32.79319],[-97.50926,32.7881],[-97.50389,32.78569]]]}},{"type":"Feature","properties":{"h3":"8826caace9fffff","mii":4,"trt":0.0,"glp1":0.0,"pharmacy":0.0,"gym":0.0,"n":0},"geometry":{"type":"Polygon","coordinates":[[[-97.50861,32.77792],[-97.50357,32.7806],[-97.50389,32.78569],[-97.50926,32.7881],[-97.51431,32.78542],[-97.51398,32.78033],[-97.50861,32.77792]]]}},{"type":"Feature","properties":{"h3":"8826caacebfffff","mii":4,"trt":0.0,"glp1":0.0,"pharmacy":0.0,"gym":0.0,"n":0},"geometry":{"type":"Polygon","coordinates":[[[-97.50292,32.77043],[-97.49787,32.7731],[-97.4982,32.77819],[-97.50357,32.7806],[-97.50861,32.77792],[-97.50829,32.77284],[-97.50292,32.77043]]]}},{"type":"Feature","properties":{"h3":"8826caacc7fffff","mii":4,"trt":0.0,"glp1":0.0,"pharmacy":0.0,"gym":0.0,"n":0},"geometry":{"type":"Polygon","coordinates":[[[-97.49251,32.7707],[-97.48746,32.77337],[-97.48778,32.77846],[-97.49315,32.78087],[-97.4982,32.77819],[-97.49787,32.7731],[-97.49251,32.7707]]]}},{"type":"Feature","properties":{"h3":"8826caacc1fffff","mii":4,"trt":0.0,"glp1":0.0,"pharmacy":0.0,"gym":0.0,"n":0},"geometry":{"type":"Polygon","coordinates":[[[-97.48778,32.77846],[-97.48274,32.78114],[-97.48306,32.78622],[-97.48843,32.78863],[-97.49348,32.78596],[-97.49315,32.78087],[-97.48778,32.77846]]]}},{"type":"Feature","properties":{"h3":"8826c844ddfffff","mii":4,"trt":0.0,"glp1":0.55,"pharmacy":0.0,"gym":0.0,"n":1},"geometry":{"type":"Polygon","coordinates":[[[-97.06035,33.20812],[-97.05528,33.21076],[-97.05559,33.21584],[-97.06096,33.21826],[-97.06602,33.21562],[-97.06571,33.21055],[-97.06035,33.20812]]]}},{"type":"Feature","properties":{"h3":"8826c8441dfffff","mii":4,"trt":0.0,"glp1":0.0,"pharmacy":0.0,"gym":0.0,"n":0},"geometry":{"type":"Polygon","coordinates":[[[-97.10392,33.23767],[-97.09886,33.24032],[-97.09916,33.24539],[-97.10454,33.24781],[-97.1096,33.24517],[-97.10929,33.24009],[-97.10392,33.23767]]]}},{"type":"Feature","properties":{"h3":"8826c84403fffff","mii":4,"trt":0.0,"glp1":0.0,"pharmacy":0.0,"gym":0.0,"n":0},"geometry":{"type":"Polygon","coordinates":[[[-97.11436,33.23745],[-97.10929,33.24009],[-97.1096,33.24517],[-97.11497,33.24759],[-97.12004,33.24494],[-97.11973,33.23987],[-97.11436,33.23745]]]}},{"type":"Feature","properties":{"h3":"8826c84417fffff","mii":4,"trt":0.0,"glp1":0.0,"pharmacy":0.0,"gym":0.0,"n":0},"geometry":{"type":"Polygon","coordinates":[[[-97.103,33.22245],[-97.09793,33.2251],[-97.09824,33.23017],[-97.10361,33.2326],[-97.10868,33.22995],[-97.10837,33.22488],[-97.103,33.22245]]]}},{"type":"Feature","properties":{"h3":"8826c84411fffff","mii":4,"trt":0.0,"glp1":0.0,"pharmacy":0.0,"gym":0.0,"n":0},"geometry":{"type":"Polygon","coordinates":[[[-97.09824,33.23017],[-97.09318,33.23282],[-97.09348,33.23789],[-97.09886,33.24032],[-97.10392,33.23767],[-97.10361,33.2326],[-97.09824,33.23017]]]}},{"type":"Feature","properties":{"h3":"8826c84517fffff","mii":4,"trt":0.0,"glp1":0.55,"pharmacy":0.0,"gym":0.0,"n":1},"geometry":{"type":"Polygon","coordinates":[[[-97.17606,33.22087],[-97.17099,33.22353],[-97.17131,33.2286],[-97.17668,33.23102],[-97.18175,33.22837],[-97.18143,33.2233],[-97.17606,33.22087]]]}},{"type":"Feature","properties":{"h3":"8826cbd019fffff","mii":4,"trt":0.0,"glp1":0.55,"pharmacy":0.0,"gym":0.0,"n":1},"geometry":{"type":"Polygon","coordinates":[[[-97.17373,32.75557],[-97.16868,32.75824],[-97.16899,32.76332],[-97.17435,32.76574],[-97.17939,32.76308],[-97.17908,32.758],[-97.17373,32.75557]]]}},{"type":"Feature","properties":{"h3":"8826caa657fffff","mii":3,"trt":0.0,"glp1":0.0,"pharmacy":0.0,"gym":0.0,"n":0},"geometry":{"type":"Polygon","coordinates":[[[-97.29852,32.92063],[-97.29347,32.92329],[-97.29378,32.92838],[-97.29915,32.93079],[-97.3042,32.92813],[-97.30388,32.92305],[-97.29852,32.92063]]]}},{"type":"Feature","properties":{"h3":"8826caa61bfffff","mii":3,"trt":0.0,"glp1":0.0,"pharmacy":0.0,"gym":0.0,"n":0},"geometry":{"type":"Polygon","coordinates":[[[-97.28715,32.90563],[-97.2821,32.90829],[-97.28242,32.91338],[-97.28778,32.91579],[-97.29283,32.91313],[-97.29252,32.90805],[-97.28715,32.90563]]]}},{"type":"Feature","properties":{"h3":"8826c86925fffff","mii":3,"trt":0.0,"glp1":0.0,"pharmacy":0.0,"gym":0.0,"n":0},"geometry":{"type":"Polygon","coordinates":[[[-97.28242,32.91338],[-97.27737,32.91604],[-97.27768,32.92112],[-97.28305,32.92354],[-97.2881,32.92088],[-97.28778,32.91579],[-97.28242,32.91338]]]}},{"type":"Feature","properties":{"h3":"8826caa6a5fffff","mii":3,"trt":0.0,"glp1":0.0,"pharmacy":0.0,"gym":0.0,"n":0},"geometry":{"type":"Polygon","coordinates":[[[-97.31556,32.85914],[-97.31051,32.86181],[-97.31082,32.86689],[-97.31619,32.86931],[-97.32124,32.86664],[-97.32092,32.86156],[-97.31556,32.85914]]]}},{"type":"Feature","properties":{"h3":"8826caa413fffff","mii":3,"trt":0.0,"glp1":0.0,"pharmacy":0.0,"gym":0.0,"n":0},"geometry":{"type":"Polygon","coordinates":[[[-97.32502,32.84364],[-97.31997,32.8463],[-97.32029,32.85139],[-97.32565,32.8538],[-97.3307,32.85114],[-97.33038,32.84605],[-97.32502,32.84364]]]}},{"type":"Feature","properties":{"h3":"8826caa4cdfffff","mii":3,"trt":0.0,"glp1":0.0,"pharmacy":0.0,"gym":0.0,"n":0},"geometry":{"type":"Polygon","coordinates":[[[-97.31461,32.84389],[-97.30956,32.84656],[-97.30988,32.85164],[-97.31524,32.85406],[-97.32029,32.85139],[-97.31997,32.8463],[-97.31461,32.84389]]]}},{"type":"Feature","properties":{"h3":"8826caa6a7fffff","mii":3,"trt":0.0,"glp1":0.0,"pharmacy":0.0,"gym":0.0,"n":0},"geometry":{"type":"Polygon","coordinates":[[[-97.30988,32.85164],[-97.30483,32.85431],[-97.30514,32.85939],[-97.31051,32.86181],[-97.31556,32.85914],[-97.31524,32.85406],[-97.30988,32.85164]]]}},{"type":"Feature","properties":{"h3":"8826caa509fffff","mii":3,"trt":0.0,"glp1":0.0,"pharmacy":0.0,"gym":0.0,"n":0},"geometry":{"type":"Polygon","coordinates":[[[-97.42067,32.87184],[-97.41562,32.87452],[-97.41595,32.8796],[-97.42132,32.88201],[-97.42637,32.87934],[-97.42604,32.87426],[-97.42067,32.87184]]]}},{"type":"Feature","properties":{"h3":"8826caa50dfffff","mii":3,"trt":0.0,"glp1":0.0,"pharmacy":0.0,"gym":0.0,"n":0},"geometry":{"type":"Polygon","coordinates":[[[-97.43109,32.87159],[-97.42604,32.87426],[-97.42637,32.87934],[-97.43174,32.88175],[-97.43679,32.87908],[-97.43646,32.874],[-97.43109,32.87159]]]}},{"type":"Feature","properties":{"h3":"8826caa505fffff","mii":3,"trt":0.0,"glp1":0.0,"pharmacy":0.0,"gym":0.0,"n":0},"geometry":{"type":"Polygon","coordinates":[[[-97.43582,32.86383],[-97.43077,32.8665],[-97.43109,32.87159],[-97.43646,32.874],[-97.44151,32.87133],[-97.44119,32.86624],[-97.43582,32.86383]]]}},{"type":"Feature","properties":{"h3":"8826caa507fffff","mii":3,"trt":0.0,"glp1":0.0,"pharmacy":0.0,"gym":0.0,"n":0},"geometry":{"type":"Polygon","coordinates":[[[-97.43013,32.85633],[-97.42508,32.859],[-97.4254,32.86409],[-97.43077,32.8665],[-97.43582,32.86383],[-97.4355,32.85874],[-97.43013,32.85633]]]}},{"type":"Feature","properties":{"h3":"8826caa503fffff","mii":3,"trt":0.0,"glp1":0.0,"pharmacy":0.0,"gym":0.0,"n":0},"geometry":{"type":"Polygon","coordinates":[[[-97.41971,32.85659],[-97.41466,32.85926],[-97.41498,32.86435],[-97.42035,32.86676],[-97.4254,32.86409],[-97.42508,32.859],[-97.41971,32.85659]]]}},{"type":"Feature","properties":{"h3":"8826caa50bfffff","mii":3,"trt":0.0,"glp1":0.0,"pharmacy":0.0,"gym":0.0,"n":0},"geometry":{"type":"Polygon","coordinates":[[[-97.41498,32.86435],[-97.40993,32.86702],[-97.41025,32.8721],[-97.41562,32.87452],[-97.42067,32.87184],[-97.42035,32.86676],[-97.41498,32.86435]]]}},{"type":"Feature","properties":{"h3":"8826cbdb3bfffff","mii":3,"trt":0.0,"glp1":0.0,"pharmacy":0.0,"gym":0.0,"n":0},"geometry":{"type":"Polygon","coordinates":[[[-97.41201,32.73453],[-97.40697,32.7372],[-97.40729,32.74229],[-97.41265,32.7447],[-97.4177,32.74203],[-97.41738,32.73694],[-97.41201,32.73453]]]}},{"type":"Feature","properties":{"h3":"8826cbdb31fffff","mii":3,"trt":0.0,"glp1":0.0,"pharmacy":0.0,"gym":0.0,"n":0},"geometry":{"type":"Polygon","coordinates":[[[-97.42242,32.73426],[-97.41738,32.73694],[-97.4177,32.74203],[-97.42306,32.74444],[-97.4281,32.74176],[-97.42778,32.73668],[-97.42242,32.73426]]]}},{"type":"Feature","properties":{"h3":"8826cbdb37fffff","mii":3,"trt":0.0,"glp1":0.0,"pharmacy":0.0,"gym":0.0,"n":0},"geometry":{"type":"Polygon","coordinates":[[[-97.42714,32.7265],[-97.4221,32.72918],[-97.42242,32.73426],[-97.42778,32.73668],[-97.43283,32.734],[-97.4325,32.72891],[-97.42714,32.7265]]]}},{"type":"Feature","properties":{"h3":"8826cbd721fffff","mii":3,"trt":0.0,"glp1":0.0,"pharmacy":0.0,"gym":0.0,"n":0},"geometry":{"type":"Polygon","coordinates":[[[-97.11334,32.7035],[-97.1083,32.70616],[-97.1086,32.71125],[-97.11395,32.71367],[-97.11899,32.71101],[-97.11868,32.70593],[-97.11334,32.7035]]]}},{"type":"Feature","properties":{"h3":"8826cbd725fffff","mii":3,"trt":0.0,"glp1":0.0,"pharmacy":0.0,"gym":0.0,"n":0},"geometry":{"type":"Polygon","coordinates":[[[-97.12373,32.70326],[-97.11868,32.70593],[-97.11899,32.71101],[-97.12434,32.71343],[-97.12938,32.71077],[-97.12907,32.70569],[-97.12373,32.70326]]]}},{"type":"Feature","properties":{"h3":"8826cb8363fffff","mii":3,"trt":0.0,"glp1":0.0,"pharmacy":0.0,"gym":0.0,"n":0},"geometry":{"type":"Polygon","coordinates":[[[-96.77383,32.67267],[-96.76879,32.67532],[-96.76908,32.6804],[-96.77441,32.68283],[-96.77945,32.68019],[-96.77915,32.6751],[-96.77383,32.67267]]]}},{"type":"Feature","properties":{"h3":"8826cb8367fffff","mii":3,"trt":0.0,"glp1":0.0,"pharmacy":0.0,"gym":0.0,"n":0},"geometry":{"type":"Polygon","coordinates":[[[-96.78419,32.67246],[-96.77915,32.6751],[-96.77945,32.68019],[-96.78478,32.68262],[-96.78981,32.67998],[-96.78952,32.67489],[-96.78419,32.67246]]]}},{"type":"Feature","properties":{"h3":"8826cb832dfffff","mii":3,"trt":0.0,"glp1":0.0,"pharmacy":0.0,"gym":0.0,"n":0},"geometry":{"type":"Polygon","coordinates":[[[-96.78894,32.66473],[-96.7839,32.66738],[-96.78419,32.67246],[-96.78952,32.67489],[-96.79456,32.67225],[-96.79427,32.66716],[-96.78894,32.66473]]]}},{"type":"Feature","properties":{"h3":"8826cb8321fffff","mii":3,"trt":0.0,"glp1":0.0,"pharmacy":0.0,"gym":0.0,"n":0},"geometry":{"type":"Polygon","coordinates":[[[-96.78332,32.65721],[-96.77828,32.65986],[-96.77857,32.66494],[-96.7839,32.66738],[-96.78894,32.66473],[-96.78865,32.65965],[-96.78332,32.65721]]]}},{"type":"Feature","properties":{"h3":"8826cb832bfffff","mii":3,"trt":0.0,"glp1":0.0,"pharmacy":0.0,"gym":0.0,"n":0},"geometry":{"type":"Polygon","coordinates":[[[-96.77295,32.65742],[-96.76792,32.66007],[-96.76821,32.66515],[-96.77353,32.66759],[-96.77857,32.66494],[-96.77828,32.65986],[-96.77295,32.65742]]]}},{"type":"Feature","properties":{"h3":"8826cb8305fffff","mii":3,"trt":0.0,"glp1":0.0,"pharmacy":0.0,"gym":0.0,"n":0},"geometry":{"type":"Polygon","coordinates":[[[-96.76821,32.66515],[-96.76317,32.6678],[-96.76346,32.67288],[-96.76879,32.67532],[-96.77383,32.67267],[-96.77353,32.66759],[-96.76821,32.66515]]]}},{"type":"Feature","properties":{"h3":"8826cbd1e5fffff","mii":3,"trt":0.0,"glp1":0.0,"pharmacy":0.0,"gym":0.0,"n":0},"geometry":{"type":"Polygon","coordinates":[[[-97.26543,32.72285],[-97.26039,32.72552],[-97.2607,32.7306],[-97.26606,32.73302],[-97.2711,32.73035],[-97.27079,32.72527],[-97.26543,32.72285]]]}},{"type":"Feature","properties":{"h3":"8826cbdad9fffff","mii":3,"trt":0.0,"glp1":0.0,"pharmacy":0.0,"gym":0.0,"n":0},"geometry":{"type":"Polygon","coordinates":[[[-97.27583,32.7226],[-97.27079,32.72527],[-97.2711,32.73035],[-97.27646,32.73277],[-97.2815,32.7301],[-97.28118,32.72502],[-97.27583,32.7226]]]}},{"type":"Feature","properties":{"h3":"8826cbdad1fffff","mii":3,"trt":0.0,"glp1":0.0,"pharmacy":0.0,"gym":0.0,"n":0},"geometry":{"type":"Polygon","coordinates":[[[-97.28056,32.71484],[-97.27551,32.71751],[-97.27583,32.7226],[-97.28118,32.72502],[-97.28623,32.72235],[-97.28591,32.71726],[-97.28056,32.71484]]]}},{"type":"Feature","properties":{"h3":"8826cbdad3fffff","mii":3,"trt":0.0,"glp1":0.0,"pharmacy":0.0,"gym":0.0,"n":0},"geometry":{"type":"Polygon","coordinates":[[[-97.27489,32.70734],[-97.26984,32.71001],[-97.27016,32.71509],[-97.27551,32.71751],[-97.28056,32.71484],[-97.28024,32.70976],[-97.27489,32.70734]]]}},{"type":"Feature","properties":{"h3":"8826cbd1adfffff","mii":3,"trt":0.0,"glp1":0.0,"pharmacy":0.0,"gym":0.0,"n":0},"geometry":{"type":"Polygon","coordinates":[[[-97.26449,32.70759],[-97.25945,32.71026],[-97.25976,32.71534],[-97.26512,32.71776],[-97.27016,32.71509],[-97.26984,32.71001],[-97.26449,32.70759]]]}},{"type":"Feature","properties":{"h3":"8826cbd1e7fffff","mii":3,"trt":0.0,"glp1":0.0,"pharmacy":0.0,"gym":0.0,"n":0},"geometry":{"type":"Polygon","coordinates":[[[-97.25976,32.71534],[-97.25472,32.71801],[-97.25503,32.7231],[-97.26039,32.72552],[-97.26543,32.72285],[-97.26512,32.71776],[-97.25976,32.71534]]]}},{"type":"Feature","properties":{"h3":"8826cb943dfffff","mii":2,"trt":0.0,"glp1":0.0,"pharmacy":0.0,"gym":0.0,"n":0},"geometry":{"type":"Polygon","coordinates":[[[-96.5498,32.65414],[-96.54476,32.65678],[-96.54504,32.66186],[-96.55036,32.6643],[-96.5554,32.66167],[-96.55512,32.65659],[-96.5498,32.65414]]]}},{"type":"Feature","properties":{"h3":"8826cb9423fffff","mii":2,"trt":0.0,"glp1":0.0,"pharmacy":0.0,"gym":0.0,"n":0},"geometry":{"type":"Polygon","coordinates":[[[-96.56015,32.65395],[-96.55512,32.65659],[-96.5554,32.66167],[-96.56072,32.66411],[-96.56575,32.66147],[-96.56547,32.65639],[-96.56015,32.65395]]]}},{"type":"Feature","properties":{"h3":"8826cb95c9fffff","mii":2,"trt":0.0,"glp1":0.0,"pharmacy":0.0,"gym":0.0,"n":0},"geometry":{"type":"Polygon","coordinates":[[[-96.56491,32.64623],[-96.55987,32.64887],[-96.56015,32.65395],[-96.56547,32.65639],[-96.57051,32.65376],[-96.57023,32.64868],[-96.56491,32.64623]]]}},{"type":"Feature","properties":{"h3":"8826cb95cbfffff","mii":2,"trt":0.0,"glp1":0.0,"pharmacy":0.0,"gym":0.0,"n":0},"geometry":{"type":"Polygon","coordinates":[[[-96.55931,32.63871],[-96.55428,32.64135],[-96.55456,32.64643],[-96.55987,32.64887],[-96.56491,32.64623],[-96.56463,32.64115],[-96.55931,32.63871]]]}},{"type":"Feature","properties":{"h3":"8826cb9437fffff","mii":2,"trt":0.0,"glp1":0.0,"pharmacy":0.0,"gym":0.0,"n":0},"geometry":{"type":"Polygon","coordinates":[[[-96.54896,32.6389],[-96.54392,32.64154],[-96.5442,32.64662],[-96.54952,32.64906],[-96.55456,32.64643],[-96.55428,32.64135],[-96.54896,32.6389]]]}},{"type":"Feature","properties":{"h3":"8826cb9431fffff","mii":2,"trt":0.0,"glp1":0.0,"pharmacy":0.0,"gym":0.0,"n":0},"geometry":{"type":"Polygon","coordinates":[[[-96.5442,32.64662],[-96.53917,32.64926],[-96.53945,32.65434],[-96.54476,32.65678],[-96.5498,32.65414],[-96.54952,32.64906],[-96.5442,32.64662]]]}},{"type":"Feature","properties":{"h3":"8826c836c1fffff","mii":2,"trt":0.0,"glp1":0.0,"pharmacy":0.0,"gym":0.0,"n":0},"geometry":{"type":"Polygon","coordinates":[[[-96.22996,33.07077],[-96.2249,33.07338],[-96.22517,33.07844],[-96.23049,33.0809],[-96.23554,33.07829],[-96.23528,33.07322],[-96.22996,33.07077]]]}},{"type":"Feature","properties":{"h3":"8826c836c5fffff","mii":2,"trt":0.0,"glp1":0.0,"pharmacy":0.0,"gym":0.0,"n":0},"geometry":{"type":"Polygon","coordinates":[[[-96.24033,33.07061],[-96.23528,33.07322],[-96.23554,33.07829],[-96.24086,33.08074],[-96.24592,33.07813],[-96.24565,33.07307],[-96.24033,33.07061]]]}},{"type":"Feature","properties":{"h3":"8826c836ebfffff","mii":2,"trt":0.0,"glp1":0.0,"pharmacy":0.0,"gym":0.0,"n":0},"geometry":{"type":"Polygon","coordinates":[[[-96.24512,33.06293],[-96.24006,33.06555],[-96.24033,33.07061],[-96.24565,33.07307],[-96.2507,33.07046],[-96.25044,33.06539],[-96.24512,33.06293]]]}},{"type":"Feature","properties":{"h3":"8826c8368dfffff","mii":2,"trt":0.0,"glp1":0.0,"pharmacy":0.0,"gym":0.0,"n":0},"geometry":{"type":"Polygon","coordinates":[[[-96.23953,33.05541],[-96.23448,33.05802],[-96.23474,33.06309],[-96.24006,33.06555],[-96.24512,33.06293],[-96.24485,33.05787],[-96.23953,33.05541]]]}},{"type":"Feature","properties":{"h3":"8826c83689fffff","mii":2,"trt":0.0,"glp1":0.0,"pharmacy":0.0,"gym":0.0,"n":0},"geometry":{"type":"Polygon","coordinates":[[[-96.22916,33.05557],[-96.22411,33.05818],[-96.22437,33.06324],[-96.22969,33.0657],[-96.23474,33.06309],[-96.23448,33.05802],[-96.22916,33.05557]]]}},{"type":"Feature","properties":{"h3":"8826c836c3fffff","mii":2,"trt":0.0,"glp1":0.0,"pharmacy":0.0,"gym":0.0,"n":0},"geometry":{"type":"Polygon","coordinates":[[[-96.22437,33.06324],[-96.21932,33.06585],[-96.21958,33.07092],[-96.2249,33.07338],[-96.22996,33.07077],[-96.22969,33.0657],[-96.22437,33.06324]]]}},{"type":"Feature","properties":{"h3":"8826cb901dfffff","mii":2,"trt":0.0,"glp1":0.0,"pharmacy":0.0,"gym":0.0,"n":0},"geometry":{"type":"Polygon","coordinates":[[[-96.67533,32.76617],[-96.67029,32.76881],[-96.67058,32.77388],[-96.6759,32.77632],[-96.68095,32.77368],[-96.68066,32.76861],[-96.67533,32.76617]]]}},{"type":"Feature","properties":{"h3":"8826cb9003fffff","mii":2,"trt":0.0,"glp1":0.0,"pharmacy":0.0,"gym":0.0,"n":0},"geometry":{"type":"Polygon","coordinates":[[[-96.6857,32.76597],[-96.68066,32.76861],[-96.68095,32.77368],[-96.68628,32.77612],[-96.69132,32.77348],[-96.69103,32.76841],[-96.6857,32.76597]]]}},{"type":"Feature","properties":{"h3":"8826cb9039fffff","mii":2,"trt":0.0,"glp1":0.0,"pharmacy":0.0,"gym":0.0,"n":0},"geometry":{"type":"Polygon","coordinates":[[[-96.69046,32.75825],[-96.68542,32.76089],[-96.6857,32.76597],[-96.69103,32.76841],[-96.69607,32.76577],[-96.69579,32.76069],[-96.69046,32.75825]]]}},{"type":"Feature","properties":{"h3":"8826cb903bfffff","mii":2,"trt":0.0,"glp1":0.0,"pharmacy":0.0,"gym":0.0,"n":0},"geometry":{"type":"Polygon","coordinates":[[[-96.68484,32.75073],[-96.6798,32.75337],[-96.68009,32.75845],[-96.68542,32.76089],[-96.69046,32.75825],[-96.69017,32.75317],[-96.68484,32.75073]]]}},{"type":"Feature","properties":{"h3":"8826cb9017fffff","mii":2,"trt":0.0,"glp1":0.0,"pharmacy":0.0,"gym":0.0,"n":0},"geometry":{"type":"Polygon","coordinates":[[[-96.67447,32.75093],[-96.66943,32.75357],[-96.66972,32.75865],[-96.67505,32.76109],[-96.68009,32.75845],[-96.6798,32.75337],[-96.67447,32.75093]]]}},{"type":"Feature","properties":{"h3":"8826cb9011fffff","mii":2,"trt":0.0,"glp1":0.0,"pharmacy":0.0,"gym":0.0,"n":0},"geometry":{"type":"Polygon","coordinates":[[[-96.66972,32.75865],[-96.66468,32.76129],[-96.66496,32.76637],[-96.67029,32.76881],[-96.67533,32.76617],[-96.67505,32.76109],[-96.66972,32.75865]]]}},{"type":"Feature","properties":{"h3":"8826c829a9fffff","mii":2,"trt":0.0,"glp1":0.0,"pharmacy":0.0,"gym":0.0,"n":0},"geometry":{"type":"Polygon","coordinates":[[[-96.71812,32.87971],[-96.71307,32.88235],[-96.71336,32.88742],[-96.71869,32.88986],[-96.72374,32.88722],[-96.72345,32.88215],[-96.71812,32.87971]]]}},{"type":"Feature","properties":{"h3":"8826c829a1fffff","mii":2,"trt":0.0,"glp1":0.0,"pharmacy":0.0,"gym":0.0,"n":0},"geometry":{"type":"Polygon","coordinates":[[[-96.72288,32.872],[-96.71783,32.87463],[-96.71812,32.87971],[-96.72345,32.88215],[-96.7285,32.87951],[-96.72821,32.87443],[-96.72288,32.872]]]}},{"type":"Feature","properties":{"h3":"8826c829a3fffff","mii":2,"trt":0.0,"glp1":0.0,"pharmacy":0.0,"gym":0.0,"n":0},"geometry":{"type":"Polygon","coordinates":[[[-96.71725,32.86448],[-96.71221,32.86712],[-96.71249,32.8722],[-96.71783,32.87463],[-96.72288,32.872],[-96.72259,32.86692],[-96.71725,32.86448]]]}},{"type":"Feature","properties":{"h3":"8826c82987fffff","mii":2,"trt":0.0,"glp1":0.0,"pharmacy":0.0,"gym":0.0,"n":0},"geometry":{"type":"Polygon","coordinates":[[[-96.70211,32.8724],[-96.69706,32.87503],[-96.69735,32.88011],[-96.70269,32.88255],[-96.70773,32.87991],[-96.70745,32.87483],[-96.70211,32.8724]]]}},{"type":"Feature","properties":{"h3":"8826caa223fffff","mii":2,"trt":0.0,"glp1":0.0,"pharmacy":0.0,"gym":0.0,"n":0},"geometry":{"type":"Polygon","coordinates":[[[-97.49196,33.00753],[-97.48691,33.0102],[-97.48723,33.01528],[-97.49261,33.01769],[-97.49767,33.01502],[-97.49734,33.00994],[-97.49196,33.00753]]]}},{"type":"Feature","properties":{"h3":"8826caa227fffff","mii":2,"trt":0.0,"glp1":0.0,"pharmacy":0.0,"gym":0.0,"n":0},"geometry":{"type":"Polygon","coordinates":[[[-97.5024,33.00727],[-97.49734,33.00994],[-97.49767,33.01502],[-97.50305,33.01743],[-97.50811,33.01476],[-97.50778,33.00968],[-97.5024,33.00727]]]}},{"type":"Feature","properties":{"h3":"8826caa04dfffff","mii":2,"trt":0.0,"glp1":0.0,"pharmacy":0.0,"gym":0.0,"n":0},"geometry":{"type":"Polygon","coordinates":[[[-97.50713,32.99951],[-97.50207,33.00218],[-97.5024,33.00727],[-97.50778,33.00968],[-97.51283,33.007],[-97.51251,33.00192],[-97.50713,32.99951]]]}},{"type":"Feature","properties":{"h3":"8826caa041fffff","mii":2,"trt":0.0,"glp1":0.0,"pharmacy":0.0,"gym":0.0,"n":0},"geometry":{"type":"Polygon","coordinates":[[[-97.50142,32.99202],[-97.49637,32.99469],[-97.49669,32.99977],[-97.50207,33.00218],[-97.50713,32.99951],[-97.5068,32.99443],[-97.50142,32.99202]]]}},{"type":"Feature","properties":{"h3":"8826caa04bfffff","mii":2,"trt":0.0,"glp1":0.0,"pharmacy":0.0,"gym":0.0,"n":0},"geometry":{"type":"Polygon","coordinates":[[[-97.49099,32.99228],[-97.48593,32.99495],[-97.48626,33.00003],[-97.49164,33.00244],[-97.49669,32.99977],[-97.49637,32.99469],[-97.49099,32.99228]]]}},{"type":"Feature","properties":{"h3":"8826caa235fffff","mii":2,"trt":0.0,"glp1":0.0,"pharmacy":0.0,"gym":0.0,"n":0},"geometry":{"type":"Polygon","coordinates":[[[-97.48626,33.00003],[-97.4812,33.00271],[-97.48153,33.00779],[-97.48691,33.0102],[-97.49196,33.00753],[-97.49164,33.00244],[-97.48626,33.00003]]]}},{"type":"Feature","properties":{"h3":"8826c86de5fffff","mii":2,"trt":0.0,"glp1":0.0,"pharmacy":0.0,"gym":0.0,"n":0},"geometry":{"type":"Polygon","coordinates":[[[-97.08675,32.78047],[-97.08171,32.78313],[-97.08202,32.78821],[-97.08736,32.79064],[-97.09241,32.78798],[-97.0921,32.78289],[-97.08675,32.78047]]]}},{"type":"Feature","properties":{"h3":"8826cbd2dbfffff","mii":2,"trt":0.0,"glp1":0.0,"pharmacy":0.0,"gym":0.0,"n":0},"geometry":{"type":"Polygon","coordinates":[[[-97.09149,32.77273],[-97.08645,32.77539],[-97.08675,32.78047],[-97.0921,32.78289],[-97.09715,32.78024],[-97.09684,32.77515],[-97.09149,32.77273]]]}},{"type":"Feature","properties":{"h3":"8826c86dadfffff","mii":2,"trt":0.0,"glp1":0.0,"pharmacy":0.0,"gym":0.0,"n":0},"geometry":{"type":"Polygon","coordinates":[[[-97.08584,32.76522],[-97.08079,32.76788],[-97.0811,32.77296],[-97.08645,32.77539],[-97.09149,32.77273],[-97.09119,32.76765],[-97.08584,32.76522]]]}},{"type":"Feature","properties":{"h3":"8826c86da9fffff","mii":2,"trt":0.0,"glp1":0.0,"pharmacy":0.0,"gym":0.0,"n":0},"geometry":{"type":"Polygon","coordinates":[[[-97.07545,32.76545],[-97.0704,32.76811],[-97.07071,32.7732],[-97.07606,32.77562],[-97.0811,32.77296],[-97.08079,32.76788],[-97.07545,32.76545]]]}},{"type":"Feature","properties":{"h3":"8826cab591fffff","mii":2,"trt":0.0,"glp1":0.0,"pharmacy":0.0,"gym":0.0,"n":0},"geometry":{"type":"Polygon","coordinates":[[[-97.33736,32.95787],[-97.33231,32.96054],[-97.33263,32.96562],[-97.338,32.96803],[-97.34305,32.96537],[-97.34273,32.96029],[-97.33736,32.95787]]]}},{"type":"Feature","properties":{"h3":"8826cab595fffff","mii":2,"trt":0.0,"glp1":0.0,"pharmacy":0.0,"gym":0.0,"n":0},"geometry":{"type":"Polygon","coordinates":[[[-97.34779,32.95762],[-97.34273,32.96029],[-97.34305,32.96537],[-97.34842,32.96778],[-97.35348,32.96512],[-97.35316,32.96004],[-97.34779,32.95762]]]}},{"type":"Feature","properties":{"h3":"8826cab5bbfffff","mii":2,"trt":0.0,"glp1":0.0,"pharmacy":0.0,"gym":0.0,"n":0},"geometry":{"type":"Polygon","coordinates":[[[-97.35252,32.94987],[-97.34747,32.95254],[-97.34779,32.95762],[-97.35316,32.96004],[-97.35821,32.95737],[-97.35789,32.95229],[-97.35252,32.94987]]]}},{"type":"Feature","properties":{"h3":"8826caa66dfffff","mii":2,"trt":0.0,"glp1":0.0,"pharmacy":0.0,"gym":0.0,"n":0},"geometry":{"type":"Polygon","coordinates":[[[-97.34683,32.94238],[-97.34178,32.94504],[-97.3421,32.95012],[-97.34747,32.95254],[-97.35252,32.94987],[-97.3522,32.94479],[-97.34683,32.94238]]]}},{"type":"Feature","properties":{"h3":"8826caa669fffff","mii":2,"trt":0.0,"glp1":0.0,"pharmacy":0.0,"gym":0.0,"n":0},"geometry":{"type":"Polygon","coordinates":[[[-97.33641,32.94263],[-97.33136,32.94529],[-97.33168,32.95037],[-97.33705,32.95279],[-97.3421,32.95012],[-97.34178,32.94504],[-97.33641,32.94263]]]}},{"type":"Feature","properties":{"h3":"8826cab593fffff","mii":2,"trt":0.0,"glp1":0.0,"pharmacy":0.0,"gym":0.0,"n":0},"geometry":{"type":"Polygon","coordinates":[[[-97.33168,32.95037],[-97.32662,32.95304],[-97.32694,32.95812],[-97.33231,32.96054],[-97.33736,32.95787],[-97.33705,32.95279],[-97.33168,32.95037]]]}},{"type":"Feature","properties":{"h3":"8826caa24dfffff","mii":2,"trt":0.0,"glp1":0.0,"pharmacy":0.0,"gym":0.0,"n":0},"geometry":{"type":"Polygon","coordinates":[[[-97.47401,33.05378],[-97.46895,33.05645],[-97.46928,33.06153],[-97.47466,33.06394],[-97.47972,33.06127],[-97.47939,33.05619],[-97.47401,33.05378]]]}},{"type":"Feature","properties":{"h3":"8826cab193fffff","mii":2,"trt":0.0,"glp1":0.0,"pharmacy":0.0,"gym":0.0,"n":0},"geometry":{"type":"Polygon","coordinates":[[[-97.48445,33.05352],[-97.47939,33.05619],[-97.47972,33.06127],[-97.4851,33.06368],[-97.49016,33.06101],[-97.48983,33.05593],[-97.48445,33.05352]]]}},{"type":"Feature","properties":{"h3":"8826caa269fffff","mii":2,"trt":0.0,"glp1":0.0,"pharmacy":0.0,"gym":0.0,"n":0},"geometry":{"type":"Polygon","coordinates":[[[-97.48918,33.04577],[-97.48412,33.04844],[-97.48445,33.05352],[-97.48983,33.05593],[-97.49489,33.05326],[-97.49456,33.04818],[-97.48918,33.04577]]]}},{"type":"Feature","properties":{"h3":"8826caa26bfffff","mii":2,"trt":0.0,"glp1":0.0,"pharmacy":0.0,"gym":0.0,"n":0},"geometry":{"type":"Polygon","coordinates":[[[-97.48347,33.03827],[-97.47842,33.04095],[-97.47874,33.04603],[-97.48412,33.04844],[-97.48918,33.04577],[-97.48886,33.04069],[-97.48347,33.03827]]]}},{"type":"Feature","properties":{"h3":"8826caa247fffff","mii":2,"trt":0.0,"glp1":0.0,"pharmacy":0.0,"gym":0.0,"n":0},"geometry":{"type":"Polygon","coordinates":[[[-97.47304,33.03853],[-97.46798,33.0412],[-97.4683,33.04628],[-97.47368,33.0487],[-97.47874,33.04603],[-97.47842,33.04095],[-97.47304,33.03853]]]}},{"type":"Feature","properties":{"h3":"8826caa241fffff","mii":2,"trt":0.0,"glp1":0.0,"pharmacy":0.0,"gym":0.0,"n":0},"geometry":{"type":"Polygon","coordinates":[[[-97.4683,33.04628],[-97.46325,33.04895],[-97.46357,33.05403],[-97.46895,33.05645],[-97.47401,33.05378],[-97.47368,33.0487],[-97.4683,33.04628]]]}},{"type":"Feature","properties":{"h3":"8826cbc333fffff","mii":2,"trt":0.0,"glp1":0.0,"pharmacy":0.0,"gym":0.0,"n":0},"geometry":{"type":"Polygon","coordinates":[[[-97.26451,32.62352],[-97.25948,32.62619],[-97.25979,32.63128],[-97.26514,32.6337],[-97.27018,32.63103],[-97.26987,32.62594],[-97.26451,32.62352]]]}},{"type":"Feature","properties":{"h3":"8826cbc337fffff","mii":2,"trt":0.0,"glp1":0.0,"pharmacy":0.0,"gym":0.0,"n":0},"geometry":{"type":"Polygon","coordinates":[[[-97.2749,32.62327],[-97.26987,32.62594],[-97.27018,32.63103],[-97.27553,32.63344],[-97.28057,32.63077],[-97.28026,32.62568],[-97.2749,32.62327]]]}},{"type":"Feature","properties":{"h3":"8826cbc15dfffff","mii":2,"trt":0.0,"glp1":0.0,"pharmacy":0.0,"gym":0.0,"n":0},"geometry":{"type":"Polygon","coordinates":[[[-97.27963,32.61551],[-97.27459,32.61818],[-97.2749,32.62327],[-97.28026,32.62568],[-97.28529,32.62301],[-97.28498,32.61792],[-97.27963,32.61551]]]}},{"type":"Feature","properties":{"h3":"8826cbc151fffff","mii":2,"trt":0.0,"glp1":0.0,"pharmacy":0.0,"gym":0.0,"n":0},"geometry":{"type":"Polygon","coordinates":[[[-97.27396,32.608],[-97.26893,32.61067],[-97.26924,32.61576],[-97.27459,32.61818],[-97.27963,32.61551],[-97.27931,32.61042],[-97.27396,32.608]]]}},{"type":"Feature","properties":{"h3":"8826cbc15bfffff","mii":2,"trt":0.0,"glp1":0.0,"pharmacy":0.0,"gym":0.0,"n":0},"geometry":{"type":"Polygon","coordinates":[[[-97.26358,32.60825],[-97.25854,32.61092],[-97.25885,32.61601],[-97.2642,32.61843],[-97.26924,32.61576],[-97.26893,32.61067],[-97.26358,32.60825]]]}},{"type":"Feature","properties":{"h3":"8826cbc065fffff","mii":2,"trt":0.0,"glp1":0.0,"pharmacy":0.0,"gym":0.0,"n":0},"geometry":{"type":"Polygon","coordinates":[[[-97.25885,32.61601],[-97.25381,32.61868],[-97.25413,32.62377],[-97.25948,32.62619],[-97.26451,32.62352],[-97.2642,32.61843],[-97.25885,32.61601]]]}},{"type":"Feature","properties":{"h3":"8826caa721fffff","mii":2,"trt":0.0,"glp1":0.0,"pharmacy":0.0,"gym":0.0,"n":0},"geometry":{"type":"Polygon","coordinates":[[[-97.41787,32.9101],[-97.41282,32.91277],[-97.41314,32.91786],[-97.41851,32.92027],[-97.42357,32.9176],[-97.42324,32.91252],[-97.41787,32.9101]]]}},{"type":"Feature","properties":{"h3":"8826caa725fffff","mii":2,"trt":0.0,"glp1":0.0,"pharmacy":0.0,"gym":0.0,"n":0},"geometry":{"type":"Polygon","coordinates":[[[-97.4283,32.90984],[-97.42324,32.91252],[-97.42357,32.9176],[-97.42894,32.92001],[-97.43399,32.91734],[-97.43367,32.91226],[-97.4283,32.90984]]]}},{"type":"Feature","properties":{"h3":"8826caa09bfffff","mii":2,"trt":0.0,"glp1":0.0,"pharmacy":0.0,"gym":0.0,"n":0},"geometry":{"type":"Polygon","coordinates":[[[-97.43302,32.90209],[-97.42797,32.90476],[-97.4283,32.90984],[-97.43367,32.91226],[-97.43872,32.90959],[-97.4384,32.9045],[-97.43302,32.90209]]]}},{"type":"Feature","properties":{"h3":"8826caa54dfffff","mii":2,"trt":0.0,"glp1":0.0,"pharmacy":0.0,"gym":0.0,"n":0},"geometry":{"type":"Polygon","coordinates":[[[-97.42733,32.89459],[-97.42228,32.89726],[-97.4226,32.90235],[-97.42797,32.90476],[-97.43302,32.90209],[-97.4327,32.89701],[-97.42733,32.89459]]]}},{"type":"Feature","properties":{"h3":"8826caa549fffff","mii":2,"trt":0.0,"glp1":0.0,"pharmacy":0.0,"gym":0.0,"n":0},"geometry":{"type":"Polygon","coordinates":[[[-97.41691,32.89485],[-97.41186,32.89752],[-97.41218,32.90261],[-97.41755,32.90502],[-97.4226,32.90235],[-97.42228,32.89726],[-97.41691,32.89485]]]}},{"type":"Feature","properties":{"h3":"8826caa723fffff","mii":2,"trt":0.0,"glp1":0.0,"pharmacy":0.0,"gym":0.0,"n":0},"geometry":{"type":"Polygon","coordinates":[[[-97.41218,32.90261],[-97.40713,32.90528],[-97.40745,32.91036],[-97.41282,32.91277],[-97.41787,32.9101],[-97.41755,32.90502],[-97.41218,32.90261]]]}},{"type":"Feature","properties":{"h3":"8826cbd223fffff","mii":2,"trt":0.0,"glp1":0.0,"pharmacy":0.0,"gym":0.0,"n":0},"geometry":{"type":"Polygon","coordinates":[[[-97.18691,32.80109],[-97.18187,32.80375],[-97.18218,32.80883],[-97.18753,32.81126],[-97.19258,32.80859],[-97.19227,32.80351],[-97.18691,32.80109]]]}},{"type":"Feature","properties":{"h3":"8826cbd227fffff","mii":2,"trt":0.0,"glp1":0.0,"pharmacy":0.0,"gym":0.0,"n":0},"geometry":{"type":"Polygon","coordinates":[[[-97.19731,32.80085],[-97.19227,32.80351],[-97.19258,32.80859],[-97.19794,32.81101],[-97.20298,32.80835],[-97.20267,32.80327],[-97.19731,32.80085]]]}},{"type":"Feature","properties":{"h3":"8826cbd04dfffff","mii":2,"trt":0.0,"glp1":0.0,"pharmacy":0.0,"gym":0.0,"n":0},"geometry":{"type":"Polygon","coordinates":[[[-97.20205,32.7931],[-97.197,32.79576],[-97.19731,32.80085],[-97.20267,32.80327],[-97.20772,32.8006],[-97.20741,32.79552],[-97.20205,32.7931]]]}},{"type":"Feature","properties":{"h3":"8826cbd041fffff","mii":2,"trt":0.0,"glp1":0.0,"pharmacy":0.0,"gym":0.0,"n":0},"geometry":{"type":"Polygon","coordinates":[[[-97.19638,32.7856],[-97.19134,32.78826],[-97.19165,32.79334],[-97.197,32.79576],[-97.20205,32.7931],[-97.20174,32.78802],[-97.19638,32.7856]]]}},{"type":"Feature","properties":{"h3":"8826cbd04bfffff","mii":2,"trt":0.0,"glp1":0.0,"pharmacy":0.0,"gym":0.0,"n":0},"geometry":{"type":"Polygon","coordinates":[[[-97.18598,32.78584],[-97.18094,32.7885],[-97.18125,32.79358],[-97.1866,32.796],[-97.19165,32.79334],[-97.19134,32.78826],[-97.18598,32.78584]]]}},{"type":"Feature","properties":{"h3":"8826cbd235fffff","mii":2,"trt":0.0,"glp1":0.0,"pharmacy":0.0,"gym":0.0,"n":0},"geometry":{"type":"Polygon","coordinates":[[[-97.18125,32.79358],[-97.1762,32.79625],[-97.17651,32.80133],[-97.18187,32.80375],[-97.18691,32.80109],[-97.1866,32.796],[-97.18125,32.79358]]]}},{"type":"Feature","properties":{"h3":"8826c846b7fffff","mii":2,"trt":0.0,"glp1":0.0,"pharmacy":0.0,"gym":0.0,"n":0},"geometry":{"type":"Polygon","coordinates":[[[-97.05559,33.21584],[-97.05052,33.21848],[-97.05083,33.22355],[-97.0562,33.22598],[-97.06126,33.22334],[-97.06096,33.21826],[-97.05559,33.21584]]]}},{"type":"Feature","properties":{"h3":"8826c844cbfffff","mii":2,"trt":0.0,"glp1":0.0,"pharmacy":0.0,"gym":0.0,"n":0},"geometry":{"type":"Polygon","coordinates":[[[-97.06602,33.21562],[-97.06096,33.21826],[-97.06126,33.22334],[-97.06663,33.22576],[-97.0717,33.22312],[-97.07139,33.21804],[-97.06602,33.21562]]]}},{"type":"Feature","properties":{"h3":"8826c844d5fffff","mii":2,"trt":0.0,"glp1":0.0,"pharmacy":0.0,"gym":0.0,"n":0},"geometry":{"type":"Polygon","coordinates":[[[-97.0651,33.2004],[-97.06004,33.20305],[-97.06035,33.20812],[-97.06571,33.21055],[-97.07078,33.2079],[-97.07047,33.20283],[-97.0651,33.2004]]]}},{"type":"Feature","properties":{"h3":"8826c844d1fffff","mii":2,"trt":0.0,"glp1":0.0,"pharmacy":0.0,"gym":0.0,"n":0},"geometry":{"type":"Polygon","coordinates":[[[-97.05467,33.20062],[-97.04961,33.20327],[-97.04991,33.20834],[-97.05528,33.21076],[-97.06035,33.20812],[-97.06004,33.20305],[-97.05467,33.20062]]]}},{"type":"Feature","properties":{"h3":"8826c844d9fffff","mii":2,"trt":0.0,"glp1":0.0,"pharmacy":0.0,"gym":0.0,"n":0},"geometry":{"type":"Polygon","coordinates":[[[-97.04991,33.20834],[-97.04485,33.21098],[-97.04516,33.21605],[-97.05052,33.21848],[-97.05559,33.21584],[-97.05528,33.21076],[-97.04991,33.20834]]]}},{"type":"Feature","properties":{"h3":"8826c84511fffff","mii":2,"trt":0.0,"glp1":0.0,"pharmacy":0.0,"gym":0.0,"n":0},"geometry":{"type":"Polygon","coordinates":[[[-97.17131,33.2286],[-97.16624,33.23125],[-97.16655,33.23632],[-97.17193,33.23874],[-97.17699,33.23609],[-97.17668,33.23102],[-97.17131,33.2286]]]}},{"type":"Feature","properties":{"h3":"8826c84515fffff","mii":2,"trt":0.0,"glp1":0.0,"pharmacy":0.0,"gym":0.0,"n":0},"geometry":{"type":"Polygon","coordinates":[[[-97.18175,33.22837],[-97.17668,33.23102],[-97.17699,33.23609],[-97.18237,33.23852],[-97.18743,33.23587],[-97.18712,33.23079],[-97.18175,33.22837]]]}},{"type":"Feature","properties":{"h3":"8826c8453bfffff","mii":2,"trt":0.0,"glp1":0.0,"pharmacy":0.0,"gym":0.0,"n":0},"geometry":{"type":"Polygon","coordinates":[[[-97.1865,33.22065],[-97.18143,33.2233],[-97.18175,33.22837],[-97.18712,33.23079],[-97.19219,33.22814],[-97.19187,33.22307],[-97.1865,33.22065]]]}},{"type":"Feature","properties":{"h3":"8826c845edfffff","mii":2,"trt":0.0,"glp1":0.0,"pharmacy":0.0,"gym":0.0,"n":0},"geometry":{"type":"Polygon","coordinates":[[[-97.18081,33.21315],[-97.17575,33.2158],[-97.17606,33.22087],[-97.18143,33.2233],[-97.1865,33.22065],[-97.18619,33.21557],[-97.18081,33.21315]]]}},{"type":"Feature","properties":{"h3":"8826c845e9fffff","mii":2,"trt":0.0,"glp1":0.0,"pharmacy":0.0,"gym":0.0,"n":0},"geometry":{"type":"Polygon","coordinates":[[[-97.17037,33.21338],[-97.16531,33.21603],[-97.16562,33.2211],[-97.17099,33.22353],[-97.17606,33.22087],[-97.17575,33.2158],[-97.17037,33.21338]]]}},{"type":"Feature","properties":{"h3":"8826c84513fffff","mii":2,"trt":0.0,"glp1":0.0,"pharmacy":0.0,"gym":0.0,"n":0},"geometry":{"type":"Polygon","coordinates":[[[-97.16562,33.2211],[-97.16056,33.22375],[-97.16087,33.22883],[-97.16624,33.23125],[-97.17131,33.2286],[-97.17099,33.22353],[-97.16562,33.2211]]]}},{"type":"Feature","properties":{"h3":"8826cbd053fffff","mii":2,"trt":0.0,"glp1":0.0,"pharmacy":0.0,"gym":0.0,"n":0},"geometry":{"type":"Polygon","coordinates":[[[-97.16899,32.76332],[-97.16395,32.76598],[-97.16426,32.77107],[-97.16961,32.77349],[-97.17466,32.77083],[-97.17435,32.76574],[-97.16899,32.76332]]]}},{"type":"Feature","properties":{"h3":"8826cbd057fffff","mii":2,"trt":0.0,"glp1":0.0,"pharmacy":0.0,"gym":0.0,"n":0},"geometry":{"type":"Polygon","coordinates":[[[-97.17939,32.76308],[-97.17435,32.76574],[-97.17466,32.77083],[-97.18001,32.77325],[-97.18505,32.77059],[-97.18474,32.7655],[-97.17939,32.76308]]]}},{"type":"Feature","properties":{"h3":"8826cbd01dfffff","mii":2,"trt":0.0,"glp1":0.0,"pharmacy":0.0,"gym":0.0,"n":0},"geometry":{"type":"Polygon","coordinates":[[[-97.18412,32.75533],[-97.17908,32.758],[-97.17939,32.76308],[-97.18474,32.7655],[-97.18979,32.76284],[-97.18948,32.75775],[-97.18412,32.75533]]]}},{"type":"Feature","properties":{"h3":"8826cbd011fffff","mii":2,"trt":0.0,"glp1":0.0,"pharmacy":0.0,"gym":0.0,"n":0},"geometry":{"type":"Polygon","coordinates":[[[-97.17846,32.74783],[-97.17342,32.75049],[-97.17373,32.75557],[-97.17908,32.758],[-97.18412,32.75533],[-97.18381,32.75025],[-97.17846,32.74783]]]}},{"type":"Feature","properties":{"h3":"8826cbd01bfffff","mii":2,"trt":0.0,"glp1":0.0,"pharmacy":0.0,"gym":0.0,"n":0},"geometry":{"type":"Polygon","coordinates":[[[-97.16807,32.74807],[-97.16302,32.75073],[-97.16333,32.75582],[-97.16868,32.75824],[-97.17373,32.75557],[-97.17342,32.75049],[-97.16807,32.74807]]]}},{"type":"Feature","properties":{"h3":"8826cbd2a5fffff","mii":2,"trt":0.0,"glp1":0.0,"pharmacy":0.0,"gym":0.0,"n":0},"geometry":{"type":"Polygon","coordinates":[[[-97.16333,32.75582],[-97.15829,32.75848],[-97.1586,32.76356],[-97.16395,32.76598],[-97.16899,32.76332],[-97.16868,32.75824],[-97.16333,32.75582]]]}}],"res":8,"p95":{"trt":2.25,"glp1":12.375000000000009,"pharmacy":0.95,"gym":0.775}}