{"type":"FeatureCollection","features":[{"type":"Feature","properties":{"h3":"8726cb9a5ffffff","mii":92,"trt":1.3,"glp1":2.4,"pharmacy":1.9,"gym":0.0,"n":8},"geometry":{"type":"Polygon","coordinates":[[[-96.80544,32.77122],[-96.79565,32.78159],[-96.80157,32.79418],[-96.81728,32.79641],[-96.82708,32.78604],[-96.82115,32.77344],[-96.80544,32.77122]]]}},{"type":"Feature","properties":{"h3":"8726cb916ffffff","mii":90,"trt":6.15,"glp1":32.05,"pharmacy":0.0,"gym":0.65,"n":65},"geometry":{"type":"Polygon","coordinates":[[[-96.77993,32.77936],[-96.77014,32.78973],[-96.77606,32.80232],[-96.79177,32.80455],[-96.80157,32.79418],[-96.79565,32.78159],[-96.77993,32.77936]]]}},{"type":"Feature","properties":{"h3":"8726cb912ffffff","mii":88,"trt":0.0,"glp1":0.0,"pharmacy":0.95,"gym":0.0,"n":1},"geometry":{"type":"Polygon","coordinates":[[[-96.78381,32.7564],[-96.77402,32.76677],[-96.77993,32.77936],[-96.79565,32.78159],[-96.80544,32.77122],[-96.79952,32.75863],[-96.78381,32.7564]]]}},{"type":"Feature","properties":{"h3":"8726cb9a4ffffff","mii":85,"trt":1.65,"glp1":4.85,"pharmacy":0.0,"gym":0.45,"n":11},"geometry":{"type":"Polygon","coordinates":[[[-96.82708,32.78604],[-96.81728,32.79641],[-96.82321,32.809],[-96.83893,32.81122],[-96.84872,32.80085],[-96.8428,32.78826],[-96.82708,32.78604]]]}},{"type":"Feature","properties":{"h3":"8726c864bffffff","mii":85,"trt":1.05,"glp1":11.4,"pharmacy":0.0,"gym":0.0,"n":22},"geometry":{"type":"Polygon","coordinates":[[[-96.80157,32.79418],[-96.79177,32.80455],[-96.79769,32.81715],[-96.81341,32.81937],[-96.82321,32.809],[-96.81728,32.79641],[-96.80157,32.79418]]]}},{"type":"Feature","properties":{"h3":"8726c86aaffffff","mii":85,"trt":1.35,"glp1":1.95,"pharmacy":0.0,"gym":0.45,"n":6},"geometry":{"type":"Polygon","coordinates":[[[-97.12057,32.90947],[-97.11078,32.91986],[-97.11675,32.93244],[-97.13252,32.93463],[-97.14231,32.92424],[-97.13633,32.91166],[-97.12057,32.90947]]]}},{"type":"Feature","properties":{"h3":"8726cb914ffffff","mii":81,"trt":0.0,"glp1":2.3,"pharmacy":0.0,"gym":0.0,"n":4},"geometry":{"type":"Polygon","coordinates":[[[-96.75443,32.7875],[-96.74463,32.79786],[-96.75054,32.81046],[-96.76626,32.81269],[-96.77606,32.80232],[-96.77014,32.78973],[-96.75443,32.7875]]]}},{"type":"Feature","properties":{"h3":"8726c86aeffffff","mii":81,"trt":0.75,"glp1":2.45,"pharmacy":0.0,"gym":0.0,"n":5},"geometry":{"type":"Polygon","coordinates":[[[-97.11675,32.93244],[-97.10695,32.94283],[-97.11292,32.95541],[-97.1287,32.95761],[-97.13849,32.94722],[-97.13252,32.93463],[-97.11675,32.93244]]]}},{"type":"Feature","properties":{"h3":"8726c86a8ffffff","mii":80,"trt":2.85,"glp1":10.15,"pharmacy":0.0,"gym":1.75,"n":25},"geometry":{"type":"Polygon","coordinates":[[[-97.09501,32.91767],[-97.08522,32.92805],[-97.09119,32.94064],[-97.10695,32.94283],[-97.11675,32.93244],[-97.11078,32.91986],[-97.09501,32.91767]]]}},{"type":"Feature","properties":{"h3":"8726c874effffff","mii":80,"trt":3.05,"glp1":12.05,"pharmacy":0.0,"gym":1.1,"n":28},"geometry":{"type":"Polygon","coordinates":[[[-96.79219,32.9926],[-96.78238,33.00295],[-96.7883,33.01553],[-96.80405,33.01777],[-96.81386,33.00741],[-96.80793,32.99483],[-96.79219,32.9926]]]}},{"type":"Feature","properties":{"h3":"8726c8748ffffff","mii":80,"trt":0.0,"glp1":0.55,"pharmacy":0.0,"gym":0.0,"n":1},"geometry":{"type":"Polygon","coordinates":[[[-96.77052,32.97778],[-96.76071,32.98813],[-96.76663,33.00071],[-96.78238,33.00295],[-96.79219,32.9926],[-96.78626,32.98001],[-96.77052,32.97778]]]}},{"type":"Feature","properties":{"h3":"8726c86d6ffffff","mii":78,"trt":3.05,"glp1":8.6,"pharmacy":0.0,"gym":0.9,"n":21},"geometry":{"type":"Polygon","coordinates":[[[-97.1103,32.82574],[-97.10051,32.83614],[-97.10648,32.84873],[-97.12224,32.85092],[-97.13202,32.84052],[-97.12605,32.82793],[-97.1103,32.82574]]]}},{"type":"Feature","properties":{"h3":"8726cbd54ffffff","mii":77,"trt":3.85,"glp1":17.0,"pharmacy":0.0,"gym":1.1,"n":36},"geometry":{"type":"Polygon","coordinates":[[[-97.1115,32.67299],[-97.10173,32.6834],[-97.10768,32.69599],[-97.12342,32.69818],[-97.13319,32.68777],[-97.12723,32.67517],[-97.1115,32.67299]]]}},{"type":"Feature","properties":{"h3":"8726c8668ffffff","mii":77,"trt":4.4,"glp1":33.1,"pharmacy":0.0,"gym":0.65,"n":65},"geometry":{"type":"Polygon","coordinates":[[[-96.76441,32.87119],[-96.75461,32.88154],[-96.76053,32.89413],[-96.77625,32.89637],[-96.78606,32.88601],[-96.78013,32.87342],[-96.76441,32.87119]]]}},{"type":"Feature","properties":{"h3":"8726cb9a1ffffff","mii":76,"trt":1.35,"glp1":7.75,"pharmacy":0.0,"gym":0.45,"n":16},"geometry":{"type":"Polygon","coordinates":[[[-96.80931,32.74825],[-96.79952,32.75863],[-96.80544,32.77122],[-96.82115,32.77344],[-96.83095,32.76307],[-96.82502,32.75048],[-96.80931,32.74825]]]}},{"type":"Feature","properties":{"h3":"8726c8741ffffff","mii":76,"trt":4.05,"glp1":11.75,"pharmacy":0.0,"gym":0.0,"n":26},"geometry":{"type":"Polygon","coordinates":[[[-96.7883,33.01553],[-96.77849,33.02588],[-96.78442,33.03847],[-96.80017,33.0407],[-96.80998,33.03035],[-96.80405,33.01777],[-96.7883,33.01553]]]}},{"type":"Feature","properties":{"h3":"8726c874affffff","mii":75,"trt":0.6,"glp1":4.15,"pharmacy":0.0,"gym":1.55,"n":11},"geometry":{"type":"Polygon","coordinates":[[[-96.79607,32.96966],[-96.78626,32.98001],[-96.79219,32.9926],[-96.80793,32.99483],[-96.81774,32.98448],[-96.81181,32.97189],[-96.79607,32.96966]]]}},{"type":"Feature","properties":{"h3":"8726c8740ffffff","mii":74,"trt":0.6,"glp1":4.5,"pharmacy":0.0,"gym":0.0,"n":9},"geometry":{"type":"Polygon","coordinates":[[[-96.80998,33.03035],[-96.80017,33.0407],[-96.8061,33.05328],[-96.82185,33.05551],[-96.83167,33.04516],[-96.82573,33.03258],[-96.80998,33.03035]]]}},{"type":"Feature","properties":{"h3":"8726c8745ffffff","mii":73,"trt":0.0,"glp1":4.15,"pharmacy":0.0,"gym":0.9,"n":9},"geometry":{"type":"Polygon","coordinates":[[[-96.78442,33.03847],[-96.7746,33.04881],[-96.78053,33.06139],[-96.79628,33.06363],[-96.8061,33.05328],[-96.80017,33.0407],[-96.78442,33.03847]]]}},{"type":"Feature","properties":{"h3":"8726c866bffffff","mii":72,"trt":1.2,"glp1":1.75,"pharmacy":0.0,"gym":0.45,"n":6},"geometry":{"type":"Polygon","coordinates":[[[-96.76829,32.84824],[-96.75849,32.85859],[-96.76441,32.87119],[-96.78013,32.87342],[-96.78994,32.86306],[-96.78401,32.85047],[-96.76829,32.84824]]]}},{"type":"Feature","properties":{"h3":"8726c875dffffff","mii":71,"trt":0.45,"glp1":1.1,"pharmacy":0.0,"gym":0.0,"n":3},"geometry":{"type":"Polygon","coordinates":[[[-96.81774,32.98448],[-96.80793,32.99483],[-96.81386,33.00741],[-96.82961,33.00964],[-96.83942,32.99929],[-96.83349,32.9867],[-96.81774,32.98448]]]}},{"type":"Feature","properties":{"h3":"8726c8659ffffff","mii":70,"trt":4.45,"glp1":10.1,"pharmacy":0.0,"gym":0.45,"n":25},"geometry":{"type":"Polygon","coordinates":[[[-96.84872,32.80085],[-96.83893,32.81122],[-96.84486,32.82382],[-96.86058,32.82604],[-96.87038,32.81566],[-96.86444,32.80307],[-96.84872,32.80085]]]}},{"type":"Feature","properties":{"h3":"8726cb9a0ffffff","mii":70,"trt":0.0,"glp1":0.55,"pharmacy":0.0,"gym":0.0,"n":1},"geometry":{"type":"Polygon","coordinates":[[[-96.83095,32.76307],[-96.82115,32.77344],[-96.82708,32.78604],[-96.8428,32.78826],[-96.85259,32.77789],[-96.84666,32.76529],[-96.83095,32.76307]]]}},{"type":"Feature","properties":{"h3":"8726c8669ffffff","mii":70,"trt":0.6,"glp1":5.05,"pharmacy":0.0,"gym":0.0,"n":10},"geometry":{"type":"Polygon","coordinates":[[[-96.74277,32.85636],[-96.73297,32.86672],[-96.73888,32.87931],[-96.75461,32.88154],[-96.76441,32.87119],[-96.75849,32.85859],[-96.74277,32.85636]]]}},{"type":"Feature","properties":{"h3":"8726c866dffffff","mii":70,"trt":0.0,"glp1":7.5,"pharmacy":0.35,"gym":0.0,"n":13},"geometry":{"type":"Polygon","coordinates":[[[-96.73888,32.87931],[-96.72908,32.88966],[-96.73499,32.90225],[-96.75072,32.90449],[-96.76053,32.89413],[-96.75461,32.88154],[-96.73888,32.87931]]]}},{"type":"Feature","properties":{"h3":"8726c876affffff","mii":70,"trt":0.0,"glp1":1.95,"pharmacy":0.0,"gym":0.0,"n":3},"geometry":{"type":"Polygon","coordinates":[[[-96.76274,33.02365],[-96.75293,33.03399],[-96.75885,33.04657],[-96.7746,33.04881],[-96.78442,33.03847],[-96.77849,33.02588],[-96.76274,33.02365]]]}},{"type":"Feature","properties":{"h3":"8726c82b0ffffff","mii":70,"trt":1.2,"glp1":1.85,"pharmacy":0.0,"gym":0.45,"n":6},"geometry":{"type":"Polygon","coordinates":[[[-96.69777,32.97917],[-96.68795,32.98951],[-96.69387,33.0021],[-96.7096,33.00434],[-96.71942,32.994],[-96.7135,32.98141],[-96.69777,32.97917]]]}},{"type":"Feature","properties":{"h3":"8726c8649ffffff","mii":70,"trt":1.05,"glp1":4.05,"pharmacy":0.35,"gym":0.0,"n":10},"geometry":{"type":"Polygon","coordinates":[[[-96.77606,32.80232],[-96.76626,32.81269],[-96.77218,32.82528],[-96.78789,32.82751],[-96.79769,32.81715],[-96.79177,32.80455],[-96.77606,32.80232]]]}},{"type":"Feature","properties":{"h3":"8726c868bffffff","mii":69,"trt":0.0,"glp1":2.4,"pharmacy":0.0,"gym":0.0,"n":4},"geometry":{"type":"Polygon","coordinates":[[[-97.13202,32.84052],[-97.12224,32.85092],[-97.12821,32.86351],[-97.14397,32.86569],[-97.15375,32.85529],[-97.14778,32.84271],[-97.13202,32.84052]]]}},{"type":"Feature","properties":{"h3":"8726cb910ffffff","mii":69,"trt":0.0,"glp1":0.0,"pharmacy":0.0,"gym":0.0,"n":0},"geometry":{"type":"Polygon","coordinates":[[[-96.75831,32.76454],[-96.74852,32.77491],[-96.75443,32.7875],[-96.77014,32.78973],[-96.77993,32.77936],[-96.77402,32.76677],[-96.75831,32.76454]]]}},{"type":"Feature","properties":{"h3":"8726c86abffffff","mii":68,"trt":0.0,"glp1":2.95,"pharmacy":0.0,"gym":0.0,"n":5},"geometry":{"type":"Polygon","coordinates":[[[-97.09884,32.89469],[-97.08904,32.90508],[-97.09501,32.91767],[-97.11078,32.91986],[-97.12057,32.90947],[-97.1146,32.89688],[-97.09884,32.89469]]]}},{"type":"Feature","properties":{"h3":"8726c866effffff","mii":68,"trt":0.0,"glp1":0.55,"pharmacy":0.0,"gym":0.0,"n":1},"geometry":{"type":"Polygon","coordinates":[[[-96.78606,32.88601],[-96.77625,32.89637],[-96.78217,32.90895],[-96.7979,32.91119],[-96.80771,32.90083],[-96.80178,32.88824],[-96.78606,32.88601]]]}},{"type":"Feature","properties":{"h3":"8726c866affffff","mii":68,"trt":1.3,"glp1":2.3,"pharmacy":0.0,"gym":0.0,"n":6},"geometry":{"type":"Polygon","coordinates":[[[-96.78994,32.86306],[-96.78013,32.87342],[-96.78606,32.88601],[-96.80178,32.88824],[-96.81159,32.87787],[-96.80566,32.86528],[-96.78994,32.86306]]]}},{"type":"Feature","properties":{"h3":"8726c8743ffffff","mii":68,"trt":0.0,"glp1":1.8,"pharmacy":0.0,"gym":0.0,"n":3},"geometry":{"type":"Polygon","coordinates":[[[-96.81386,33.00741],[-96.80405,33.01777],[-96.80998,33.03035],[-96.82573,33.03258],[-96.83555,33.02223],[-96.82961,33.00964],[-96.81386,33.00741]]]}},{"type":"Feature","properties":{"h3":"8726c874cffffff","mii":68,"trt":3.35,"glp1":15.8,"pharmacy":0.0,"gym":0.0,"n":33},"geometry":{"type":"Polygon","coordinates":[[[-96.76663,33.00071],[-96.75682,33.01106],[-96.76274,33.02365],[-96.77849,33.02588],[-96.7883,33.01553],[-96.78238,33.00295],[-96.76663,33.00071]]]}},{"type":"Feature","properties":{"h3":"8726c866cffffff","mii":67,"trt":4.85,"glp1":25.9,"pharmacy":0.0,"gym":0.0,"n":53},"geometry":{"type":"Polygon","coordinates":[[[-96.76053,32.89413],[-96.75072,32.90449],[-96.75664,32.91708],[-96.77237,32.91931],[-96.78217,32.90895],[-96.77625,32.89637],[-96.76053,32.89413]]]}},{"type":"Feature","properties":{"h3":"8726c864affffff","mii":66,"trt":3.15,"glp1":2.4,"pharmacy":0.0,"gym":0.0,"n":9},"geometry":{"type":"Polygon","coordinates":[[[-96.82321,32.809],[-96.81341,32.81937],[-96.81933,32.83196],[-96.83506,32.83419],[-96.84486,32.82382],[-96.83893,32.81122],[-96.82321,32.809]]]}},{"type":"Feature","properties":{"h3":"8726c82b2ffffff","mii":65,"trt":0.6,"glp1":6.35,"pharmacy":0.0,"gym":0.45,"n":13},"geometry":{"type":"Polygon","coordinates":[[[-96.72332,32.97107],[-96.7135,32.98141],[-96.71942,32.994],[-96.73516,32.99624],[-96.74497,32.98589],[-96.73905,32.97331],[-96.72332,32.97107]]]}},{"type":"Feature","properties":{"h3":"8726c8689ffffff","mii":64,"trt":0.0,"glp1":1.2,"pharmacy":0.0,"gym":1.55,"n":5},"geometry":{"type":"Polygon","coordinates":[[[-97.10648,32.84873],[-97.09669,32.85912],[-97.10266,32.87171],[-97.11842,32.8739],[-97.12821,32.86351],[-97.12224,32.85092],[-97.10648,32.84873]]]}},{"type":"Feature","properties":{"h3":"8726c8746ffffff","mii":63,"trt":0.45,"glp1":5.2,"pharmacy":0.0,"gym":0.45,"n":11},"geometry":{"type":"Polygon","coordinates":[[[-96.83167,33.04516],[-96.82185,33.05551],[-96.82779,33.06809],[-96.84355,33.07032],[-96.85337,33.05997],[-96.84743,33.04739],[-96.83167,33.04516]]]}},{"type":"Feature","properties":{"h3":"8726c860bffffff","mii":63,"trt":2.85,"glp1":5.15,"pharmacy":0.0,"gym":0.45,"n":15},"geometry":{"type":"Polygon","coordinates":[[[-96.95322,32.89784],[-96.94342,32.90822],[-96.94937,32.92081],[-96.96512,32.92302],[-96.97492,32.91264],[-96.96897,32.90005],[-96.95322,32.89784]]]}},{"type":"Feature","properties":{"h3":"8726cbd50ffffff","mii":62,"trt":0.6,"glp1":2.2,"pharmacy":0.0,"gym":0.0,"n":5},"geometry":{"type":"Polygon","coordinates":[[[-97.11531,32.64998],[-97.10554,32.6604],[-97.1115,32.67299],[-97.12723,32.67517],[-97.137,32.66476],[-97.13104,32.65217],[-97.11531,32.64998]]]}},{"type":"Feature","properties":{"h3":"8726cbda1ffffff","mii":61,"trt":0.7,"glp1":2.3,"pharmacy":0.0,"gym":0.0,"n":5},"geometry":{"type":"Polygon","coordinates":[[[-97.31837,32.73685],[-97.3086,32.74727],[-97.31459,32.75986],[-97.33036,32.76202],[-97.34013,32.7516],[-97.33414,32.73901],[-97.31837,32.73685]]]}},{"type":"Feature","properties":{"h3":"8726c8744ffffff","mii":61,"trt":0.0,"glp1":6.95,"pharmacy":0.0,"gym":0.45,"n":13},"geometry":{"type":"Polygon","coordinates":[[[-96.8061,33.05328],[-96.79628,33.06363],[-96.80222,33.07621],[-96.81797,33.07844],[-96.82779,33.06809],[-96.82185,33.05551],[-96.8061,33.05328]]]}},{"type":"Feature","properties":{"h3":"8726c80deffffff","mii":61,"trt":0.65,"glp1":5.85,"pharmacy":0.0,"gym":0.45,"n":11},"geometry":{"type":"Polygon","coordinates":[[[-96.83786,33.15168],[-96.82803,33.16203],[-96.83398,33.1746],[-96.84975,33.17683],[-96.85958,33.16649],[-96.85363,33.15391],[-96.83786,33.15168]]]}},{"type":"Feature","properties":{"h3":"8726c86d4ffffff","mii":61,"trt":0.5,"glp1":0.0,"pharmacy":0.0,"gym":0.0,"n":1},"geometry":{"type":"Polygon","coordinates":[[[-97.08476,32.83395],[-97.07498,32.84434],[-97.08094,32.85693],[-97.09669,32.85912],[-97.10648,32.84873],[-97.10051,32.83614],[-97.08476,32.83395]]]}},{"type":"Feature","properties":{"h3":"8726c8292ffffff","mii":61,"trt":0.0,"glp1":5.7,"pharmacy":0.0,"gym":0.0,"n":10},"geometry":{"type":"Polygon","coordinates":[[[-96.75664,32.91708],[-96.74683,32.92743],[-96.75275,32.94002],[-96.76848,32.94225],[-96.77829,32.9319],[-96.77237,32.91931],[-96.75664,32.91708]]]}},{"type":"Feature","properties":{"h3":"8726c82b6ffffff","mii":61,"trt":0.0,"glp1":0.0,"pharmacy":0.0,"gym":0.65,"n":1},"geometry":{"type":"Polygon","coordinates":[[[-96.71942,32.994],[-96.7096,33.00434],[-96.71552,33.01693],[-96.73126,33.01917],[-96.74108,33.00882],[-96.73516,32.99624],[-96.71942,32.994]]]}},{"type":"Feature","properties":{"h3":"8726c874dffffff","mii":61,"trt":0.5,"glp1":0.55,"pharmacy":0.0,"gym":0.0,"n":2},"geometry":{"type":"Polygon","coordinates":[[[-96.74497,32.98589],[-96.73516,32.99624],[-96.74108,33.00882],[-96.75682,33.01106],[-96.76663,33.00071],[-96.76071,32.98813],[-96.74497,32.98589]]]}},{"type":"Feature","properties":{"h3":"8726cbd85ffffff","mii":61,"trt":0.0,"glp1":2.4,"pharmacy":0.0,"gym":0.0,"n":4},"geometry":{"type":"Polygon","coordinates":[[[-97.34768,32.70556],[-97.33791,32.71599],[-97.3439,32.72858],[-97.35967,32.73074],[-97.36943,32.7203],[-97.36344,32.70772],[-97.34768,32.70556]]]}},{"type":"Feature","properties":{"h3":"8726cbda0ffffff","mii":60,"trt":0.0,"glp1":1.85,"pharmacy":0.0,"gym":0.0,"n":3},"geometry":{"type":"Polygon","coordinates":[[[-97.34013,32.7516],[-97.33036,32.76202],[-97.33635,32.77461],[-97.35212,32.77677],[-97.36189,32.76634],[-97.3559,32.75376],[-97.34013,32.7516]]]}},{"type":"Feature","properties":{"h3":"8726cbd55ffffff","mii":60,"trt":0.0,"glp1":2.2,"pharmacy":0.0,"gym":0.0,"n":4},"geometry":{"type":"Polygon","coordinates":[[[-97.08981,32.65821],[-97.08004,32.66862],[-97.086,32.68121],[-97.10173,32.6834],[-97.1115,32.67299],[-97.10554,32.6604],[-97.08981,32.65821]]]}},{"type":"Feature","properties":{"h3":"8726c8775ffffff","mii":59,"trt":0.6,"glp1":10.5,"pharmacy":0.0,"gym":0.45,"n":20},"geometry":{"type":"Polygon","coordinates":[[[-96.82391,33.09102],[-96.81409,33.10137],[-96.82003,33.11395],[-96.83579,33.11618],[-96.84562,33.10583],[-96.83967,33.09325],[-96.82391,33.09102]]]}},{"type":"Feature","properties":{"h3":"8726c8762ffffff","mii":59,"trt":0.0,"glp1":7.45,"pharmacy":0.0,"gym":0.65,"n":14},"geometry":{"type":"Polygon","coordinates":[[[-96.80222,33.07621],[-96.7924,33.08656],[-96.79833,33.09914],[-96.81409,33.10137],[-96.82391,33.09102],[-96.81797,33.07844],[-96.80222,33.07621]]]}},{"type":"Feature","properties":{"h3":"8726c80daffffff","mii":59,"trt":0.65,"glp1":1.65,"pharmacy":0.0,"gym":0.0,"n":4},"geometry":{"type":"Polygon","coordinates":[[[-96.84174,33.12876],[-96.83191,33.13911],[-96.83786,33.15168],[-96.85363,33.15391],[-96.86345,33.14357],[-96.8575,33.13099],[-96.84174,33.12876]]]}},{"type":"Feature","properties":{"h3":"8726cbd56ffffff","mii":59,"trt":0.0,"glp1":1.65,"pharmacy":0.0,"gym":0.0,"n":3},"geometry":{"type":"Polygon","coordinates":[[[-97.137,32.66476],[-97.12723,32.67517],[-97.13319,32.68777],[-97.14893,32.68995],[-97.1587,32.67954],[-97.15274,32.66694],[-97.137,32.66476]]]}},{"type":"Feature","properties":{"h3":"8726cbd26ffffff","mii":59,"trt":0.45,"glp1":6.85,"pharmacy":0.0,"gym":0.45,"n":13},"geometry":{"type":"Polygon","coordinates":[[[-97.18311,32.82408],[-97.17332,32.83449],[-97.1793,32.84707],[-97.19506,32.84926],[-97.20485,32.83885],[-97.19887,32.82626],[-97.18311,32.82408]]]}},{"type":"Feature","properties":{"h3":"8726c86e5ffffff","mii":59,"trt":0.6,"glp1":5.85,"pharmacy":0.0,"gym":0.0,"n":11},"geometry":{"type":"Polygon","coordinates":[[[-96.95707,32.87488],[-96.94727,32.88526],[-96.95322,32.89784],[-96.96897,32.90005],[-96.97876,32.88967],[-96.97281,32.87709],[-96.95707,32.87488]]]}},{"type":"Feature","properties":{"h3":"8726c86acffffff","mii":59,"trt":0.0,"glp1":1.1,"pharmacy":0.0,"gym":0.0,"n":2},"geometry":{"type":"Polygon","coordinates":[[[-97.09119,32.94064],[-97.08139,32.95102],[-97.08736,32.96361],[-97.10313,32.9658],[-97.11292,32.95541],[-97.10695,32.94283],[-97.09119,32.94064]]]}},{"type":"Feature","properties":{"h3":"8726c8685ffffff","mii":59,"trt":0.6,"glp1":3.6,"pharmacy":0.95,"gym":0.0,"n":8},"geometry":{"type":"Polygon","coordinates":[[[-97.14231,32.92424],[-97.13252,32.93463],[-97.13849,32.94722],[-97.15426,32.9494],[-97.16406,32.93901],[-97.15808,32.92643],[-97.14231,32.92424]]]}},{"type":"Feature","properties":{"h3":"8726c80dbffffff","mii":59,"trt":0.0,"glp1":0.0,"pharmacy":0.0,"gym":0.9,"n":2},"geometry":{"type":"Polygon","coordinates":[[[-96.82003,33.11395],[-96.81021,33.12429],[-96.81615,33.13687],[-96.83191,33.13911],[-96.84174,33.12876],[-96.83579,33.11618],[-96.82003,33.11395]]]}},{"type":"Feature","properties":{"h3":"8726c82b3ffffff","mii":59,"trt":0.0,"glp1":1.65,"pharmacy":0.0,"gym":0.9,"n":5},"geometry":{"type":"Polygon","coordinates":[[[-96.70167,32.95624],[-96.69186,32.96658],[-96.69777,32.97917],[-96.7135,32.98141],[-96.72332,32.97107],[-96.7174,32.95848],[-96.70167,32.95624]]]}},{"type":"Feature","properties":{"h3":"8726c83b3ffffff","mii":59,"trt":0.65,"glp1":6.05,"pharmacy":0.0,"gym":0.65,"n":12},"geometry":{"type":"Polygon","coordinates":[[[-96.67434,33.11669],[-96.66451,33.12702],[-96.67043,33.1396],[-96.68618,33.14185],[-96.69601,33.13152],[-96.69009,33.11894],[-96.67434,33.11669]]]}},{"type":"Feature","properties":{"h3":"8726cb9a6ffffff","mii":58,"trt":0.0,"glp1":0.0,"pharmacy":0.0,"gym":0.0,"n":0},"geometry":{"type":"Polygon","coordinates":[[[-96.85259,32.77789],[-96.8428,32.78826],[-96.84872,32.80085],[-96.86444,32.80307],[-96.87424,32.7927],[-96.86831,32.7801],[-96.85259,32.77789]]]}},{"type":"Feature","properties":{"h3":"8726c8771ffffff","mii":58,"trt":0.0,"glp1":0.65,"pharmacy":0.0,"gym":0.45,"n":2},"geometry":{"type":"Polygon","coordinates":[[[-96.82779,33.06809],[-96.81797,33.07844],[-96.82391,33.09102],[-96.83967,33.09325],[-96.84949,33.0829],[-96.84355,33.07032],[-96.82779,33.06809]]]}},{"type":"Feature","properties":{"h3":"8726cbd72ffffff","mii":58,"trt":0.0,"glp1":6.65,"pharmacy":0.0,"gym":0.0,"n":11},"geometry":{"type":"Polygon","coordinates":[[[-97.10768,32.69599],[-97.09791,32.7064],[-97.10387,32.71899],[-97.11961,32.72118],[-97.12938,32.71077],[-97.12342,32.69818],[-97.10768,32.69599]]]}},{"type":"Feature","properties":{"h3":"8726cbd09ffffff","mii":58,"trt":0.0,"glp1":0.55,"pharmacy":0.0,"gym":0.0,"n":1},"geometry":{"type":"Polygon","coordinates":[[[-97.13319,32.68777],[-97.12342,32.69818],[-97.12938,32.71077],[-97.14512,32.71296],[-97.15489,32.70254],[-97.14893,32.68995],[-97.13319,32.68777]]]}},{"type":"Feature","properties":{"h3":"8726cbd73ffffff","mii":58,"trt":0.0,"glp1":2.3,"pharmacy":0.0,"gym":0.0,"n":4},"geometry":{"type":"Polygon","coordinates":[[[-97.086,32.68121],[-97.07622,32.69162],[-97.08218,32.70421],[-97.09791,32.7064],[-97.10768,32.69599],[-97.10173,32.6834],[-97.086,32.68121]]]}},{"type":"Feature","properties":{"h3":"8726cbd25ffffff","mii":58,"trt":0.0,"glp1":8.55,"pharmacy":0.0,"gym":0.0,"n":15},"geometry":{"type":"Polygon","coordinates":[[[-97.13584,32.81753],[-97.12605,32.82793],[-97.13202,32.84052],[-97.14778,32.84271],[-97.15757,32.83231],[-97.15159,32.81972],[-97.13584,32.81753]]]}},{"type":"Feature","properties":{"h3":"8726c865dffffff","mii":58,"trt":0.0,"glp1":0.0,"pharmacy":0.0,"gym":0.0,"n":0},"geometry":{"type":"Polygon","coordinates":[[[-96.84486,32.82382],[-96.83506,32.83419],[-96.84099,32.84678],[-96.85671,32.849],[-96.86651,32.83863],[-96.86058,32.82604],[-96.84486,32.82382]]]}},{"type":"Feature","properties":{"h3":"8726c8763ffffff","mii":58,"trt":0.6,"glp1":4.4,"pharmacy":0.0,"gym":0.0,"n":8},"geometry":{"type":"Polygon","coordinates":[[[-96.78053,33.06139],[-96.77071,33.07174],[-96.77664,33.08432],[-96.7924,33.08656],[-96.80222,33.07621],[-96.79628,33.06363],[-96.78053,33.06139]]]}},{"type":"Feature","properties":{"h3":"8726c8632ffffff","mii":57,"trt":1.35,"glp1":3.5,"pharmacy":0.0,"gym":0.45,"n":9},"geometry":{"type":"Polygon","coordinates":[[[-97.05412,33.01771],[-97.04431,33.02809],[-97.05028,33.04067],[-97.06606,33.04287],[-97.07587,33.03249],[-97.06989,33.01992],[-97.05412,33.01771]]]}},{"type":"Feature","properties":{"h3":"8726c8658ffffff","mii":57,"trt":1.55,"glp1":4.15,"pharmacy":0.0,"gym":0.0,"n":10},"geometry":{"type":"Polygon","coordinates":[[[-96.87038,32.81566],[-96.86058,32.82604],[-96.86651,32.83863],[-96.88224,32.84085],[-96.89204,32.83047],[-96.8861,32.81788],[-96.87038,32.81566]]]}},{"type":"Feature","properties":{"h3":"8726c8759ffffff","mii":57,"trt":0.0,"glp1":4.5,"pharmacy":0.0,"gym":0.0,"n":8},"geometry":{"type":"Polygon","coordinates":[[[-96.82162,32.96153],[-96.81181,32.97189],[-96.81774,32.98448],[-96.83349,32.9867],[-96.8433,32.97635],[-96.83736,32.96376],[-96.82162,32.96153]]]}},{"type":"Feature","properties":{"h3":"8726c8661ffffff","mii":57,"trt":0.0,"glp1":7.1,"pharmacy":0.0,"gym":0.0,"n":12},"geometry":{"type":"Polygon","coordinates":[[[-96.78217,32.90895],[-96.77237,32.91931],[-96.77829,32.9319],[-96.79402,32.93413],[-96.80383,32.92377],[-96.7979,32.91119],[-96.78217,32.90895]]]}},{"type":"Feature","properties":{"h3":"8726c8742ffffff","mii":57,"trt":1.8,"glp1":16.7,"pharmacy":0.0,"gym":0.0,"n":31},"geometry":{"type":"Polygon","coordinates":[[[-96.83555,33.02223],[-96.82573,33.03258],[-96.83167,33.04516],[-96.84743,33.04739],[-96.85724,33.03704],[-96.8513,33.02445],[-96.83555,33.02223]]]}},{"type":"Feature","properties":{"h3":"8726c82b4ffffff","mii":57,"trt":0.95,"glp1":0.0,"pharmacy":0.0,"gym":0.45,"n":3},"geometry":{"type":"Polygon","coordinates":[[[-96.69387,33.0021],[-96.68405,33.01244],[-96.68997,33.02502],[-96.7057,33.02727],[-96.71552,33.01693],[-96.7096,33.00434],[-96.69387,33.0021]]]}},{"type":"Feature","properties":{"h3":"8726c82b5ffffff","mii":57,"trt":0.7,"glp1":2.75,"pharmacy":0.0,"gym":0.0,"n":6},"geometry":{"type":"Polygon","coordinates":[[[-96.67222,32.98726],[-96.66241,32.9976],[-96.66832,33.01019],[-96.68405,33.01244],[-96.69387,33.0021],[-96.68795,32.98951],[-96.67222,32.98726]]]}},{"type":"Feature","properties":{"h3":"8726c80d8ffffff","mii":56,"trt":0.0,"glp1":3.4,"pharmacy":0.0,"gym":0.65,"n":7},"geometry":{"type":"Polygon","coordinates":[[[-96.81615,33.13687],[-96.80632,33.14721],[-96.81226,33.15979],[-96.82803,33.16203],[-96.83786,33.15168],[-96.83191,33.13911],[-96.81615,33.13687]]]}},{"type":"Feature","properties":{"h3":"8726c86adffffff","mii":56,"trt":0.0,"glp1":2.3,"pharmacy":0.0,"gym":0.0,"n":4},"geometry":{"type":"Polygon","coordinates":[[[-97.06945,32.92586],[-97.05966,32.93624],[-97.06562,32.94883],[-97.08139,32.95102],[-97.09119,32.94064],[-97.08522,32.92805],[-97.06945,32.92586]]]}},{"type":"Feature","properties":{"h3":"8726c874bffffff","mii":56,"trt":0.6,"glp1":0.55,"pharmacy":0.0,"gym":0.0,"n":2},"geometry":{"type":"Polygon","coordinates":[[[-96.77441,32.95484],[-96.7646,32.96519],[-96.77052,32.97778],[-96.78626,32.98001],[-96.79607,32.96966],[-96.79014,32.95707],[-96.77441,32.95484]]]}},{"type":"Feature","properties":{"h3":"8726c876bffffff","mii":56,"trt":0.0,"glp1":1.1,"pharmacy":0.0,"gym":0.0,"n":2},"geometry":{"type":"Polygon","coordinates":[[[-96.74108,33.00882],[-96.73126,33.01917],[-96.73718,33.03175],[-96.75293,33.03399],[-96.76274,33.02365],[-96.75682,33.01106],[-96.74108,33.00882]]]}},{"type":"Feature","properties":{"h3":"8726c82e0ffffff","mii":56,"trt":1.4,"glp1":7.95,"pharmacy":0.0,"gym":0.45,"n":16},"geometry":{"type":"Polygon","coordinates":[[[-96.47386,32.87656],[-96.46404,32.88689],[-96.46992,32.89948],[-96.48561,32.90175],[-96.49543,32.89142],[-96.48955,32.87883],[-96.47386,32.87656]]]}},{"type":"Feature","properties":{"h3":"8726c8648ffffff","mii":56,"trt":0.6,"glp1":0.0,"pharmacy":0.0,"gym":0.0,"n":1},"geometry":{"type":"Polygon","coordinates":[[[-96.79769,32.81715],[-96.78789,32.82751],[-96.79381,32.8401],[-96.80954,32.84233],[-96.81933,32.83196],[-96.81341,32.81937],[-96.79769,32.81715]]]}},{"type":"Feature","properties":{"h3":"8726cb932ffffff","mii":55,"trt":0.65,"glp1":3.6,"pharmacy":0.0,"gym":0.0,"n":7},"geometry":{"type":"Polygon","coordinates":[[[-96.75054,32.81046],[-96.74075,32.82082],[-96.74666,32.83341],[-96.76238,32.83564],[-96.77218,32.82528],[-96.76626,32.81269],[-96.75054,32.81046]]]}},{"type":"Feature","properties":{"h3":"8726c86a9ffffff","mii":55,"trt":0.0,"glp1":0.0,"pharmacy":0.0,"gym":0.0,"n":0},"geometry":{"type":"Polygon","coordinates":[[[-97.07328,32.90289],[-97.06349,32.91327],[-97.06945,32.92586],[-97.08522,32.92805],[-97.09501,32.91767],[-97.08904,32.90508],[-97.07328,32.90289]]]}},{"type":"Feature","properties":{"h3":"8726cbda3ffffff","mii":55,"trt":5.2,"glp1":31.7,"pharmacy":0.0,"gym":0.0,"n":63},"geometry":{"type":"Polygon","coordinates":[[[-97.3439,32.72858],[-97.33414,32.73901],[-97.34013,32.7516],[-97.3559,32.75376],[-97.36567,32.74333],[-97.35967,32.73074],[-97.3439,32.72858]]]}},{"type":"Feature","properties":{"h3":"8726cbda2ffffff","mii":55,"trt":1.25,"glp1":2.4,"pharmacy":0.0,"gym":0.0,"n":6},"geometry":{"type":"Polygon","coordinates":[[[-97.36567,32.74333],[-97.3559,32.75376],[-97.36189,32.76634],[-97.37766,32.7685],[-97.38743,32.75807],[-97.38143,32.74548],[-97.36567,32.74333]]]}},{"type":"Feature","properties":{"h3":"8726cbdaeffffff","mii":55,"trt":1.25,"glp1":14.5,"pharmacy":0.0,"gym":0.0,"n":26},"geometry":{"type":"Polygon","coordinates":[[[-97.32215,32.71383],[-97.31238,32.72426],[-97.31837,32.73685],[-97.33414,32.73901],[-97.3439,32.72858],[-97.33791,32.71599],[-97.32215,32.71383]]]}},{"type":"Feature","properties":{"h3":"8726cbd98ffffff","mii":55,"trt":3.1,"glp1":16.25,"pharmacy":0.0,"gym":0.0,"n":31},"geometry":{"type":"Polygon","coordinates":[[[-97.40625,32.64293],[-97.39649,32.65337],[-97.40249,32.66597],[-97.41825,32.66811],[-97.42801,32.65767],[-97.42201,32.64508],[-97.40625,32.64293]]]}},{"type":"Feature","properties":{"h3":"8726c86e1ffffff","mii":55,"trt":0.5,"glp1":0.75,"pharmacy":0.35,"gym":0.0,"n":3},"geometry":{"type":"Polygon","coordinates":[[[-96.96092,32.85191],[-96.95112,32.86229],[-96.95707,32.87488],[-96.97281,32.87709],[-96.98261,32.86671],[-96.97666,32.85412],[-96.96092,32.85191]]]}},{"type":"Feature","properties":{"h3":"8726c8766ffffff","mii":54,"trt":0.0,"glp1":10.85,"pharmacy":0.0,"gym":0.0,"n":19},"geometry":{"type":"Polygon","coordinates":[[[-96.79833,33.09914],[-96.78851,33.10948],[-96.79445,33.12206],[-96.81021,33.12429],[-96.82003,33.11395],[-96.81409,33.10137],[-96.79833,33.09914]]]}},{"type":"Feature","properties":{"h3":"8726c8675ffffff","mii":54,"trt":0.0,"glp1":0.0,"pharmacy":0.35,"gym":0.45,"n":2},"geometry":{"type":"Polygon","coordinates":[[[-96.85104,32.93045],[-96.84124,32.94082],[-96.84717,32.9534],[-96.86291,32.95563],[-96.87272,32.94526],[-96.86678,32.93268],[-96.85104,32.93045]]]}},{"type":"Feature","properties":{"h3":"8726cbd84ffffff","mii":54,"trt":0.0,"glp1":3.05,"pharmacy":0.0,"gym":0.0,"n":5},"geometry":{"type":"Polygon","coordinates":[[[-97.36943,32.7203],[-97.35967,32.73074],[-97.36567,32.74333],[-97.38143,32.74548],[-97.3912,32.73505],[-97.3852,32.72246],[-97.36943,32.7203]]]}},{"type":"Feature","properties":{"h3":"8726cb999ffffff","mii":54,"trt":2.4,"glp1":22.55,"pharmacy":0.0,"gym":0.0,"n":43},"geometry":{"type":"Polygon","coordinates":[[[-96.87575,32.64002],[-96.86597,32.6504],[-96.87189,32.663],[-96.8876,32.66522],[-96.89738,32.65483],[-96.89145,32.64223],[-96.87575,32.64002]]]}},{"type":"Feature","properties":{"h3":"8726cbd24ffffff","mii":53,"trt":1.3,"glp1":0.65,"pharmacy":0.0,"gym":0.0,"n":3},"geometry":{"type":"Polygon","coordinates":[[[-97.15757,32.83231],[-97.14778,32.84271],[-97.15375,32.85529],[-97.16952,32.85748],[-97.1793,32.84707],[-97.17332,32.83449],[-97.15757,32.83231]]]}},{"type":"Feature","properties":{"h3":"8726c8662ffffff","mii":53,"trt":0.0,"glp1":2.85,"pharmacy":0.0,"gym":0.45,"n":6},"geometry":{"type":"Polygon","coordinates":[[[-96.82937,32.91564],[-96.81957,32.926],[-96.8255,32.93859],[-96.84124,32.94082],[-96.85104,32.93045],[-96.84511,32.91787],[-96.82937,32.91564]]]}},{"type":"Feature","properties":{"h3":"8726c8666ffffff","mii":53,"trt":0.45,"glp1":4.5,"pharmacy":0.0,"gym":0.0,"n":9},"geometry":{"type":"Polygon","coordinates":[[[-96.8255,32.93859],[-96.81569,32.94895],[-96.82162,32.96153],[-96.83736,32.96376],[-96.84717,32.9534],[-96.84124,32.94082],[-96.8255,32.93859]]]}},{"type":"Feature","properties":{"h3":"8726c8664ffffff","mii":52,"trt":0.0,"glp1":2.3,"pharmacy":0.0,"gym":0.0,"n":4},"geometry":{"type":"Polygon","coordinates":[[[-96.79995,32.94672],[-96.79014,32.95707],[-96.79607,32.96966],[-96.81181,32.97189],[-96.82162,32.96153],[-96.81569,32.94895],[-96.79995,32.94672]]]}},{"type":"Feature","properties":{"h3":"8726c8294ffffff","mii":52,"trt":0.0,"glp1":1.65,"pharmacy":0.0,"gym":0.0,"n":3},"geometry":{"type":"Polygon","coordinates":[[[-96.72721,32.94813],[-96.7174,32.95848],[-96.72332,32.97107],[-96.73905,32.97331],[-96.74886,32.96296],[-96.74294,32.95037],[-96.72721,32.94813]]]}},{"type":"Feature","properties":{"h3":"8726c83b1ffffff","mii":52,"trt":0.0,"glp1":0.0,"pharmacy":0.0,"gym":0.0,"n":0},"geometry":{"type":"Polygon","coordinates":[[[-96.64877,33.12476],[-96.63894,33.13509],[-96.64485,33.14767],[-96.6606,33.14992],[-96.67043,33.1396],[-96.66451,33.12702],[-96.64877,33.12476]]]}},{"type":"Feature","properties":{"h3":"8726c8293ffffff","mii":52,"trt":0.0,"glp1":1.2,"pharmacy":0.0,"gym":0.0,"n":2},"geometry":{"type":"Polygon","coordinates":[[[-96.73499,32.90225],[-96.72519,32.9126],[-96.7311,32.92519],[-96.74683,32.92743],[-96.75664,32.91708],[-96.75072,32.90449],[-96.73499,32.90225]]]}},{"type":"Feature","properties":{"h3":"8726cb8a6ffffff","mii":52,"trt":1.3,"glp1":2.2,"pharmacy":0.0,"gym":0.0,"n":6},"geometry":{"type":"Polygon","coordinates":[[[-96.87961,32.61703],[-96.86983,32.62742],[-96.87575,32.64002],[-96.89145,32.64223],[-96.90123,32.63184],[-96.89531,32.61924],[-96.87961,32.61703]]]}},{"type":"Feature","properties":{"h3":"8726c8608ffffff","mii":51,"trt":0.0,"glp1":3.85,"pharmacy":0.0,"gym":0.0,"n":7},"geometry":{"type":"Polygon","coordinates":[[[-96.94937,32.92081],[-96.93957,32.93118],[-96.94552,32.94376],[-96.96127,32.94598],[-96.97107,32.9356],[-96.96512,32.92302],[-96.94937,32.92081]]]}},{"type":"Feature","properties":{"h3":"8726c8656ffffff","mii":51,"trt":0.0,"glp1":0.0,"pharmacy":0.0,"gym":0.0,"n":0},"geometry":{"type":"Polygon","coordinates":[[[-96.93153,32.88304],[-96.92173,32.89342],[-96.92768,32.90601],[-96.94342,32.90822],[-96.95322,32.89784],[-96.94727,32.88526],[-96.93153,32.88304]]]}},{"type":"Feature","properties":{"h3":"8726c865bffffff","mii":51,"trt":0.0,"glp1":0.0,"pharmacy":0.0,"gym":0.0,"n":0},"geometry":{"type":"Polygon","coordinates":[[[-96.87424,32.7927],[-96.86444,32.80307],[-96.87038,32.81566],[-96.8861,32.81788],[-96.8959,32.8075],[-96.88996,32.79491],[-96.87424,32.7927]]]}},{"type":"Feature","properties":{"h3":"8726c864dffffff","mii":51,"trt":0.0,"glp1":1.1,"pharmacy":0.0,"gym":0.0,"n":2},"geometry":{"type":"Polygon","coordinates":[[[-96.77218,32.82528],[-96.76238,32.83564],[-96.76829,32.84824],[-96.78401,32.85047],[-96.79381,32.8401],[-96.78789,32.82751],[-96.77218,32.82528]]]}},{"type":"Feature","properties":{"h3":"8726cb92dffffff","mii":51,"trt":1.25,"glp1":6.45,"pharmacy":0.0,"gym":0.0,"n":13},"geometry":{"type":"Polygon","coordinates":[[[-96.58763,32.77545],[-96.57783,32.7858],[-96.58372,32.79839],[-96.59941,32.80064],[-96.60921,32.7903],[-96.60332,32.7777],[-96.58763,32.77545]]]}},{"type":"Feature","properties":{"h3":"8726c82b1ffffff","mii":51,"trt":0.0,"glp1":6.25,"pharmacy":0.0,"gym":0.0,"n":11},"geometry":{"type":"Polygon","coordinates":[[[-96.67613,32.96434],[-96.66631,32.97468],[-96.67222,32.98726],[-96.68795,32.98951],[-96.69777,32.97917],[-96.69186,32.96658],[-96.67613,32.96434]]]}},{"type":"Feature","properties":{"h3":"8726c83b0ffffff","mii":51,"trt":0.0,"glp1":4.6,"pharmacy":0.0,"gym":0.45,"n":9},"geometry":{"type":"Polygon","coordinates":[[[-96.67043,33.1396],[-96.6606,33.14992],[-96.66652,33.1625],[-96.68228,33.16475],[-96.69211,33.15443],[-96.68618,33.14185],[-96.67043,33.1396]]]}},{"type":"Feature","properties":{"h3":"8726c82e5ffffff","mii":51,"trt":0.0,"glp1":5.25,"pharmacy":0.0,"gym":0.65,"n":10},"geometry":{"type":"Polygon","coordinates":[[[-96.44835,32.88462],[-96.43853,32.89494],[-96.44441,32.90754],[-96.4601,32.90981],[-96.46992,32.89948],[-96.46404,32.88689],[-96.44835,32.88462]]]}},{"type":"Feature","properties":{"h3":"8726cb99bffffff","mii":51,"trt":1.1,"glp1":1.85,"pharmacy":0.0,"gym":0.0,"n":5},"geometry":{"type":"Polygon","coordinates":[[[-96.90123,32.63184],[-96.89145,32.64223],[-96.89738,32.65483],[-96.91309,32.65704],[-96.92287,32.64664],[-96.91694,32.63405],[-96.90123,32.63184]]]}},{"type":"Feature","properties":{"h3":"8726c86eeffffff","mii":51,"trt":1.85,"glp1":5.7,"pharmacy":0.0,"gym":0.0,"n":13},"geometry":{"type":"Polygon","coordinates":[[[-96.96477,32.82894],[-96.95497,32.83932],[-96.96092,32.85191],[-96.97666,32.85412],[-96.98645,32.84373],[-96.9805,32.83115],[-96.96477,32.82894]]]}},{"type":"Feature","properties":{"h3":"8726c872dffffff","mii":50,"trt":0.6,"glp1":0.65,"pharmacy":0.0,"gym":0.45,"n":3},"geometry":{"type":"Polygon","coordinates":[[[-96.86345,33.14357],[-96.85363,33.15391],[-96.85958,33.16649],[-96.87535,33.16872],[-96.88517,33.15837],[-96.87922,33.1458],[-96.86345,33.14357]]]}},{"type":"Feature","properties":{"h3":"8726cbd29ffffff","mii":50,"trt":0.65,"glp1":4.6,"pharmacy":0.0,"gym":0.65,"n":10},"geometry":{"type":"Polygon","coordinates":[[[-97.10005,32.74199],[-97.09027,32.7524],[-97.09623,32.76499],[-97.11197,32.76717],[-97.12175,32.75677],[-97.11579,32.74418],[-97.10005,32.74199]]]}},{"type":"Feature","properties":{"h3":"8726c8699ffffff","mii":50,"trt":0.6,"glp1":1.2,"pharmacy":0.0,"gym":0.45,"n":4},"geometry":{"type":"Polygon","coordinates":[[[-97.1793,32.84707],[-97.16952,32.85748],[-97.17549,32.87006],[-97.19126,32.87225],[-97.20104,32.86184],[-97.19506,32.84926],[-97.1793,32.84707]]]}},{"type":"Feature","properties":{"h3":"8726c8749ffffff","mii":50,"trt":0.0,"glp1":3.4,"pharmacy":0.0,"gym":0.0,"n":6},"geometry":{"type":"Polygon","coordinates":[[[-96.74886,32.96296],[-96.73905,32.97331],[-96.74497,32.98589],[-96.76071,32.98813],[-96.77052,32.97778],[-96.7646,32.96519],[-96.74886,32.96296]]]}},{"type":"Feature","properties":{"h3":"8726c8755ffffff","mii":50,"trt":0.0,"glp1":0.0,"pharmacy":0.0,"gym":0.0,"n":0},"geometry":{"type":"Polygon","coordinates":[[[-96.85724,33.03704],[-96.84743,33.04739],[-96.85337,33.05997],[-96.86913,33.0622],[-96.87894,33.05184],[-96.873,33.03926],[-96.85724,33.03704]]]}},{"type":"Feature","properties":{"h3":"8726c876effffff","mii":50,"trt":0.65,"glp1":3.3,"pharmacy":0.0,"gym":0.0,"n":7},"geometry":{"type":"Polygon","coordinates":[[[-96.75885,33.04657],[-96.74903,33.05692],[-96.75496,33.0695],[-96.77071,33.07174],[-96.78053,33.06139],[-96.7746,33.04881],[-96.75885,33.04657]]]}},{"type":"Feature","properties":{"h3":"8726c80c8ffffff","mii":49,"trt":0.0,"glp1":0.0,"pharmacy":0.0,"gym":0.45,"n":1},"geometry":{"type":"Polygon","coordinates":[[[-96.74328,33.13826],[-96.73345,33.14859],[-96.73938,33.16117],[-96.75514,33.16341],[-96.76497,33.15308],[-96.75904,33.1405],[-96.74328,33.13826]]]}},{"type":"Feature","properties":{"h3":"8726c83b2ffffff","mii":49,"trt":0.0,"glp1":0.55,"pharmacy":0.0,"gym":0.0,"n":1},"geometry":{"type":"Polygon","coordinates":[[[-96.69601,33.13152],[-96.68618,33.14185],[-96.69211,33.15443],[-96.70786,33.15668],[-96.71769,33.14634],[-96.71177,33.13377],[-96.69601,33.13152]]]}},{"type":"Feature","properties":{"h3":"8726c86d2ffffff","mii":49,"trt":0.0,"glp1":0.0,"pharmacy":0.0,"gym":0.0,"n":0},"geometry":{"type":"Polygon","coordinates":[[[-97.11412,32.80276],[-97.10434,32.81316],[-97.1103,32.82574],[-97.12605,32.82793],[-97.13584,32.81753],[-97.12987,32.80494],[-97.11412,32.80276]]]}},{"type":"Feature","properties":{"h3":"8726c8681ffffff","mii":49,"trt":0.0,"glp1":0.0,"pharmacy":0.0,"gym":0.0,"n":0},"geometry":{"type":"Polygon","coordinates":[[[-97.14613,32.90126],[-97.13633,32.91166],[-97.14231,32.92424],[-97.15808,32.92643],[-97.16787,32.91603],[-97.16189,32.90345],[-97.14613,32.90126]]]}},{"type":"Feature","properties":{"h3":"8726c8663ffffff","mii":49,"trt":0.6,"glp1":1.65,"pharmacy":0.0,"gym":0.45,"n":5},"geometry":{"type":"Polygon","coordinates":[[[-96.80771,32.90083],[-96.7979,32.91119],[-96.80383,32.92377],[-96.81957,32.926],[-96.82937,32.91564],[-96.82344,32.90305],[-96.80771,32.90083]]]}},{"type":"Feature","properties":{"h3":"8726c8386ffffff","mii":49,"trt":1.3,"glp1":4.05,"pharmacy":0.0,"gym":0.0,"n":9},"geometry":{"type":"Polygon","coordinates":[[[-96.65268,33.10185],[-96.64285,33.11218],[-96.64877,33.12476],[-96.66451,33.12702],[-96.67434,33.11669],[-96.66843,33.10411],[-96.65268,33.10185]]]}},{"type":"Feature","properties":{"h3":"8726cbd9effffff","mii":49,"trt":1.3,"glp1":2.3,"pharmacy":0.0,"gym":0.0,"n":6},"geometry":{"type":"Polygon","coordinates":[[[-97.42801,32.65767],[-97.41825,32.66811],[-97.42425,32.6807],[-97.44002,32.68285],[-97.44977,32.67241],[-97.44377,32.65982],[-97.42801,32.65767]]]}},{"type":"Feature","properties":{"h3":"8726ca84cffffff","mii":48,"trt":1.35,"glp1":7.65,"pharmacy":0.0,"gym":0.45,"n":16},"geometry":{"type":"Polygon","coordinates":[[[-97.58259,33.19606],[-97.57279,33.20647],[-97.57884,33.21904],[-97.5947,33.22118],[-97.6045,33.21076],[-97.59844,33.1982],[-97.58259,33.19606]]]}},{"type":"Feature","properties":{"h3":"8726cb92cffffff","mii":48,"trt":0.0,"glp1":8.4,"pharmacy":0.0,"gym":0.45,"n":15},"geometry":{"type":"Polygon","coordinates":[[[-96.60921,32.7903],[-96.59941,32.80064],[-96.6053,32.81324],[-96.621,32.81549],[-96.6308,32.80514],[-96.62491,32.79254],[-96.60921,32.7903]]]}},{"type":"Feature","properties":{"h3":"8726c8296ffffff","mii":48,"trt":0.0,"glp1":2.3,"pharmacy":0.0,"gym":1.1,"n":6},"geometry":{"type":"Polygon","coordinates":[[[-96.75275,32.94002],[-96.74294,32.95037],[-96.74886,32.96296],[-96.7646,32.96519],[-96.77441,32.95484],[-96.76848,32.94225],[-96.75275,32.94002]]]}},{"type":"Feature","properties":{"h3":"8726c80d9ffffff","mii":48,"trt":0.0,"glp1":3.95,"pharmacy":0.0,"gym":0.45,"n":8},"geometry":{"type":"Polygon","coordinates":[[[-96.79445,33.12206],[-96.78462,33.1324],[-96.79056,33.14498],[-96.80632,33.14721],[-96.81615,33.13687],[-96.81021,33.12429],[-96.79445,33.12206]]]}},{"type":"Feature","properties":{"h3":"8726c8751ffffff","mii":48,"trt":1.2,"glp1":3.55,"pharmacy":0.0,"gym":0.0,"n":8},"geometry":{"type":"Polygon","coordinates":[[[-96.86111,33.0141],[-96.8513,33.02445],[-96.85724,33.03704],[-96.873,33.03926],[-96.88281,33.0289],[-96.87687,33.01632],[-96.86111,33.0141]]]}},{"type":"Feature","properties":{"h3":"8726c864cffffff","mii":47,"trt":0.45,"glp1":5.3,"pharmacy":0.0,"gym":0.0,"n":10},"geometry":{"type":"Polygon","coordinates":[[[-96.79381,32.8401],[-96.78401,32.85047],[-96.78994,32.86306],[-96.80566,32.86528],[-96.81546,32.85492],[-96.80954,32.84233],[-96.79381,32.8401]]]}},{"type":"Feature","properties":{"h3":"8726c8283ffffff","mii":47,"trt":1.75,"glp1":6.7,"pharmacy":0.0,"gym":0.0,"n":15},"geometry":{"type":"Polygon","coordinates":[[[-96.66231,32.90364],[-96.6525,32.91398],[-96.6584,32.92657],[-96.67412,32.92882],[-96.68393,32.91847],[-96.67802,32.90588],[-96.66231,32.90364]]]}},{"type":"Feature","properties":{"h3":"8726c875bffffff","mii":47,"trt":1.6,"glp1":0.0,"pharmacy":0.0,"gym":0.0,"n":3},"geometry":{"type":"Polygon","coordinates":[[[-96.84717,32.9534],[-96.83736,32.96376],[-96.8433,32.97635],[-96.85904,32.97857],[-96.86885,32.96821],[-96.86291,32.95563],[-96.84717,32.9534]]]}},{"type":"Feature","properties":{"h3":"8726c86d0ffffff","mii":46,"trt":0.0,"glp1":0.0,"pharmacy":0.0,"gym":0.0,"n":0},"geometry":{"type":"Polygon","coordinates":[[[-97.08859,32.81097],[-97.0788,32.82136],[-97.08476,32.83395],[-97.10051,32.83614],[-97.1103,32.82574],[-97.10434,32.81316],[-97.08859,32.81097]]]}},{"type":"Feature","properties":{"h3":"8726c878dffffff","mii":46,"trt":0.0,"glp1":8.3,"pharmacy":0.0,"gym":0.0,"n":14},"geometry":{"type":"Polygon","coordinates":[[[-97.07587,33.03249],[-97.06606,33.04287],[-97.07203,33.05545],[-97.08781,33.05765],[-97.09762,33.04727],[-97.09164,33.03469],[-97.07587,33.03249]]]}},{"type":"Feature","properties":{"h3":"8726c8660ffffff","mii":46,"trt":0.45,"glp1":0.55,"pharmacy":0.0,"gym":0.0,"n":2},"geometry":{"type":"Polygon","coordinates":[[[-96.80383,32.92377],[-96.79402,32.93413],[-96.79995,32.94672],[-96.81569,32.94895],[-96.8255,32.93859],[-96.81957,32.926],[-96.80383,32.92377]]]}},{"type":"Feature","properties":{"h3":"8726c8752ffffff","mii":46,"trt":0.0,"glp1":1.65,"pharmacy":0.0,"gym":0.65,"n":4},"geometry":{"type":"Polygon","coordinates":[[[-96.90838,33.02077],[-96.89857,33.03113],[-96.90452,33.04371],[-96.92028,33.04593],[-96.93009,33.03557],[-96.92414,33.02298],[-96.90838,33.02077]]]}},{"type":"Feature","properties":{"h3":"8726c8753ffffff","mii":46,"trt":0.45,"glp1":5.15,"pharmacy":0.0,"gym":0.0,"n":10},"geometry":{"type":"Polygon","coordinates":[[[-96.88668,33.00596],[-96.87687,33.01632],[-96.88281,33.0289],[-96.89857,33.03113],[-96.90838,33.02077],[-96.90243,33.00818],[-96.88668,33.00596]]]}},{"type":"Feature","properties":{"h3":"8726cbd9cffffff","mii":46,"trt":0.0,"glp1":1.1,"pharmacy":0.0,"gym":0.0,"n":2},"geometry":{"type":"Polygon","coordinates":[[[-97.40249,32.66597],[-97.39273,32.67641],[-97.39873,32.689],[-97.41449,32.69115],[-97.42425,32.6807],[-97.41825,32.66811],[-97.40249,32.66597]]]}},{"type":"Feature","properties":{"h3":"8726c80edffffff","mii":46,"trt":1.95,"glp1":3.95,"pharmacy":0.0,"gym":0.0,"n":10},"geometry":{"type":"Polygon","coordinates":[[[-96.68429,33.20023],[-96.67445,33.21056],[-96.68038,33.22313],[-96.69614,33.22539],[-96.70598,33.21506],[-96.70005,33.20249],[-96.68429,33.20023]]]}},{"type":"Feature","properties":{"h3":"8726cb933ffffff","mii":45,"trt":0.0,"glp1":0.0,"pharmacy":0.0,"gym":1.55,"n":3},"geometry":{"type":"Polygon","coordinates":[[[-96.72892,32.79563],[-96.71912,32.80599],[-96.72503,32.81858],[-96.74075,32.82082],[-96.75054,32.81046],[-96.74463,32.79786],[-96.72892,32.79563]]]}},{"type":"Feature","properties":{"h3":"8726c80c9ffffff","mii":45,"trt":0.0,"glp1":2.85,"pharmacy":0.0,"gym":0.0,"n":5},"geometry":{"type":"Polygon","coordinates":[[[-96.72159,33.12343],[-96.71177,33.13377],[-96.71769,33.14634],[-96.73345,33.14859],[-96.74328,33.13826],[-96.73735,33.12568],[-96.72159,33.12343]]]}},{"type":"Feature","properties":{"h3":"8726c869bffffff","mii":45,"trt":0.0,"glp1":0.55,"pharmacy":0.0,"gym":0.0,"n":1},"geometry":{"type":"Polygon","coordinates":[[[-97.20485,32.83885],[-97.19506,32.84926],[-97.20104,32.86184],[-97.21681,32.86402],[-97.2266,32.85361],[-97.22061,32.84103],[-97.20485,32.83885]]]}},{"type":"Feature","properties":{"h3":"8726c86e4ffffff","mii":45,"trt":0.0,"glp1":0.0,"pharmacy":0.0,"gym":0.0,"n":0},"geometry":{"type":"Polygon","coordinates":[[[-96.97876,32.88967],[-96.96897,32.90005],[-96.97492,32.91264],[-96.99067,32.91485],[-97.00047,32.90447],[-96.99451,32.89188],[-96.97876,32.88967]]]}},{"type":"Feature","properties":{"h3":"8726c8609ffffff","mii":45,"trt":0.6,"glp1":1.1,"pharmacy":0.0,"gym":0.0,"n":3},"geometry":{"type":"Polygon","coordinates":[[[-96.92768,32.90601],[-96.91788,32.91638],[-96.92382,32.92896],[-96.93957,32.93118],[-96.94937,32.92081],[-96.94342,32.90822],[-96.92768,32.90601]]]}},{"type":"Feature","properties":{"h3":"8726c8636ffffff","mii":45,"trt":0.0,"glp1":1.1,"pharmacy":0.0,"gym":0.0,"n":2},"geometry":{"type":"Polygon","coordinates":[[[-97.05028,33.04067],[-97.04048,33.05105],[-97.04644,33.06362],[-97.06222,33.06583],[-97.07203,33.05545],[-97.06606,33.04287],[-97.05028,33.04067]]]}},{"type":"Feature","properties":{"h3":"8726c845cffffff","mii":45,"trt":0.0,"glp1":5.25,"pharmacy":0.0,"gym":0.0,"n":9},"geometry":{"type":"Polygon","coordinates":[[[-97.14382,33.20634],[-97.134,33.21671],[-97.13999,33.22928],[-97.1558,33.23148],[-97.16562,33.2211],[-97.15963,33.20853],[-97.14382,33.20634]]]}},{"type":"Feature","properties":{"h3":"8726c8774ffffff","mii":45,"trt":0.0,"glp1":1.2,"pharmacy":0.0,"gym":0.0,"n":2},"geometry":{"type":"Polygon","coordinates":[[[-96.84562,33.10583],[-96.83579,33.11618],[-96.84174,33.12876],[-96.8575,33.13099],[-96.86733,33.12064],[-96.86138,33.10806],[-96.84562,33.10583]]]}},{"type":"Feature","properties":{"h3":"8726c8395ffffff","mii":45,"trt":0.0,"glp1":5.6,"pharmacy":0.0,"gym":0.0,"n":10},"geometry":{"type":"Polygon","coordinates":[[[-96.67825,33.09378],[-96.66843,33.10411],[-96.67434,33.11669],[-96.69009,33.11894],[-96.69992,33.10861],[-96.694,33.09602],[-96.67825,33.09378]]]}},{"type":"Feature","properties":{"h3":"8726cb8a4ffffff","mii":45,"trt":0.0,"glp1":0.0,"pharmacy":0.0,"gym":0.0,"n":0},"geometry":{"type":"Polygon","coordinates":[[[-96.85413,32.6252],[-96.84435,32.63559],[-96.85027,32.64819],[-96.86597,32.6504],[-96.87575,32.64002],[-96.86983,32.62742],[-96.85413,32.6252]]]}},{"type":"Feature","properties":{"h3":"8726c86ecffffff","mii":45,"trt":0.0,"glp1":2.85,"pharmacy":0.0,"gym":0.0,"n":5},"geometry":{"type":"Polygon","coordinates":[[[-96.93924,32.83711],[-96.92944,32.84749],[-96.93538,32.86008],[-96.95112,32.86229],[-96.96092,32.85191],[-96.95497,32.83932],[-96.93924,32.83711]]]}},{"type":"Feature","properties":{"h3":"8726c80cdffffff","mii":44,"trt":0.0,"glp1":1.65,"pharmacy":0.0,"gym":1.1,"n":5},"geometry":{"type":"Polygon","coordinates":[[[-96.71769,33.14634],[-96.70786,33.15668],[-96.71379,33.16925],[-96.72955,33.1715],[-96.73938,33.16117],[-96.73345,33.14859],[-96.71769,33.14634]]]}},{"type":"Feature","properties":{"h3":"8726c860affffff","mii":44,"trt":0.0,"glp1":3.4,"pharmacy":0.0,"gym":0.0,"n":6},"geometry":{"type":"Polygon","coordinates":[[[-96.97492,32.91264],[-96.96512,32.92302],[-96.97107,32.9356],[-96.98682,32.93781],[-96.99662,32.92743],[-96.99067,32.91485],[-96.97492,32.91264]]]}},{"type":"Feature","properties":{"h3":"8726cb9a3ffffff","mii":44,"trt":0.0,"glp1":5.05,"pharmacy":0.0,"gym":0.0,"n":9},"geometry":{"type":"Polygon","coordinates":[[[-96.83481,32.7401],[-96.82502,32.75048],[-96.83095,32.76307],[-96.84666,32.76529],[-96.85645,32.75492],[-96.85053,32.74232],[-96.83481,32.7401]]]}},{"type":"Feature","properties":{"h3":"8726c82e1ffffff","mii":44,"trt":0.0,"glp1":0.0,"pharmacy":0.0,"gym":0.0,"n":0},"geometry":{"type":"Polygon","coordinates":[[[-96.45229,32.8617],[-96.44248,32.87202],[-96.44835,32.88462],[-96.46404,32.88689],[-96.47386,32.87656],[-96.46798,32.86397],[-96.45229,32.8617]]]}},{"type":"Feature","properties":{"h3":"8726c862cffffff","mii":44,"trt":0.45,"glp1":1.85,"pharmacy":0.0,"gym":0.0,"n":4},"geometry":{"type":"Polygon","coordinates":[[[-96.91224,32.99782],[-96.90243,33.00818],[-96.90838,33.02077],[-96.92414,33.02298],[-96.93395,33.01262],[-96.928,33.00004],[-96.91224,32.99782]]]}},{"type":"Feature","properties":{"h3":"8726cb998ffffff","mii":44,"trt":0.0,"glp1":0.55,"pharmacy":0.0,"gym":0.0,"n":1},"geometry":{"type":"Polygon","coordinates":[[[-96.89738,32.65483],[-96.8876,32.66522],[-96.89353,32.67781],[-96.90924,32.68002],[-96.91902,32.66963],[-96.91309,32.65704],[-96.89738,32.65483]]]}},{"type":"Feature","properties":{"h3":"8726cbd5affffff","mii":44,"trt":1.85,"glp1":6.65,"pharmacy":0.0,"gym":0.0,"n":14},"geometry":{"type":"Polygon","coordinates":[[[-97.10126,32.58918],[-97.09149,32.5996],[-97.09745,32.61219],[-97.11317,32.61438],[-97.12293,32.60396],[-97.11698,32.59136],[-97.10126,32.58918]]]}},{"type":"Feature","properties":{"h3":"8726cbd9affffff","mii":44,"trt":0.0,"glp1":0.55,"pharmacy":0.0,"gym":0.0,"n":1},"geometry":{"type":"Polygon","coordinates":[[[-97.43176,32.63463],[-97.42201,32.64508],[-97.42801,32.65767],[-97.44377,32.65982],[-97.45353,32.64937],[-97.44752,32.63678],[-97.43176,32.63463]]]}},{"type":"Feature","properties":{"h3":"8726c8652ffffff","mii":44,"trt":1.2,"glp1":5.05,"pharmacy":0.0,"gym":0.0,"n":11},"geometry":{"type":"Polygon","coordinates":[[[-96.93538,32.86008],[-96.92559,32.87046],[-96.93153,32.88304],[-96.94727,32.88526],[-96.95707,32.87488],[-96.95112,32.86229],[-96.93538,32.86008]]]}},{"type":"Feature","properties":{"h3":"8726c86e3ffffff","mii":44,"trt":0.6,"glp1":2.75,"pharmacy":0.0,"gym":0.0,"n":6},"geometry":{"type":"Polygon","coordinates":[[[-96.98645,32.84373],[-96.97666,32.85412],[-96.98261,32.86671],[-96.99835,32.86891],[-97.00815,32.85853],[-97.0022,32.84594],[-96.98645,32.84373]]]}},{"type":"Feature","properties":{"h3":"8726c80d3ffffff","mii":43,"trt":0.0,"glp1":0.55,"pharmacy":0.0,"gym":0.0,"n":1},"geometry":{"type":"Polygon","coordinates":[[[-96.85958,33.16649],[-96.84975,33.17683],[-96.8557,33.18941],[-96.87147,33.19164],[-96.8813,33.18129],[-96.87535,33.16872],[-96.85958,33.16649]]]}},{"type":"Feature","properties":{"h3":"8726caa65ffffff","mii":43,"trt":0.0,"glp1":2.3,"pharmacy":0.0,"gym":0.0,"n":4},"geometry":{"type":"Polygon","coordinates":[[[-97.2881,32.92088],[-97.27831,32.93129],[-97.28431,32.94387],[-97.3001,32.94604],[-97.30988,32.93563],[-97.30388,32.92305],[-97.2881,32.92088]]]}},{"type":"Feature","properties":{"h3":"8726c8688ffffff","mii":43,"trt":0.0,"glp1":0.0,"pharmacy":0.0,"gym":0.0,"n":0},"geometry":{"type":"Polygon","coordinates":[[[-97.12821,32.86351],[-97.11842,32.8739],[-97.12439,32.88649],[-97.14015,32.88868],[-97.14994,32.87828],[-97.14397,32.86569],[-97.12821,32.86351]]]}},{"type":"Feature","properties":{"h3":"8726cbd35ffffff","mii":43,"trt":0.0,"glp1":8.2,"pharmacy":0.0,"gym":0.45,"n":15},"geometry":{"type":"Polygon","coordinates":[[[-97.20865,32.81585],[-97.19887,32.82626],[-97.20485,32.83885],[-97.22061,32.84103],[-97.23039,32.83062],[-97.22441,32.81803],[-97.20865,32.81585]]]}},{"type":"Feature","properties":{"h3":"8726c8633ffffff","mii":43,"trt":0.0,"glp1":1.1,"pharmacy":0.0,"gym":0.45,"n":3},"geometry":{"type":"Polygon","coordinates":[[[-97.03238,33.00293],[-97.02258,33.01331],[-97.02854,33.02589],[-97.04431,33.02809],[-97.05412,33.01771],[-97.04815,33.00513],[-97.03238,33.00293]]]}},{"type":"Feature","properties":{"h3":"8726cb928ffffff","mii":43,"trt":0.0,"glp1":0.0,"pharmacy":0.0,"gym":0.0,"n":0},"geometry":{"type":"Polygon","coordinates":[[[-96.61312,32.76735],[-96.60332,32.7777],[-96.60921,32.7903],[-96.62491,32.79254],[-96.63471,32.78219],[-96.62881,32.7696],[-96.61312,32.76735]]]}},{"type":"Feature","properties":{"h3":"8726c82e4ffffff","mii":43,"trt":0.0,"glp1":0.0,"pharmacy":0.0,"gym":0.0,"n":0},"geometry":{"type":"Polygon","coordinates":[[[-96.46992,32.89948],[-96.4601,32.90981],[-96.46598,32.9224],[-96.48168,32.92467],[-96.4915,32.91434],[-96.48561,32.90175],[-96.46992,32.89948]]]}},{"type":"Feature","properties":{"h3":"8726c875cffffff","mii":43,"trt":0.0,"glp1":0.55,"pharmacy":0.0,"gym":0.0,"n":1},"geometry":{"type":"Polygon","coordinates":[[[-96.83942,32.99929],[-96.82961,33.00964],[-96.83555,33.02223],[-96.8513,33.02445],[-96.86111,33.0141],[-96.85517,33.00151],[-96.83942,32.99929]]]}},{"type":"Feature","properties":{"h3":"8726c80dcffffff","mii":42,"trt":0.0,"glp1":0.0,"pharmacy":0.0,"gym":0.0,"n":0},"geometry":{"type":"Polygon","coordinates":[[[-96.81226,33.15979],[-96.80244,33.17013],[-96.80838,33.18271],[-96.82415,33.18494],[-96.83398,33.1746],[-96.82803,33.16203],[-96.81226,33.15979]]]}},{"type":"Feature","properties":{"h3":"8726cbd76ffffff","mii":42,"trt":0.0,"glp1":2.4,"pharmacy":0.0,"gym":0.0,"n":4},"geometry":{"type":"Polygon","coordinates":[[[-97.10387,32.71899],[-97.09409,32.7294],[-97.10005,32.74199],[-97.11579,32.74418],[-97.12557,32.73377],[-97.11961,32.72118],[-97.10387,32.71899]]]}},{"type":"Feature","properties":{"h3":"8726c8630ffffff","mii":42,"trt":0.0,"glp1":1.1,"pharmacy":0.0,"gym":0.0,"n":2},"geometry":{"type":"Polygon","coordinates":[[[-97.02854,33.02589],[-97.01874,33.03626],[-97.0247,33.04884],[-97.04048,33.05105],[-97.05028,33.04067],[-97.04431,33.02809],[-97.02854,33.02589]]]}},{"type":"Feature","properties":{"h3":"8726cb9acffffff","mii":42,"trt":0.0,"glp1":0.55,"pharmacy":0.0,"gym":0.0,"n":1},"geometry":{"type":"Polygon","coordinates":[[[-96.78769,32.73343],[-96.7779,32.7438],[-96.78381,32.7564],[-96.79952,32.75863],[-96.80931,32.74825],[-96.80339,32.73566],[-96.78769,32.73343]]]}},{"type":"Feature","properties":{"h3":"8726c828effffff","mii":42,"trt":0.0,"glp1":0.0,"pharmacy":0.0,"gym":0.0,"n":0},"geometry":{"type":"Polygon","coordinates":[[[-96.64069,32.8888],[-96.63088,32.89914],[-96.63678,32.91173],[-96.6525,32.91398],[-96.66231,32.90364],[-96.6564,32.89105],[-96.64069,32.8888]]]}},{"type":"Feature","properties":{"h3":"8726c8665ffffff","mii":42,"trt":0.0,"glp1":0.0,"pharmacy":0.0,"gym":0.0,"n":0},"geometry":{"type":"Polygon","coordinates":[[[-96.77829,32.9319],[-96.76848,32.94225],[-96.77441,32.95484],[-96.79014,32.95707],[-96.79995,32.94672],[-96.79402,32.93413],[-96.77829,32.9319]]]}},{"type":"Feature","properties":{"h3":"8726c8290ffffff","mii":42,"trt":0.0,"glp1":2.55,"pharmacy":0.0,"gym":0.0,"n":4},"geometry":{"type":"Polygon","coordinates":[[[-96.7311,32.92519],[-96.72129,32.93554],[-96.72721,32.94813],[-96.74294,32.95037],[-96.75275,32.94002],[-96.74683,32.92743],[-96.7311,32.92519]]]}},{"type":"Feature","properties":{"h3":"8726c8769ffffff","mii":42,"trt":0.0,"glp1":1.65,"pharmacy":0.0,"gym":0.0,"n":3},"geometry":{"type":"Polygon","coordinates":[[[-96.71552,33.01693],[-96.7057,33.02727],[-96.71162,33.03985],[-96.72737,33.04209],[-96.73718,33.03175],[-96.73126,33.01917],[-96.71552,33.01693]]]}},{"type":"Feature","properties":{"h3":"8726c8621ffffff","mii":42,"trt":0.65,"glp1":4.4,"pharmacy":0.0,"gym":0.0,"n":9},"geometry":{"type":"Polygon","coordinates":[[[-96.93395,33.01262],[-96.92414,33.02298],[-96.93009,33.03557],[-96.94585,33.03778],[-96.95566,33.02742],[-96.94971,33.01484],[-96.93395,33.01262]]]}},{"type":"Feature","properties":{"h3":"8726c86a3ffffff","mii":42,"trt":0.0,"glp1":1.1,"pharmacy":0.0,"gym":0.0,"n":2},"geometry":{"type":"Polygon","coordinates":[[[-97.13849,32.94722],[-97.1287,32.95761],[-97.13467,32.97019],[-97.15045,32.97238],[-97.16024,32.96199],[-97.15426,32.9494],[-97.13849,32.94722]]]}},{"type":"Feature","properties":{"h3":"8726cbdaaffffff","mii":42,"trt":0.0,"glp1":0.55,"pharmacy":0.0,"gym":0.0,"n":1},"geometry":{"type":"Polygon","coordinates":[[[-97.32593,32.69081],[-97.31616,32.70124],[-97.32215,32.71383],[-97.33791,32.71599],[-97.34768,32.70556],[-97.34168,32.69297],[-97.32593,32.69081]]]}},{"type":"Feature","properties":{"h3":"8726cbc74ffffff","mii":42,"trt":0.0,"glp1":6.9,"pharmacy":0.0,"gym":0.0,"n":12},"geometry":{"type":"Polygon","coordinates":[[[-97.10507,32.56617],[-97.09531,32.57658],[-97.10126,32.58918],[-97.11698,32.59136],[-97.12674,32.58095],[-97.12079,32.56835],[-97.10507,32.56617]]]}},{"type":"Feature","properties":{"h3":"8726c80ebffffff","mii":41,"trt":0.0,"glp1":6.95,"pharmacy":0.0,"gym":0.0,"n":12},"geometry":{"type":"Polygon","coordinates":[[[-96.71379,33.16925],[-96.70396,33.17958],[-96.70989,33.19216],[-96.72565,33.19441],[-96.73548,33.18408],[-96.72955,33.1715],[-96.71379,33.16925]]]}},{"type":"Feature","properties":{"h3":"8726c80ccffffff","mii":41,"trt":0.0,"glp1":0.0,"pharmacy":0.0,"gym":0.65,"n":1},"geometry":{"type":"Polygon","coordinates":[[[-96.73938,33.16117],[-96.72955,33.1715],[-96.73548,33.18408],[-96.75124,33.18632],[-96.76107,33.17599],[-96.75514,33.16341],[-96.73938,33.16117]]]}},{"type":"Feature","properties":{"h3":"8726c80cbffffff","mii":41,"trt":1.2,"glp1":3.85,"pharmacy":0.0,"gym":0.0,"n":9},"geometry":{"type":"Polygon","coordinates":[[[-96.74717,33.11534],[-96.73735,33.12568],[-96.74328,33.13826],[-96.75904,33.1405],[-96.76886,33.13016],[-96.76293,33.11758],[-96.74717,33.11534]]]}},{"type":"Feature","properties":{"h3":"8726c868cffffff","mii":41,"trt":0.0,"glp1":0.55,"pharmacy":0.0,"gym":0.0,"n":1},"geometry":{"type":"Polygon","coordinates":[[[-97.12439,32.88649],[-97.1146,32.89688],[-97.12057,32.90947],[-97.13633,32.91166],[-97.14613,32.90126],[-97.14015,32.88868],[-97.12439,32.88649]]]}},{"type":"Feature","properties":{"h3":"8726c8614ffffff","mii":41,"trt":0.0,"glp1":0.55,"pharmacy":0.0,"gym":0.45,"n":2},"geometry":{"type":"Polygon","coordinates":[[[-97.05796,32.99475],[-97.04815,33.00513],[-97.05412,33.01771],[-97.06989,33.01992],[-97.0797,33.00954],[-97.07373,32.99696],[-97.05796,32.99475]]]}},{"type":"Feature","properties":{"h3":"8726c8443ffffff","mii":41,"trt":0.0,"glp1":2.85,"pharmacy":0.0,"gym":0.45,"n":6},"geometry":{"type":"Polygon","coordinates":[[[-97.11819,33.21451],[-97.10837,33.22488],[-97.11436,33.23745],[-97.13017,33.23965],[-97.13999,33.22928],[-97.134,33.21671],[-97.11819,33.21451]]]}},{"type":"Feature","properties":{"h3":"8726c8281ffffff","mii":41,"trt":0.0,"glp1":0.0,"pharmacy":0.0,"gym":0.65,"n":1},"geometry":{"type":"Polygon","coordinates":[[[-96.63678,32.91173],[-96.62697,32.92207],[-96.63287,32.93466],[-96.64859,32.93691],[-96.6584,32.92657],[-96.6525,32.91398],[-96.63678,32.91173]]]}},{"type":"Feature","properties":{"h3":"8726c83b5ffffff","mii":41,"trt":1.2,"glp1":2.3,"pharmacy":0.0,"gym":0.0,"n":6},"geometry":{"type":"Polygon","coordinates":[[[-96.64485,33.14767],[-96.63502,33.15799],[-96.64094,33.17057],[-96.65669,33.17283],[-96.66652,33.1625],[-96.6606,33.14992],[-96.64485,33.14767]]]}},{"type":"Feature","properties":{"h3":"8726cbd8cffffff","mii":40,"trt":0.45,"glp1":1.1,"pharmacy":0.0,"gym":0.0,"n":3},"geometry":{"type":"Polygon","coordinates":[[[-97.3297,32.66779],[-97.31994,32.67822],[-97.32593,32.69081],[-97.34168,32.69297],[-97.35145,32.68253],[-97.34546,32.66994],[-97.3297,32.66779]]]}},{"type":"Feature","properties":{"h3":"8726c8692ffffff","mii":40,"trt":0.0,"glp1":0.0,"pharmacy":0.0,"gym":0.0,"n":0},"geometry":{"type":"Polygon","coordinates":[[[-97.26632,32.90612],[-97.25654,32.91653],[-97.26253,32.92911],[-97.27831,32.93129],[-97.2881,32.92088],[-97.2821,32.90829],[-97.26632,32.90612]]]}},{"type":"Feature","properties":{"h3":"8726c839bffffff","mii":40,"trt":0.0,"glp1":0.65,"pharmacy":0.0,"gym":0.0,"n":1},"geometry":{"type":"Polygon","coordinates":[[[-96.66832,33.01019],[-96.6585,33.02053],[-96.66441,33.03311],[-96.68015,33.03536],[-96.68997,33.02502],[-96.68405,33.01244],[-96.66832,33.01019]]]}},{"type":"Feature","properties":{"h3":"8726c8764ffffff","mii":40,"trt":0.0,"glp1":4.0,"pharmacy":0.0,"gym":0.0,"n":7},"geometry":{"type":"Polygon","coordinates":[[[-96.77275,33.10724],[-96.76293,33.11758],[-96.76886,33.13016],[-96.78462,33.1324],[-96.79445,33.12206],[-96.78851,33.10948],[-96.77275,33.10724]]]}},{"type":"Feature","properties":{"h3":"8726c8282ffffff","mii":40,"trt":0.0,"glp1":0.0,"pharmacy":0.0,"gym":0.0,"n":0},"geometry":{"type":"Polygon","coordinates":[[[-96.68393,32.91847],[-96.67412,32.92882],[-96.68003,32.94141],[-96.69576,32.94365],[-96.70557,32.9333],[-96.69965,32.92071],[-96.68393,32.91847]]]}},{"type":"Feature","properties":{"h3":"8726c8750ffffff","mii":40,"trt":0.0,"glp1":1.75,"pharmacy":0.0,"gym":0.0,"n":3},"geometry":{"type":"Polygon","coordinates":[[[-96.88281,33.0289],[-96.873,33.03926],[-96.87894,33.05184],[-96.8947,33.05407],[-96.90452,33.04371],[-96.89857,33.03113],[-96.88281,33.0289]]]}},{"type":"Feature","properties":{"h3":"8726c864effffff","mii":40,"trt":0.0,"glp1":1.25,"pharmacy":0.0,"gym":0.0,"n":2},"geometry":{"type":"Polygon","coordinates":[[[-96.81933,32.83196],[-96.80954,32.84233],[-96.81546,32.85492],[-96.83119,32.85715],[-96.84099,32.84678],[-96.83506,32.83419],[-96.81933,32.83196]]]}},{"type":"Feature","properties":{"h3":"8726cbd9bffffff","mii":40,"trt":0.0,"glp1":1.1,"pharmacy":0.0,"gym":0.0,"n":2},"geometry":{"type":"Polygon","coordinates":[[[-97.41001,32.61989],[-97.40025,32.63034],[-97.40625,32.64293],[-97.42201,32.64508],[-97.43176,32.63463],[-97.42576,32.62204],[-97.41001,32.61989]]]}},{"type":"Feature","properties":{"h3":"8726cbd99ffffff","mii":40,"trt":0.0,"glp1":0.55,"pharmacy":0.0,"gym":0.0,"n":1},"geometry":{"type":"Polygon","coordinates":[[[-97.3845,32.62819],[-97.37474,32.63863],[-97.38073,32.65122],[-97.39649,32.65337],[-97.40625,32.64293],[-97.40025,32.63034],[-97.3845,32.62819]]]}},{"type":"Feature","properties":{"h3":"8726cbd9dffffff","mii":40,"trt":0.0,"glp1":0.0,"pharmacy":0.0,"gym":0.0,"n":0},"geometry":{"type":"Polygon","coordinates":[[[-97.38073,32.65122],[-97.37097,32.66166],[-97.37697,32.67425],[-97.39273,32.67641],[-97.40249,32.66597],[-97.39649,32.65337],[-97.38073,32.65122]]]}},{"type":"Feature","properties":{"h3":"8726c80d1ffffff","mii":39,"trt":0.6,"glp1":4.6,"pharmacy":0.0,"gym":0.0,"n":9},"geometry":{"type":"Polygon","coordinates":[[[-96.83398,33.1746],[-96.82415,33.18494],[-96.83009,33.19752],[-96.84587,33.19975],[-96.8557,33.18941],[-96.84975,33.17683],[-96.83398,33.1746]]]}},{"type":"Feature","properties":{"h3":"8726cbd2bffffff","mii":39,"trt":0.0,"glp1":10.65,"pharmacy":0.0,"gym":0.0,"n":19},"geometry":{"type":"Polygon","coordinates":[[[-97.12557,32.73377],[-97.11579,32.74418],[-97.12175,32.75677],[-97.1375,32.75896],[-97.14728,32.74855],[-97.14131,32.73596],[-97.12557,32.73377]]]}},{"type":"Feature","properties":{"h3":"8726cbd74ffffff","mii":39,"trt":0.45,"glp1":0.0,"pharmacy":0.0,"gym":0.0,"n":1},"geometry":{"type":"Polygon","coordinates":[[[-97.07835,32.72721],[-97.06857,32.73761],[-97.07453,32.7502],[-97.09027,32.7524],[-97.10005,32.74199],[-97.09409,32.7294],[-97.07835,32.72721]]]}},{"type":"Feature","properties":{"h3":"8726c8789ffffff","mii":39,"trt":0.0,"glp1":0.0,"pharmacy":0.0,"gym":0.0,"n":0},"geometry":{"type":"Polygon","coordinates":[[[-97.0797,33.00954],[-97.06989,33.01992],[-97.07587,33.03249],[-97.09164,33.03469],[-97.10145,33.02431],[-97.09547,33.01173],[-97.0797,33.00954]]]}},{"type":"Feature","properties":{"h3":"8726cb936ffffff","mii":39,"trt":0.0,"glp1":0.0,"pharmacy":0.0,"gym":0.0,"n":0},"geometry":{"type":"Polygon","coordinates":[[[-96.74666,32.83341],[-96.73686,32.84377],[-96.74277,32.85636],[-96.75849,32.85859],[-96.76829,32.84824],[-96.76238,32.83564],[-96.74666,32.83341]]]}},{"type":"Feature","properties":{"h3":"8726c8295ffffff","mii":39,"trt":0.0,"glp1":0.55,"pharmacy":0.0,"gym":1.1,"n":3},"geometry":{"type":"Polygon","coordinates":[[[-96.70557,32.9333],[-96.69576,32.94365],[-96.70167,32.95624],[-96.7174,32.95848],[-96.72721,32.94813],[-96.72129,32.93554],[-96.70557,32.9333]]]}},{"type":"Feature","properties":{"h3":"8726c82a6ffffff","mii":39,"trt":1.2,"glp1":3.05,"pharmacy":0.0,"gym":0.0,"n":7},"geometry":{"type":"Polygon","coordinates":[[[-96.64668,32.99535],[-96.63686,33.00569],[-96.64277,33.01827],[-96.6585,33.02053],[-96.66832,33.01019],[-96.66241,32.9976],[-96.64668,32.99535]]]}},{"type":"Feature","properties":{"h3":"8726cb98affffff","mii":39,"trt":0.0,"glp1":0.55,"pharmacy":0.0,"gym":0.0,"n":1},"geometry":{"type":"Polygon","coordinates":[[[-96.85027,32.64819],[-96.84049,32.65857],[-96.84641,32.67117],[-96.86211,32.67339],[-96.87189,32.663],[-96.86597,32.6504],[-96.85027,32.64819]]]}},{"type":"Feature","properties":{"h3":"8726cb930ffffff","mii":38,"trt":0.0,"glp1":0.0,"pharmacy":0.0,"gym":0.0,"n":0},"geometry":{"type":"Polygon","coordinates":[[[-96.72503,32.81858],[-96.71523,32.82894],[-96.72114,32.84153],[-96.73686,32.84377],[-96.74666,32.83341],[-96.74075,32.82082],[-96.72503,32.81858]]]}},{"type":"Feature","properties":{"h3":"8726c83b6ffffff","mii":38,"trt":0.0,"glp1":1.1,"pharmacy":0.0,"gym":0.0,"n":2},"geometry":{"type":"Polygon","coordinates":[[[-96.69211,33.15443],[-96.68228,33.16475],[-96.6882,33.17733],[-96.70396,33.17958],[-96.71379,33.16925],[-96.70786,33.15668],[-96.69211,33.15443]]]}},{"type":"Feature","properties":{"h3":"8726caa61ffffff","mii":38,"trt":0.0,"glp1":7.65,"pharmacy":0.0,"gym":0.65,"n":14},"geometry":{"type":"Polygon","coordinates":[[[-97.29189,32.89788],[-97.2821,32.90829],[-97.2881,32.92088],[-97.30388,32.92305],[-97.31367,32.91263],[-97.30767,32.90005],[-97.29189,32.89788]]]}},{"type":"Feature","properties":{"h3":"8726caa60ffffff","mii":38,"trt":0.0,"glp1":1.3,"pharmacy":0.0,"gym":0.0,"n":2},"geometry":{"type":"Polygon","coordinates":[[[-97.31367,32.91263],[-97.30388,32.92305],[-97.30988,32.93563],[-97.32567,32.9378],[-97.33546,32.92738],[-97.32946,32.9148],[-97.31367,32.91263]]]}},{"type":"Feature","properties":{"h3":"8726c868dffffff","mii":38,"trt":0.0,"glp1":1.3,"pharmacy":0.0,"gym":0.45,"n":3},"geometry":{"type":"Polygon","coordinates":[[[-97.10266,32.87171],[-97.09287,32.8821],[-97.09884,32.89469],[-97.1146,32.89688],[-97.12439,32.88649],[-97.11842,32.8739],[-97.10266,32.87171]]]}},{"type":"Feature","properties":{"h3":"8726c868affffff","mii":38,"trt":0.0,"glp1":1.3,"pharmacy":0.0,"gym":0.0,"n":2},"geometry":{"type":"Polygon","coordinates":[[[-97.15375,32.85529],[-97.14397,32.86569],[-97.14994,32.87828],[-97.16571,32.88046],[-97.17549,32.87006],[-97.16952,32.85748],[-97.15375,32.85529]]]}},{"type":"Feature","properties":{"h3":"8726cbd20ffffff","mii":38,"trt":0.0,"glp1":0.0,"pharmacy":0.0,"gym":0.0,"n":0},"geometry":{"type":"Polygon","coordinates":[[[-97.16138,32.80931],[-97.15159,32.81972],[-97.15757,32.83231],[-97.17332,32.83449],[-97.18311,32.82408],[-97.17713,32.8115],[-97.16138,32.80931]]]}},{"type":"Feature","properties":{"h3":"8726c8603ffffff","mii":38,"trt":0.0,"glp1":4.05,"pharmacy":0.0,"gym":0.65,"n":8},"geometry":{"type":"Polygon","coordinates":[[[-96.99278,32.95039],[-96.98298,32.96077],[-96.98893,32.97335],[-97.00469,32.97556],[-97.0145,32.96518],[-97.00854,32.9526],[-96.99278,32.95039]]]}},{"type":"Feature","properties":{"h3":"8726c8601ffffff","mii":38,"trt":0.45,"glp1":2.75,"pharmacy":0.0,"gym":0.0,"n":6},"geometry":{"type":"Polygon","coordinates":[[[-96.96722,32.95856],[-96.95742,32.96893],[-96.96337,32.98152],[-96.97913,32.98373],[-96.98893,32.97335],[-96.98298,32.96077],[-96.96722,32.95856]]]}},{"type":"Feature","properties":{"h3":"8726c845dffffff","mii":38,"trt":0.95,"glp1":1.95,"pharmacy":0.0,"gym":0.0,"n":4},"geometry":{"type":"Polygon","coordinates":[[[-97.12202,33.19157],[-97.1122,33.20194],[-97.11819,33.21451],[-97.134,33.21671],[-97.14382,33.20634],[-97.13783,33.19377],[-97.12202,33.19157]]]}},{"type":"Feature","properties":{"h3":"8726cb921ffffff","mii":38,"trt":0.6,"glp1":2.75,"pharmacy":0.0,"gym":0.0,"n":6},"geometry":{"type":"Polygon","coordinates":[[[-96.6308,32.80514],[-96.621,32.81549],[-96.6269,32.82808],[-96.6426,32.83033],[-96.6524,32.81998],[-96.6465,32.80738],[-96.6308,32.80514]]]}},{"type":"Feature","properties":{"h3":"8726c8760ffffff","mii":38,"trt":0.0,"glp1":2.4,"pharmacy":0.0,"gym":0.0,"n":4},"geometry":{"type":"Polygon","coordinates":[[[-96.77664,33.08432],[-96.76682,33.09466],[-96.77275,33.10724],[-96.78851,33.10948],[-96.79833,33.09914],[-96.7924,33.08656],[-96.77664,33.08432]]]}},{"type":"Feature","properties":{"h3":"8726c8684ffffff","mii":38,"trt":0.0,"glp1":0.0,"pharmacy":0.0,"gym":0.0,"n":0},"geometry":{"type":"Polygon","coordinates":[[[-97.16406,32.93901],[-97.15426,32.9494],[-97.16024,32.96199],[-97.17602,32.96417],[-97.18582,32.95378],[-97.17983,32.9412],[-97.16406,32.93901]]]}},{"type":"Feature","properties":{"h3":"8726cb99dffffff","mii":38,"trt":0.0,"glp1":0.0,"pharmacy":0.0,"gym":0.0,"n":0},"geometry":{"type":"Polygon","coordinates":[[[-96.87189,32.663],[-96.86211,32.67339],[-96.86804,32.68599],[-96.88374,32.6882],[-96.89353,32.67781],[-96.8876,32.66522],[-96.87189,32.663]]]}},{"type":"Feature","properties":{"h3":"8726cb929ffffff","mii":38,"trt":1.3,"glp1":1.65,"pharmacy":0.0,"gym":0.0,"n":5},"geometry":{"type":"Polygon","coordinates":[[[-96.59154,32.75251],[-96.58174,32.76285],[-96.58763,32.77545],[-96.60332,32.7777],[-96.61312,32.76735],[-96.60723,32.75475],[-96.59154,32.75251]]]}},{"type":"Feature","properties":{"h3":"8726c80e8ffffff","mii":38,"trt":0.0,"glp1":1.3,"pharmacy":0.0,"gym":0.0,"n":2},"geometry":{"type":"Polygon","coordinates":[[[-96.70989,33.19216],[-96.70005,33.20249],[-96.70598,33.21506],[-96.72174,33.21731],[-96.73158,33.20698],[-96.72565,33.19441],[-96.70989,33.19216]]]}},{"type":"Feature","properties":{"h3":"8726c805affffff","mii":38,"trt":0.0,"glp1":2.85,"pharmacy":0.0,"gym":0.0,"n":5},"geometry":{"type":"Polygon","coordinates":[[[-96.66261,33.1854],[-96.65277,33.19573],[-96.6587,33.2083],[-96.67445,33.21056],[-96.68429,33.20023],[-96.67837,33.18766],[-96.66261,33.1854]]]}},{"type":"Feature","properties":{"h3":"8726c87abffffff","mii":38,"trt":1.4,"glp1":3.05,"pharmacy":0.0,"gym":0.0,"n":7},"geometry":{"type":"Polygon","coordinates":[[[-97.07203,33.05545],[-97.06222,33.06583],[-97.0682,33.0784],[-97.08398,33.08061],[-97.09379,33.07023],[-97.08781,33.05765],[-97.07203,33.05545]]]}},{"type":"Feature","properties":{"h3":"8726cbd8dffffff","mii":37,"trt":0.45,"glp1":0.55,"pharmacy":0.0,"gym":0.65,"n":3},"geometry":{"type":"Polygon","coordinates":[[[-97.30797,32.65303],[-97.2982,32.66346],[-97.30419,32.67606],[-97.31994,32.67822],[-97.3297,32.66779],[-97.32371,32.65519],[-97.30797,32.65303]]]}},{"type":"Feature","properties":{"h3":"8726c80caffffff","mii":37,"trt":0.0,"glp1":0.0,"pharmacy":0.0,"gym":0.0,"n":0},"geometry":{"type":"Polygon","coordinates":[[[-96.76886,33.13016],[-96.75904,33.1405],[-96.76497,33.15308],[-96.78073,33.15532],[-96.79056,33.14498],[-96.78462,33.1324],[-96.76886,33.13016]]]}},{"type":"Feature","properties":{"h3":"8726c860effffff","mii":37,"trt":0.0,"glp1":0.0,"pharmacy":0.0,"gym":0.0,"n":0},"geometry":{"type":"Polygon","coordinates":[[[-96.97107,32.9356],[-96.96127,32.94598],[-96.96722,32.95856],[-96.98298,32.96077],[-96.99278,32.95039],[-96.98682,32.93781],[-96.97107,32.9356]]]}},{"type":"Feature","properties":{"h3":"8726c82d3ffffff","mii":37,"trt":0.0,"glp1":0.0,"pharmacy":0.0,"gym":0.0,"n":0},"geometry":{"type":"Polygon","coordinates":[[[-96.58372,32.79839],[-96.57391,32.80874],[-96.5798,32.82133],[-96.5955,32.82358],[-96.6053,32.81324],[-96.59941,32.80064],[-96.58372,32.79839]]]}},{"type":"Feature","properties":{"h3":"8726c8645ffffff","mii":37,"trt":0.6,"glp1":0.0,"pharmacy":0.0,"gym":0.0,"n":1},"geometry":{"type":"Polygon","coordinates":[[[-96.81159,32.87787],[-96.80178,32.88824],[-96.80771,32.90083],[-96.82344,32.90305],[-96.83324,32.89269],[-96.82732,32.8801],[-96.81159,32.87787]]]}},{"type":"Feature","properties":{"h3":"8726c8286ffffff","mii":37,"trt":0.0,"glp1":0.55,"pharmacy":0.0,"gym":0.0,"n":1},"geometry":{"type":"Polygon","coordinates":[[[-96.68003,32.94141],[-96.67022,32.95175],[-96.67613,32.96434],[-96.69186,32.96658],[-96.70167,32.95624],[-96.69576,32.94365],[-96.68003,32.94141]]]}},{"type":"Feature","properties":{"h3":"8726cbdacffffff","mii":37,"trt":0.0,"glp1":0.0,"pharmacy":0.0,"gym":0.0,"n":0},"geometry":{"type":"Polygon","coordinates":[[[-97.29663,32.7221],[-97.28686,32.73252],[-97.29284,32.74511],[-97.3086,32.74727],[-97.31837,32.73685],[-97.31238,32.72426],[-97.29663,32.7221]]]}},{"type":"Feature","properties":{"h3":"8726c80ecffffff","mii":37,"trt":0.6,"glp1":3.95,"pharmacy":0.0,"gym":0.0,"n":8},"geometry":{"type":"Polygon","coordinates":[[[-96.70598,33.21506],[-96.69614,33.22539],[-96.70207,33.23796],[-96.71784,33.24021],[-96.72768,33.22989],[-96.72174,33.21731],[-96.70598,33.21506]]]}},{"type":"Feature","properties":{"h3":"8726c805effffff","mii":37,"trt":0.6,"glp1":2.85,"pharmacy":0.0,"gym":0.0,"n":6},"geometry":{"type":"Polygon","coordinates":[[[-96.6587,33.2083],[-96.64886,33.21862],[-96.65478,33.2312],[-96.67054,33.23345],[-96.68038,33.22313],[-96.67445,33.21056],[-96.6587,33.2083]]]}},{"type":"Feature","properties":{"h3":"8726cb931ffffff","mii":36,"trt":0.0,"glp1":0.0,"pharmacy":0.0,"gym":0.0,"n":0},"geometry":{"type":"Polygon","coordinates":[[[-96.70342,32.80375],[-96.69362,32.81411],[-96.69952,32.8267],[-96.71523,32.82894],[-96.72503,32.81858],[-96.71912,32.80599],[-96.70342,32.80375]]]}},{"type":"Feature","properties":{"h3":"8726cb9aeffffff","mii":36,"trt":0.0,"glp1":1.2,"pharmacy":0.0,"gym":0.0,"n":2},"geometry":{"type":"Polygon","coordinates":[[[-96.81318,32.72528],[-96.80339,32.73566],[-96.80931,32.74825],[-96.82502,32.75048],[-96.83481,32.7401],[-96.82889,32.72751],[-96.81318,32.72528]]]}},{"type":"Feature","properties":{"h3":"8726c829affffff","mii":36,"trt":0.0,"glp1":0.0,"pharmacy":0.0,"gym":0.0,"n":0},"geometry":{"type":"Polygon","coordinates":[[[-96.71725,32.86448],[-96.70745,32.87483],[-96.71336,32.88742],[-96.72908,32.88966],[-96.73888,32.87931],[-96.73297,32.86672],[-96.71725,32.86448]]]}},{"type":"Feature","properties":{"h3":"8726c8644ffffff","mii":36,"trt":0.0,"glp1":0.0,"pharmacy":0.0,"gym":0.0,"n":0},"geometry":{"type":"Polygon","coordinates":[[[-96.83324,32.89269],[-96.82344,32.90305],[-96.82937,32.91564],[-96.84511,32.91787],[-96.85491,32.9075],[-96.84898,32.89491],[-96.83324,32.89269]]]}},{"type":"Feature","properties":{"h3":"8726c83b4ffffff","mii":36,"trt":0.0,"glp1":1.1,"pharmacy":0.0,"gym":0.0,"n":2},"geometry":{"type":"Polygon","coordinates":[[[-96.66652,33.1625],[-96.65669,33.17283],[-96.66261,33.1854],[-96.67837,33.18766],[-96.6882,33.17733],[-96.68228,33.16475],[-96.66652,33.1625]]]}},{"type":"Feature","properties":{"h3":"8726c82a2ffffff","mii":36,"trt":0.0,"glp1":4.6,"pharmacy":0.0,"gym":0.0,"n":8},"geometry":{"type":"Polygon","coordinates":[[[-96.65059,32.97243],[-96.64077,32.98277],[-96.64668,32.99535],[-96.66241,32.9976],[-96.67222,32.98726],[-96.66631,32.97468],[-96.65059,32.97243]]]}},{"type":"Feature","properties":{"h3":"8726cbc29ffffff","mii":36,"trt":0.0,"glp1":1.65,"pharmacy":0.0,"gym":0.0,"n":3},"geometry":{"type":"Polygon","coordinates":[[[-97.12674,32.58095],[-97.11698,32.59136],[-97.12293,32.60396],[-97.13866,32.60614],[-97.14842,32.59572],[-97.14246,32.58313],[-97.12674,32.58095]]]}},{"type":"Feature","properties":{"h3":"8726c8690ffffff","mii":36,"trt":0.75,"glp1":6.1,"pharmacy":0.0,"gym":0.0,"n":11},"geometry":{"type":"Polygon","coordinates":[[[-97.24076,32.91435],[-97.23097,32.92476],[-97.23696,32.93734],[-97.25274,32.93952],[-97.26253,32.92911],[-97.25654,32.91653],[-97.24076,32.91435]]]}},{"type":"Feature","properties":{"h3":"8726c86c5ffffff","mii":36,"trt":0.6,"glp1":0.75,"pharmacy":0.0,"gym":0.0,"n":2},"geometry":{"type":"Polygon","coordinates":[[[-96.99029,32.82076],[-96.9805,32.83115],[-96.98645,32.84373],[-97.0022,32.84594],[-97.01199,32.83555],[-97.00603,32.82296],[-96.99029,32.82076]]]}},{"type":"Feature","properties":{"h3":"8726c844bffffff","mii":36,"trt":1.25,"glp1":6.65,"pharmacy":0.0,"gym":0.0,"n":13},"geometry":{"type":"Polygon","coordinates":[[[-97.07845,33.16202],[-97.06864,33.17239],[-97.07462,33.18496],[-97.09042,33.18717],[-97.10023,33.1768],[-97.09425,33.16423],[-97.07845,33.16202]]]}},{"type":"Feature","properties":{"h3":"8726c8770ffffff","mii":35,"trt":0.0,"glp1":0.0,"pharmacy":0.0,"gym":0.0,"n":0},"geometry":{"type":"Polygon","coordinates":[[[-96.84949,33.0829],[-96.83967,33.09325],[-96.84562,33.10583],[-96.86138,33.10806],[-96.8712,33.09771],[-96.86525,33.08513],[-96.84949,33.0829]]]}},{"type":"Feature","properties":{"h3":"8726cbd22ffffff","mii":35,"trt":0.0,"glp1":0.0,"pharmacy":0.0,"gym":0.0,"n":0},"geometry":{"type":"Polygon","coordinates":[[[-97.18691,32.80109],[-97.17713,32.8115],[-97.18311,32.82408],[-97.19887,32.82626],[-97.20865,32.81585],[-97.20267,32.80327],[-97.18691,32.80109]]]}},{"type":"Feature","properties":{"h3":"8726c87a5ffffff","mii":35,"trt":0.0,"glp1":0.0,"pharmacy":0.0,"gym":0.0,"n":0},"geometry":{"type":"Polygon","coordinates":[[[-97.08229,33.13908],[-97.07248,33.14945],[-97.07845,33.16202],[-97.09425,33.16423],[-97.10407,33.15385],[-97.09808,33.14128],[-97.08229,33.13908]]]}},{"type":"Feature","properties":{"h3":"8726c8280ffffff","mii":35,"trt":0.0,"glp1":0.0,"pharmacy":0.0,"gym":0.0,"n":0},"geometry":{"type":"Polygon","coordinates":[[[-96.6584,32.92657],[-96.64859,32.93691],[-96.6545,32.9495],[-96.67022,32.95175],[-96.68003,32.94141],[-96.67412,32.92882],[-96.6584,32.92657]]]}},{"type":"Feature","properties":{"h3":"8726c8394ffffff","mii":35,"trt":0.0,"glp1":1.65,"pharmacy":0.0,"gym":0.0,"n":3},"geometry":{"type":"Polygon","coordinates":[[[-96.69992,33.10861],[-96.69009,33.11894],[-96.69601,33.13152],[-96.71177,33.13377],[-96.72159,33.12343],[-96.71567,33.11085],[-96.69992,33.10861]]]}},{"type":"Feature","properties":{"h3":"8726c82e6ffffff","mii":35,"trt":0.0,"glp1":0.0,"pharmacy":0.0,"gym":0.0,"n":0},"geometry":{"type":"Polygon","coordinates":[[[-96.49543,32.89142],[-96.48561,32.90175],[-96.4915,32.91434],[-96.5072,32.91661],[-96.51701,32.90628],[-96.51113,32.89369],[-96.49543,32.89142]]]}},{"type":"Feature","properties":{"h3":"8726cbd80ffffff","mii":35,"trt":0.0,"glp1":2.3,"pharmacy":0.0,"gym":0.0,"n":4},"geometry":{"type":"Polygon","coordinates":[[[-97.3732,32.69728],[-97.36344,32.70772],[-97.36943,32.7203],[-97.3852,32.72246],[-97.39496,32.71202],[-97.38896,32.69943],[-97.3732,32.69728]]]}},{"type":"Feature","properties":{"h3":"8726c82daffffff","mii":35,"trt":0.0,"glp1":2.2,"pharmacy":0.0,"gym":0.0,"n":4},"geometry":{"type":"Polygon","coordinates":[[[-96.56605,32.7606],[-96.55625,32.77095],[-96.56214,32.78354],[-96.57783,32.7858],[-96.58763,32.77545],[-96.58174,32.76285],[-96.56605,32.7606]]]}},{"type":"Feature","properties":{"h3":"8726cbd5bffffff","mii":35,"trt":0.0,"glp1":1.75,"pharmacy":0.0,"gym":0.0,"n":3},"geometry":{"type":"Polygon","coordinates":[[[-97.07959,32.5744],[-97.06983,32.58481],[-97.07578,32.59741],[-97.09149,32.5996],[-97.10126,32.58918],[-97.09531,32.57658],[-97.07959,32.5744]]]}},{"type":"Feature","properties":{"h3":"8726c80e9ffffff","mii":35,"trt":0.0,"glp1":1.2,"pharmacy":0.0,"gym":0.0,"n":2},"geometry":{"type":"Polygon","coordinates":[[[-96.6882,33.17733],[-96.67837,33.18766],[-96.68429,33.20023],[-96.70005,33.20249],[-96.70989,33.19216],[-96.70396,33.17958],[-96.6882,33.17733]]]}},{"type":"Feature","properties":{"h3":"8726c8053ffffff","mii":35,"trt":0.0,"glp1":0.0,"pharmacy":0.0,"gym":0.0,"n":0},"geometry":{"type":"Polygon","coordinates":[[[-96.68038,33.22313],[-96.67054,33.23345],[-96.67647,33.24603],[-96.69223,33.24828],[-96.70207,33.23796],[-96.69614,33.22539],[-96.68038,33.22313]]]}},{"type":"Feature","properties":{"h3":"8726cb906ffffff","mii":34,"trt":0.0,"glp1":0.55,"pharmacy":0.0,"gym":0.45,"n":2},"geometry":{"type":"Polygon","coordinates":[[[-96.70731,32.7808],[-96.69751,32.79116],[-96.70342,32.80375],[-96.71912,32.80599],[-96.72892,32.79563],[-96.72301,32.78304],[-96.70731,32.7808]]]}},{"type":"Feature","properties":{"h3":"8726ca86affffff","mii":34,"trt":0.0,"glp1":2.2,"pharmacy":0.0,"gym":0.0,"n":4},"geometry":{"type":"Polygon","coordinates":[[[-97.57884,33.21904],[-97.56904,33.22945],[-97.57509,33.24201],[-97.59095,33.24416],[-97.60075,33.23374],[-97.5947,33.22118],[-97.57884,33.21904]]]}},{"type":"Feature","properties":{"h3":"8726cb8b5ffffff","mii":34,"trt":0.0,"glp1":0.0,"pharmacy":0.0,"gym":0.0,"n":0},"geometry":{"type":"Polygon","coordinates":[[[-96.90508,32.60885],[-96.89531,32.61924],[-96.90123,32.63184],[-96.91694,32.63405],[-96.92671,32.62365],[-96.92078,32.61105],[-96.90508,32.60885]]]}},{"type":"Feature","properties":{"h3":"8726c86daffffff","mii":34,"trt":0.0,"glp1":0.55,"pharmacy":0.0,"gym":0.0,"n":1},"geometry":{"type":"Polygon","coordinates":[[[-97.07453,32.7502],[-97.06475,32.7606],[-97.07071,32.7732],[-97.08645,32.77539],[-97.09623,32.76499],[-97.09027,32.7524],[-97.07453,32.7502]]]}},{"type":"Feature","properties":{"h3":"8726c844effffff","mii":34,"trt":0.0,"glp1":0.0,"pharmacy":0.0,"gym":0.0,"n":0},"geometry":{"type":"Polygon","coordinates":[[[-97.0964,33.19974],[-97.08658,33.2101],[-97.09256,33.22267],[-97.10837,33.22488],[-97.11819,33.21451],[-97.1122,33.20194],[-97.0964,33.19974]]]}},{"type":"Feature","properties":{"h3":"8726c8729ffffff","mii":34,"trt":0.0,"glp1":0.55,"pharmacy":0.0,"gym":0.0,"n":1},"geometry":{"type":"Polygon","coordinates":[[[-96.86733,33.12064],[-96.8575,33.13099],[-96.86345,33.14357],[-96.87922,33.1458],[-96.88905,33.13545],[-96.8831,33.12287],[-96.86733,33.12064]]]}},{"type":"Feature","properties":{"h3":"8726c8761ffffff","mii":34,"trt":0.0,"glp1":1.85,"pharmacy":0.0,"gym":0.0,"n":3},"geometry":{"type":"Polygon","coordinates":[[[-96.75496,33.0695],[-96.74514,33.07984],[-96.75107,33.09242],[-96.76682,33.09466],[-96.77664,33.08432],[-96.77071,33.07174],[-96.75496,33.0695]]]}},{"type":"Feature","properties":{"h3":"8726c844affffff","mii":34,"trt":0.0,"glp1":2.85,"pharmacy":0.0,"gym":0.0,"n":5},"geometry":{"type":"Polygon","coordinates":[[[-97.10023,33.1768],[-97.09042,33.18717],[-97.0964,33.19974],[-97.1122,33.20194],[-97.12202,33.19157],[-97.11603,33.179],[-97.10023,33.1768]]]}},{"type":"Feature","properties":{"h3":"8726cbc70ffffff","mii":34,"trt":0.95,"glp1":2.3,"pharmacy":0.0,"gym":0.0,"n":6},"geometry":{"type":"Polygon","coordinates":[[[-97.10888,32.54315],[-97.09912,32.55357],[-97.10507,32.56617],[-97.12079,32.56835],[-97.13055,32.55793],[-97.1246,32.54533],[-97.10888,32.54315]]]}},{"type":"Feature","properties":{"h3":"8726cbda5ffffff","mii":33,"trt":0.0,"glp1":0.0,"pharmacy":0.0,"gym":0.45,"n":1},"geometry":{"type":"Polygon","coordinates":[[[-97.31459,32.75986],[-97.30482,32.77029],[-97.31081,32.78287],[-97.32658,32.78504],[-97.33635,32.77461],[-97.33036,32.76202],[-97.31459,32.75986]]]}},{"type":"Feature","properties":{"h3":"8726cb915ffffff","mii":33,"trt":0.0,"glp1":1.1,"pharmacy":0.0,"gym":0.0,"n":2},"geometry":{"type":"Polygon","coordinates":[[[-96.73281,32.77267],[-96.72301,32.78304],[-96.72892,32.79563],[-96.74463,32.79786],[-96.75443,32.7875],[-96.74852,32.77491],[-96.73281,32.77267]]]}},{"type":"Feature","properties":{"h3":"8726ca841ffffff","mii":33,"trt":0.0,"glp1":0.75,"pharmacy":0.0,"gym":0.0,"n":1},"geometry":{"type":"Polygon","coordinates":[[[-97.6045,33.21076],[-97.5947,33.22118],[-97.60075,33.23374],[-97.61661,33.23588],[-97.62641,33.22546],[-97.62035,33.2129],[-97.6045,33.21076]]]}},{"type":"Feature","properties":{"h3":"8726cbd28ffffff","mii":33,"trt":0.0,"glp1":0.0,"pharmacy":0.0,"gym":0.0,"n":0},"geometry":{"type":"Polygon","coordinates":[[[-97.12175,32.75677],[-97.11197,32.76717],[-97.11794,32.77977],[-97.13368,32.78195],[-97.14347,32.77155],[-97.1375,32.75896],[-97.12175,32.75677]]]}},{"type":"Feature","properties":{"h3":"8726cbd64ffffff","mii":33,"trt":0.0,"glp1":2.5,"pharmacy":0.0,"gym":0.45,"n":5},"geometry":{"type":"Polygon","coordinates":[[[-97.00565,32.72883],[-96.99587,32.73922],[-97.00181,32.75182],[-97.01754,32.75402],[-97.02733,32.74362],[-97.02138,32.73103],[-97.00565,32.72883]]]}},{"type":"Feature","properties":{"h3":"8726c82d2ffffff","mii":33,"trt":0.0,"glp1":2.3,"pharmacy":0.0,"gym":0.0,"n":4},"geometry":{"type":"Polygon","coordinates":[[[-96.6053,32.81324],[-96.5955,32.82358],[-96.60139,32.83618],[-96.61709,32.83843],[-96.6269,32.82808],[-96.621,32.81549],[-96.6053,32.81324]]]}},{"type":"Feature","properties":{"h3":"8726c839affffff","mii":33,"trt":0.65,"glp1":1.1,"pharmacy":0.0,"gym":0.0,"n":3},"geometry":{"type":"Polygon","coordinates":[[[-96.68997,33.02502],[-96.68015,33.03536],[-96.68606,33.04794],[-96.7018,33.05019],[-96.71162,33.03985],[-96.7057,33.02727],[-96.68997,33.02502]]]}},{"type":"Feature","properties":{"h3":"8726c8768ffffff","mii":33,"trt":0.0,"glp1":1.2,"pharmacy":0.0,"gym":0.45,"n":3},"geometry":{"type":"Polygon","coordinates":[[[-96.73718,33.03175],[-96.72737,33.04209],[-96.73329,33.05468],[-96.74903,33.05692],[-96.75885,33.04657],[-96.75293,33.03399],[-96.73718,33.03175]]]}},{"type":"Feature","properties":{"h3":"8726c8674ffffff","mii":33,"trt":0.0,"glp1":1.75,"pharmacy":0.0,"gym":0.0,"n":3},"geometry":{"type":"Polygon","coordinates":[[[-96.87272,32.94526],[-96.86291,32.95563],[-96.86885,32.96821],[-96.8846,32.97043],[-96.89441,32.96007],[-96.88847,32.94748],[-96.87272,32.94526]]]}},{"type":"Feature","properties":{"h3":"8726cbd81ffffff","mii":33,"trt":0.0,"glp1":0.0,"pharmacy":0.0,"gym":0.65,"n":1},"geometry":{"type":"Polygon","coordinates":[[[-97.35145,32.68253],[-97.34168,32.69297],[-97.34768,32.70556],[-97.36344,32.70772],[-97.3732,32.69728],[-97.36721,32.68469],[-97.35145,32.68253]]]}},{"type":"Feature","properties":{"h3":"8726c8641ffffff","mii":33,"trt":0.0,"glp1":0.0,"pharmacy":0.0,"gym":0.0,"n":0},"geometry":{"type":"Polygon","coordinates":[[[-96.81546,32.85492],[-96.80566,32.86528],[-96.81159,32.87787],[-96.82732,32.8801],[-96.83712,32.86974],[-96.83119,32.85715],[-96.81546,32.85492]]]}},{"type":"Feature","properties":{"h3":"8726cbcadffffff","mii":33,"trt":0.65,"glp1":8.65,"pharmacy":0.0,"gym":0.0,"n":16},"geometry":{"type":"Polygon","coordinates":[[[-97.30135,32.54615],[-97.29159,32.55659],[-97.29757,32.56919],[-97.31331,32.57135],[-97.32306,32.56091],[-97.31708,32.54831],[-97.30135,32.54615]]]}},{"type":"Feature","properties":{"h3":"8726c8696ffffff","mii":33,"trt":0.65,"glp1":2.95,"pharmacy":0.0,"gym":0.0,"n":6},"geometry":{"type":"Polygon","coordinates":[[[-97.26253,32.92911],[-97.25274,32.93952],[-97.25873,32.9521],[-97.27452,32.95427],[-97.28431,32.94387],[-97.27831,32.93129],[-97.26253,32.92911]]]}},{"type":"Feature","properties":{"h3":"8726c8765ffffff","mii":33,"trt":0.0,"glp1":0.55,"pharmacy":0.0,"gym":0.0,"n":1},"geometry":{"type":"Polygon","coordinates":[[[-96.75107,33.09242],[-96.74124,33.10276],[-96.74717,33.11534],[-96.76293,33.11758],[-96.77275,33.10724],[-96.76682,33.09466],[-96.75107,33.09242]]]}},{"type":"Feature","properties":{"h3":"8726c86e0ffffff","mii":33,"trt":0.0,"glp1":1.1,"pharmacy":0.0,"gym":0.0,"n":2},"geometry":{"type":"Polygon","coordinates":[[[-96.98261,32.86671],[-96.97281,32.87709],[-96.97876,32.88967],[-96.99451,32.89188],[-97.00431,32.8815],[-96.99835,32.86891],[-96.98261,32.86671]]]}},{"type":"Feature","properties":{"h3":"8726c805bffffff","mii":33,"trt":0.0,"glp1":3.85,"pharmacy":0.0,"gym":0.0,"n":7},"geometry":{"type":"Polygon","coordinates":[[[-96.64094,33.17057],[-96.6311,33.18089],[-96.63702,33.19347],[-96.65277,33.19573],[-96.66261,33.1854],[-96.65669,33.17283],[-96.64094,33.17057]]]}},{"type":"Feature","properties":{"h3":"8726cbd88ffffff","mii":32,"trt":0.5,"glp1":0.0,"pharmacy":0.0,"gym":0.0,"n":1},"geometry":{"type":"Polygon","coordinates":[[[-97.33348,32.64476],[-97.32371,32.65519],[-97.3297,32.66779],[-97.34546,32.66994],[-97.35522,32.65951],[-97.34923,32.64692],[-97.33348,32.64476]]]}},{"type":"Feature","properties":{"h3":"8726ca86bffffff","mii":32,"trt":0.0,"glp1":0.0,"pharmacy":0.0,"gym":0.0,"n":0},"geometry":{"type":"Polygon","coordinates":[[[-97.55694,33.20433],[-97.54714,33.21474],[-97.55319,33.22731],[-97.56904,33.22945],[-97.57884,33.21904],[-97.57279,33.20647],[-97.55694,33.20433]]]}},{"type":"Feature","properties":{"h3":"8726cbd66ffffff","mii":32,"trt":0.0,"glp1":1.1,"pharmacy":0.0,"gym":0.0,"n":2},"geometry":{"type":"Polygon","coordinates":[[[-97.03116,32.72063],[-97.02138,32.73103],[-97.02733,32.74362],[-97.04306,32.74582],[-97.05284,32.73542],[-97.04689,32.72283],[-97.03116,32.72063]]]}},{"type":"Feature","properties":{"h3":"8726c86f2ffffff","mii":32,"trt":0.0,"glp1":0.0,"pharmacy":0.0,"gym":0.0,"n":0},"geometry":{"type":"Polygon","coordinates":[[[-97.08094,32.85693],[-97.07115,32.86732],[-97.07711,32.87991],[-97.09287,32.8821],[-97.10266,32.87171],[-97.09669,32.85912],[-97.08094,32.85693]]]}},{"type":"Feature","properties":{"h3":"8726c8448ffffff","mii":32,"trt":0.0,"glp1":0.55,"pharmacy":0.0,"gym":0.0,"n":1},"geometry":{"type":"Polygon","coordinates":[[[-97.07462,33.18496],[-97.0648,33.19533],[-97.07078,33.2079],[-97.08658,33.2101],[-97.0964,33.19974],[-97.09042,33.18717],[-97.07462,33.18496]]]}},{"type":"Feature","properties":{"h3":"8726c87a4ffffff","mii":32,"trt":0.0,"glp1":0.55,"pharmacy":0.0,"gym":0.0,"n":1},"geometry":{"type":"Polygon","coordinates":[[[-97.10407,33.15385],[-97.09425,33.16423],[-97.10023,33.1768],[-97.11603,33.179],[-97.12585,33.16863],[-97.11986,33.15605],[-97.10407,33.15385]]]}},{"type":"Feature","properties":{"h3":"8726cb92effffff","mii":32,"trt":0.0,"glp1":2.35,"pharmacy":0.0,"gym":0.0,"n":4},"geometry":{"type":"Polygon","coordinates":[[[-96.63471,32.78219],[-96.62491,32.79254],[-96.6308,32.80514],[-96.6465,32.80738],[-96.65631,32.79703],[-96.65041,32.78444],[-96.63471,32.78219]]]}},{"type":"Feature","properties":{"h3":"8726c876cffffff","mii":32,"trt":0.0,"glp1":0.0,"pharmacy":0.0,"gym":0.0,"n":0},"geometry":{"type":"Polygon","coordinates":[[[-96.73329,33.05468],[-96.72347,33.06502],[-96.72939,33.0776],[-96.74514,33.07984],[-96.75496,33.0695],[-96.74903,33.05692],[-96.73329,33.05468]]]}},{"type":"Feature","properties":{"h3":"8726c8671ffffff","mii":32,"trt":0.0,"glp1":3.4,"pharmacy":0.0,"gym":0.0,"n":6},"geometry":{"type":"Polygon","coordinates":[[[-96.85491,32.9075],[-96.84511,32.91787],[-96.85104,32.93045],[-96.86678,32.93268],[-96.87659,32.92231],[-96.87065,32.90972],[-96.85491,32.9075]]]}},{"type":"Feature","properties":{"h3":"8726c8728ffffff","mii":32,"trt":0.0,"glp1":2.4,"pharmacy":0.0,"gym":0.0,"n":4},"geometry":{"type":"Polygon","coordinates":[[[-96.88905,33.13545],[-96.87922,33.1458],[-96.88517,33.15837],[-96.90095,33.1606],[-96.91077,33.15025],[-96.90482,33.13767],[-96.88905,33.13545]]]}},{"type":"Feature","properties":{"h3":"8726cbc2dffffff","mii":32,"trt":0.0,"glp1":1.75,"pharmacy":0.0,"gym":0.0,"n":3},"geometry":{"type":"Polygon","coordinates":[[[-97.12293,32.60396],[-97.11317,32.61438],[-97.11912,32.62697],[-97.13485,32.62916],[-97.14462,32.61874],[-97.13866,32.60614],[-97.12293,32.60396]]]}},{"type":"Feature","properties":{"h3":"8726c8396ffffff","mii":32,"trt":0.0,"glp1":0.55,"pharmacy":0.0,"gym":0.0,"n":1},"geometry":{"type":"Polygon","coordinates":[[[-96.72549,33.10052],[-96.71567,33.11085],[-96.72159,33.12343],[-96.73735,33.12568],[-96.74717,33.11534],[-96.74124,33.10276],[-96.72549,33.10052]]]}},{"type":"Feature","properties":{"h3":"8726c86e8ffffff","mii":32,"trt":0.0,"glp1":2.2,"pharmacy":0.0,"gym":0.0,"n":4},"geometry":{"type":"Polygon","coordinates":[[[-96.94309,32.81414],[-96.93329,32.82452],[-96.93924,32.83711],[-96.95497,32.83932],[-96.96477,32.82894],[-96.95882,32.81635],[-96.94309,32.81414]]]}},{"type":"Feature","properties":{"h3":"8726caa6effffff","mii":31,"trt":0.0,"glp1":1.95,"pharmacy":0.0,"gym":0.0,"n":3},"geometry":{"type":"Polygon","coordinates":[[[-97.29568,32.87489],[-97.28589,32.8853],[-97.29189,32.89788],[-97.30767,32.90005],[-97.31745,32.88964],[-97.31146,32.87706],[-97.29568,32.87489]]]}},{"type":"Feature","properties":{"h3":"8726ca84effffff","mii":31,"trt":0.0,"glp1":0.0,"pharmacy":0.0,"gym":0.0,"n":0},"geometry":{"type":"Polygon","coordinates":[[[-97.60824,33.18778],[-97.59844,33.1982],[-97.6045,33.21076],[-97.62035,33.2129],[-97.63015,33.20248],[-97.62409,33.18992],[-97.60824,33.18778]]]}},{"type":"Feature","properties":{"h3":"8726cbd2dffffff","mii":31,"trt":0.0,"glp1":0.0,"pharmacy":0.0,"gym":0.0,"n":0},"geometry":{"type":"Polygon","coordinates":[[[-97.09623,32.76499],[-97.08645,32.77539],[-97.09241,32.78798],[-97.10816,32.79017],[-97.11794,32.77977],[-97.11197,32.76717],[-97.09623,32.76499]]]}},{"type":"Feature","properties":{"h3":"8726c8442ffffff","mii":31,"trt":0.0,"glp1":0.0,"pharmacy":0.0,"gym":0.45,"n":1},"geometry":{"type":"Polygon","coordinates":[[[-97.13999,33.22928],[-97.13017,33.23965],[-97.13616,33.25222],[-97.15198,33.25441],[-97.1618,33.24404],[-97.1558,33.23148],[-97.13999,33.22928]]]}},{"type":"Feature","properties":{"h3":"8726cb984ffffff","mii":31,"trt":0.0,"glp1":4.05,"pharmacy":0.0,"gym":0.45,"n":8},"geometry":{"type":"Polygon","coordinates":[[[-96.86032,32.73194],[-96.85053,32.74232],[-96.85645,32.75492],[-96.87217,32.75713],[-96.88196,32.74675],[-96.87603,32.73416],[-96.86032,32.73194]]]}},{"type":"Feature","properties":{"h3":"8726c82e2ffffff","mii":31,"trt":0.0,"glp1":0.0,"pharmacy":0.0,"gym":0.0,"n":0},"geometry":{"type":"Polygon","coordinates":[[[-96.49936,32.8685],[-96.48955,32.87883],[-96.49543,32.89142],[-96.51113,32.89369],[-96.52094,32.88336],[-96.51506,32.87076],[-96.49936,32.8685]]]}},{"type":"Feature","properties":{"h3":"8726c82e3ffffff","mii":31,"trt":0.0,"glp1":0.0,"pharmacy":0.0,"gym":0.0,"n":0},"geometry":{"type":"Polygon","coordinates":[[[-96.47779,32.85364],[-96.46798,32.86397],[-96.47386,32.87656],[-96.48955,32.87883],[-96.49936,32.8685],[-96.49348,32.8559],[-96.47779,32.85364]]]}},{"type":"Feature","properties":{"h3":"8726c9592ffffff","mii":31,"trt":0.0,"glp1":0.55,"pharmacy":0.0,"gym":0.65,"n":2},"geometry":{"type":"Polygon","coordinates":[[[-96.45437,32.70925],[-96.44457,32.71959],[-96.45043,32.73219],[-96.4661,32.73446],[-96.47591,32.72412],[-96.47004,32.71152],[-96.45437,32.70925]]]}},{"type":"Feature","properties":{"h3":"8726c8216ffffff","mii":31,"trt":0.0,"glp1":1.2,"pharmacy":0.0,"gym":0.65,"n":3},"geometry":{"type":"Polygon","coordinates":[[[-96.57397,32.99667],[-96.56414,33.00699],[-96.57004,33.01958],[-96.58576,33.02184],[-96.59559,33.01151],[-96.58969,32.99893],[-96.57397,32.99667]]]}},{"type":"Feature","properties":{"h3":"8726c82a0ffffff","mii":31,"trt":0.0,"glp1":0.55,"pharmacy":0.0,"gym":0.0,"n":1},"geometry":{"type":"Polygon","coordinates":[[[-96.62505,32.98052],[-96.61523,32.99085],[-96.62113,33.00344],[-96.63686,33.00569],[-96.64668,32.99535],[-96.64077,32.98277],[-96.62505,32.98052]]]}},{"type":"Feature","properties":{"h3":"8726caa64ffffff","mii":31,"trt":1.35,"glp1":1.75,"pharmacy":0.0,"gym":0.0,"n":5},"geometry":{"type":"Polygon","coordinates":[[[-97.30988,32.93563],[-97.3001,32.94604],[-97.3061,32.95862],[-97.32189,32.96079],[-97.33168,32.95037],[-97.32567,32.9378],[-97.30988,32.93563]]]}},{"type":"Feature","properties":{"h3":"8726cbdb1ffffff","mii":31,"trt":0.0,"glp1":0.0,"pharmacy":0.0,"gym":0.0,"n":0},"geometry":{"type":"Polygon","coordinates":[[[-97.3912,32.73505],[-97.38143,32.74548],[-97.38743,32.75807],[-97.40321,32.76022],[-97.41297,32.74979],[-97.40697,32.7372],[-97.3912,32.73505]]]}},{"type":"Feature","properties":{"h3":"8726cbd86ffffff","mii":31,"trt":0.8,"glp1":1.65,"pharmacy":0.0,"gym":0.0,"n":4},"geometry":{"type":"Polygon","coordinates":[[[-97.39496,32.71202],[-97.3852,32.72246],[-97.3912,32.73505],[-97.40697,32.7372],[-97.41673,32.72676],[-97.41073,32.71417],[-97.39496,32.71202]]]}},{"type":"Feature","properties":{"h3":"8726c8680ffffff","mii":31,"trt":0.0,"glp1":1.65,"pharmacy":0.0,"gym":0.0,"n":3},"geometry":{"type":"Polygon","coordinates":[[[-97.16787,32.91603],[-97.15808,32.92643],[-97.16406,32.93901],[-97.17983,32.9412],[-97.18963,32.9308],[-97.18364,32.91822],[-97.16787,32.91603]]]}},{"type":"Feature","properties":{"h3":"8726ca848ffffff","mii":30,"trt":0.0,"glp1":0.0,"pharmacy":0.0,"gym":0.0,"n":0},"geometry":{"type":"Polygon","coordinates":[[[-97.58633,33.17307],[-97.57653,33.18349],[-97.58259,33.19606],[-97.59844,33.1982],[-97.60824,33.18778],[-97.60218,33.17521],[-97.58633,33.17307]]]}},{"type":"Feature","properties":{"h3":"8726ca84dffffff","mii":30,"trt":0.0,"glp1":0.0,"pharmacy":0.0,"gym":0.0,"n":0},"geometry":{"type":"Polygon","coordinates":[[[-97.56069,33.18135],[-97.55089,33.19176],[-97.55694,33.20433],[-97.57279,33.20647],[-97.58259,33.19606],[-97.57653,33.18349],[-97.56069,33.18135]]]}},{"type":"Feature","properties":{"h3":"8726cbd60ffffff","mii":30,"trt":0.6,"glp1":1.65,"pharmacy":0.0,"gym":0.0,"n":4},"geometry":{"type":"Polygon","coordinates":[[[-97.00948,32.70584],[-96.9997,32.71624],[-97.00565,32.72883],[-97.02138,32.73103],[-97.03116,32.72063],[-97.02521,32.70804],[-97.00948,32.70584]]]}},{"type":"Feature","properties":{"h3":"8726c8600ffffff","mii":30,"trt":0.0,"glp1":1.85,"pharmacy":0.0,"gym":0.0,"n":3},"geometry":{"type":"Polygon","coordinates":[[[-96.98893,32.97335],[-96.97913,32.98373],[-96.98509,32.99631],[-97.00085,32.99852],[-97.01065,32.98814],[-97.00469,32.97556],[-96.98893,32.97335]]]}},{"type":"Feature","properties":{"h3":"8726c86b4ffffff","mii":30,"trt":0.0,"glp1":2.85,"pharmacy":0.0,"gym":0.45,"n":6},"geometry":{"type":"Polygon","coordinates":[[[-97.20377,32.99152],[-97.19398,33.00191],[-97.19997,33.01449],[-97.21575,33.01667],[-97.22555,33.00628],[-97.21956,32.9937],[-97.20377,32.99152]]]}},{"type":"Feature","properties":{"h3":"8726c86b5ffffff","mii":30,"trt":0.0,"glp1":0.0,"pharmacy":0.0,"gym":0.45,"n":1},"geometry":{"type":"Polygon","coordinates":[[[-97.18201,32.97675],[-97.17221,32.98715],[-97.17819,32.99973],[-97.19398,33.00191],[-97.20377,32.99152],[-97.19779,32.97894],[-97.18201,32.97675]]]}},{"type":"Feature","properties":{"h3":"8726c8451ffffff","mii":30,"trt":0.0,"glp1":1.65,"pharmacy":0.0,"gym":0.0,"n":3},"geometry":{"type":"Polygon","coordinates":[[[-97.16562,33.2211],[-97.1558,33.23148],[-97.1618,33.24404],[-97.17761,33.24624],[-97.18743,33.23587],[-97.18143,33.2233],[-97.16562,33.2211]]]}},{"type":"Feature","properties":{"h3":"8726c82a5ffffff","mii":30,"trt":0.45,"glp1":0.0,"pharmacy":0.0,"gym":0.0,"n":1},"geometry":{"type":"Polygon","coordinates":[[[-96.59951,32.98859],[-96.58969,32.99893],[-96.59559,33.01151],[-96.61131,33.01377],[-96.62113,33.00344],[-96.61523,32.99085],[-96.59951,32.98859]]]}},{"type":"Feature","properties":{"h3":"8726c829cffffff","mii":30,"trt":0.0,"glp1":1.1,"pharmacy":0.0,"gym":0.0,"n":2},"geometry":{"type":"Polygon","coordinates":[[[-96.68783,32.89553],[-96.67802,32.90588],[-96.68393,32.91847],[-96.69965,32.92071],[-96.70946,32.91037],[-96.70355,32.89778],[-96.68783,32.89553]]]}},{"type":"Feature","properties":{"h3":"8726cbd5effffff","mii":30,"trt":0.0,"glp1":0.0,"pharmacy":0.0,"gym":0.0,"n":0},"geometry":{"type":"Polygon","coordinates":[[[-97.09745,32.61219],[-97.08768,32.62261],[-97.09363,32.6352],[-97.10936,32.63739],[-97.11912,32.62697],[-97.11317,32.61438],[-97.09745,32.61219]]]}},{"type":"Feature","properties":{"h3":"8726cbda8ffffff","mii":30,"trt":0.0,"glp1":0.0,"pharmacy":0.0,"gym":0.0,"n":0},"geometry":{"type":"Polygon","coordinates":[[[-97.30041,32.69908],[-97.29064,32.7095],[-97.29663,32.7221],[-97.31238,32.72426],[-97.32215,32.71383],[-97.31616,32.70124],[-97.30041,32.69908]]]}},{"type":"Feature","properties":{"h3":"8726c86eaffffff","mii":30,"trt":0.0,"glp1":0.0,"pharmacy":0.0,"gym":0.0,"n":0},"geometry":{"type":"Polygon","coordinates":[[[-96.96861,32.80596],[-96.95882,32.81635],[-96.96477,32.82894],[-96.9805,32.83115],[-96.99029,32.82076],[-96.98435,32.80817],[-96.96861,32.80596]]]}},{"type":"Feature","properties":{"h3":"8726c845effffff","mii":30,"trt":0.6,"glp1":5.25,"pharmacy":0.0,"gym":0.0,"n":10},"geometry":{"type":"Polygon","coordinates":[[[-97.16944,33.19816],[-97.15963,33.20853],[-97.16562,33.2211],[-97.18143,33.2233],[-97.19125,33.21292],[-97.18525,33.20035],[-97.16944,33.19816]]]}},{"type":"Feature","properties":{"h3":"8726c862effffff","mii":30,"trt":0.45,"glp1":0.0,"pharmacy":0.0,"gym":0.0,"n":1},"geometry":{"type":"Polygon","coordinates":[[[-96.93781,32.98967],[-96.928,33.00004],[-96.93395,33.01262],[-96.94971,33.01484],[-96.95952,33.00447],[-96.95356,32.99189],[-96.93781,32.98967]]]}},{"type":"Feature","properties":{"h3":"8726c8773ffffff","mii":29,"trt":0.0,"glp1":0.0,"pharmacy":0.0,"gym":0.0,"n":0},"geometry":{"type":"Polygon","coordinates":[[[-96.85337,33.05997],[-96.84355,33.07032],[-96.84949,33.0829],[-96.86525,33.08513],[-96.87507,33.07478],[-96.86913,33.0622],[-96.85337,33.05997]]]}},{"type":"Feature","properties":{"h3":"8726caa6cffffff","mii":29,"trt":0.0,"glp1":0.55,"pharmacy":0.0,"gym":0.0,"n":1},"geometry":{"type":"Polygon","coordinates":[[[-97.27012,32.88313],[-97.26033,32.89354],[-97.26632,32.90612],[-97.2821,32.90829],[-97.29189,32.89788],[-97.28589,32.8853],[-97.27012,32.88313]]]}},{"type":"Feature","properties":{"h3":"8726c869dffffff","mii":29,"trt":0.0,"glp1":0.0,"pharmacy":0.0,"gym":0.0,"n":0},"geometry":{"type":"Polygon","coordinates":[[[-97.17549,32.87006],[-97.16571,32.88046],[-97.17168,32.89305],[-97.18745,32.89523],[-97.19724,32.88483],[-97.19126,32.87225],[-97.17549,32.87006]]]}},{"type":"Feature","properties":{"h3":"8726c8631ffffff","mii":29,"trt":0.0,"glp1":0.0,"pharmacy":0.0,"gym":0.0,"n":0},"geometry":{"type":"Polygon","coordinates":[[[-97.00681,33.0111],[-96.997,33.02147],[-97.00296,33.03405],[-97.01874,33.03626],[-97.02854,33.02589],[-97.02258,33.01331],[-97.00681,33.0111]]]}},{"type":"Feature","properties":{"h3":"8726c9596ffffff","mii":29,"trt":0.0,"glp1":7.65,"pharmacy":0.0,"gym":0.0,"n":13},"geometry":{"type":"Polygon","coordinates":[[[-96.45043,32.73219],[-96.44063,32.74253],[-96.4465,32.75513],[-96.46217,32.75739],[-96.47197,32.74706],[-96.4661,32.73446],[-96.45043,32.73219]]]}},{"type":"Feature","properties":{"h3":"8726c829dffffff","mii":29,"trt":0.0,"glp1":0.0,"pharmacy":0.0,"gym":0.0,"n":0},"geometry":{"type":"Polygon","coordinates":[[[-96.66621,32.8807],[-96.6564,32.89105],[-96.66231,32.90364],[-96.67802,32.90588],[-96.68783,32.89553],[-96.68192,32.88294],[-96.66621,32.8807]]]}},{"type":"Feature","properties":{"h3":"8726c8458ffffff","mii":29,"trt":0.0,"glp1":0.0,"pharmacy":0.0,"gym":0.0,"n":0},"geometry":{"type":"Polygon","coordinates":[[[-97.14764,33.18339],[-97.13783,33.19377],[-97.14382,33.20634],[-97.15963,33.20853],[-97.16944,33.19816],[-97.16345,33.18559],[-97.14764,33.18339]]]}},{"type":"Feature","properties":{"h3":"8726cbd58ffffff","mii":29,"trt":0.0,"glp1":0.55,"pharmacy":0.0,"gym":0.0,"n":1},"geometry":{"type":"Polygon","coordinates":[[[-97.07578,32.59741],[-97.06601,32.60782],[-97.07196,32.62042],[-97.08768,32.62261],[-97.09745,32.61219],[-97.09149,32.5996],[-97.07578,32.59741]]]}},{"type":"Feature","properties":{"h3":"8726cbd70ffffff","mii":29,"trt":0.0,"glp1":0.55,"pharmacy":0.0,"gym":0.0,"n":1},"geometry":{"type":"Polygon","coordinates":[[[-97.08218,32.70421],[-97.0724,32.71462],[-97.07835,32.72721],[-97.09409,32.7294],[-97.10387,32.71899],[-97.09791,32.7064],[-97.08218,32.70421]]]}},{"type":"Feature","properties":{"h3":"8726c8694ffffff","mii":29,"trt":0.0,"glp1":0.0,"pharmacy":0.0,"gym":0.0,"n":0},"geometry":{"type":"Polygon","coordinates":[[[-97.23696,32.93734],[-97.22717,32.94774],[-97.23316,32.96032],[-97.24894,32.9625],[-97.25873,32.9521],[-97.25274,32.93952],[-97.23696,32.93734]]]}},{"type":"Feature","properties":{"h3":"8726cbc75ffffff","mii":29,"trt":0.0,"glp1":3.95,"pharmacy":0.0,"gym":0.0,"n":7},"geometry":{"type":"Polygon","coordinates":[[[-97.08341,32.55138],[-97.07365,32.5618],[-97.07959,32.5744],[-97.09531,32.57658],[-97.10507,32.56617],[-97.09912,32.55357],[-97.08341,32.55138]]]}},{"type":"Feature","properties":{"h3":"8726c83a6ffffff","mii":29,"trt":0.0,"glp1":1.75,"pharmacy":0.0,"gym":0.0,"n":3},"geometry":{"type":"Polygon","coordinates":[[[-96.61927,33.15573],[-96.60944,33.16605],[-96.61535,33.17863],[-96.6311,33.18089],[-96.64094,33.17057],[-96.63502,33.15799],[-96.61927,33.15573]]]}},{"type":"Feature","properties":{"h3":"8726c8716ffffff","mii":29,"trt":0.0,"glp1":0.0,"pharmacy":0.0,"gym":0.0,"n":0},"geometry":{"type":"Polygon","coordinates":[[[-97.05668,33.14724],[-97.04687,33.15761],[-97.05284,33.17018],[-97.06864,33.17239],[-97.07845,33.16202],[-97.07248,33.14945],[-97.05668,33.14724]]]}},{"type":"Feature","properties":{"h3":"8726c875effffff","mii":29,"trt":0.0,"glp1":0.0,"pharmacy":0.0,"gym":0.0,"n":0},"geometry":{"type":"Polygon","coordinates":[[[-96.86498,32.99116],[-96.85517,33.00151],[-96.86111,33.0141],[-96.87687,33.01632],[-96.88668,33.00596],[-96.88073,32.99338],[-96.86498,32.99116]]]}},{"type":"Feature","properties":{"h3":"8726c8623ffffff","mii":29,"trt":0.0,"glp1":2.9,"pharmacy":0.0,"gym":0.0,"n":5},"geometry":{"type":"Polygon","coordinates":[[[-96.95952,33.00447],[-96.94971,33.01484],[-96.95566,33.02742],[-96.97143,33.02963],[-96.98124,33.01926],[-96.97528,33.00668],[-96.95952,33.00447]]]}},{"type":"Feature","properties":{"h3":"8726cbdabffffff","mii":28,"trt":0.0,"glp1":1.85,"pharmacy":0.0,"gym":0.0,"n":3},"geometry":{"type":"Polygon","coordinates":[[[-97.30419,32.67606],[-97.29442,32.68649],[-97.30041,32.69908],[-97.31616,32.70124],[-97.32593,32.69081],[-97.31994,32.67822],[-97.30419,32.67606]]]}},{"type":"Feature","properties":{"h3":"8726cbd12ffffff","mii":28,"trt":0.0,"glp1":0.55,"pharmacy":0.0,"gym":0.0,"n":1},"geometry":{"type":"Polygon","coordinates":[[[-97.29284,32.74511],[-97.28307,32.75553],[-97.28906,32.76812],[-97.30482,32.77029],[-97.31459,32.75986],[-97.3086,32.74727],[-97.29284,32.74511]]]}},{"type":"Feature","properties":{"h3":"8726caa63ffffff","mii":28,"trt":0.0,"glp1":1.1,"pharmacy":0.0,"gym":0.0,"n":2},"geometry":{"type":"Polygon","coordinates":[[[-97.31745,32.88964],[-97.30767,32.90005],[-97.31367,32.91263],[-97.32946,32.9148],[-97.33924,32.90439],[-97.33324,32.8918],[-97.31745,32.88964]]]}},{"type":"Feature","properties":{"h3":"8726c860cffffff","mii":28,"trt":0.0,"glp1":0.0,"pharmacy":0.0,"gym":0.45,"n":1},"geometry":{"type":"Polygon","coordinates":[[[-96.94552,32.94376],[-96.93571,32.95413],[-96.94166,32.96672],[-96.95742,32.96893],[-96.96722,32.95856],[-96.96127,32.94598],[-96.94552,32.94376]]]}},{"type":"Feature","properties":{"h3":"8726c829bffffff","mii":28,"trt":0.0,"glp1":0.55,"pharmacy":0.0,"gym":0.45,"n":2},"geometry":{"type":"Polygon","coordinates":[[[-96.69563,32.84965],[-96.68582,32.86],[-96.69173,32.87259],[-96.70745,32.87483],[-96.71725,32.86448],[-96.71134,32.85189],[-96.69563,32.84965]]]}},{"type":"Feature","properties":{"h3":"8726cb934ffffff","mii":28,"trt":0.0,"glp1":0.0,"pharmacy":0.0,"gym":0.0,"n":0},"geometry":{"type":"Polygon","coordinates":[[[-96.72114,32.84153],[-96.71134,32.85189],[-96.71725,32.86448],[-96.73297,32.86672],[-96.74277,32.85636],[-96.73686,32.84377],[-96.72114,32.84153]]]}},{"type":"Feature","properties":{"h3":"8726c80ddffffff","mii":28,"trt":0.0,"glp1":0.0,"pharmacy":0.0,"gym":0.0,"n":0},"geometry":{"type":"Polygon","coordinates":[[[-96.79056,33.14498],[-96.78073,33.15532],[-96.78667,33.16789],[-96.80244,33.17013],[-96.81226,33.15979],[-96.80632,33.14721],[-96.79056,33.14498]]]}},{"type":"Feature","properties":{"h3":"8726cbd8effffff","mii":28,"trt":0.0,"glp1":0.55,"pharmacy":0.0,"gym":0.0,"n":1},"geometry":{"type":"Polygon","coordinates":[[[-97.35522,32.65951],[-97.34546,32.66994],[-97.35145,32.68253],[-97.36721,32.68469],[-97.37697,32.67425],[-97.37097,32.66166],[-97.35522,32.65951]]]}},{"type":"Feature","properties":{"h3":"8726c8758ffffff","mii":28,"trt":0.0,"glp1":0.65,"pharmacy":0.0,"gym":0.0,"n":1},"geometry":{"type":"Polygon","coordinates":[[[-96.8433,32.97635],[-96.83349,32.9867],[-96.83942,32.99929],[-96.85517,33.00151],[-96.86498,32.99116],[-96.85904,32.97857],[-96.8433,32.97635]]]}},{"type":"Feature","properties":{"h3":"8726caa6affffff","mii":28,"trt":0.0,"glp1":1.65,"pharmacy":0.0,"gym":0.0,"n":3},"geometry":{"type":"Polygon","coordinates":[[[-97.29946,32.85189],[-97.28968,32.8623],[-97.29568,32.87489],[-97.31146,32.87706],[-97.32124,32.86664],[-97.31524,32.85406],[-97.29946,32.85189]]]}},{"type":"Feature","properties":{"h3":"8726caa41ffffff","mii":28,"trt":0.9,"glp1":1.8,"pharmacy":0.0,"gym":0.0,"n":5},"geometry":{"type":"Polygon","coordinates":[[[-97.32502,32.84364],[-97.31524,32.85406],[-97.32124,32.86664],[-97.33702,32.8688],[-97.3468,32.85838],[-97.3408,32.8458],[-97.32502,32.84364]]]}},{"type":"Feature","properties":{"h3":"8726cbc76ffffff","mii":28,"trt":0.0,"glp1":2.95,"pharmacy":0.0,"gym":0.0,"n":5},"geometry":{"type":"Polygon","coordinates":[[[-97.13055,32.55793],[-97.12079,32.56835],[-97.12674,32.58095],[-97.14246,32.58313],[-97.15223,32.5727],[-97.14627,32.5601],[-97.13055,32.55793]]]}},{"type":"Feature","properties":{"h3":"8726c878cffffff","mii":28,"trt":0.0,"glp1":0.0,"pharmacy":0.0,"gym":0.0,"n":0},"geometry":{"type":"Polygon","coordinates":[[[-97.09762,33.04727],[-97.08781,33.05765],[-97.09379,33.07023],[-97.10957,33.07243],[-97.11938,33.06205],[-97.1134,33.04947],[-97.09762,33.04727]]]}},{"type":"Feature","properties":{"h3":"8726c82deffffff","mii":28,"trt":0.0,"glp1":2.95,"pharmacy":0.0,"gym":0.0,"n":5},"geometry":{"type":"Polygon","coordinates":[[[-96.56214,32.78354],[-96.55233,32.79389],[-96.55822,32.80648],[-96.57391,32.80874],[-96.58372,32.79839],[-96.57783,32.7858],[-96.56214,32.78354]]]}},{"type":"Feature","properties":{"h3":"8726cb985ffffff","mii":27,"trt":0.0,"glp1":0.0,"pharmacy":0.0,"gym":0.0,"n":0},"geometry":{"type":"Polygon","coordinates":[[[-96.83868,32.71713],[-96.82889,32.72751],[-96.83481,32.7401],[-96.85053,32.74232],[-96.86032,32.73194],[-96.85439,32.71935],[-96.83868,32.71713]]]}},{"type":"Feature","properties":{"h3":"8726c8288ffffff","mii":27,"trt":0.0,"glp1":3.4,"pharmacy":0.0,"gym":0.45,"n":7},"geometry":{"type":"Polygon","coordinates":[[[-96.61908,32.87396],[-96.60927,32.8843],[-96.61517,32.89689],[-96.63088,32.89914],[-96.64069,32.8888],[-96.63479,32.87621],[-96.61908,32.87396]]]}},{"type":"Feature","properties":{"h3":"8726c872cffffff","mii":27,"trt":0.0,"glp1":2.4,"pharmacy":0.0,"gym":0.0,"n":4},"geometry":{"type":"Polygon","coordinates":[[[-96.88517,33.15837],[-96.87535,33.16872],[-96.8813,33.18129],[-96.89708,33.18352],[-96.9069,33.17317],[-96.90095,33.1606],[-96.88517,33.15837]]]}},{"type":"Feature","properties":{"h3":"8726c80eaffffff","mii":27,"trt":0.0,"glp1":1.65,"pharmacy":0.0,"gym":0.0,"n":3},"geometry":{"type":"Polygon","coordinates":[[[-96.73548,33.18408],[-96.72565,33.19441],[-96.73158,33.20698],[-96.74735,33.20923],[-96.75718,33.1989],[-96.75124,33.18632],[-96.73548,33.18408]]]}},{"type":"Feature","properties":{"h3":"8726c8625ffffff","mii":27,"trt":0.0,"glp1":0.0,"pharmacy":0.0,"gym":0.0,"n":0},"geometry":{"type":"Polygon","coordinates":[[[-96.93009,33.03557],[-96.92028,33.04593],[-96.92623,33.05851],[-96.942,33.06073],[-96.95181,33.05036],[-96.94585,33.03778],[-96.93009,33.03557]]]}},{"type":"Feature","properties":{"h3":"8726c865cffffff","mii":27,"trt":0.0,"glp1":0.0,"pharmacy":0.0,"gym":0.0,"n":0},"geometry":{"type":"Polygon","coordinates":[[[-96.86651,32.83863],[-96.85671,32.849],[-96.86265,32.86159],[-96.87838,32.86381],[-96.88818,32.85344],[-96.88224,32.84085],[-96.86651,32.83863]]]}},{"type":"Feature","properties":{"h3":"8726c82a4ffffff","mii":27,"trt":0.0,"glp1":3.05,"pharmacy":0.0,"gym":0.0,"n":5},"geometry":{"type":"Polygon","coordinates":[[[-96.62113,33.00344],[-96.61131,33.01377],[-96.61722,33.02635],[-96.63295,33.02861],[-96.64277,33.01827],[-96.63686,33.00569],[-96.62113,33.00344]]]}},{"type":"Feature","properties":{"h3":"8726cbca8ffffff","mii":27,"trt":0.0,"glp1":0.55,"pharmacy":0.0,"gym":0.0,"n":1},"geometry":{"type":"Polygon","coordinates":[[[-97.32684,32.53787],[-97.31708,32.54831],[-97.32306,32.56091],[-97.3388,32.56306],[-97.34856,32.55262],[-97.34257,32.54002],[-97.32684,32.53787]]]}},{"type":"Feature","properties":{"h3":"8726cab4bffffff","mii":27,"trt":0.0,"glp1":0.0,"pharmacy":0.0,"gym":0.0,"n":0},"geometry":{"type":"Polygon","coordinates":[[[-97.28431,32.94387],[-97.27452,32.95427],[-97.28052,32.96685],[-97.29631,32.96902],[-97.3061,32.95862],[-97.3001,32.94604],[-97.28431,32.94387]]]}},{"type":"Feature","properties":{"h3":"8726c8392ffffff","mii":27,"trt":0.6,"glp1":4.45,"pharmacy":0.0,"gym":0.0,"n":8},"geometry":{"type":"Polygon","coordinates":[[[-96.72939,33.0776],[-96.71957,33.08794],[-96.72549,33.10052],[-96.74124,33.10276],[-96.75107,33.09242],[-96.74514,33.07984],[-96.72939,33.0776]]]}},{"type":"Feature","properties":{"h3":"8726c8058ffffff","mii":27,"trt":0.0,"glp1":1.65,"pharmacy":0.0,"gym":0.0,"n":3},"geometry":{"type":"Polygon","coordinates":[[[-96.63702,33.19347],[-96.62718,33.20379],[-96.6331,33.21636],[-96.64886,33.21862],[-96.6587,33.2083],[-96.65277,33.19573],[-96.63702,33.19347]]]}},{"type":"Feature","properties":{"h3":"8726cbd40ffffff","mii":27,"trt":0.6,"glp1":3.9,"pharmacy":0.0,"gym":0.0,"n":7},"geometry":{"type":"Polygon","coordinates":[[[-97.04264,32.65164],[-97.03287,32.66204],[-97.03882,32.67464],[-97.05454,32.67683],[-97.06431,32.66643],[-97.05836,32.65383],[-97.04264,32.65164]]]}},{"type":"Feature","properties":{"h3":"8726c87a9ffffff","mii":27,"trt":0.0,"glp1":2.95,"pharmacy":0.0,"gym":0.0,"n":5},"geometry":{"type":"Polygon","coordinates":[[[-97.04644,33.06362],[-97.03663,33.074],[-97.0426,33.08657],[-97.05839,33.08878],[-97.0682,33.0784],[-97.06222,33.06583],[-97.04644,33.06362]]]}},{"type":"Feature","properties":{"h3":"8726c8622ffffff","mii":27,"trt":0.6,"glp1":0.0,"pharmacy":0.0,"gym":0.0,"n":1},"geometry":{"type":"Polygon","coordinates":[[[-96.98124,33.01926],[-96.97143,33.02963],[-96.97739,33.04221],[-96.99316,33.04442],[-97.00296,33.03405],[-96.997,33.02147],[-96.98124,33.01926]]]}},{"type":"Feature","properties":{"h3":"8726c8635ffffff","mii":27,"trt":0.0,"glp1":9.55,"pharmacy":0.0,"gym":0.0,"n":17},"geometry":{"type":"Polygon","coordinates":[[[-97.00296,33.03405],[-96.99316,33.04442],[-96.99912,33.057],[-97.01489,33.05921],[-97.0247,33.04884],[-97.01874,33.03626],[-97.00296,33.03405]]]}},{"type":"Feature","properties":{"h3":"8726c868effffff","mii":27,"trt":0.8,"glp1":3.05,"pharmacy":0.0,"gym":0.0,"n":6},"geometry":{"type":"Polygon","coordinates":[[[-97.14994,32.87828],[-97.14015,32.88868],[-97.14613,32.90126],[-97.16189,32.90345],[-97.17168,32.89305],[-97.16571,32.88046],[-97.14994,32.87828]]]}},{"type":"Feature","properties":{"h3":"8726c8695ffffff","mii":27,"trt":0.0,"glp1":4.25,"pharmacy":0.0,"gym":0.0,"n":7},"geometry":{"type":"Polygon","coordinates":[[[-97.21519,32.92258],[-97.2054,32.93298],[-97.21139,32.94556],[-97.22717,32.94774],[-97.23696,32.93734],[-97.23097,32.92476],[-97.21519,32.92258]]]}},{"type":"Feature","properties":{"h3":"8726c861dffffff","mii":26,"trt":0.0,"glp1":1.75,"pharmacy":0.0,"gym":0.0,"n":3},"geometry":{"type":"Polygon","coordinates":[[[-96.99662,32.92743],[-96.98682,32.93781],[-96.99278,32.95039],[-97.00854,32.9526],[-97.01834,32.94222],[-97.01238,32.92964],[-96.99662,32.92743]]]}},{"type":"Feature","properties":{"h3":"8726c8670ffffff","mii":26,"trt":0.0,"glp1":1.2,"pharmacy":0.0,"gym":0.0,"n":2},"geometry":{"type":"Polygon","coordinates":[[[-96.87659,32.92231],[-96.86678,32.93268],[-96.87272,32.94526],[-96.88847,32.94748],[-96.89827,32.93712],[-96.89233,32.92453],[-96.87659,32.92231]]]}},{"type":"Feature","properties":{"h3":"8726c8291ffffff","mii":26,"trt":0.0,"glp1":0.0,"pharmacy":0.0,"gym":0.0,"n":0},"geometry":{"type":"Polygon","coordinates":[[[-96.70946,32.91037],[-96.69965,32.92071],[-96.70557,32.9333],[-96.72129,32.93554],[-96.7311,32.92519],[-96.72519,32.9126],[-96.70946,32.91037]]]}},{"type":"Feature","properties":{"h3":"8726cbd75ffffff","mii":26,"trt":0.95,"glp1":0.55,"pharmacy":0.0,"gym":0.0,"n":3},"geometry":{"type":"Polygon","coordinates":[[[-97.05667,32.71243],[-97.04689,32.72283],[-97.05284,32.73542],[-97.06857,32.73761],[-97.07835,32.72721],[-97.0724,32.71462],[-97.05667,32.71243]]]}},{"type":"Feature","properties":{"h3":"8726cbd91ffffff","mii":26,"trt":0.0,"glp1":0.0,"pharmacy":0.0,"gym":0.0,"n":0},"geometry":{"type":"Polygon","coordinates":[[[-97.42425,32.6807],[-97.41449,32.69115],[-97.42049,32.70373],[-97.43626,32.70588],[-97.44602,32.69544],[-97.44002,32.68285],[-97.42425,32.6807]]]}},{"type":"Feature","properties":{"h3":"8726cbcacffffff","mii":26,"trt":0.0,"glp1":2.85,"pharmacy":0.0,"gym":0.0,"n":5},"geometry":{"type":"Polygon","coordinates":[[[-97.32306,32.56091],[-97.31331,32.57135],[-97.31929,32.58394],[-97.33503,32.5861],[-97.34479,32.57566],[-97.3388,32.56306],[-97.32306,32.56091]]]}},{"type":"Feature","properties":{"h3":"8726cbca9ffffff","mii":26,"trt":0.0,"glp1":3.6,"pharmacy":0.0,"gym":0.0,"n":6},"geometry":{"type":"Polygon","coordinates":[[[-97.30512,32.52311],[-97.29537,32.53356],[-97.30135,32.54615],[-97.31708,32.54831],[-97.32684,32.53787],[-97.32085,32.52527],[-97.30512,32.52311]]]}},{"type":"Feature","properties":{"h3":"8726cbda6ffffff","mii":26,"trt":0.0,"glp1":0.55,"pharmacy":0.0,"gym":0.0,"n":1},"geometry":{"type":"Polygon","coordinates":[[[-97.36189,32.76634],[-97.35212,32.77677],[-97.35812,32.78936],[-97.3739,32.79152],[-97.38367,32.78109],[-97.37766,32.7685],[-97.36189,32.76634]]]}},{"type":"Feature","properties":{"h3":"8726cb136ffffff","mii":26,"trt":0.6,"glp1":5.35,"pharmacy":0.0,"gym":0.0,"n":10},"geometry":{"type":"Polygon","coordinates":[[[-96.97905,32.4544],[-96.96929,32.46481],[-96.97521,32.47742],[-96.99091,32.47961],[-97.00067,32.4692],[-96.99473,32.4566],[-96.97905,32.4544]]]}},{"type":"Feature","properties":{"h3":"8726c8382ffffff","mii":26,"trt":0.0,"glp1":0.55,"pharmacy":0.0,"gym":0.0,"n":1},"geometry":{"type":"Polygon","coordinates":[[[-96.65659,33.07894],[-96.64677,33.08927],[-96.65268,33.10185],[-96.66843,33.10411],[-96.67825,33.09378],[-96.67233,33.08119],[-96.65659,33.07894]]]}},{"type":"Feature","properties":{"h3":"8726cbc88ffffff","mii":25,"trt":0.0,"glp1":0.75,"pharmacy":0.0,"gym":0.45,"n":2},"geometry":{"type":"Polygon","coordinates":[[[-97.35985,32.48348],[-97.3501,32.49393],[-97.35609,32.50653],[-97.37182,32.50868],[-97.38157,32.49823],[-97.37558,32.48563],[-97.35985,32.48348]]]}},{"type":"Feature","properties":{"h3":"8726cb8b4ffffff","mii":25,"trt":0.0,"glp1":0.0,"pharmacy":0.0,"gym":0.0,"n":0},"geometry":{"type":"Polygon","coordinates":[[[-96.92671,32.62365],[-96.91694,32.63405],[-96.92287,32.64664],[-96.93857,32.64885],[-96.94835,32.63846],[-96.94242,32.62586],[-96.92671,32.62365]]]}},{"type":"Feature","properties":{"h3":"8726c8602ffffff","mii":25,"trt":0.0,"glp1":0.0,"pharmacy":0.0,"gym":0.0,"n":0},"geometry":{"type":"Polygon","coordinates":[[[-97.0145,32.96518],[-97.00469,32.97556],[-97.01065,32.98814],[-97.02642,32.99035],[-97.03622,32.97997],[-97.03026,32.96739],[-97.0145,32.96518]]]}},{"type":"Feature","properties":{"h3":"8726c861cffffff","mii":25,"trt":0.0,"glp1":0.0,"pharmacy":0.0,"gym":0.0,"n":0},"geometry":{"type":"Polygon","coordinates":[[[-97.01834,32.94222],[-97.00854,32.9526],[-97.0145,32.96518],[-97.03026,32.96739],[-97.04006,32.95701],[-97.0341,32.94443],[-97.01834,32.94222]]]}},{"type":"Feature","properties":{"h3":"8726c860dffffff","mii":25,"trt":0.0,"glp1":0.0,"pharmacy":0.0,"gym":0.0,"n":0},"geometry":{"type":"Polygon","coordinates":[[[-96.92382,32.92896],[-96.91402,32.93933],[-96.91996,32.95192],[-96.93571,32.95413],[-96.94552,32.94376],[-96.93957,32.93118],[-96.92382,32.92896]]]}},{"type":"Feature","properties":{"h3":"8726c80f1ffffff","mii":25,"trt":0.0,"glp1":0.55,"pharmacy":0.0,"gym":0.0,"n":1},"geometry":{"type":"Polygon","coordinates":[[[-96.8006,33.22853],[-96.79077,33.23886],[-96.79671,33.25144],[-96.81249,33.25368],[-96.82232,33.24334],[-96.81638,33.23077],[-96.8006,33.22853]]]}},{"type":"Feature","properties":{"h3":"8726c820bffffff","mii":25,"trt":0.0,"glp1":1.3,"pharmacy":0.0,"gym":0.0,"n":2},"geometry":{"type":"Polygon","coordinates":[[[-96.44441,32.90754],[-96.43459,32.91786],[-96.44046,32.93045],[-96.45616,32.93272],[-96.46598,32.9224],[-96.4601,32.90981],[-96.44441,32.90754]]]}},{"type":"Feature","properties":{"h3":"8726c8252ffffff","mii":25,"trt":0.0,"glp1":0.55,"pharmacy":0.0,"gym":0.0,"n":1},"geometry":{"type":"Polygon","coordinates":[[[-96.42679,32.86975],[-96.41697,32.88007],[-96.42284,32.89267],[-96.43853,32.89494],[-96.44835,32.88462],[-96.44248,32.87202],[-96.42679,32.86975]]]}},{"type":"Feature","properties":{"h3":"8726cb8a0ffffff","mii":25,"trt":0.0,"glp1":3.3,"pharmacy":0.0,"gym":0.0,"n":6},"geometry":{"type":"Polygon","coordinates":[[[-96.85799,32.60222],[-96.84821,32.6126],[-96.85413,32.6252],[-96.86983,32.62742],[-96.87961,32.61703],[-96.87368,32.60443],[-96.85799,32.60222]]]}},{"type":"Feature","properties":{"h3":"8726c829effffff","mii":25,"trt":0.0,"glp1":0.75,"pharmacy":0.0,"gym":0.0,"n":1},"geometry":{"type":"Polygon","coordinates":[[[-96.71336,32.88742],[-96.70355,32.89778],[-96.70946,32.91037],[-96.72519,32.9126],[-96.73499,32.90225],[-96.72908,32.88966],[-96.71336,32.88742]]]}},{"type":"Feature","properties":{"h3":"8726cbd93ffffff","mii":25,"trt":0.0,"glp1":1.3,"pharmacy":0.0,"gym":0.0,"n":2},"geometry":{"type":"Polygon","coordinates":[[[-97.44977,32.67241],[-97.44002,32.68285],[-97.44602,32.69544],[-97.46179,32.69758],[-97.47155,32.68714],[-97.46554,32.67455],[-97.44977,32.67241]]]}},{"type":"Feature","properties":{"h3":"8726cbd82ffffff","mii":25,"trt":0.0,"glp1":3.6,"pharmacy":0.0,"gym":0.0,"n":6},"geometry":{"type":"Polygon","coordinates":[[[-97.39873,32.689],[-97.38896,32.69943],[-97.39496,32.71202],[-97.41073,32.71417],[-97.42049,32.70373],[-97.41449,32.69115],[-97.39873,32.689]]]}},{"type":"Feature","properties":{"h3":"8726cbd34ffffff","mii":24,"trt":0.0,"glp1":1.3,"pharmacy":0.0,"gym":0.0,"n":2},"geometry":{"type":"Polygon","coordinates":[[[-97.23039,32.83062],[-97.22061,32.84103],[-97.2266,32.85361],[-97.24236,32.85579],[-97.25215,32.84538],[-97.24616,32.83279],[-97.23039,32.83062]]]}},{"type":"Feature","properties":{"h3":"8726cb935ffffff","mii":24,"trt":0.0,"glp1":5.15,"pharmacy":0.0,"gym":0.0,"n":9},"geometry":{"type":"Polygon","coordinates":[[[-96.69952,32.8267],[-96.68972,32.83706],[-96.69563,32.84965],[-96.71134,32.85189],[-96.72114,32.84153],[-96.71523,32.82894],[-96.69952,32.8267]]]}},{"type":"Feature","properties":{"h3":"8726cb980ffffff","mii":24,"trt":0.0,"glp1":2.5,"pharmacy":0.0,"gym":0.0,"n":4},"geometry":{"type":"Polygon","coordinates":[[[-96.86418,32.70897],[-96.85439,32.71935],[-96.86032,32.73194],[-96.87603,32.73416],[-96.88582,32.72378],[-96.87989,32.71118],[-96.86418,32.70897]]]}},{"type":"Feature","properties":{"h3":"8726c828cffffff","mii":24,"trt":0.0,"glp1":0.0,"pharmacy":0.0,"gym":0.0,"n":0},"geometry":{"type":"Polygon","coordinates":[[[-96.61517,32.89689],[-96.60536,32.90723],[-96.61125,32.91982],[-96.62697,32.92207],[-96.63678,32.91173],[-96.63088,32.89914],[-96.61517,32.89689]]]}},{"type":"Feature","properties":{"h3":"8726c876dffffff","mii":24,"trt":0.0,"glp1":0.0,"pharmacy":0.0,"gym":0.0,"n":0},"geometry":{"type":"Polygon","coordinates":[[[-96.71162,33.03985],[-96.7018,33.05019],[-96.70772,33.06277],[-96.72347,33.06502],[-96.73329,33.05468],[-96.72737,33.04209],[-96.71162,33.03985]]]}},{"type":"Feature","properties":{"h3":"8726cb965ffffff","mii":24,"trt":0.0,"glp1":0.0,"pharmacy":0.0,"gym":0.0,"n":0},"geometry":{"type":"Polygon","coordinates":[[[-96.47591,32.72412],[-96.4661,32.73446],[-96.47197,32.74706],[-96.48765,32.74932],[-96.49745,32.73898],[-96.49158,32.72638],[-96.47591,32.72412]]]}},{"type":"Feature","properties":{"h3":"8726c9590ffffff","mii":24,"trt":0.0,"glp1":0.55,"pharmacy":0.0,"gym":0.0,"n":1},"geometry":{"type":"Polygon","coordinates":[[[-96.4289,32.71733],[-96.4191,32.72766],[-96.42496,32.74026],[-96.44063,32.74253],[-96.45043,32.73219],[-96.44457,32.71959],[-96.4289,32.71733]]]}},{"type":"Feature","properties":{"h3":"8726cbd83ffffff","mii":24,"trt":0.0,"glp1":0.65,"pharmacy":0.0,"gym":0.0,"n":1},"geometry":{"type":"Polygon","coordinates":[[[-97.37697,32.67425],[-97.36721,32.68469],[-97.3732,32.69728],[-97.38896,32.69943],[-97.39873,32.689],[-97.39273,32.67641],[-97.37697,32.67425]]]}},{"type":"Feature","properties":{"h3":"8726c8212ffffff","mii":24,"trt":0.0,"glp1":0.0,"pharmacy":0.0,"gym":0.0,"n":0},"geometry":{"type":"Polygon","coordinates":[[[-96.57789,32.97375],[-96.56807,32.98408],[-96.57397,32.99667],[-96.58969,32.99893],[-96.59951,32.98859],[-96.59361,32.97601],[-96.57789,32.97375]]]}},{"type":"Feature","properties":{"h3":"8726cb8a2ffffff","mii":24,"trt":0.0,"glp1":0.55,"pharmacy":0.0,"gym":0.0,"n":1},"geometry":{"type":"Polygon","coordinates":[[[-96.88346,32.59404],[-96.87368,32.60443],[-96.87961,32.61703],[-96.89531,32.61924],[-96.90508,32.60885],[-96.89916,32.59625],[-96.88346,32.59404]]]}},{"type":"Feature","properties":{"h3":"8726c865affffff","mii":24,"trt":0.0,"glp1":0.0,"pharmacy":0.0,"gym":0.0,"n":0},"geometry":{"type":"Polygon","coordinates":[[[-96.8959,32.8075],[-96.8861,32.81788],[-96.89204,32.83047],[-96.90777,32.83269],[-96.91756,32.82231],[-96.91162,32.80972],[-96.8959,32.8075]]]}},{"type":"Feature","properties":{"h3":"8726cbd62ffffff","mii":24,"trt":0.0,"glp1":0.65,"pharmacy":0.0,"gym":0.0,"n":1},"geometry":{"type":"Polygon","coordinates":[[[-97.03499,32.69764],[-97.02521,32.70804],[-97.03116,32.72063],[-97.04689,32.72283],[-97.05667,32.71243],[-97.05071,32.69983],[-97.03499,32.69764]]]}},{"type":"Feature","properties":{"h3":"8726ca36dffffff","mii":24,"trt":0.0,"glp1":0.0,"pharmacy":0.0,"gym":0.0,"n":0},"geometry":{"type":"Polygon","coordinates":[[[-97.45353,32.64937],[-97.44377,32.65982],[-97.44977,32.67241],[-97.46554,32.67455],[-97.4753,32.6641],[-97.46929,32.65151],[-97.45353,32.64937]]]}},{"type":"Feature","properties":{"h3":"8726caa45ffffff","mii":24,"trt":0.0,"glp1":1.65,"pharmacy":0.0,"gym":0.0,"n":3},"geometry":{"type":"Polygon","coordinates":[[[-97.32124,32.86664],[-97.31146,32.87706],[-97.31745,32.88964],[-97.33324,32.8918],[-97.34302,32.88139],[-97.33702,32.8688],[-97.32124,32.86664]]]}},{"type":"Feature","properties":{"h3":"8726cbd95ffffff","mii":24,"trt":0.0,"glp1":1.1,"pharmacy":0.0,"gym":0.0,"n":2},"geometry":{"type":"Polygon","coordinates":[[[-97.42049,32.70373],[-97.41073,32.71417],[-97.41673,32.72676],[-97.4325,32.72891],[-97.44227,32.71847],[-97.43626,32.70588],[-97.42049,32.70373]]]}},{"type":"Feature","properties":{"h3":"8726cbd0dffffff","mii":24,"trt":0.0,"glp1":2.4,"pharmacy":0.0,"gym":0.0,"n":4},"geometry":{"type":"Polygon","coordinates":[[[-97.12938,32.71077],[-97.11961,32.72118],[-97.12557,32.73377],[-97.14131,32.73596],[-97.15109,32.72555],[-97.14512,32.71296],[-97.12938,32.71077]]]}},{"type":"Feature","properties":{"h3":"8726c8390ffffff","mii":24,"trt":0.0,"glp1":0.55,"pharmacy":0.0,"gym":0.0,"n":1},"geometry":{"type":"Polygon","coordinates":[[[-96.70382,33.08569],[-96.694,33.09602],[-96.69992,33.10861],[-96.71567,33.11085],[-96.72549,33.10052],[-96.71957,33.08794],[-96.70382,33.08569]]]}},{"type":"Feature","properties":{"h3":"8726c872bffffff","mii":24,"trt":0.6,"glp1":1.25,"pharmacy":0.0,"gym":0.0,"n":3},"geometry":{"type":"Polygon","coordinates":[[[-96.89292,33.11252],[-96.8831,33.12287],[-96.88905,33.13545],[-96.90482,33.13767],[-96.91464,33.12732],[-96.90869,33.11474],[-96.89292,33.11252]]]}},{"type":"Feature","properties":{"h3":"8726c80d5ffffff","mii":24,"trt":0.0,"glp1":1.3,"pharmacy":0.0,"gym":0.0,"n":2},"geometry":{"type":"Polygon","coordinates":[[[-96.83009,33.19752],[-96.82026,33.20786],[-96.82621,33.22043],[-96.84199,33.22267],[-96.85182,33.21233],[-96.84587,33.19975],[-96.83009,33.19752]]]}},{"type":"Feature","properties":{"h3":"8726c87a8ffffff","mii":24,"trt":0.0,"glp1":0.75,"pharmacy":0.0,"gym":0.0,"n":1},"geometry":{"type":"Polygon","coordinates":[[[-97.0682,33.0784],[-97.05839,33.08878],[-97.06436,33.10135],[-97.08015,33.10356],[-97.08996,33.09318],[-97.08398,33.08061],[-97.0682,33.0784]]]}},{"type":"Feature","properties":{"h3":"8726c862dffffff","mii":24,"trt":0.0,"glp1":1.65,"pharmacy":0.0,"gym":0.0,"n":3},"geometry":{"type":"Polygon","coordinates":[[[-96.89054,32.98302],[-96.88073,32.99338],[-96.88668,33.00596],[-96.90243,33.00818],[-96.91224,32.99782],[-96.9063,32.98524],[-96.89054,32.98302]]]}},{"type":"Feature","properties":{"h3":"8726cbd65ffffff","mii":23,"trt":0.0,"glp1":0.0,"pharmacy":0.0,"gym":0.0,"n":0},"geometry":{"type":"Polygon","coordinates":[[[-96.98398,32.71404],[-96.9742,32.72443],[-96.98014,32.73702],[-96.99587,32.73922],[-97.00565,32.72883],[-96.9997,32.71624],[-96.98398,32.71404]]]}},{"type":"Feature","properties":{"h3":"8726cbd30ffffff","mii":23,"trt":0.0,"glp1":0.0,"pharmacy":0.0,"gym":0.0,"n":0},"geometry":{"type":"Polygon","coordinates":[[[-97.23419,32.80762],[-97.22441,32.81803],[-97.23039,32.83062],[-97.24616,32.83279],[-97.25594,32.82238],[-97.24995,32.80979],[-97.23419,32.80762]]]}},{"type":"Feature","properties":{"h3":"8726c862affffff","mii":23,"trt":0.0,"glp1":0.0,"pharmacy":0.0,"gym":0.0,"n":0},"geometry":{"type":"Polygon","coordinates":[[[-96.94166,32.96672],[-96.93186,32.97709],[-96.93781,32.98967],[-96.95356,32.99189],[-96.96337,32.98152],[-96.95742,32.96893],[-96.94166,32.96672]]]}},{"type":"Feature","properties":{"h3":"8726c86a2ffffff","mii":23,"trt":0.0,"glp1":0.0,"pharmacy":0.0,"gym":0.65,"n":1},"geometry":{"type":"Polygon","coordinates":[[[-97.16024,32.96199],[-97.15045,32.97238],[-97.15643,32.98496],[-97.17221,32.98715],[-97.18201,32.97675],[-97.17602,32.96417],[-97.16024,32.96199]]]}},{"type":"Feature","properties":{"h3":"8726cb9a2ffffff","mii":23,"trt":0.0,"glp1":0.55,"pharmacy":0.0,"gym":0.0,"n":1},"geometry":{"type":"Polygon","coordinates":[[[-96.85645,32.75492],[-96.84666,32.76529],[-96.85259,32.77789],[-96.86831,32.7801],[-96.8781,32.76973],[-96.87217,32.75713],[-96.85645,32.75492]]]}},{"type":"Feature","properties":{"h3":"8726c828bffffff","mii":23,"trt":0.0,"glp1":1.2,"pharmacy":0.0,"gym":0.0,"n":2},"geometry":{"type":"Polygon","coordinates":[[[-96.62299,32.85102],[-96.61318,32.86137],[-96.61908,32.87396],[-96.63479,32.87621],[-96.64459,32.86586],[-96.63869,32.85327],[-96.62299,32.85102]]]}},{"type":"Feature","properties":{"h3":"8726c8256ffffff","mii":23,"trt":0.0,"glp1":0.0,"pharmacy":0.0,"gym":0.0,"n":0},"geometry":{"type":"Polygon","coordinates":[[[-96.42284,32.89267],[-96.41302,32.90299],[-96.41889,32.91558],[-96.43459,32.91786],[-96.44441,32.90754],[-96.43853,32.89494],[-96.42284,32.89267]]]}},{"type":"Feature","properties":{"h3":"8726c838bffffff","mii":23,"trt":0.0,"glp1":0.0,"pharmacy":0.0,"gym":0.0,"n":0},"geometry":{"type":"Polygon","coordinates":[[[-96.59559,33.01151],[-96.58576,33.02184],[-96.59167,33.03443],[-96.60739,33.03668],[-96.61722,33.02635],[-96.61131,33.01377],[-96.59559,33.01151]]]}},{"type":"Feature","properties":{"h3":"8726c8214ffffff","mii":23,"trt":0.0,"glp1":2.85,"pharmacy":0.0,"gym":0.0,"n":5},"geometry":{"type":"Polygon","coordinates":[[[-96.54842,33.00473],[-96.5386,33.01506],[-96.5445,33.02764],[-96.56022,33.02991],[-96.57004,33.01958],[-96.56414,33.00699],[-96.54842,33.00473]]]}},{"type":"Feature","properties":{"h3":"8726cbc13ffffff","mii":23,"trt":0.0,"glp1":0.0,"pharmacy":0.0,"gym":0.0,"n":0},"geometry":{"type":"Polygon","coordinates":[[[-97.29757,32.56919],[-97.28782,32.57963],[-97.2938,32.59222],[-97.30953,32.59438],[-97.31929,32.58394],[-97.31331,32.57135],[-97.29757,32.56919]]]}},{"type":"Feature","properties":{"h3":"8726cbc1affffff","mii":23,"trt":0.0,"glp1":0.0,"pharmacy":0.0,"gym":0.0,"n":0},"geometry":{"type":"Polygon","coordinates":[[[-97.27964,32.5314],[-97.26989,32.54183],[-97.27586,32.55443],[-97.29159,32.55659],[-97.30135,32.54615],[-97.29537,32.53356],[-97.27964,32.5314]]]}},{"type":"Feature","properties":{"h3":"8726cbdb5ffffff","mii":23,"trt":0.0,"glp1":1.65,"pharmacy":0.0,"gym":0.0,"n":3},"geometry":{"type":"Polygon","coordinates":[[[-97.38743,32.75807],[-97.37766,32.7685],[-97.38367,32.78109],[-97.39944,32.78324],[-97.40921,32.77281],[-97.40321,32.76022],[-97.38743,32.75807]]]}},{"type":"Feature","properties":{"h3":"8726cbd0cffffff","mii":23,"trt":0.0,"glp1":0.55,"pharmacy":0.0,"gym":0.0,"n":1},"geometry":{"type":"Polygon","coordinates":[[[-97.15109,32.72555],[-97.14131,32.73596],[-97.14728,32.74855],[-97.16302,32.75073],[-97.1728,32.74032],[-97.16683,32.72773],[-97.15109,32.72555]]]}},{"type":"Feature","properties":{"h3":"8726c8653ffffff","mii":23,"trt":0.0,"glp1":0.0,"pharmacy":0.0,"gym":0.0,"n":0},"geometry":{"type":"Polygon","coordinates":[[[-96.91371,32.84528],[-96.90391,32.85565],[-96.90985,32.86824],[-96.92559,32.87046],[-96.93538,32.86008],[-96.92944,32.84749],[-96.91371,32.84528]]]}},{"type":"Feature","properties":{"h3":"8726c875affffff","mii":23,"trt":0.0,"glp1":0.55,"pharmacy":0.0,"gym":0.0,"n":1},"geometry":{"type":"Polygon","coordinates":[[[-96.86885,32.96821],[-96.85904,32.97857],[-96.86498,32.99116],[-96.88073,32.99338],[-96.89054,32.98302],[-96.8846,32.97043],[-96.86885,32.96821]]]}},{"type":"Feature","properties":{"h3":"8726c8449ffffff","mii":23,"trt":0.0,"glp1":0.0,"pharmacy":0.0,"gym":0.0,"n":0},"geometry":{"type":"Polygon","coordinates":[[[-97.05284,33.17018],[-97.04302,33.18055],[-97.049,33.19312],[-97.0648,33.19533],[-97.07462,33.18496],[-97.06864,33.17239],[-97.05284,33.17018]]]}},{"type":"Feature","properties":{"h3":"8726c8712ffffff","mii":23,"trt":0.6,"glp1":3.3,"pharmacy":0.0,"gym":0.0,"n":7},"geometry":{"type":"Polygon","coordinates":[[[-97.06052,33.1243],[-97.05071,33.13467],[-97.05668,33.14724],[-97.07248,33.14945],[-97.08229,33.13908],[-97.07631,33.1265],[-97.06052,33.1243]]]}},{"type":"Feature","properties":{"h3":"8726cb925ffffff","mii":23,"trt":0.0,"glp1":2.3,"pharmacy":0.0,"gym":0.0,"n":4},"geometry":{"type":"Polygon","coordinates":[[[-96.6269,32.82808],[-96.61709,32.83843],[-96.62299,32.85102],[-96.63869,32.85327],[-96.6485,32.84292],[-96.6426,32.83033],[-96.6269,32.82808]]]}},{"type":"Feature","properties":{"h3":"8726c8620ffffff","mii":23,"trt":0.0,"glp1":0.0,"pharmacy":0.0,"gym":0.0,"n":0},"geometry":{"type":"Polygon","coordinates":[[[-96.95566,33.02742],[-96.94585,33.03778],[-96.95181,33.05036],[-96.96758,33.05258],[-96.97739,33.04221],[-96.97143,33.02963],[-96.95566,33.02742]]]}},{"type":"Feature","properties":{"h3":"8726c8605ffffff","mii":23,"trt":0.0,"glp1":1.1,"pharmacy":0.0,"gym":0.0,"n":2},"geometry":{"type":"Polygon","coordinates":[[[-96.96337,32.98152],[-96.95356,32.99189],[-96.95952,33.00447],[-96.97528,33.00668],[-96.98509,32.99631],[-96.97913,32.98373],[-96.96337,32.98152]]]}},{"type":"Feature","properties":{"h3":"8726c8691ffffff","mii":23,"trt":0.0,"glp1":0.0,"pharmacy":0.0,"gym":0.0,"n":0},"geometry":{"type":"Polygon","coordinates":[[[-97.21899,32.89959],[-97.20921,32.91],[-97.21519,32.92258],[-97.23097,32.92476],[-97.24076,32.91435],[-97.23477,32.90177],[-97.21899,32.89959]]]}},{"type":"Feature","properties":{"h3":"8726c8059ffffff","mii":23,"trt":0.0,"glp1":0.0,"pharmacy":0.35,"gym":0.0,"n":1},"geometry":{"type":"Polygon","coordinates":[[[-96.61535,33.17863],[-96.60552,33.18895],[-96.61143,33.20153],[-96.62718,33.20379],[-96.63702,33.19347],[-96.6311,33.18089],[-96.61535,33.17863]]]}},{"type":"Feature","properties":{"h3":"8726cb8b0ffffff","mii":22,"trt":0.0,"glp1":0.55,"pharmacy":0.0,"gym":0.45,"n":2},"geometry":{"type":"Polygon","coordinates":[[[-96.93056,32.60066],[-96.92078,32.61105],[-96.92671,32.62365],[-96.94242,32.62586],[-96.95219,32.61546],[-96.94626,32.60286],[-96.93056,32.60066]]]}},{"type":"Feature","properties":{"h3":"8726c879bffffff","mii":22,"trt":0.0,"glp1":0.55,"pharmacy":0.0,"gym":0.0,"n":1},"geometry":{"type":"Polygon","coordinates":[[[-97.17819,32.99973],[-97.16839,33.01012],[-97.17438,33.0227],[-97.19017,33.02488],[-97.19997,33.01449],[-97.19398,33.00191],[-97.17819,32.99973]]]}},{"type":"Feature","properties":{"h3":"8726cbd71ffffff","mii":22,"trt":0.0,"glp1":1.65,"pharmacy":0.0,"gym":0.0,"n":3},"geometry":{"type":"Polygon","coordinates":[[[-97.06049,32.68943],[-97.05071,32.69983],[-97.05667,32.71243],[-97.0724,32.71462],[-97.08218,32.70421],[-97.07622,32.69162],[-97.06049,32.68943]]]}},{"type":"Feature","properties":{"h3":"8726cbdb3ffffff","mii":22,"trt":0.0,"glp1":3.15,"pharmacy":0.0,"gym":0.0,"n":5},"geometry":{"type":"Polygon","coordinates":[[[-97.41673,32.72676],[-97.40697,32.7372],[-97.41297,32.74979],[-97.42875,32.75194],[-97.43851,32.7415],[-97.4325,32.72891],[-97.41673,32.72676]]]}},{"type":"Feature","properties":{"h3":"8726cbc71ffffff","mii":22,"trt":0.0,"glp1":1.1,"pharmacy":0.0,"gym":0.0,"n":2},"geometry":{"type":"Polygon","coordinates":[[[-97.08722,32.52836],[-97.07746,32.53878],[-97.08341,32.55138],[-97.09912,32.55357],[-97.10888,32.54315],[-97.10293,32.53055],[-97.08722,32.52836]]]}},{"type":"Feature","properties":{"h3":"8726c8399ffffff","mii":22,"trt":0.0,"glp1":0.0,"pharmacy":0.0,"gym":0.0,"n":0},"geometry":{"type":"Polygon","coordinates":[[[-96.64277,33.01827],[-96.63295,33.02861],[-96.63886,33.04119],[-96.65459,33.04344],[-96.66441,33.03311],[-96.6585,33.02053],[-96.64277,33.01827]]]}},{"type":"Feature","properties":{"h3":"8726cbd46ffffff","mii":22,"trt":0.0,"glp1":0.55,"pharmacy":0.0,"gym":0.0,"n":1},"geometry":{"type":"Polygon","coordinates":[[[-97.06431,32.66643],[-97.05454,32.67683],[-97.06049,32.68943],[-97.07622,32.69162],[-97.086,32.68121],[-97.08004,32.66862],[-97.06431,32.66643]]]}},{"type":"Feature","properties":{"h3":"8726cbd42ffffff","mii":22,"trt":0.0,"glp1":0.55,"pharmacy":0.0,"gym":0.0,"n":1},"geometry":{"type":"Polygon","coordinates":[[[-97.06814,32.64343],[-97.05836,32.65383],[-97.06431,32.66643],[-97.08004,32.66862],[-97.08981,32.65821],[-97.08386,32.64561],[-97.06814,32.64343]]]}},{"type":"Feature","properties":{"h3":"8726cbd43ffffff","mii":22,"trt":0.0,"glp1":2.2,"pharmacy":0.0,"gym":0.0,"n":4},"geometry":{"type":"Polygon","coordinates":[[[-97.04647,32.62864],[-97.0367,32.63904],[-97.04264,32.65164],[-97.05836,32.65383],[-97.06814,32.64343],[-97.06219,32.63083],[-97.04647,32.62864]]]}},{"type":"Feature","properties":{"h3":"8726c87aaffffff","mii":22,"trt":0.0,"glp1":0.0,"pharmacy":0.0,"gym":0.0,"n":0},"geometry":{"type":"Polygon","coordinates":[[[-97.09379,33.07023],[-97.08398,33.08061],[-97.08996,33.09318],[-97.10575,33.09538],[-97.11555,33.085],[-97.10957,33.07243],[-97.09379,33.07023]]]}},{"type":"Feature","properties":{"h3":"8726cb923ffffff","mii":22,"trt":0.0,"glp1":1.65,"pharmacy":0.0,"gym":0.0,"n":3},"geometry":{"type":"Polygon","coordinates":[[[-96.65631,32.79703],[-96.6465,32.80738],[-96.6524,32.81998],[-96.66811,32.82222],[-96.67791,32.81187],[-96.67201,32.79927],[-96.65631,32.79703]]]}},{"type":"Feature","properties":{"h3":"8726cb99affffff","mii":22,"trt":0.0,"glp1":2.3,"pharmacy":0.0,"gym":0.0,"n":4},"geometry":{"type":"Polygon","coordinates":[[[-96.92287,32.64664],[-96.91309,32.65704],[-96.91902,32.66963],[-96.93473,32.67184],[-96.94451,32.66145],[-96.93857,32.64885],[-96.92287,32.64664]]]}},{"type":"Feature","properties":{"h3":"8726cbd89ffffff","mii":21,"trt":0.0,"glp1":0.0,"pharmacy":0.0,"gym":0.0,"n":0},"geometry":{"type":"Polygon","coordinates":[[[-97.31174,32.63001],[-97.30198,32.64044],[-97.30797,32.65303],[-97.32371,32.65519],[-97.33348,32.64476],[-97.32749,32.63217],[-97.31174,32.63001]]]}},{"type":"Feature","properties":{"h3":"8726cbc32ffffff","mii":21,"trt":0.0,"glp1":0.0,"pharmacy":0.0,"gym":0.0,"n":0},"geometry":{"type":"Polygon","coordinates":[[[-97.28624,32.63828],[-97.27647,32.64871],[-97.28245,32.6613],[-97.2982,32.66346],[-97.30797,32.65303],[-97.30198,32.64044],[-97.28624,32.63828]]]}},{"type":"Feature","properties":{"h3":"8726cbc8affffff","mii":21,"trt":0.0,"glp1":0.0,"pharmacy":0.0,"gym":0.45,"n":1},"geometry":{"type":"Polygon","coordinates":[[[-97.38533,32.47518],[-97.37558,32.48563],[-97.38157,32.49823],[-97.3973,32.50038],[-97.40705,32.48992],[-97.40106,32.47732],[-97.38533,32.47518]]]}},{"type":"Feature","properties":{"h3":"8726cbda4ffffff","mii":21,"trt":0.0,"glp1":2.85,"pharmacy":0.0,"gym":0.0,"n":5},"geometry":{"type":"Polygon","coordinates":[[[-97.33635,32.77461],[-97.32658,32.78504],[-97.33258,32.79762],[-97.34835,32.79978],[-97.35812,32.78936],[-97.35212,32.77677],[-97.33635,32.77461]]]}},{"type":"Feature","properties":{"h3":"8726cbd31ffffff","mii":21,"trt":0.0,"glp1":0.0,"pharmacy":0.0,"gym":0.0,"n":0},"geometry":{"type":"Polygon","coordinates":[[[-97.21245,32.79286],[-97.20267,32.80327],[-97.20865,32.81585],[-97.22441,32.81803],[-97.23419,32.80762],[-97.22821,32.79503],[-97.21245,32.79286]]]}},{"type":"Feature","properties":{"h3":"8726c86b1ffffff","mii":21,"trt":0.0,"glp1":0.0,"pharmacy":0.0,"gym":0.0,"n":0},"geometry":{"type":"Polygon","coordinates":[[[-97.18582,32.95378],[-97.17602,32.96417],[-97.18201,32.97675],[-97.19779,32.97894],[-97.20758,32.96854],[-97.20159,32.95596],[-97.18582,32.95378]]]}},{"type":"Feature","properties":{"h3":"8726cb926ffffff","mii":21,"trt":0.0,"glp1":0.65,"pharmacy":0.0,"gym":0.0,"n":1},"geometry":{"type":"Polygon","coordinates":[[[-96.67401,32.83482],[-96.66421,32.84517],[-96.67011,32.85776],[-96.68582,32.86],[-96.69563,32.84965],[-96.68972,32.83706],[-96.67401,32.83482]]]}},{"type":"Feature","properties":{"h3":"8726c8289ffffff","mii":21,"trt":0.0,"glp1":0.65,"pharmacy":0.0,"gym":0.0,"n":1},"geometry":{"type":"Polygon","coordinates":[[[-96.59748,32.85912],[-96.58767,32.86946],[-96.59356,32.88205],[-96.60927,32.8843],[-96.61908,32.87396],[-96.61318,32.86137],[-96.59748,32.85912]]]}},{"type":"Feature","properties":{"h3":"8726c8756ffffff","mii":21,"trt":0.0,"glp1":0.55,"pharmacy":0.0,"gym":0.0,"n":1},"geometry":{"type":"Polygon","coordinates":[[[-96.90452,33.04371],[-96.8947,33.05407],[-96.90065,33.06665],[-96.91642,33.06887],[-96.92623,33.05851],[-96.92028,33.04593],[-96.90452,33.04371]]]}},{"type":"Feature","properties":{"h3":"8726c8210ffffff","mii":21,"trt":0.0,"glp1":0.55,"pharmacy":0.0,"gym":0.0,"n":1},"geometry":{"type":"Polygon","coordinates":[[[-96.55235,32.98182],[-96.54253,32.99215],[-96.54842,33.00473],[-96.56414,33.00699],[-96.57397,32.99667],[-96.56807,32.98408],[-96.55235,32.98182]]]}},{"type":"Feature","properties":{"h3":"8726cb974ffffff","mii":21,"trt":0.0,"glp1":0.0,"pharmacy":0.0,"gym":0.0,"n":0},"geometry":{"type":"Polygon","coordinates":[[[-96.56997,32.73766],[-96.56017,32.748],[-96.56605,32.7606],[-96.58174,32.76285],[-96.59154,32.75251],[-96.58565,32.73991],[-96.56997,32.73766]]]}},{"type":"Feature","properties":{"h3":"8726c8640ffffff","mii":21,"trt":0.0,"glp1":1.75,"pharmacy":0.0,"gym":0.0,"n":3},"geometry":{"type":"Polygon","coordinates":[[[-96.83712,32.86974],[-96.82732,32.8801],[-96.83324,32.89269],[-96.84898,32.89491],[-96.85878,32.88455],[-96.85285,32.87196],[-96.83712,32.86974]]]}},{"type":"Feature","properties":{"h3":"8726c865effffff","mii":21,"trt":0.0,"glp1":0.0,"pharmacy":0.0,"gym":0.0,"n":0},"geometry":{"type":"Polygon","coordinates":[[[-96.89204,32.83047],[-96.88224,32.84085],[-96.88818,32.85344],[-96.90391,32.85565],[-96.91371,32.84528],[-96.90777,32.83269],[-96.89204,32.83047]]]}},{"type":"Feature","properties":{"h3":"8726cbc1effffff","mii":21,"trt":0.0,"glp1":0.0,"pharmacy":0.0,"gym":0.0,"n":0},"geometry":{"type":"Polygon","coordinates":[[[-97.27586,32.55443],[-97.26611,32.56487],[-97.27208,32.57746],[-97.28782,32.57963],[-97.29757,32.56919],[-97.29159,32.55659],[-97.27586,32.55443]]]}},{"type":"Feature","properties":{"h3":"8726cbd13ffffff","mii":21,"trt":0.6,"glp1":1.1,"pharmacy":0.0,"gym":0.0,"n":3},"geometry":{"type":"Polygon","coordinates":[[[-97.2711,32.73035],[-97.26133,32.74078],[-97.26731,32.75336],[-97.28307,32.75553],[-97.29284,32.74511],[-97.28686,32.73252],[-97.2711,32.73035]]]}},{"type":"Feature","properties":{"h3":"8726cbd11ffffff","mii":21,"trt":0.0,"glp1":1.75,"pharmacy":0.0,"gym":0.0,"n":3},"geometry":{"type":"Polygon","coordinates":[[[-97.24557,32.73861],[-97.2358,32.74902],[-97.24178,32.76161],[-97.25754,32.76378],[-97.26731,32.75336],[-97.26133,32.74078],[-97.24557,32.73861]]]}},{"type":"Feature","properties":{"h3":"8726caa4cffffff","mii":21,"trt":0.45,"glp1":0.0,"pharmacy":0.0,"gym":0.0,"n":1},"geometry":{"type":"Polygon","coordinates":[[[-97.30325,32.82889],[-97.29347,32.8393],[-97.29946,32.85189],[-97.31524,32.85406],[-97.32502,32.84364],[-97.31902,32.83105],[-97.30325,32.82889]]]}},{"type":"Feature","properties":{"h3":"8726cbd52ffffff","mii":21,"trt":0.0,"glp1":1.3,"pharmacy":0.0,"gym":0.0,"n":2},"geometry":{"type":"Polygon","coordinates":[[[-97.14081,32.64175],[-97.13104,32.65217],[-97.137,32.66476],[-97.15274,32.66694],[-97.16251,32.65653],[-97.15654,32.64393],[-97.14081,32.64175]]]}},{"type":"Feature","properties":{"h3":"8726c80eeffffff","mii":21,"trt":0.0,"glp1":0.55,"pharmacy":0.0,"gym":0.0,"n":1},"geometry":{"type":"Polygon","coordinates":[[[-96.73158,33.20698],[-96.72174,33.21731],[-96.72768,33.22989],[-96.74345,33.23213],[-96.75328,33.2218],[-96.74735,33.20923],[-96.73158,33.20698]]]}},{"type":"Feature","properties":{"h3":"8726cbd41ffffff","mii":21,"trt":0.0,"glp1":1.65,"pharmacy":0.0,"gym":0.0,"n":3},"geometry":{"type":"Polygon","coordinates":[[[-97.02098,32.63685],[-97.0112,32.64725],[-97.01715,32.65985],[-97.03287,32.66204],[-97.04264,32.65164],[-97.0367,32.63904],[-97.02098,32.63685]]]}},{"type":"Feature","properties":{"h3":"8726c8626ffffff","mii":21,"trt":0.0,"glp1":0.0,"pharmacy":0.0,"gym":0.0,"n":0},"geometry":{"type":"Polygon","coordinates":[[[-96.97739,33.04221],[-96.96758,33.05258],[-96.97353,33.06516],[-96.98931,33.06737],[-96.99912,33.057],[-96.99316,33.04442],[-96.97739,33.04221]]]}},{"type":"Feature","properties":{"h3":"8726c8380ffffff","mii":21,"trt":0.0,"glp1":0.0,"pharmacy":0.0,"gym":0.0,"n":0},"geometry":{"type":"Polygon","coordinates":[[[-96.63103,33.08702],[-96.6212,33.09735],[-96.62711,33.10993],[-96.64285,33.11218],[-96.65268,33.10185],[-96.64677,33.08927],[-96.63103,33.08702]]]}},{"type":"Feature","properties":{"h3":"8726c8384ffffff","mii":21,"trt":0.0,"glp1":0.65,"pharmacy":0.0,"gym":0.0,"n":1},"geometry":{"type":"Polygon","coordinates":[[[-96.62711,33.10993],[-96.61728,33.12025],[-96.62319,33.13283],[-96.63894,33.13509],[-96.64877,33.12476],[-96.64285,33.11218],[-96.62711,33.10993]]]}},{"type":"Feature","properties":{"h3":"8726c8693ffffff","mii":21,"trt":0.0,"glp1":0.55,"pharmacy":0.0,"gym":0.0,"n":1},"geometry":{"type":"Polygon","coordinates":[[[-97.24456,32.89137],[-97.23477,32.90177],[-97.24076,32.91435],[-97.25654,32.91653],[-97.26632,32.90612],[-97.26033,32.89354],[-97.24456,32.89137]]]}},{"type":"Feature","properties":{"h3":"8726cbc36ffffff","mii":20,"trt":0.0,"glp1":0.0,"pharmacy":0.0,"gym":0.0,"n":0},"geometry":{"type":"Polygon","coordinates":[[[-97.28245,32.6613],[-97.27269,32.67173],[-97.27867,32.68432],[-97.29442,32.68649],[-97.30419,32.67606],[-97.2982,32.66346],[-97.28245,32.6613]]]}},{"type":"Feature","properties":{"h3":"8726c86caffffff","mii":20,"trt":0.0,"glp1":2.2,"pharmacy":0.0,"gym":0.0,"n":4},"geometry":{"type":"Polygon","coordinates":[[[-97.00181,32.75182],[-96.99203,32.76221],[-96.99797,32.7748],[-97.01371,32.777],[-97.02349,32.76661],[-97.01754,32.75402],[-97.00181,32.75182]]]}},{"type":"Feature","properties":{"h3":"8726c86d9ffffff","mii":20,"trt":0.0,"glp1":0.55,"pharmacy":0.0,"gym":0.0,"n":1},"geometry":{"type":"Polygon","coordinates":[[[-97.02733,32.74362],[-97.01754,32.75402],[-97.02349,32.76661],[-97.03923,32.76881],[-97.04901,32.75841],[-97.04306,32.74582],[-97.02733,32.74362]]]}},{"type":"Feature","properties":{"h3":"8726c8615ffffff","mii":20,"trt":0.0,"glp1":0.0,"pharmacy":0.0,"gym":0.0,"n":0},"geometry":{"type":"Polygon","coordinates":[[[-97.03622,32.97997],[-97.02642,32.99035],[-97.03238,33.00293],[-97.04815,33.00513],[-97.05796,32.99475],[-97.05199,32.98217],[-97.03622,32.97997]]]}},{"type":"Feature","properties":{"h3":"8726c8441ffffff","mii":20,"trt":0.0,"glp1":0.0,"pharmacy":0.0,"gym":0.0,"n":0},"geometry":{"type":"Polygon","coordinates":[[[-97.09256,33.22267],[-97.08274,33.23304],[-97.08873,33.24561],[-97.10454,33.24781],[-97.11436,33.23745],[-97.10837,33.22488],[-97.09256,33.22267]]]}},{"type":"Feature","properties":{"h3":"8726c87a1ffffff","mii":20,"trt":0.0,"glp1":0.0,"pharmacy":0.0,"gym":0.0,"n":0},"geometry":{"type":"Polygon","coordinates":[[[-97.08612,33.11613],[-97.07631,33.1265],[-97.08229,33.13908],[-97.09808,33.14128],[-97.1079,33.13091],[-97.10192,33.11833],[-97.08612,33.11613]]]}},{"type":"Feature","properties":{"h3":"8726cb904ffffff","mii":20,"trt":0.0,"glp1":1.65,"pharmacy":0.0,"gym":0.0,"n":3},"geometry":{"type":"Polygon","coordinates":[[[-96.68181,32.78892],[-96.67201,32.79927],[-96.67791,32.81187],[-96.69362,32.81411],[-96.70342,32.80375],[-96.69751,32.79116],[-96.68181,32.78892]]]}},{"type":"Feature","properties":{"h3":"8726c8298ffffff","mii":20,"trt":0.45,"glp1":0.0,"pharmacy":0.0,"gym":0.0,"n":1},"geometry":{"type":"Polygon","coordinates":[[[-96.69173,32.87259],[-96.68192,32.88294],[-96.68783,32.89553],[-96.70355,32.89778],[-96.71336,32.88742],[-96.70745,32.87483],[-96.69173,32.87259]]]}},{"type":"Feature","properties":{"h3":"8726cb976ffffff","mii":20,"trt":0.0,"glp1":0.65,"pharmacy":0.0,"gym":0.0,"n":1},"geometry":{"type":"Polygon","coordinates":[[[-96.59545,32.72956],[-96.58565,32.73991],[-96.59154,32.75251],[-96.60723,32.75475],[-96.61703,32.7444],[-96.61114,32.7318],[-96.59545,32.72956]]]}},{"type":"Feature","properties":{"h3":"8726c8459ffffff","mii":20,"trt":0.0,"glp1":0.55,"pharmacy":0.0,"gym":0.0,"n":1},"geometry":{"type":"Polygon","coordinates":[[[-97.12585,33.16863],[-97.11603,33.179],[-97.12202,33.19157],[-97.13783,33.19377],[-97.14764,33.18339],[-97.14165,33.17082],[-97.12585,33.16863]]]}},{"type":"Feature","properties":{"h3":"8726c86dcffffff","mii":20,"trt":0.0,"glp1":0.65,"pharmacy":0.0,"gym":0.0,"n":1},"geometry":{"type":"Polygon","coordinates":[[[-97.04518,32.7814],[-97.0354,32.79179],[-97.04135,32.80438],[-97.0571,32.80658],[-97.06688,32.79618],[-97.06092,32.78359],[-97.04518,32.7814]]]}},{"type":"Feature","properties":{"h3":"8726caa66ffffff","mii":20,"trt":0.0,"glp1":0.0,"pharmacy":0.0,"gym":0.0,"n":0},"geometry":{"type":"Polygon","coordinates":[[[-97.33546,32.92738],[-97.32567,32.9378],[-97.33168,32.95037],[-97.34747,32.95254],[-97.35725,32.94213],[-97.35125,32.92955],[-97.33546,32.92738]]]}},{"type":"Feature","properties":{"h3":"8726cbd53ffffff","mii":20,"trt":0.0,"glp1":1.65,"pharmacy":0.0,"gym":0.0,"n":3},"geometry":{"type":"Polygon","coordinates":[[[-97.11912,32.62697],[-97.10936,32.63739],[-97.11531,32.64998],[-97.13104,32.65217],[-97.14081,32.64175],[-97.13485,32.62916],[-97.11912,32.62697]]]}},{"type":"Feature","properties":{"h3":"8726c8650ffffff","mii":20,"trt":0.0,"glp1":0.0,"pharmacy":0.0,"gym":0.0,"n":0},"geometry":{"type":"Polygon","coordinates":[[[-96.90985,32.86824],[-96.90005,32.87862],[-96.90599,32.8912],[-96.92173,32.89342],[-96.93153,32.88304],[-96.92559,32.87046],[-96.90985,32.86824]]]}},{"type":"Feature","properties":{"h3":"8726c80d0ffffff","mii":20,"trt":0.0,"glp1":0.0,"pharmacy":0.0,"gym":0.0,"n":0},"geometry":{"type":"Polygon","coordinates":[[[-96.8557,33.18941],[-96.84587,33.19975],[-96.85182,33.21233],[-96.8676,33.21456],[-96.87743,33.20421],[-96.87147,33.19164],[-96.8557,33.18941]]]}},{"type":"Feature","properties":{"h3":"8726c83a2ffffff","mii":20,"trt":0.0,"glp1":0.0,"pharmacy":0.0,"gym":0.0,"n":0},"geometry":{"type":"Polygon","coordinates":[[[-96.62319,33.13283],[-96.61336,33.14315],[-96.61927,33.15573],[-96.63502,33.15799],[-96.64485,33.14767],[-96.63894,33.13509],[-96.62319,33.13283]]]}},{"type":"Feature","properties":{"h3":"8726cb920ffffff","mii":20,"trt":0.0,"glp1":0.0,"pharmacy":0.0,"gym":0.0,"n":0},"geometry":{"type":"Polygon","coordinates":[[[-96.6524,32.81998],[-96.6426,32.83033],[-96.6485,32.84292],[-96.66421,32.84517],[-96.67401,32.83482],[-96.66811,32.82222],[-96.6524,32.81998]]]}},{"type":"Feature","properties":{"h3":"8726c8683ffffff","mii":20,"trt":0.0,"glp1":1.1,"pharmacy":0.0,"gym":0.0,"n":2},"geometry":{"type":"Polygon","coordinates":[[[-97.17168,32.89305],[-97.16189,32.90345],[-97.16787,32.91603],[-97.18364,32.91822],[-97.19343,32.90782],[-97.18745,32.89523],[-97.17168,32.89305]]]}},{"type":"Feature","properties":{"h3":"8726c8634ffffff","mii":20,"trt":0.0,"glp1":0.55,"pharmacy":0.0,"gym":0.0,"n":1},"geometry":{"type":"Polygon","coordinates":[[[-97.0247,33.04884],[-97.01489,33.05921],[-97.02086,33.07179],[-97.03663,33.074],[-97.04644,33.06362],[-97.04048,33.05105],[-97.0247,33.04884]]]}},{"type":"Feature","properties":{"h3":"8726caa68ffffff","mii":20,"trt":0.0,"glp1":4.9,"pharmacy":0.0,"gym":0.0,"n":8},"geometry":{"type":"Polygon","coordinates":[[[-97.27391,32.86013],[-97.26413,32.87055],[-97.27012,32.88313],[-97.28589,32.8853],[-97.29568,32.87489],[-97.28968,32.8623],[-97.27391,32.86013]]]}},{"type":"Feature","properties":{"h3":"8726cbc8bffffff","mii":19,"trt":0.0,"glp1":1.1,"pharmacy":0.0,"gym":0.0,"n":2},"geometry":{"type":"Polygon","coordinates":[[[-97.36361,32.46043],[-97.35387,32.47088],[-97.35985,32.48348],[-97.37558,32.48563],[-97.38533,32.47518],[-97.37934,32.46258],[-97.36361,32.46043]]]}},{"type":"Feature","properties":{"h3":"8726c879affffff","mii":19,"trt":0.0,"glp1":1.1,"pharmacy":0.0,"gym":0.0,"n":2},"geometry":{"type":"Polygon","coordinates":[[[-97.19997,33.01449],[-97.19017,33.02488],[-97.19616,33.03746],[-97.21195,33.03965],[-97.22175,33.02925],[-97.21575,33.01667],[-97.19997,33.01449]]]}},{"type":"Feature","properties":{"h3":"8726c86b0ffffff","mii":19,"trt":0.0,"glp1":0.0,"pharmacy":0.0,"gym":0.0,"n":0},"geometry":{"type":"Polygon","coordinates":[[[-97.20758,32.96854],[-97.19779,32.97894],[-97.20377,32.99152],[-97.21956,32.9937],[-97.22936,32.9833],[-97.22336,32.97072],[-97.20758,32.96854]]]}},{"type":"Feature","properties":{"h3":"8726c8440ffffff","mii":19,"trt":0.0,"glp1":0.0,"pharmacy":0.0,"gym":0.0,"n":0},"geometry":{"type":"Polygon","coordinates":[[[-97.11436,33.23745],[-97.10454,33.24781],[-97.11052,33.26038],[-97.12634,33.26258],[-97.13616,33.25222],[-97.13017,33.23965],[-97.11436,33.23745]]]}},{"type":"Feature","properties":{"h3":"8726cb986ffffff","mii":19,"trt":0.0,"glp1":0.0,"pharmacy":0.0,"gym":0.0,"n":0},"geometry":{"type":"Polygon","coordinates":[[[-96.88582,32.72378],[-96.87603,32.73416],[-96.88196,32.74675],[-96.89768,32.74897],[-96.90746,32.73858],[-96.90153,32.72599],[-96.88582,32.72378]]]}},{"type":"Feature","properties":{"h3":"8726c80c1ffffff","mii":19,"trt":0.0,"glp1":0.0,"pharmacy":0.0,"gym":0.0,"n":0},"geometry":{"type":"Polygon","coordinates":[[[-96.76107,33.17599],[-96.75124,33.18632],[-96.75718,33.1989],[-96.77295,33.20114],[-96.78278,33.19081],[-96.77684,33.17823],[-96.76107,33.17599]]]}},{"type":"Feature","properties":{"h3":"8726cb92bffffff","mii":19,"trt":0.0,"glp1":0.0,"pharmacy":0.0,"gym":0.0,"n":0},"geometry":{"type":"Polygon","coordinates":[[[-96.61703,32.7444],[-96.60723,32.75475],[-96.61312,32.76735],[-96.62881,32.7696],[-96.63861,32.75924],[-96.63272,32.74665],[-96.61703,32.7444]]]}},{"type":"Feature","properties":{"h3":"8726cbd51ffffff","mii":19,"trt":0.0,"glp1":0.0,"pharmacy":0.0,"gym":0.0,"n":0},"geometry":{"type":"Polygon","coordinates":[[[-97.09363,32.6352],[-97.08386,32.64561],[-97.08981,32.65821],[-97.10554,32.6604],[-97.11531,32.64998],[-97.10936,32.63739],[-97.09363,32.6352]]]}},{"type":"Feature","properties":{"h3":"8726cb130ffffff","mii":19,"trt":0.0,"glp1":0.0,"pharmacy":0.0,"gym":0.0,"n":0},"geometry":{"type":"Polygon","coordinates":[[[-96.95744,32.4396],[-96.94768,32.45001],[-96.9536,32.46262],[-96.96929,32.46481],[-96.97905,32.4544],[-96.97312,32.4418],[-96.95744,32.4396]]]}},{"type":"Feature","properties":{"h3":"8726cb134ffffff","mii":19,"trt":0.0,"glp1":0.0,"pharmacy":0.0,"gym":0.0,"n":0},"geometry":{"type":"Polygon","coordinates":[[[-96.9536,32.46262],[-96.94384,32.47303],[-96.94976,32.48563],[-96.96545,32.48783],[-96.97521,32.47742],[-96.96929,32.46481],[-96.9536,32.46262]]]}},{"type":"Feature","properties":{"h3":"8726cbc72ffffff","mii":19,"trt":0.0,"glp1":0.0,"pharmacy":0.0,"gym":0.0,"n":0},"geometry":{"type":"Polygon","coordinates":[[[-97.13436,32.5349],[-97.1246,32.54533],[-97.13055,32.55793],[-97.14627,32.5601],[-97.15603,32.54968],[-97.15007,32.53708],[-97.13436,32.5349]]]}},{"type":"Feature","properties":{"h3":"8726c8393ffffff","mii":19,"trt":0.0,"glp1":0.55,"pharmacy":0.0,"gym":0.0,"n":1},"geometry":{"type":"Polygon","coordinates":[[[-96.70772,33.06277],[-96.6979,33.07311],[-96.70382,33.08569],[-96.71957,33.08794],[-96.72939,33.0776],[-96.72347,33.06502],[-96.70772,33.06277]]]}},{"type":"Feature","properties":{"h3":"8726c8776ffffff","mii":19,"trt":0.0,"glp1":1.4,"pharmacy":0.0,"gym":0.0,"n":2},"geometry":{"type":"Polygon","coordinates":[[[-96.8712,33.09771],[-96.86138,33.10806],[-96.86733,33.12064],[-96.8831,33.12287],[-96.89292,33.11252],[-96.88697,33.09994],[-96.8712,33.09771]]]}},{"type":"Feature","properties":{"h3":"8726c80c2ffffff","mii":19,"trt":0.0,"glp1":0.0,"pharmacy":0.0,"gym":0.0,"n":0},"geometry":{"type":"Polygon","coordinates":[[[-96.80838,33.18271],[-96.79855,33.19305],[-96.80449,33.20562],[-96.82026,33.20786],[-96.83009,33.19752],[-96.82415,33.18494],[-96.80838,33.18271]]]}},{"type":"Feature","properties":{"h3":"8726cbd44ffffff","mii":19,"trt":0.0,"glp1":0.0,"pharmacy":0.0,"gym":0.0,"n":0},"geometry":{"type":"Polygon","coordinates":[[[-97.03882,32.67464],[-97.02904,32.68504],[-97.03499,32.69764],[-97.05071,32.69983],[-97.06049,32.68943],[-97.05454,32.67683],[-97.03882,32.67464]]]}},{"type":"Feature","properties":{"h3":"8726cbd45ffffff","mii":19,"trt":0.0,"glp1":0.55,"pharmacy":0.0,"gym":0.0,"n":1},"geometry":{"type":"Polygon","coordinates":[[[-97.01715,32.65985],[-97.00737,32.67025],[-97.01332,32.68285],[-97.02904,32.68504],[-97.03882,32.67464],[-97.03287,32.66204],[-97.01715,32.65985]]]}},{"type":"Feature","properties":{"h3":"8726c8453ffffff","mii":19,"trt":0.0,"glp1":0.0,"pharmacy":0.0,"gym":0.0,"n":0},"geometry":{"type":"Polygon","coordinates":[[[-97.19125,33.21292],[-97.18143,33.2233],[-97.18743,33.23587],[-97.20325,33.23806],[-97.21307,33.22768],[-97.20707,33.21511],[-97.19125,33.21292]]]}},{"type":"Feature","properties":{"h3":"8726c80f3ffffff","mii":19,"trt":0.65,"glp1":0.65,"pharmacy":0.0,"gym":0.0,"n":2},"geometry":{"type":"Polygon","coordinates":[[[-96.82621,33.22043],[-96.81638,33.23077],[-96.82232,33.24334],[-96.83811,33.24558],[-96.84794,33.23524],[-96.84199,33.22267],[-96.82621,33.22043]]]}},{"type":"Feature","properties":{"h3":"8726c80c6ffffff","mii":19,"trt":0.0,"glp1":0.0,"pharmacy":0.0,"gym":0.0,"n":0},"geometry":{"type":"Polygon","coordinates":[[[-96.80449,33.20562],[-96.79466,33.21596],[-96.8006,33.22853],[-96.81638,33.23077],[-96.82621,33.22043],[-96.82026,33.20786],[-96.80449,33.20562]]]}},{"type":"Feature","properties":{"h3":"8726c8284ffffff","mii":19,"trt":0.0,"glp1":0.55,"pharmacy":0.0,"gym":0.0,"n":1},"geometry":{"type":"Polygon","coordinates":[[[-96.6545,32.9495],[-96.64468,32.95984],[-96.65059,32.97243],[-96.66631,32.97468],[-96.67613,32.96434],[-96.67022,32.95175],[-96.6545,32.9495]]]}},{"type":"Feature","properties":{"h3":"8726cb913ffffff","mii":19,"trt":0.0,"glp1":1.65,"pharmacy":0.0,"gym":0.0,"n":3},"geometry":{"type":"Polygon","coordinates":[[[-96.76219,32.74158],[-96.7524,32.75194],[-96.75831,32.76454],[-96.77402,32.76677],[-96.78381,32.7564],[-96.7779,32.7438],[-96.76219,32.74158]]]}},{"type":"Feature","properties":{"h3":"8726caa4bffffff","mii":18,"trt":0.0,"glp1":0.65,"pharmacy":0.0,"gym":0.0,"n":1},"geometry":{"type":"Polygon","coordinates":[[[-97.31081,32.78287],[-97.30104,32.7933],[-97.30703,32.80588],[-97.3228,32.80805],[-97.33258,32.79762],[-97.32658,32.78504],[-97.31081,32.78287]]]}},{"type":"Feature","properties":{"h3":"8726c80ceffffff","mii":18,"trt":0.0,"glp1":0.0,"pharmacy":0.0,"gym":0.0,"n":0},"geometry":{"type":"Polygon","coordinates":[[[-96.76497,33.15308],[-96.75514,33.16341],[-96.76107,33.17599],[-96.77684,33.17823],[-96.78667,33.16789],[-96.78073,33.15532],[-96.76497,33.15308]]]}},{"type":"Feature","properties":{"h3":"8726cb8b3ffffff","mii":18,"trt":0.0,"glp1":1.65,"pharmacy":0.0,"gym":0.0,"n":3},"geometry":{"type":"Polygon","coordinates":[[[-96.9344,32.57766],[-96.92463,32.58806],[-96.93056,32.60066],[-96.94626,32.60286],[-96.95603,32.59246],[-96.9501,32.57986],[-96.9344,32.57766]]]}},{"type":"Feature","properties":{"h3":"8726cb8b1ffffff","mii":18,"trt":0.0,"glp1":1.2,"pharmacy":0.0,"gym":0.0,"n":2},"geometry":{"type":"Polygon","coordinates":[[[-96.90893,32.58585],[-96.89916,32.59625],[-96.90508,32.60885],[-96.92078,32.61105],[-96.93056,32.60066],[-96.92463,32.58806],[-96.90893,32.58585]]]}},{"type":"Feature","properties":{"h3":"8726c8698ffffff","mii":18,"trt":0.0,"glp1":0.0,"pharmacy":0.0,"gym":0.0,"n":0},"geometry":{"type":"Polygon","coordinates":[[[-97.20104,32.86184],[-97.19126,32.87225],[-97.19724,32.88483],[-97.21301,32.88701],[-97.2228,32.8766],[-97.21681,32.86402],[-97.20104,32.86184]]]}},{"type":"Feature","properties":{"h3":"8726c828affffff","mii":18,"trt":0.0,"glp1":0.55,"pharmacy":0.0,"gym":0.0,"n":1},"geometry":{"type":"Polygon","coordinates":[[[-96.64459,32.86586],[-96.63479,32.87621],[-96.64069,32.8888],[-96.6564,32.89105],[-96.66621,32.8807],[-96.6603,32.86811],[-96.64459,32.86586]]]}},{"type":"Feature","properties":{"h3":"8726c828dffffff","mii":18,"trt":0.0,"glp1":0.0,"pharmacy":0.0,"gym":0.0,"n":0},"geometry":{"type":"Polygon","coordinates":[[[-96.59356,32.88205],[-96.58375,32.89239],[-96.58965,32.90498],[-96.60536,32.90723],[-96.61517,32.89689],[-96.60927,32.8843],[-96.59356,32.88205]]]}},{"type":"Feature","properties":{"h3":"8726c82aaffffff","mii":18,"trt":0.0,"glp1":0.55,"pharmacy":0.0,"gym":0.0,"n":1},"geometry":{"type":"Polygon","coordinates":[[[-96.61125,32.91982],[-96.60144,32.93016],[-96.60734,32.94275],[-96.62306,32.945],[-96.63287,32.93466],[-96.62697,32.92207],[-96.61125,32.91982]]]}},{"type":"Feature","properties":{"h3":"8726c80e2ffffff","mii":18,"trt":0.0,"glp1":0.0,"pharmacy":0.0,"gym":0.0,"n":0},"geometry":{"type":"Polygon","coordinates":[[[-96.77499,33.23662],[-96.76516,33.24695],[-96.7711,33.25952],[-96.78687,33.26177],[-96.79671,33.25144],[-96.79077,33.23886],[-96.77499,33.23662]]]}},{"type":"Feature","properties":{"h3":"8726c8389ffffff","mii":18,"trt":0.0,"glp1":0.0,"pharmacy":0.0,"gym":0.0,"n":0},"geometry":{"type":"Polygon","coordinates":[[[-96.57004,33.01958],[-96.56022,33.02991],[-96.56612,33.04249],[-96.58184,33.04475],[-96.59167,33.03443],[-96.58576,33.02184],[-96.57004,33.01958]]]}},{"type":"Feature","properties":{"h3":"8726c8672ffffff","mii":18,"trt":0.0,"glp1":1.65,"pharmacy":0.0,"gym":0.0,"n":3},"geometry":{"type":"Polygon","coordinates":[[[-96.90213,32.91416],[-96.89233,32.92453],[-96.89827,32.93712],[-96.91402,32.93933],[-96.92382,32.92896],[-96.91788,32.91638],[-96.90213,32.91416]]]}},{"type":"Feature","properties":{"h3":"8726c86dbffffff","mii":18,"trt":0.0,"glp1":0.0,"pharmacy":0.0,"gym":0.0,"n":0},"geometry":{"type":"Polygon","coordinates":[[[-97.05284,32.73542],[-97.04306,32.74582],[-97.04901,32.75841],[-97.06475,32.7606],[-97.07453,32.7502],[-97.06857,32.73761],[-97.05284,32.73542]]]}},{"type":"Feature","properties":{"h3":"8726c86c3ffffff","mii":18,"trt":1.0,"glp1":0.0,"pharmacy":0.0,"gym":0.0,"n":2},"geometry":{"type":"Polygon","coordinates":[[[-97.01966,32.78959],[-97.00987,32.79998],[-97.01582,32.81257],[-97.03157,32.81477],[-97.04135,32.80438],[-97.0354,32.79179],[-97.01966,32.78959]]]}},{"type":"Feature","properties":{"h3":"8726c82a1ffffff","mii":18,"trt":0.0,"glp1":2.85,"pharmacy":0.0,"gym":0.0,"n":5},"geometry":{"type":"Polygon","coordinates":[[[-96.60342,32.96567],[-96.59361,32.97601],[-96.59951,32.98859],[-96.61523,32.99085],[-96.62505,32.98052],[-96.61914,32.96793],[-96.60342,32.96567]]]}},{"type":"Feature","properties":{"h3":"8726cab59ffffff","mii":18,"trt":0.0,"glp1":0.55,"pharmacy":0.0,"gym":0.0,"n":1},"geometry":{"type":"Polygon","coordinates":[[[-97.33168,32.95037],[-97.32189,32.96079],[-97.32789,32.97336],[-97.34369,32.97553],[-97.35348,32.96512],[-97.34747,32.95254],[-97.33168,32.95037]]]}},{"type":"Feature","properties":{"h3":"8726caa6bffffff","mii":18,"trt":0.0,"glp1":0.0,"pharmacy":0.0,"gym":0.0,"n":0},"geometry":{"type":"Polygon","coordinates":[[[-97.2777,32.83714],[-97.26792,32.84755],[-97.27391,32.86013],[-97.28968,32.8623],[-97.29946,32.85189],[-97.29347,32.8393],[-97.2777,32.83714]]]}},{"type":"Feature","properties":{"h3":"8726cbd8affffff","mii":18,"trt":0.0,"glp1":2.5,"pharmacy":0.0,"gym":0.0,"n":4},"geometry":{"type":"Polygon","coordinates":[[[-97.35899,32.63648],[-97.34923,32.64692],[-97.35522,32.65951],[-97.37097,32.66166],[-97.38073,32.65122],[-97.37474,32.63863],[-97.35899,32.63648]]]}},{"type":"Feature","properties":{"h3":"8726c86deffffff","mii":18,"trt":0.9,"glp1":0.0,"pharmacy":0.0,"gym":0.0,"n":2},"geometry":{"type":"Polygon","coordinates":[[[-97.07071,32.7732],[-97.06092,32.78359],[-97.06688,32.79618],[-97.08263,32.79838],[-97.09241,32.78798],[-97.08645,32.77539],[-97.07071,32.7732]]]}},{"type":"Feature","properties":{"h3":"8726c86c4ffffff","mii":18,"trt":0.0,"glp1":0.0,"pharmacy":0.0,"gym":0.0,"n":0},"geometry":{"type":"Polygon","coordinates":[[[-97.01199,32.83555],[-97.0022,32.84594],[-97.00815,32.85853],[-97.0239,32.86073],[-97.03369,32.85034],[-97.02773,32.83775],[-97.01199,32.83555]]]}},{"type":"Feature","properties":{"h3":"8726c870dffffff","mii":18,"trt":0.0,"glp1":1.75,"pharmacy":0.0,"gym":0.0,"n":3},"geometry":{"type":"Polygon","coordinates":[[[-96.89678,33.08958],[-96.88697,33.09994],[-96.89292,33.11252],[-96.90869,33.11474],[-96.9185,33.10438],[-96.91255,33.09181],[-96.89678,33.08958]]]}},{"type":"Feature","properties":{"h3":"8726c821bffffff","mii":18,"trt":0.0,"glp1":5.7,"pharmacy":0.0,"gym":0.0,"n":10},"geometry":{"type":"Polygon","coordinates":[[[-96.51701,32.90628],[-96.5072,32.91661],[-96.51308,32.9292],[-96.52879,32.93146],[-96.5386,32.92113],[-96.53271,32.90854],[-96.51701,32.90628]]]}},{"type":"Feature","properties":{"h3":"8726cb812ffffff","mii":18,"trt":0.0,"glp1":6.25,"pharmacy":0.0,"gym":0.0,"n":11},"geometry":{"type":"Polygon","coordinates":[[[-96.81091,32.59557],[-96.80113,32.60595],[-96.80705,32.61856],[-96.82274,32.62077],[-96.83252,32.61039],[-96.8266,32.59779],[-96.81091,32.59557]]]}},{"type":"Feature","properties":{"h3":"8726cb981ffffff","mii":18,"trt":0.0,"glp1":4.05,"pharmacy":0.0,"gym":0.0,"n":7},"geometry":{"type":"Polygon","coordinates":[[[-96.84255,32.69415],[-96.83276,32.70453],[-96.83868,32.71713],[-96.85439,32.71935],[-96.86418,32.70897],[-96.85825,32.69637],[-96.84255,32.69415]]]}},{"type":"Feature","properties":{"h3":"8726cbd2affffff","mii":18,"trt":0.0,"glp1":0.0,"pharmacy":0.0,"gym":0.0,"n":0},"geometry":{"type":"Polygon","coordinates":[[[-97.14728,32.74855],[-97.1375,32.75896],[-97.14347,32.77155],[-97.15921,32.77373],[-97.16899,32.76332],[-97.16302,32.75073],[-97.14728,32.74855]]]}},{"type":"Feature","properties":{"h3":"8726c8686ffffff","mii":18,"trt":0.0,"glp1":2.95,"pharmacy":0.0,"gym":0.0,"n":5},"geometry":{"type":"Polygon","coordinates":[[[-97.18963,32.9308],[-97.17983,32.9412],[-97.18582,32.95378],[-97.20159,32.95596],[-97.21139,32.94556],[-97.2054,32.93298],[-97.18963,32.9308]]]}},{"type":"Feature","properties":{"h3":"8726caaedffffff","mii":18,"trt":0.0,"glp1":5.65,"pharmacy":0.0,"gym":0.0,"n":9},"geometry":{"type":"Polygon","coordinates":[[[-97.42724,32.81056],[-97.41746,32.821],[-97.42347,32.83358],[-97.43926,32.83573],[-97.44903,32.8253],[-97.44302,32.81271],[-97.42724,32.81056]]]}},{"type":"Feature","properties":{"h3":"8726cbc8dffffff","mii":17,"trt":0.0,"glp1":1.1,"pharmacy":0.0,"gym":0.0,"n":2},"geometry":{"type":"Polygon","coordinates":[[[-97.33437,32.49178],[-97.32462,32.50223],[-97.33061,32.51483],[-97.34634,32.51698],[-97.35609,32.50653],[-97.3501,32.49393],[-97.33437,32.49178]]]}},{"type":"Feature","properties":{"h3":"8726c86cbffffff","mii":17,"trt":0.0,"glp1":0.0,"pharmacy":0.0,"gym":0.0,"n":0},"geometry":{"type":"Polygon","coordinates":[[[-96.98014,32.73702],[-96.97035,32.74741],[-96.9763,32.76001],[-96.99203,32.76221],[-97.00181,32.75182],[-96.99587,32.73922],[-96.98014,32.73702]]]}},{"type":"Feature","properties":{"h3":"8726cab69ffffff","mii":17,"trt":0.0,"glp1":0.55,"pharmacy":0.0,"gym":0.0,"n":1},"geometry":{"type":"Polygon","coordinates":[[[-97.22555,33.00628],[-97.21575,33.01667],[-97.22175,33.02925],[-97.23754,33.03143],[-97.24734,33.02104],[-97.24134,33.00846],[-97.22555,33.00628]]]}},{"type":"Feature","properties":{"h3":"8726cb9b1ffffff","mii":17,"trt":0.0,"glp1":0.0,"pharmacy":0.0,"gym":0.0,"n":0},"geometry":{"type":"Polygon","coordinates":[[[-96.88196,32.74675],[-96.87217,32.75713],[-96.8781,32.76973],[-96.89382,32.77194],[-96.90361,32.76156],[-96.89768,32.74897],[-96.88196,32.74675]]]}},{"type":"Feature","properties":{"h3":"8726c8285ffffff","mii":17,"trt":0.0,"glp1":0.65,"pharmacy":0.0,"gym":0.0,"n":1},"geometry":{"type":"Polygon","coordinates":[[[-96.63287,32.93466],[-96.62306,32.945],[-96.62896,32.95759],[-96.64468,32.95984],[-96.6545,32.9495],[-96.64859,32.93691],[-96.63287,32.93466]]]}},{"type":"Feature","properties":{"h3":"8726c80f0ffffff","mii":17,"trt":0.0,"glp1":0.0,"pharmacy":0.0,"gym":0.0,"n":0},"geometry":{"type":"Polygon","coordinates":[[[-96.82232,33.24334],[-96.81249,33.25368],[-96.81844,33.26625],[-96.83422,33.26848],[-96.84406,33.25815],[-96.83811,33.24558],[-96.82232,33.24334]]]}},{"type":"Feature","properties":{"h3":"8726c86c0ffffff","mii":17,"trt":0.0,"glp1":0.0,"pharmacy":0.0,"gym":0.0,"n":0},"geometry":{"type":"Polygon","coordinates":[[[-97.01582,32.81257],[-97.00603,32.82296],[-97.01199,32.83555],[-97.02773,32.83775],[-97.03752,32.82736],[-97.03157,32.81477],[-97.01582,32.81257]]]}},{"type":"Feature","properties":{"h3":"8726c86ddffffff","mii":17,"trt":0.0,"glp1":0.0,"pharmacy":0.0,"gym":0.0,"n":0},"geometry":{"type":"Polygon","coordinates":[[[-97.02349,32.76661],[-97.01371,32.777],[-97.01966,32.78959],[-97.0354,32.79179],[-97.04518,32.7814],[-97.03923,32.76881],[-97.02349,32.76661]]]}},{"type":"Feature","properties":{"h3":"8726cab4affffff","mii":17,"trt":0.0,"glp1":0.0,"pharmacy":0.0,"gym":0.0,"n":0},"geometry":{"type":"Polygon","coordinates":[[[-97.3061,32.95862],[-97.29631,32.96902],[-97.30231,32.9816],[-97.3181,32.98377],[-97.32789,32.97336],[-97.32189,32.96079],[-97.3061,32.95862]]]}},{"type":"Feature","properties":{"h3":"8726cbd10ffffff","mii":17,"trt":0.0,"glp1":0.0,"pharmacy":0.0,"gym":0.0,"n":0},"geometry":{"type":"Polygon","coordinates":[[[-97.26731,32.75336],[-97.25754,32.76378],[-97.26352,32.77637],[-97.27929,32.77854],[-97.28906,32.76812],[-97.28307,32.75553],[-97.26731,32.75336]]]}},{"type":"Feature","properties":{"h3":"8726cbd02ffffff","mii":17,"trt":0.45,"glp1":0.55,"pharmacy":0.0,"gym":0.0,"n":2},"geometry":{"type":"Polygon","coordinates":[[[-97.22005,32.74685],[-97.21027,32.75727],[-97.21625,32.76985],[-97.23201,32.77203],[-97.24178,32.76161],[-97.2358,32.74902],[-97.22005,32.74685]]]}},{"type":"Feature","properties":{"h3":"8726caa40ffffff","mii":17,"trt":0.0,"glp1":0.0,"pharmacy":0.0,"gym":0.0,"n":0},"geometry":{"type":"Polygon","coordinates":[[[-97.3468,32.85838],[-97.33702,32.8688],[-97.34302,32.88139],[-97.3588,32.88355],[-97.36858,32.87313],[-97.36258,32.86055],[-97.3468,32.85838]]]}},{"type":"Feature","properties":{"h3":"8726cbc69ffffff","mii":17,"trt":0.0,"glp1":0.0,"pharmacy":0.0,"gym":0.0,"n":0},"geometry":{"type":"Polygon","coordinates":[[[-96.97521,32.47742],[-96.96545,32.48783],[-96.97138,32.50043],[-96.98708,32.50263],[-96.99684,32.49222],[-96.99091,32.47961],[-96.97521,32.47742]]]}},{"type":"Feature","properties":{"h3":"8726cbc6bffffff","mii":17,"trt":0.0,"glp1":0.0,"pharmacy":0.0,"gym":0.0,"n":0},"geometry":{"type":"Polygon","coordinates":[[[-97.00067,32.4692],[-96.99091,32.47961],[-96.99684,32.49222],[-97.01253,32.49441],[-97.02229,32.484],[-97.01636,32.47139],[-97.00067,32.4692]]]}},{"type":"Feature","properties":{"h3":"8726cbc4dffffff","mii":17,"trt":0.0,"glp1":0.0,"pharmacy":0.0,"gym":0.0,"n":0},"geometry":{"type":"Polygon","coordinates":[[[-97.00449,32.44618],[-96.99473,32.4566],[-97.00067,32.4692],[-97.01636,32.47139],[-97.02612,32.46098],[-97.02018,32.44837],[-97.00449,32.44618]]]}},{"type":"Feature","properties":{"h3":"8726cb132ffffff","mii":17,"trt":0.0,"glp1":0.0,"pharmacy":0.0,"gym":0.0,"n":0},"geometry":{"type":"Polygon","coordinates":[[[-96.98288,32.43138],[-96.97312,32.4418],[-96.97905,32.4544],[-96.99473,32.4566],[-97.00449,32.44618],[-96.99856,32.43357],[-96.98288,32.43138]]]}},{"type":"Feature","properties":{"h3":"8726c80c4ffffff","mii":17,"trt":0.0,"glp1":4.6,"pharmacy":0.0,"gym":0.0,"n":8},"geometry":{"type":"Polygon","coordinates":[[[-96.77889,33.21372],[-96.76905,33.22405],[-96.77499,33.23662],[-96.79077,33.23886],[-96.8006,33.22853],[-96.79466,33.21596],[-96.77889,33.21372]]]}},{"type":"Feature","properties":{"h3":"8726c805cffffff","mii":17,"trt":0.0,"glp1":0.0,"pharmacy":0.0,"gym":0.0,"n":0},"geometry":{"type":"Polygon","coordinates":[[[-96.6331,33.21636],[-96.62326,33.22668],[-96.62918,33.23926],[-96.64494,33.24152],[-96.65478,33.2312],[-96.64886,33.21862],[-96.6331,33.21636]]]}},{"type":"Feature","properties":{"h3":"8726c80e1ffffff","mii":17,"trt":0.0,"glp1":0.55,"pharmacy":0.0,"gym":0.0,"n":1},"geometry":{"type":"Polygon","coordinates":[[[-96.72768,33.22989],[-96.71784,33.24021],[-96.72377,33.25278],[-96.73954,33.25503],[-96.74938,33.24471],[-96.74345,33.23213],[-96.72768,33.22989]]]}},{"type":"Feature","properties":{"h3":"8726c84edffffff","mii":17,"trt":0.0,"glp1":0.0,"pharmacy":0.0,"gym":0.0,"n":0},"geometry":{"type":"Polygon","coordinates":[[[-97.19507,33.18997],[-97.18525,33.20035],[-97.19125,33.21292],[-97.20707,33.21511],[-97.21688,33.20473],[-97.21088,33.19216],[-97.19507,33.18997]]]}},{"type":"Feature","properties":{"h3":"8726c845affffff","mii":17,"trt":0.0,"glp1":0.0,"pharmacy":0.0,"gym":0.0,"n":0},"geometry":{"type":"Polygon","coordinates":[[[-97.17326,33.17521],[-97.16345,33.18559],[-97.16944,33.19816],[-97.18525,33.20035],[-97.19507,33.18997],[-97.18907,33.1774],[-97.17326,33.17521]]]}},{"type":"Feature","properties":{"h3":"8726c8604ffffff","mii":17,"trt":0.0,"glp1":0.0,"pharmacy":0.0,"gym":0.0,"n":0},"geometry":{"type":"Polygon","coordinates":[[[-96.98509,32.99631],[-96.97528,33.00668],[-96.98124,33.01926],[-96.997,33.02147],[-97.00681,33.0111],[-97.00085,32.99852],[-96.98509,32.99631]]]}},{"type":"Feature","properties":{"h3":"8726c86a1ffffff","mii":17,"trt":0.0,"glp1":0.0,"pharmacy":0.0,"gym":0.0,"n":0},"geometry":{"type":"Polygon","coordinates":[[[-97.11292,32.95541],[-97.10313,32.9658],[-97.1091,32.97838],[-97.12487,32.98058],[-97.13467,32.97019],[-97.1287,32.95761],[-97.11292,32.95541]]]}},{"type":"Feature","properties":{"h3":"8726c8643ffffff","mii":17,"trt":0.0,"glp1":2.85,"pharmacy":0.0,"gym":0.0,"n":5},"geometry":{"type":"Polygon","coordinates":[[[-96.84099,32.84678],[-96.83119,32.85715],[-96.83712,32.86974],[-96.85285,32.87196],[-96.86265,32.86159],[-96.85671,32.849],[-96.84099,32.84678]]]}},{"type":"Feature","properties":{"h3":"8726c82a3ffffff","mii":17,"trt":0.0,"glp1":0.55,"pharmacy":0.0,"gym":0.0,"n":1},"geometry":{"type":"Polygon","coordinates":[[[-96.62896,32.95759],[-96.61914,32.96793],[-96.62505,32.98052],[-96.64077,32.98277],[-96.65059,32.97243],[-96.64468,32.95984],[-96.62896,32.95759]]]}},{"type":"Feature","properties":{"h3":"8726c82d6ffffff","mii":17,"trt":0.0,"glp1":1.85,"pharmacy":0.0,"gym":0.0,"n":3},"geometry":{"type":"Polygon","coordinates":[[[-96.60139,32.83618],[-96.59158,32.84652],[-96.59748,32.85912],[-96.61318,32.86137],[-96.62299,32.85102],[-96.61709,32.83843],[-96.60139,32.83618]]]}},{"type":"Feature","properties":{"h3":"8726cb8a1ffffff","mii":17,"trt":0.0,"glp1":0.0,"pharmacy":0.0,"gym":0.0,"n":0},"geometry":{"type":"Polygon","coordinates":[[[-96.83638,32.5874],[-96.8266,32.59779],[-96.83252,32.61039],[-96.84821,32.6126],[-96.85799,32.60222],[-96.85207,32.58961],[-96.83638,32.5874]]]}},{"type":"Feature","properties":{"h3":"8726cb8a5ffffff","mii":17,"trt":0.0,"glp1":0.0,"pharmacy":0.0,"gym":0.0,"n":0},"geometry":{"type":"Polygon","coordinates":[[[-96.83252,32.61039],[-96.82274,32.62077],[-96.82865,32.63337],[-96.84435,32.63559],[-96.85413,32.6252],[-96.84821,32.6126],[-96.83252,32.61039]]]}},{"type":"Feature","properties":{"h3":"8726cb922ffffff","mii":17,"trt":0.0,"glp1":1.2,"pharmacy":0.0,"gym":0.0,"n":2},"geometry":{"type":"Polygon","coordinates":[[[-96.67791,32.81187],[-96.66811,32.82222],[-96.67401,32.83482],[-96.68972,32.83706],[-96.69952,32.8267],[-96.69362,32.81411],[-96.67791,32.81187]]]}},{"type":"Feature","properties":{"h3":"8726c8642ffffff","mii":17,"trt":0.0,"glp1":2.85,"pharmacy":0.0,"gym":0.0,"n":5},"geometry":{"type":"Polygon","coordinates":[[[-96.86265,32.86159],[-96.85285,32.87196],[-96.85878,32.88455],[-96.87452,32.88677],[-96.88431,32.8764],[-96.87838,32.86381],[-96.86265,32.86159]]]}},{"type":"Feature","properties":{"h3":"8726c8682ffffff","mii":17,"trt":0.0,"glp1":0.55,"pharmacy":0.0,"gym":0.0,"n":1},"geometry":{"type":"Polygon","coordinates":[[[-97.19343,32.90782],[-97.18364,32.91822],[-97.18963,32.9308],[-97.2054,32.93298],[-97.21519,32.92258],[-97.20921,32.91],[-97.19343,32.90782]]]}},{"type":"Feature","properties":{"h3":"8726c8796ffffff","mii":16,"trt":0.0,"glp1":0.65,"pharmacy":0.0,"gym":0.45,"n":2},"geometry":{"type":"Polygon","coordinates":[[[-97.23593,33.08995],[-97.22612,33.10034],[-97.23212,33.11291],[-97.24793,33.11509],[-97.25773,33.1047],[-97.25173,33.09213],[-97.23593,33.08995]]]}},{"type":"Feature","properties":{"h3":"8726c86f6ffffff","mii":16,"trt":0.0,"glp1":0.0,"pharmacy":0.0,"gym":0.0,"n":0},"geometry":{"type":"Polygon","coordinates":[[[-97.07711,32.87991],[-97.06732,32.8903],[-97.07328,32.90289],[-97.08904,32.90508],[-97.09884,32.89469],[-97.09287,32.8821],[-97.07711,32.87991]]]}},{"type":"Feature","properties":{"h3":"8726c844cffffff","mii":16,"trt":0.0,"glp1":0.55,"pharmacy":0.0,"gym":0.45,"n":2},"geometry":{"type":"Polygon","coordinates":[[[-97.07078,33.2079],[-97.06096,33.21826],[-97.06694,33.23083],[-97.08274,33.23304],[-97.09256,33.22267],[-97.08658,33.2101],[-97.07078,33.2079]]]}},{"type":"Feature","properties":{"h3":"8726c8299ffffff","mii":16,"trt":0.0,"glp1":0.0,"pharmacy":0.0,"gym":0.0,"n":0},"geometry":{"type":"Polygon","coordinates":[[[-96.67011,32.85776],[-96.6603,32.86811],[-96.66621,32.8807],[-96.68192,32.88294],[-96.69173,32.87259],[-96.68582,32.86],[-96.67011,32.85776]]]}},{"type":"Feature","properties":{"h3":"8726c80f5ffffff","mii":16,"trt":0.0,"glp1":0.55,"pharmacy":0.0,"gym":0.45,"n":2},"geometry":{"type":"Polygon","coordinates":[[[-96.79671,33.25144],[-96.78687,33.26177],[-96.79282,33.27434],[-96.8086,33.27658],[-96.81844,33.26625],[-96.81249,33.25368],[-96.79671,33.25144]]]}},{"type":"Feature","properties":{"h3":"8726c86c2ffffff","mii":16,"trt":0.5,"glp1":0.0,"pharmacy":0.0,"gym":0.0,"n":1},"geometry":{"type":"Polygon","coordinates":[[[-97.04135,32.80438],[-97.03157,32.81477],[-97.03752,32.82736],[-97.05327,32.82956],[-97.06305,32.81917],[-97.0571,32.80658],[-97.04135,32.80438]]]}},{"type":"Feature","properties":{"h3":"8726caa4effffff","mii":16,"trt":0.0,"glp1":0.0,"pharmacy":0.0,"gym":0.0,"n":0},"geometry":{"type":"Polygon","coordinates":[[[-97.3288,32.82063],[-97.31902,32.83105],[-97.32502,32.84364],[-97.3408,32.8458],[-97.35057,32.83538],[-97.34457,32.82279],[-97.3288,32.82063]]]}},{"type":"Feature","properties":{"h3":"8726cbc73ffffff","mii":16,"trt":0.0,"glp1":0.0,"pharmacy":0.0,"gym":0.0,"n":0},"geometry":{"type":"Polygon","coordinates":[[[-97.11269,32.52013],[-97.10293,32.53055],[-97.10888,32.54315],[-97.1246,32.54533],[-97.13436,32.5349],[-97.1284,32.5223],[-97.11269,32.52013]]]}},{"type":"Feature","properties":{"h3":"8726c872affffff","mii":16,"trt":0.0,"glp1":0.0,"pharmacy":0.0,"gym":0.0,"n":0},"geometry":{"type":"Polygon","coordinates":[[[-96.91464,33.12732],[-96.90482,33.13767],[-96.91077,33.15025],[-96.92655,33.15247],[-96.93637,33.14211],[-96.93041,33.12954],[-96.91464,33.12732]]]}},{"type":"Feature","properties":{"h3":"8726c80c5ffffff","mii":16,"trt":0.0,"glp1":1.3,"pharmacy":0.0,"gym":0.0,"n":2},"geometry":{"type":"Polygon","coordinates":[[[-96.75718,33.1989],[-96.74735,33.20923],[-96.75328,33.2218],[-96.76905,33.22405],[-96.77889,33.21372],[-96.77295,33.20114],[-96.75718,33.1989]]]}},{"type":"Feature","properties":{"h3":"8726c8052ffffff","mii":16,"trt":0.0,"glp1":0.0,"pharmacy":0.0,"gym":0.0,"n":0},"geometry":{"type":"Polygon","coordinates":[[[-96.70207,33.23796],[-96.69223,33.24828],[-96.69816,33.26086],[-96.71393,33.26311],[-96.72377,33.25278],[-96.71784,33.24021],[-96.70207,33.23796]]]}},{"type":"Feature","properties":{"h3":"8726cbd63ffffff","mii":16,"trt":0.0,"glp1":0.0,"pharmacy":0.0,"gym":0.0,"n":0},"geometry":{"type":"Polygon","coordinates":[[[-97.01332,32.68285],[-97.00354,32.69324],[-97.00948,32.70584],[-97.02521,32.70804],[-97.03499,32.69764],[-97.02904,32.68504],[-97.01332,32.68285]]]}},{"type":"Feature","properties":{"h3":"8726cbd61ffffff","mii":16,"trt":0.0,"glp1":1.3,"pharmacy":0.0,"gym":0.0,"n":2},"geometry":{"type":"Polygon","coordinates":[[[-96.98782,32.69105],[-96.97804,32.70144],[-96.98398,32.71404],[-96.9997,32.71624],[-97.00948,32.70584],[-97.00354,32.69324],[-96.98782,32.69105]]]}},{"type":"Feature","properties":{"h3":"8726c87acffffff","mii":16,"trt":0.0,"glp1":0.0,"pharmacy":0.0,"gym":0.0,"n":0},"geometry":{"type":"Polygon","coordinates":[[[-97.06436,33.10135],[-97.05455,33.11173],[-97.06052,33.1243],[-97.07631,33.1265],[-97.08612,33.11613],[-97.08015,33.10356],[-97.06436,33.10135]]]}},{"type":"Feature","properties":{"h3":"8726c8713ffffff","mii":16,"trt":0.0,"glp1":0.55,"pharmacy":0.0,"gym":0.0,"n":1},"geometry":{"type":"Polygon","coordinates":[[[-97.03876,33.10952],[-97.02895,33.11989],[-97.03492,33.13246],[-97.05071,33.13467],[-97.06052,33.1243],[-97.05455,33.11173],[-97.03876,33.10952]]]}},{"type":"Feature","properties":{"h3":"8726c8710ffffff","mii":16,"trt":0.0,"glp1":0.0,"pharmacy":0.0,"gym":0.0,"n":0},"geometry":{"type":"Polygon","coordinates":[[[-97.03492,33.13246],[-97.0251,33.14283],[-97.03108,33.1554],[-97.04687,33.15761],[-97.05668,33.14724],[-97.05071,33.13467],[-97.03492,33.13246]]]}},{"type":"Feature","properties":{"h3":"8726c8628ffffff","mii":16,"trt":0.0,"glp1":0.0,"pharmacy":0.0,"gym":0.0,"n":0},"geometry":{"type":"Polygon","coordinates":[[[-96.9161,32.97487],[-96.9063,32.98524],[-96.91224,32.99782],[-96.928,33.00004],[-96.93781,32.98967],[-96.93186,32.97709],[-96.9161,32.97487]]]}},{"type":"Feature","properties":{"h3":"8726c82f4ffffff","mii":16,"trt":0.0,"glp1":0.55,"pharmacy":0.0,"gym":0.0,"n":1},"geometry":{"type":"Polygon","coordinates":[[[-96.54253,32.89821],[-96.53271,32.90854],[-96.5386,32.92113],[-96.55431,32.92339],[-96.56412,32.91306],[-96.55823,32.90047],[-96.54253,32.89821]]]}},{"type":"Feature","properties":{"h3":"8726c821affffff","mii":16,"trt":0.0,"glp1":0.55,"pharmacy":0.0,"gym":0.0,"n":1},"geometry":{"type":"Polygon","coordinates":[[[-96.5386,32.92113],[-96.52879,32.93146],[-96.53468,32.94405],[-96.55038,32.94631],[-96.5602,32.93598],[-96.55431,32.92339],[-96.5386,32.92113]]]}},{"type":"Feature","properties":{"h3":"8726c871bffffff","mii":16,"trt":0.0,"glp1":0.0,"pharmacy":0.0,"gym":0.0,"n":0},"geometry":{"type":"Polygon","coordinates":[[[-96.99912,33.057],[-96.98931,33.06737],[-96.99527,33.07995],[-97.01105,33.08216],[-97.02086,33.07179],[-97.01489,33.05921],[-96.99912,33.057]]]}},{"type":"Feature","properties":{"h3":"8726c8646ffffff","mii":16,"trt":0.0,"glp1":0.55,"pharmacy":0.0,"gym":0.0,"n":1},"geometry":{"type":"Polygon","coordinates":[[[-96.85878,32.88455],[-96.84898,32.89491],[-96.85491,32.9075],[-96.87065,32.90972],[-96.88045,32.89936],[-96.87452,32.88677],[-96.85878,32.88455]]]}},{"type":"Feature","properties":{"h3":"8726cbd21ffffff","mii":16,"trt":0.0,"glp1":0.0,"pharmacy":0.0,"gym":0.0,"n":0},"geometry":{"type":"Polygon","coordinates":[[[-97.13965,32.79454],[-97.12987,32.80494],[-97.13584,32.81753],[-97.15159,32.81972],[-97.16138,32.80931],[-97.1554,32.79673],[-97.13965,32.79454]]]}},{"type":"Feature","properties":{"h3":"8726cbd16ffffff","mii":15,"trt":0.0,"glp1":1.2,"pharmacy":0.0,"gym":0.0,"n":2},"geometry":{"type":"Polygon","coordinates":[[[-97.28906,32.76812],[-97.27929,32.77854],[-97.28527,32.79113],[-97.30104,32.7933],[-97.31081,32.78287],[-97.30482,32.77029],[-97.28906,32.76812]]]}},{"type":"Feature","properties":{"h3":"8726cbc8cffffff","mii":15,"trt":0.0,"glp1":0.0,"pharmacy":0.0,"gym":0.0,"n":0},"geometry":{"type":"Polygon","coordinates":[[[-97.35609,32.50653],[-97.34634,32.51698],[-97.35232,32.52958],[-97.36806,32.53173],[-97.37781,32.52128],[-97.37182,32.50868],[-97.35609,32.50653]]]}},{"type":"Feature","properties":{"h3":"8726cb8b2ffffff","mii":15,"trt":0.0,"glp1":0.55,"pharmacy":0.0,"gym":0.0,"n":1},"geometry":{"type":"Polygon","coordinates":[[[-96.95603,32.59246],[-96.94626,32.60286],[-96.95219,32.61546],[-96.9679,32.61766],[-96.97767,32.60726],[-96.97174,32.59466],[-96.95603,32.59246]]]}},{"type":"Feature","properties":{"h3":"8726c86b6ffffff","mii":15,"trt":0.0,"glp1":0.0,"pharmacy":0.0,"gym":0.0,"n":0},"geometry":{"type":"Polygon","coordinates":[[[-97.22936,32.9833],[-97.21956,32.9937],[-97.22555,33.00628],[-97.24134,33.00846],[-97.25114,32.99806],[-97.24514,32.98548],[-97.22936,32.9833]]]}},{"type":"Feature","properties":{"h3":"8726c86a6ffffff","mii":15,"trt":0.0,"glp1":0.0,"pharmacy":0.0,"gym":0.0,"n":0},"geometry":{"type":"Polygon","coordinates":[[[-97.15643,32.98496],[-97.14663,32.99535],[-97.15261,33.00793],[-97.16839,33.01012],[-97.17819,32.99973],[-97.17221,32.98715],[-97.15643,32.98496]]]}},{"type":"Feature","properties":{"h3":"8726cb900ffffff","mii":15,"trt":0.0,"glp1":0.55,"pharmacy":0.0,"gym":0.0,"n":1},"geometry":{"type":"Polygon","coordinates":[[[-96.6857,32.76597],[-96.6759,32.77632],[-96.68181,32.78892],[-96.69751,32.79116],[-96.70731,32.7808],[-96.7014,32.7682],[-96.6857,32.76597]]]}},{"type":"Feature","properties":{"h3":"8726c94b6ffffff","mii":15,"trt":0.0,"glp1":0.0,"pharmacy":0.0,"gym":0.65,"n":1},"geometry":{"type":"Polygon","coordinates":[[[-96.44465,32.62556],[-96.43485,32.6359],[-96.44071,32.6485],[-96.45637,32.65077],[-96.46617,32.64042],[-96.4603,32.62782],[-96.44465,32.62556]]]}},{"type":"Feature","properties":{"h3":"8726cab49ffffff","mii":15,"trt":0.0,"glp1":0.55,"pharmacy":0.0,"gym":0.0,"n":1},"geometry":{"type":"Polygon","coordinates":[[[-97.25873,32.9521],[-97.24894,32.9625],[-97.25494,32.97508],[-97.27072,32.97726],[-97.28052,32.96685],[-97.27452,32.95427],[-97.25873,32.9521]]]}},{"type":"Feature","properties":{"h3":"8726cbd1effffff","mii":15,"trt":0.0,"glp1":0.0,"pharmacy":0.0,"gym":0.0,"n":0},"geometry":{"type":"Polygon","coordinates":[[[-97.24936,32.71559],[-97.23959,32.72601],[-97.24557,32.73861],[-97.26133,32.74078],[-97.2711,32.73035],[-97.26512,32.71776],[-97.24936,32.71559]]]}},{"type":"Feature","properties":{"h3":"8726cbd15ffffff","mii":15,"trt":0.0,"glp1":1.1,"pharmacy":0.0,"gym":0.0,"n":2},"geometry":{"type":"Polygon","coordinates":[[[-97.24178,32.76161],[-97.23201,32.77203],[-97.23799,32.78462],[-97.25375,32.78679],[-97.26352,32.77637],[-97.25754,32.76378],[-97.24178,32.76161]]]}},{"type":"Feature","properties":{"h3":"8726cbd8bffffff","mii":15,"trt":0.0,"glp1":0.0,"pharmacy":0.0,"gym":0.0,"n":0},"geometry":{"type":"Polygon","coordinates":[[[-97.33725,32.62173],[-97.32749,32.63217],[-97.33348,32.64476],[-97.34923,32.64692],[-97.35899,32.63648],[-97.353,32.62388],[-97.33725,32.62173]]]}},{"type":"Feature","properties":{"h3":"8726c839effffff","mii":15,"trt":0.0,"glp1":1.2,"pharmacy":0.0,"gym":0.0,"n":2},"geometry":{"type":"Polygon","coordinates":[[[-96.68606,33.04794],[-96.67624,33.05828],[-96.68216,33.07086],[-96.6979,33.07311],[-96.70772,33.06277],[-96.7018,33.05019],[-96.68606,33.04794]]]}},{"type":"Feature","properties":{"h3":"8726cbd08ffffff","mii":15,"trt":0.0,"glp1":0.0,"pharmacy":0.0,"gym":0.0,"n":0},"geometry":{"type":"Polygon","coordinates":[[[-97.15489,32.70254],[-97.14512,32.71296],[-97.15109,32.72555],[-97.16683,32.72773],[-97.1766,32.71732],[-97.17063,32.70472],[-97.15489,32.70254]]]}},{"type":"Feature","properties":{"h3":"8726c86e2ffffff","mii":15,"trt":0.0,"glp1":0.0,"pharmacy":0.0,"gym":0.0,"n":0},"geometry":{"type":"Polygon","coordinates":[[[-97.00815,32.85853],[-96.99835,32.86891],[-97.00431,32.8815],[-97.02006,32.8837],[-97.02985,32.87332],[-97.0239,32.86073],[-97.00815,32.85853]]]}},{"type":"Feature","properties":{"h3":"8726c80d4ffffff","mii":15,"trt":0.0,"glp1":0.55,"pharmacy":0.0,"gym":0.0,"n":1},"geometry":{"type":"Polygon","coordinates":[[[-96.85182,33.21233],[-96.84199,33.22267],[-96.84794,33.23524],[-96.86372,33.23747],[-96.87355,33.22713],[-96.8676,33.21456],[-96.85182,33.21233]]]}},{"type":"Feature","properties":{"h3":"8726c8219ffffff","mii":15,"trt":0.0,"glp1":0.55,"pharmacy":0.0,"gym":0.0,"n":1},"geometry":{"type":"Polygon","coordinates":[[[-96.4915,32.91434],[-96.48168,32.92467],[-96.48756,32.93726],[-96.50326,32.93952],[-96.51308,32.9292],[-96.5072,32.91661],[-96.4915,32.91434]]]}},{"type":"Feature","properties":{"h3":"8726c8788ffffff","mii":15,"trt":0.0,"glp1":0.0,"pharmacy":0.0,"gym":0.0,"n":0},"geometry":{"type":"Polygon","coordinates":[[[-97.10145,33.02431],[-97.09164,33.03469],[-97.09762,33.04727],[-97.1134,33.04947],[-97.12321,33.03909],[-97.11723,33.02651],[-97.10145,33.02431]]]}},{"type":"Feature","properties":{"h3":"8726c805dffffff","mii":15,"trt":0.0,"glp1":1.1,"pharmacy":0.0,"gym":0.0,"n":2},"geometry":{"type":"Polygon","coordinates":[[[-96.61143,33.20153],[-96.60159,33.21184],[-96.60751,33.22442],[-96.62326,33.22668],[-96.6331,33.21636],[-96.62718,33.20379],[-96.61143,33.20153]]]}},{"type":"Feature","properties":{"h3":"8726c8391ffffff","mii":15,"trt":0.0,"glp1":0.0,"pharmacy":0.0,"gym":0.0,"n":0},"geometry":{"type":"Polygon","coordinates":[[[-96.68216,33.07086],[-96.67233,33.08119],[-96.67825,33.09378],[-96.694,33.09602],[-96.70382,33.08569],[-96.6979,33.07311],[-96.68216,33.07086]]]}},{"type":"Feature","properties":{"h3":"8726c82c9ffffff","mii":15,"trt":0.0,"glp1":0.0,"pharmacy":0.0,"gym":0.0,"n":0},"geometry":{"type":"Polygon","coordinates":[[[-96.4465,32.75513],[-96.43669,32.76546],[-96.44256,32.77806],[-96.45823,32.78033],[-96.46804,32.76999],[-96.46217,32.75739],[-96.4465,32.75513]]]}},{"type":"Feature","properties":{"h3":"8726c82cbffffff","mii":15,"trt":0.0,"glp1":0.55,"pharmacy":0.0,"gym":0.0,"n":1},"geometry":{"type":"Polygon","coordinates":[[[-96.47197,32.74706],[-96.46217,32.75739],[-96.46804,32.76999],[-96.48372,32.77225],[-96.49352,32.76192],[-96.48765,32.74932],[-96.47197,32.74706]]]}},{"type":"Feature","properties":{"h3":"8726c9594ffffff","mii":15,"trt":0.0,"glp1":0.0,"pharmacy":0.0,"gym":0.0,"n":0},"geometry":{"type":"Polygon","coordinates":[[[-96.42496,32.74026],[-96.41516,32.75059],[-96.42102,32.76319],[-96.43669,32.76546],[-96.4465,32.75513],[-96.44063,32.74253],[-96.42496,32.74026]]]}},{"type":"Feature","properties":{"h3":"8726cb8acffffff","mii":15,"trt":0.0,"glp1":0.65,"pharmacy":0.0,"gym":0.0,"n":1},"geometry":{"type":"Polygon","coordinates":[[[-96.81478,32.57258],[-96.805,32.58297],[-96.81091,32.59557],[-96.8266,32.59779],[-96.83638,32.5874],[-96.83047,32.5748],[-96.81478,32.57258]]]}},{"type":"Feature","properties":{"h3":"8726cbca1ffffff","mii":15,"trt":0.0,"glp1":0.55,"pharmacy":0.0,"gym":0.0,"n":1},"geometry":{"type":"Polygon","coordinates":[[[-97.34479,32.57566],[-97.33503,32.5861],[-97.34102,32.5987],[-97.35676,32.60085],[-97.36652,32.59041],[-97.36053,32.57781],[-97.34479,32.57566]]]}},{"type":"Feature","properties":{"h3":"8726cbcabffffff","mii":15,"trt":0.0,"glp1":1.75,"pharmacy":0.0,"gym":0.0,"n":3},"geometry":{"type":"Polygon","coordinates":[[[-97.33061,32.51483],[-97.32085,32.52527],[-97.32684,32.53787],[-97.34257,32.54002],[-97.35232,32.52958],[-97.34634,32.51698],[-97.33061,32.51483]]]}},{"type":"Feature","properties":{"h3":"8726cbc2bffffff","mii":15,"trt":0.0,"glp1":1.65,"pharmacy":0.0,"gym":0.0,"n":3},"geometry":{"type":"Polygon","coordinates":[[[-97.15223,32.5727],[-97.14246,32.58313],[-97.14842,32.59572],[-97.16415,32.5979],[-97.17391,32.58748],[-97.16795,32.57488],[-97.15223,32.5727]]]}},{"type":"Feature","properties":{"h3":"8726caa69ffffff","mii":15,"trt":0.0,"glp1":0.0,"pharmacy":0.0,"gym":0.0,"n":0},"geometry":{"type":"Polygon","coordinates":[[[-97.25215,32.84538],[-97.24236,32.85579],[-97.24835,32.86837],[-97.26413,32.87055],[-97.27391,32.86013],[-97.26792,32.84755],[-97.25215,32.84538]]]}},{"type":"Feature","properties":{"h3":"8726caa6dffffff","mii":15,"trt":0.0,"glp1":1.2,"pharmacy":0.0,"gym":0.0,"n":2},"geometry":{"type":"Polygon","coordinates":[[[-97.24835,32.86837],[-97.23857,32.87878],[-97.24456,32.89137],[-97.26033,32.89354],[-97.27012,32.88313],[-97.26413,32.87055],[-97.24835,32.86837]]]}},{"type":"Feature","properties":{"h3":"8726ca36cffffff","mii":15,"trt":0.0,"glp1":3.25,"pharmacy":0.0,"gym":0.0,"n":5},"geometry":{"type":"Polygon","coordinates":[[[-97.4753,32.6641],[-97.46554,32.67455],[-97.47155,32.68714],[-97.48732,32.68928],[-97.49708,32.67883],[-97.49107,32.66624],[-97.4753,32.6641]]]}},{"type":"Feature","properties":{"h3":"8726cbc8effffff","mii":14,"trt":0.0,"glp1":0.0,"pharmacy":0.0,"gym":0.0,"n":0},"geometry":{"type":"Polygon","coordinates":[[[-97.38157,32.49823],[-97.37182,32.50868],[-97.37781,32.52128],[-97.39355,32.52343],[-97.40329,32.51298],[-97.3973,32.50038],[-97.38157,32.49823]]]}},{"type":"Feature","properties":{"h3":"8726cbc89ffffff","mii":14,"trt":0.0,"glp1":0.0,"pharmacy":0.0,"gym":0.0,"n":0},"geometry":{"type":"Polygon","coordinates":[[[-97.33814,32.46873],[-97.32839,32.47918],[-97.33437,32.49178],[-97.3501,32.49393],[-97.35985,32.48348],[-97.35387,32.47088],[-97.33814,32.46873]]]}},{"type":"Feature","properties":{"h3":"8726c8606ffffff","mii":14,"trt":0.0,"glp1":0.0,"pharmacy":0.0,"gym":0.0,"n":0},"geometry":{"type":"Polygon","coordinates":[[[-97.01065,32.98814],[-97.00085,32.99852],[-97.00681,33.0111],[-97.02258,33.01331],[-97.03238,33.00293],[-97.02642,32.99035],[-97.01065,32.98814]]]}},{"type":"Feature","properties":{"h3":"8726cb902ffffff","mii":14,"trt":0.0,"glp1":0.0,"pharmacy":0.0,"gym":0.0,"n":0},"geometry":{"type":"Polygon","coordinates":[[[-96.7112,32.75784],[-96.7014,32.7682],[-96.70731,32.7808],[-96.72301,32.78304],[-96.73281,32.77267],[-96.7269,32.76008],[-96.7112,32.75784]]]}},{"type":"Feature","properties":{"h3":"8726cb961ffffff","mii":14,"trt":0.0,"glp1":0.55,"pharmacy":0.0,"gym":0.0,"n":1},"geometry":{"type":"Polygon","coordinates":[[[-96.47984,32.70118],[-96.47004,32.71152],[-96.47591,32.72412],[-96.49158,32.72638],[-96.50138,32.71604],[-96.49551,32.70344],[-96.47984,32.70118]]]}},{"type":"Feature","properties":{"h3":"8726c86ceffffff","mii":14,"trt":0.0,"glp1":0.0,"pharmacy":0.0,"gym":0.0,"n":0},"geometry":{"type":"Polygon","coordinates":[[[-96.99797,32.7748],[-96.98819,32.78519],[-96.99414,32.79778],[-97.00987,32.79998],[-97.01966,32.78959],[-97.01371,32.777],[-96.99797,32.7748]]]}},{"type":"Feature","properties":{"h3":"8726c86c1ffffff","mii":14,"trt":0.0,"glp1":0.0,"pharmacy":0.0,"gym":0.0,"n":0},"geometry":{"type":"Polygon","coordinates":[[[-96.99414,32.79778],[-96.98435,32.80817],[-96.99029,32.82076],[-97.00603,32.82296],[-97.01582,32.81257],[-97.00987,32.79998],[-96.99414,32.79778]]]}},{"type":"Feature","properties":{"h3":"8726c86d1ffffff","mii":14,"trt":0.0,"glp1":0.0,"pharmacy":0.0,"gym":0.0,"n":0},"geometry":{"type":"Polygon","coordinates":[[[-97.06688,32.79618],[-97.0571,32.80658],[-97.06305,32.81917],[-97.0788,32.82136],[-97.08859,32.81097],[-97.08263,32.79838],[-97.06688,32.79618]]]}},{"type":"Feature","properties":{"h3":"8726caa53ffffff","mii":14,"trt":0.0,"glp1":0.0,"pharmacy":0.0,"gym":0.0,"n":0},"geometry":{"type":"Polygon","coordinates":[[[-97.42347,32.83358],[-97.4137,32.84401],[-97.41971,32.85659],[-97.4355,32.85874],[-97.44527,32.84831],[-97.43926,32.83573],[-97.42347,32.83358]]]}},{"type":"Feature","properties":{"h3":"8726c8398ffffff","mii":14,"trt":0.0,"glp1":0.0,"pharmacy":0.0,"gym":0.0,"n":0},"geometry":{"type":"Polygon","coordinates":[[[-96.66441,33.03311],[-96.65459,33.04344],[-96.6605,33.05603],[-96.67624,33.05828],[-96.68606,33.04794],[-96.68015,33.03536],[-96.66441,33.03311]]]}},{"type":"Feature","properties":{"h3":"8726c80e3ffffff","mii":14,"trt":0.0,"glp1":0.0,"pharmacy":0.0,"gym":0.0,"n":0},"geometry":{"type":"Polygon","coordinates":[[[-96.75328,33.2218],[-96.74345,33.23213],[-96.74938,33.24471],[-96.76516,33.24695],[-96.77499,33.23662],[-96.76905,33.22405],[-96.75328,33.2218]]]}},{"type":"Feature","properties":{"h3":"8726c80c0ffffff","mii":14,"trt":0.0,"glp1":0.0,"pharmacy":0.0,"gym":0.0,"n":0},"geometry":{"type":"Polygon","coordinates":[[[-96.78278,33.19081],[-96.77295,33.20114],[-96.77889,33.21372],[-96.79466,33.21596],[-96.80449,33.20562],[-96.79855,33.19305],[-96.78278,33.19081]]]}},{"type":"Feature","properties":{"h3":"8726c820affffff","mii":14,"trt":0.0,"glp1":1.1,"pharmacy":0.0,"gym":0.0,"n":2},"geometry":{"type":"Polygon","coordinates":[[[-96.46598,32.9224],[-96.45616,32.93272],[-96.46204,32.94531],[-96.47774,32.94758],[-96.48756,32.93726],[-96.48168,32.92467],[-96.46598,32.9224]]]}},{"type":"Feature","properties":{"h3":"8726c8208ffffff","mii":14,"trt":0.0,"glp1":1.65,"pharmacy":0.0,"gym":0.0,"n":3},"geometry":{"type":"Polygon","coordinates":[[[-96.44046,32.93045],[-96.43064,32.94077],[-96.43652,32.95336],[-96.45222,32.95563],[-96.46204,32.94531],[-96.45616,32.93272],[-96.44046,32.93045]]]}},{"type":"Feature","properties":{"h3":"8726c82a8ffffff","mii":14,"trt":0.0,"glp1":1.75,"pharmacy":0.0,"gym":0.0,"n":3},"geometry":{"type":"Polygon","coordinates":[[[-96.58573,32.92791],[-96.57591,32.93824],[-96.58181,32.95083],[-96.59752,32.95309],[-96.60734,32.94275],[-96.60144,32.93016],[-96.58573,32.92791]]]}},{"type":"Feature","properties":{"h3":"8726c8218ffffff","mii":14,"trt":0.0,"glp1":0.0,"pharmacy":0.0,"gym":0.0,"n":0},"geometry":{"type":"Polygon","coordinates":[[[-96.51308,32.9292],[-96.50326,32.93952],[-96.50915,32.95211],[-96.52486,32.95438],[-96.53468,32.94405],[-96.52879,32.93146],[-96.51308,32.9292]]]}},{"type":"Feature","properties":{"h3":"8726c82aeffffff","mii":14,"trt":0.0,"glp1":0.0,"pharmacy":0.0,"gym":0.0,"n":0},"geometry":{"type":"Polygon","coordinates":[[[-96.60734,32.94275],[-96.59752,32.95309],[-96.60342,32.96567],[-96.61914,32.96793],[-96.62896,32.95759],[-96.62306,32.945],[-96.60734,32.94275]]]}},{"type":"Feature","properties":{"h3":"8726c86edffffff","mii":14,"trt":0.0,"glp1":0.0,"pharmacy":0.0,"gym":0.0,"n":0},"geometry":{"type":"Polygon","coordinates":[[[-96.91756,32.82231],[-96.90777,32.83269],[-96.91371,32.84528],[-96.92944,32.84749],[-96.93924,32.83711],[-96.93329,32.82452],[-96.91756,32.82231]]]}},{"type":"Feature","properties":{"h3":"8726c82ecffffff","mii":14,"trt":0.0,"glp1":3.5,"pharmacy":0.0,"gym":0.0,"n":6},"geometry":{"type":"Polygon","coordinates":[[[-96.43073,32.84683],[-96.42092,32.85716],[-96.42679,32.86975],[-96.44248,32.87202],[-96.45229,32.8617],[-96.44642,32.8491],[-96.43073,32.84683]]]}},{"type":"Feature","properties":{"h3":"8726cb813ffffff","mii":14,"trt":0.0,"glp1":0.0,"pharmacy":0.0,"gym":0.0,"n":0},"geometry":{"type":"Polygon","coordinates":[[[-96.78932,32.58075],[-96.77954,32.59113],[-96.78545,32.60373],[-96.80113,32.60595],[-96.81091,32.59557],[-96.805,32.58297],[-96.78932,32.58075]]]}},{"type":"Feature","properties":{"h3":"8726cb816ffffff","mii":14,"trt":0.0,"glp1":0.0,"pharmacy":0.0,"gym":0.0,"n":0},"geometry":{"type":"Polygon","coordinates":[[[-96.80705,32.61856],[-96.79727,32.62894],[-96.80318,32.64154],[-96.81887,32.64376],[-96.82865,32.63337],[-96.82274,32.62077],[-96.80705,32.61856]]]}},{"type":"Feature","properties":{"h3":"8726cb9aaffffff","mii":14,"trt":0.0,"glp1":0.55,"pharmacy":0.0,"gym":0.0,"n":1},"geometry":{"type":"Polygon","coordinates":[[[-96.81705,32.70231],[-96.80727,32.71269],[-96.81318,32.72528],[-96.82889,32.72751],[-96.83868,32.71713],[-96.83276,32.70453],[-96.81705,32.70231]]]}},{"type":"Feature","properties":{"h3":"8726cb983ffffff","mii":14,"trt":0.0,"glp1":0.0,"pharmacy":0.0,"gym":0.0,"n":0},"geometry":{"type":"Polygon","coordinates":[[[-96.86804,32.68599],[-96.85825,32.69637],[-96.86418,32.70897],[-96.87989,32.71118],[-96.88967,32.7008],[-96.88374,32.6882],[-96.86804,32.68599]]]}},{"type":"Feature","properties":{"h3":"8726cb98cffffff","mii":14,"trt":0.0,"glp1":0.55,"pharmacy":0.0,"gym":0.0,"n":1},"geometry":{"type":"Polygon","coordinates":[[[-96.82092,32.67934],[-96.81114,32.68971],[-96.81705,32.70231],[-96.83276,32.70453],[-96.84255,32.69415],[-96.83662,32.68155],[-96.82092,32.67934]]]}},{"type":"Feature","properties":{"h3":"8726cbc12ffffff","mii":14,"trt":0.0,"glp1":1.1,"pharmacy":0.0,"gym":0.0,"n":2},"geometry":{"type":"Polygon","coordinates":[[[-97.31929,32.58394],[-97.30953,32.59438],[-97.31552,32.60698],[-97.33126,32.60913],[-97.34102,32.5987],[-97.33503,32.5861],[-97.31929,32.58394]]]}},{"type":"Feature","properties":{"h3":"8726cbcaeffffff","mii":14,"trt":0.0,"glp1":1.3,"pharmacy":0.0,"gym":0.0,"n":2},"geometry":{"type":"Polygon","coordinates":[[[-97.34856,32.55262],[-97.3388,32.56306],[-97.34479,32.57566],[-97.36053,32.57781],[-97.37028,32.56737],[-97.36429,32.55477],[-97.34856,32.55262]]]}},{"type":"Feature","properties":{"h3":"8726cbc28ffffff","mii":14,"trt":0.0,"glp1":1.1,"pharmacy":0.0,"gym":0.0,"n":2},"geometry":{"type":"Polygon","coordinates":[[[-97.14842,32.59572],[-97.13866,32.60614],[-97.14462,32.61874],[-97.16035,32.62092],[-97.17011,32.6105],[-97.16415,32.5979],[-97.14842,32.59572]]]}},{"type":"Feature","properties":{"h3":"8726caae6ffffff","mii":14,"trt":0.0,"glp1":1.95,"pharmacy":0.0,"gym":0.0,"n":3},"geometry":{"type":"Polygon","coordinates":[[[-97.51447,32.86948],[-97.5047,32.87992],[-97.51072,32.8925],[-97.52652,32.89464],[-97.5363,32.8842],[-97.53027,32.87162],[-97.51447,32.86948]]]}},{"type":"Feature","properties":{"h3":"8726caa1bffffff","mii":14,"trt":0.0,"glp1":2.3,"pharmacy":0.0,"gym":0.0,"n":4},"geometry":{"type":"Polygon","coordinates":[[[-97.5363,32.8842],[-97.52652,32.89464],[-97.53255,32.90722],[-97.54836,32.90936],[-97.55814,32.89892],[-97.5521,32.88634],[-97.5363,32.8842]]]}},{"type":"Feature","properties":{"h3":"8726c86b3ffffff","mii":14,"trt":0.0,"glp1":0.0,"pharmacy":0.0,"gym":0.0,"n":0},"geometry":{"type":"Polygon","coordinates":[[[-97.21139,32.94556],[-97.20159,32.95596],[-97.20758,32.96854],[-97.22336,32.97072],[-97.23316,32.96032],[-97.22717,32.94774],[-97.21139,32.94556]]]}},{"type":"Feature","properties":{"h3":"8726caa5affffff","mii":14,"trt":0.0,"glp1":0.55,"pharmacy":0.0,"gym":0.0,"n":1},"geometry":{"type":"Polygon","coordinates":[[[-97.40545,32.79583],[-97.39568,32.80626],[-97.40168,32.81884],[-97.41746,32.821],[-97.42724,32.81056],[-97.42123,32.79798],[-97.40545,32.79583]]]}},{"type":"Feature","properties":{"h3":"8726c8091ffffff","mii":14,"trt":0.0,"glp1":3.7,"pharmacy":0.0,"gym":0.0,"n":6},"geometry":{"type":"Polygon","coordinates":[[[-96.9862,33.27819],[-96.97637,33.28854],[-96.98234,33.30111],[-96.99815,33.30332],[-97.00798,33.29297],[-97.002,33.28041],[-96.9862,33.27819]]]}},{"type":"Feature","properties":{"h3":"8726c87a0ffffff","mii":13,"trt":0.0,"glp1":0.0,"pharmacy":0.0,"gym":0.45,"n":1},"geometry":{"type":"Polygon","coordinates":[[[-97.1079,33.13091],[-97.09808,33.14128],[-97.10407,33.15385],[-97.11986,33.15605],[-97.12968,33.14568],[-97.12369,33.13311],[-97.1079,33.13091]]]}},{"type":"Feature","properties":{"h3":"8726c8359ffffff","mii":13,"trt":0.0,"glp1":0.0,"pharmacy":0.0,"gym":0.45,"n":1},"geometry":{"type":"Polygon","coordinates":[[[-96.31288,32.9706],[-96.30305,32.9809],[-96.30891,32.99349],[-96.3246,32.99578],[-96.33443,32.98548],[-96.32857,32.97289],[-96.31288,32.9706]]]}},{"type":"Feature","properties":{"h3":"8726c8654ffffff","mii":13,"trt":0.0,"glp1":0.0,"pharmacy":0.0,"gym":0.0,"n":0},"geometry":{"type":"Polygon","coordinates":[[[-96.90599,32.8912],[-96.89619,32.90157],[-96.90213,32.91416],[-96.91788,32.91638],[-96.92768,32.90601],[-96.92173,32.89342],[-96.90599,32.8912]]]}},{"type":"Feature","properties":{"h3":"8726caa43ffffff","mii":13,"trt":0.0,"glp1":0.0,"pharmacy":0.0,"gym":0.0,"n":0},"geometry":{"type":"Polygon","coordinates":[[[-97.35057,32.83538],[-97.3408,32.8458],[-97.3468,32.85838],[-97.36258,32.86055],[-97.37236,32.85012],[-97.36635,32.83754],[-97.35057,32.83538]]]}},{"type":"Feature","properties":{"h3":"8726cbd0effffff","mii":13,"trt":0.45,"glp1":0.0,"pharmacy":0.0,"gym":0.0,"n":1},"geometry":{"type":"Polygon","coordinates":[[[-97.1766,32.71732],[-97.16683,32.72773],[-97.1728,32.74032],[-97.18855,32.7425],[-97.19832,32.73208],[-97.19235,32.71949],[-97.1766,32.71732]]]}},{"type":"Feature","properties":{"h3":"8726c86d8ffffff","mii":13,"trt":0.0,"glp1":0.0,"pharmacy":0.0,"gym":0.0,"n":0},"geometry":{"type":"Polygon","coordinates":[[[-97.04901,32.75841],[-97.03923,32.76881],[-97.04518,32.7814],[-97.06092,32.78359],[-97.07071,32.7732],[-97.06475,32.7606],[-97.04901,32.75841]]]}},{"type":"Feature","properties":{"h3":"8726c870cffffff","mii":13,"trt":0.0,"glp1":0.0,"pharmacy":0.0,"gym":0.0,"n":0},"geometry":{"type":"Polygon","coordinates":[[[-96.9185,33.10438],[-96.90869,33.11474],[-96.91464,33.12732],[-96.93041,33.12954],[-96.94023,33.11918],[-96.93428,33.1066],[-96.9185,33.10438]]]}},{"type":"Feature","properties":{"h3":"8726c8051ffffff","mii":13,"trt":0.0,"glp1":0.0,"pharmacy":0.0,"gym":0.0,"n":0},"geometry":{"type":"Polygon","coordinates":[[[-96.65478,33.2312],[-96.64494,33.24152],[-96.65086,33.25409],[-96.66663,33.25635],[-96.67647,33.24603],[-96.67054,33.23345],[-96.65478,33.2312]]]}},{"type":"Feature","properties":{"h3":"8726cb905ffffff","mii":13,"trt":0.0,"glp1":0.0,"pharmacy":0.0,"gym":0.0,"n":0},"geometry":{"type":"Polygon","coordinates":[[[-96.66021,32.77408],[-96.65041,32.78444],[-96.65631,32.79703],[-96.67201,32.79927],[-96.68181,32.78892],[-96.6759,32.77632],[-96.66021,32.77408]]]}},{"type":"Feature","properties":{"h3":"8726c8613ffffff","mii":13,"trt":0.0,"glp1":0.0,"pharmacy":0.0,"gym":0.0,"n":0},"geometry":{"type":"Polygon","coordinates":[[[-97.06562,32.94883],[-97.05582,32.95921],[-97.06179,32.97179],[-97.07756,32.97399],[-97.08736,32.96361],[-97.08139,32.95102],[-97.06562,32.94883]]]}},{"type":"Feature","properties":{"h3":"8726c820effffff","mii":13,"trt":0.0,"glp1":1.9,"pharmacy":0.0,"gym":0.0,"n":3},"geometry":{"type":"Polygon","coordinates":[[[-96.46204,32.94531],[-96.45222,32.95563],[-96.4581,32.96822],[-96.4738,32.97049],[-96.48362,32.96017],[-96.47774,32.94758],[-96.46204,32.94531]]]}},{"type":"Feature","properties":{"h3":"8726c872effffff","mii":13,"trt":0.0,"glp1":0.75,"pharmacy":0.0,"gym":0.0,"n":1},"geometry":{"type":"Polygon","coordinates":[[[-96.91077,33.15025],[-96.90095,33.1606],[-96.9069,33.17317],[-96.92269,33.1754],[-96.93251,33.16504],[-96.92655,33.15247],[-96.91077,33.15025]]]}},{"type":"Feature","properties":{"h3":"8726c82a9ffffff","mii":13,"trt":0.0,"glp1":1.1,"pharmacy":0.0,"gym":0.0,"n":2},"geometry":{"type":"Polygon","coordinates":[[[-96.56412,32.91306],[-96.55431,32.92339],[-96.5602,32.93598],[-96.57591,32.93824],[-96.58573,32.92791],[-96.57983,32.91532],[-96.56412,32.91306]]]}},{"type":"Feature","properties":{"h3":"8726c82f5ffffff","mii":13,"trt":0.0,"glp1":0.0,"pharmacy":0.0,"gym":0.0,"n":0},"geometry":{"type":"Polygon","coordinates":[[[-96.52094,32.88336],[-96.51113,32.89369],[-96.51701,32.90628],[-96.53271,32.90854],[-96.54253,32.89821],[-96.53664,32.88562],[-96.52094,32.88336]]]}},{"type":"Feature","properties":{"h3":"8726c86e9ffffff","mii":13,"trt":0.0,"glp1":2.2,"pharmacy":0.0,"gym":0.0,"n":4},"geometry":{"type":"Polygon","coordinates":[[[-96.92142,32.79934],[-96.91162,32.80972],[-96.91756,32.82231],[-96.93329,32.82452],[-96.94309,32.81414],[-96.93715,32.80155],[-96.92142,32.79934]]]}},{"type":"Feature","properties":{"h3":"8726c8619ffffff","mii":13,"trt":0.0,"glp1":0.55,"pharmacy":0.0,"gym":0.0,"n":1},"geometry":{"type":"Polygon","coordinates":[[[-97.00047,32.90447],[-96.99067,32.91485],[-96.99662,32.92743],[-97.01238,32.92964],[-97.02218,32.91926],[-97.01622,32.90667],[-97.00047,32.90447]]]}},{"type":"Feature","properties":{"h3":"8726c82acffffff","mii":13,"trt":0.0,"glp1":0.75,"pharmacy":0.0,"gym":0.0,"n":1},"geometry":{"type":"Polygon","coordinates":[[[-96.58181,32.95083],[-96.57199,32.96116],[-96.57789,32.97375],[-96.59361,32.97601],[-96.60342,32.96567],[-96.59752,32.95309],[-96.58181,32.95083]]]}},{"type":"Feature","properties":{"h3":"8726cb810ffffff","mii":13,"trt":0.0,"glp1":0.0,"pharmacy":0.0,"gym":0.0,"n":0},"geometry":{"type":"Polygon","coordinates":[[[-96.78545,32.60373],[-96.77567,32.61411],[-96.78157,32.62672],[-96.79727,32.62894],[-96.80705,32.61856],[-96.80113,32.60595],[-96.78545,32.60373]]]}},{"type":"Feature","properties":{"h3":"8726c8673ffffff","mii":13,"trt":0.0,"glp1":0.0,"pharmacy":0.0,"gym":0.0,"n":0},"geometry":{"type":"Polygon","coordinates":[[[-96.88045,32.89936],[-96.87065,32.90972],[-96.87659,32.92231],[-96.89233,32.92453],[-96.90213,32.91416],[-96.89619,32.90157],[-96.88045,32.89936]]]}},{"type":"Feature","properties":{"h3":"8726cb98effffff","mii":13,"trt":0.0,"glp1":0.55,"pharmacy":0.0,"gym":0.0,"n":1},"geometry":{"type":"Polygon","coordinates":[[[-96.84641,32.67117],[-96.83662,32.68155],[-96.84255,32.69415],[-96.85825,32.69637],[-96.86804,32.68599],[-96.86211,32.67339],[-96.84641,32.67117]]]}},{"type":"Feature","properties":{"h3":"8726cbcf6ffffff","mii":13,"trt":0.0,"glp1":0.0,"pharmacy":0.0,"gym":0.0,"n":0},"geometry":{"type":"Polygon","coordinates":[[[-97.3089,32.50007],[-97.29915,32.51052],[-97.30512,32.52311],[-97.32085,32.52527],[-97.33061,32.51483],[-97.32462,32.50223],[-97.3089,32.50007]]]}},{"type":"Feature","properties":{"h3":"8726cbc66ffffff","mii":13,"trt":0.0,"glp1":0.55,"pharmacy":0.0,"gym":0.0,"n":1},"geometry":{"type":"Polygon","coordinates":[[[-97.05793,32.55961],[-97.04817,32.57002],[-97.05411,32.58262],[-97.06983,32.58481],[-97.07959,32.5744],[-97.07365,32.5618],[-97.05793,32.55961]]]}},{"type":"Feature","properties":{"h3":"8726cbca4ffffff","mii":13,"trt":0.0,"glp1":0.65,"pharmacy":0.0,"gym":0.0,"n":1},"geometry":{"type":"Polygon","coordinates":[[[-97.36275,32.61344],[-97.353,32.62388],[-97.35899,32.63648],[-97.37474,32.63863],[-97.3845,32.62819],[-97.3785,32.6156],[-97.36275,32.61344]]]}},{"type":"Feature","properties":{"h3":"8726caaecffffff","mii":13,"trt":0.0,"glp1":0.0,"pharmacy":0.0,"gym":0.0,"n":0},"geometry":{"type":"Polygon","coordinates":[[[-97.44903,32.8253],[-97.43926,32.83573],[-97.44527,32.84831],[-97.46106,32.85046],[-97.47084,32.84003],[-97.46482,32.82745],[-97.44903,32.8253]]]}},{"type":"Feature","properties":{"h3":"8726caae8ffffff","mii":13,"trt":0.0,"glp1":0.0,"pharmacy":0.0,"gym":0.0,"n":0},"geometry":{"type":"Polygon","coordinates":[[[-97.45279,32.80228],[-97.44302,32.81271],[-97.44903,32.8253],[-97.46482,32.82745],[-97.47459,32.81701],[-97.46857,32.80443],[-97.45279,32.80228]]]}},{"type":"Feature","properties":{"h3":"8726caae9ffffff","mii":13,"trt":0.0,"glp1":0.0,"pharmacy":0.0,"gym":0.0,"n":0},"geometry":{"type":"Polygon","coordinates":[[[-97.431,32.78755],[-97.42123,32.79798],[-97.42724,32.81056],[-97.44302,32.81271],[-97.45279,32.80228],[-97.44678,32.78969],[-97.431,32.78755]]]}},{"type":"Feature","properties":{"h3":"8726caa5effffff","mii":13,"trt":0.0,"glp1":0.0,"pharmacy":0.0,"gym":0.0,"n":0},"geometry":{"type":"Polygon","coordinates":[[[-97.40168,32.81884],[-97.39191,32.82927],[-97.39791,32.84185],[-97.4137,32.84401],[-97.42347,32.83358],[-97.41746,32.821],[-97.40168,32.81884]]]}},{"type":"Feature","properties":{"h3":"8726c8610ffffff","mii":12,"trt":0.0,"glp1":0.0,"pharmacy":0.0,"gym":0.0,"n":0},"geometry":{"type":"Polygon","coordinates":[[[-97.06179,32.97179],[-97.05199,32.98217],[-97.05796,32.99475],[-97.07373,32.99696],[-97.08353,32.98657],[-97.07756,32.97399],[-97.06179,32.97179]]]}},{"type":"Feature","properties":{"h3":"8726c86a0ffffff","mii":12,"trt":0.0,"glp1":0.0,"pharmacy":0.0,"gym":0.0,"n":0},"geometry":{"type":"Polygon","coordinates":[[[-97.13467,32.97019],[-97.12487,32.98058],[-97.13085,32.99316],[-97.14663,32.99535],[-97.15643,32.98496],[-97.15045,32.97238],[-97.13467,32.97019]]]}},{"type":"Feature","properties":{"h3":"8726cb96cffffff","mii":12,"trt":0.0,"glp1":0.0,"pharmacy":0.0,"gym":0.0,"n":0},"geometry":{"type":"Polygon","coordinates":[[[-96.4583,32.68631],[-96.4485,32.69665],[-96.45437,32.70925],[-96.47004,32.71152],[-96.47984,32.70118],[-96.47397,32.68857],[-96.4583,32.68631]]]}},{"type":"Feature","properties":{"h3":"8726c9593ffffff","mii":12,"trt":0.0,"glp1":0.0,"pharmacy":0.0,"gym":0.0,"n":0},"geometry":{"type":"Polygon","coordinates":[[[-96.43284,32.69439],[-96.42304,32.70472],[-96.4289,32.71733],[-96.44457,32.71959],[-96.45437,32.70925],[-96.4485,32.69665],[-96.43284,32.69439]]]}},{"type":"Feature","properties":{"h3":"8726cbdadffffff","mii":12,"trt":0.0,"glp1":0.65,"pharmacy":0.0,"gym":0.0,"n":1},"geometry":{"type":"Polygon","coordinates":[[[-97.27489,32.70734],[-97.26512,32.71776],[-97.2711,32.73035],[-97.28686,32.73252],[-97.29663,32.7221],[-97.29064,32.7095],[-97.27489,32.70734]]]}},{"type":"Feature","properties":{"h3":"8726cbd1cffffff","mii":12,"trt":0.0,"glp1":0.0,"pharmacy":0.0,"gym":0.0,"n":0},"geometry":{"type":"Polygon","coordinates":[[[-97.22384,32.72384],[-97.21407,32.73426],[-97.22005,32.74685],[-97.2358,32.74902],[-97.24557,32.73861],[-97.23959,32.72601],[-97.22384,32.72384]]]}},{"type":"Feature","properties":{"h3":"8726cbc16ffffff","mii":12,"trt":0.0,"glp1":0.0,"pharmacy":0.0,"gym":0.0,"n":0},"geometry":{"type":"Polygon","coordinates":[[[-97.31552,32.60698],[-97.30576,32.61741],[-97.31174,32.63001],[-97.32749,32.63217],[-97.33725,32.62173],[-97.33126,32.60913],[-97.31552,32.60698]]]}},{"type":"Feature","properties":{"h3":"8726cbd94ffffff","mii":12,"trt":0.0,"glp1":0.0,"pharmacy":0.0,"gym":0.0,"n":0},"geometry":{"type":"Polygon","coordinates":[[[-97.44227,32.71847],[-97.4325,32.72891],[-97.43851,32.7415],[-97.45429,32.74365],[-97.46405,32.7332],[-97.45804,32.72062],[-97.44227,32.71847]]]}},{"type":"Feature","properties":{"h3":"8726c861effffff","mii":12,"trt":0.0,"glp1":0.0,"pharmacy":0.0,"gym":0.0,"n":0},"geometry":{"type":"Polygon","coordinates":[[[-97.0439,32.93404],[-97.0341,32.94443],[-97.04006,32.95701],[-97.05582,32.95921],[-97.06562,32.94883],[-97.05966,32.93624],[-97.0439,32.93404]]]}},{"type":"Feature","properties":{"h3":"8726c82adffffff","mii":12,"trt":0.0,"glp1":0.55,"pharmacy":0.0,"gym":0.0,"n":1},"geometry":{"type":"Polygon","coordinates":[[[-96.5602,32.93598],[-96.55038,32.94631],[-96.55628,32.9589],[-96.57199,32.96116],[-96.58181,32.95083],[-96.57591,32.93824],[-96.5602,32.93598]]]}},{"type":"Feature","properties":{"h3":"8726c82abffffff","mii":12,"trt":0.0,"glp1":0.55,"pharmacy":0.0,"gym":0.0,"n":1},"geometry":{"type":"Polygon","coordinates":[[[-96.58965,32.90498],[-96.57983,32.91532],[-96.58573,32.92791],[-96.60144,32.93016],[-96.61125,32.91982],[-96.60536,32.90723],[-96.58965,32.90498]]]}},{"type":"Feature","properties":{"h3":"8726c8754ffffff","mii":12,"trt":0.0,"glp1":1.65,"pharmacy":0.0,"gym":0.0,"n":3},"geometry":{"type":"Polygon","coordinates":[[[-96.87894,33.05184],[-96.86913,33.0622],[-96.87507,33.07478],[-96.89083,33.077],[-96.90065,33.06665],[-96.8947,33.05407],[-96.87894,33.05184]]]}},{"type":"Feature","properties":{"h3":"8726c804affffff","mii":12,"trt":0.0,"glp1":1.1,"pharmacy":0.0,"gym":0.0,"n":2},"geometry":{"type":"Polygon","coordinates":[[[-96.58977,33.18669],[-96.57993,33.197],[-96.58584,33.20958],[-96.60159,33.21184],[-96.61143,33.20153],[-96.60552,33.18895],[-96.58977,33.18669]]]}},{"type":"Feature","properties":{"h3":"8726c83a4ffffff","mii":12,"trt":0.0,"glp1":0.0,"pharmacy":0.0,"gym":0.0,"n":0},"geometry":{"type":"Polygon","coordinates":[[[-96.59369,33.16379],[-96.58386,33.17411],[-96.58977,33.18669],[-96.60552,33.18895],[-96.61535,33.17863],[-96.60944,33.16605],[-96.59369,33.16379]]]}},{"type":"Feature","properties":{"h3":"8726c801dffffff","mii":12,"trt":0.0,"glp1":2.3,"pharmacy":0.0,"gym":0.0,"n":4},"geometry":{"type":"Polygon","coordinates":[[[-96.7633,33.30532],[-96.75346,33.31564],[-96.7594,33.32821],[-96.77519,33.33046],[-96.78503,33.32013],[-96.77908,33.30757],[-96.7633,33.30532]]]}},{"type":"Feature","properties":{"h3":"8726c8676ffffff","mii":12,"trt":0.0,"glp1":0.65,"pharmacy":0.0,"gym":0.0,"n":1},"geometry":{"type":"Polygon","coordinates":[[[-96.89827,32.93712],[-96.88847,32.94748],[-96.89441,32.96007],[-96.91016,32.96229],[-96.91996,32.95192],[-96.91402,32.93933],[-96.89827,32.93712]]]}},{"type":"Feature","properties":{"h3":"8726c82d8ffffff","mii":12,"trt":0.0,"glp1":0.0,"pharmacy":0.0,"gym":0.0,"n":0},"geometry":{"type":"Polygon","coordinates":[[[-96.54057,32.76869],[-96.53076,32.77903],[-96.53664,32.79163],[-96.55233,32.79389],[-96.56214,32.78354],[-96.55625,32.77095],[-96.54057,32.76869]]]}},{"type":"Feature","properties":{"h3":"8726c94acffffff","mii":12,"trt":0.0,"glp1":2.85,"pharmacy":0.0,"gym":0.0,"n":5},"geometry":{"type":"Polygon","coordinates":[[[-96.3078,32.58219],[-96.298,32.59252],[-96.30384,32.60513],[-96.31948,32.6074],[-96.32927,32.59707],[-96.32343,32.58446],[-96.3078,32.58219]]]}},{"type":"Feature","properties":{"h3":"8726cbc25ffffff","mii":12,"trt":0.0,"glp1":1.1,"pharmacy":0.0,"gym":0.0,"n":2},"geometry":{"type":"Polygon","coordinates":[[[-97.16251,32.65653],[-97.15274,32.66694],[-97.1587,32.67954],[-97.17444,32.68172],[-97.18421,32.6713],[-97.17824,32.6587],[-97.16251,32.65653]]]}},{"type":"Feature","properties":{"h3":"8726cbc2cffffff","mii":12,"trt":0.0,"glp1":0.0,"pharmacy":0.0,"gym":0.0,"n":0},"geometry":{"type":"Polygon","coordinates":[[[-97.14462,32.61874],[-97.13485,32.62916],[-97.14081,32.64175],[-97.15654,32.64393],[-97.16631,32.63351],[-97.16035,32.62092],[-97.14462,32.61874]]]}},{"type":"Feature","properties":{"h3":"8726caaf5ffffff","mii":12,"trt":0.0,"glp1":0.75,"pharmacy":0.0,"gym":0.0,"n":1},"geometry":{"type":"Polygon","coordinates":[[[-97.54004,32.86118],[-97.53027,32.87162],[-97.5363,32.8842],[-97.5521,32.88634],[-97.56187,32.8759],[-97.55584,32.86332],[-97.54004,32.86118]]]}},{"type":"Feature","properties":{"h3":"8726cbca5ffffff","mii":12,"trt":0.0,"glp1":1.65,"pharmacy":0.0,"gym":0.0,"n":3},"geometry":{"type":"Polygon","coordinates":[[[-97.34102,32.5987],[-97.33126,32.60913],[-97.33725,32.62173],[-97.353,32.62388],[-97.36275,32.61344],[-97.35676,32.60085],[-97.34102,32.5987]]]}},{"type":"Feature","properties":{"h3":"8726cbc62ffffff","mii":12,"trt":0.0,"glp1":0.0,"pharmacy":0.0,"gym":0.0,"n":0},"geometry":{"type":"Polygon","coordinates":[[[-97.06175,32.5366],[-97.05199,32.54701],[-97.05793,32.55961],[-97.07365,32.5618],[-97.08341,32.55138],[-97.07746,32.53878],[-97.06175,32.5366]]]}},{"type":"Feature","properties":{"h3":"8726cbd92ffffff","mii":12,"trt":0.0,"glp1":0.0,"pharmacy":0.0,"gym":0.0,"n":0},"geometry":{"type":"Polygon","coordinates":[[[-97.47155,32.68714],[-97.46179,32.69758],[-97.4678,32.71017],[-97.48357,32.71232],[-97.49333,32.70187],[-97.48732,32.68928],[-97.47155,32.68714]]]}},{"type":"Feature","properties":{"h3":"8726cab65ffffff","mii":11,"trt":0.0,"glp1":0.0,"pharmacy":0.0,"gym":0.0,"n":0},"geometry":{"type":"Polygon","coordinates":[[[-97.26153,33.08173],[-97.25173,33.09213],[-97.25773,33.1047],[-97.27354,33.10688],[-97.28334,33.09649],[-97.27734,33.08391],[-97.26153,33.08173]]]}},{"type":"Feature","properties":{"h3":"8726c8455ffffff","mii":11,"trt":0.0,"glp1":0.0,"pharmacy":0.0,"gym":0.0,"n":0},"geometry":{"type":"Polygon","coordinates":[[[-97.1618,33.24404],[-97.15198,33.25441],[-97.15797,33.26698],[-97.17379,33.26918],[-97.18361,33.25881],[-97.17761,33.24624],[-97.1618,33.24404]]]}},{"type":"Feature","properties":{"h3":"8726c832dffffff","mii":11,"trt":0.0,"glp1":0.0,"pharmacy":0.0,"gym":0.45,"n":1},"geometry":{"type":"Polygon","coordinates":[[[-96.35377,33.15254],[-96.34393,33.16283],[-96.34981,33.17541],[-96.36553,33.1777],[-96.37537,33.16741],[-96.36949,33.15483],[-96.35377,33.15254]]]}},{"type":"Feature","properties":{"h3":"8726cbd03ffffff","mii":11,"trt":0.0,"glp1":0.0,"pharmacy":0.0,"gym":0.0,"n":0},"geometry":{"type":"Polygon","coordinates":[[[-97.19832,32.73208],[-97.18855,32.7425],[-97.19452,32.75509],[-97.21027,32.75727],[-97.22005,32.74685],[-97.21407,32.73426],[-97.19832,32.73208]]]}},{"type":"Feature","properties":{"h3":"8726cbdb0ffffff","mii":11,"trt":0.0,"glp1":0.0,"pharmacy":0.0,"gym":0.0,"n":0},"geometry":{"type":"Polygon","coordinates":[[[-97.41297,32.74979],[-97.40321,32.76022],[-97.40921,32.77281],[-97.42499,32.77496],[-97.43475,32.76452],[-97.42875,32.75194],[-97.41297,32.74979]]]}},{"type":"Feature","properties":{"h3":"8726c86d3ffffff","mii":11,"trt":0.0,"glp1":0.55,"pharmacy":0.0,"gym":0.0,"n":1},"geometry":{"type":"Polygon","coordinates":[[[-97.09241,32.78798],[-97.08263,32.79838],[-97.08859,32.81097],[-97.10434,32.81316],[-97.11412,32.80276],[-97.10816,32.79017],[-97.09241,32.78798]]]}},{"type":"Feature","properties":{"h3":"8726c80d2ffffff","mii":11,"trt":0.0,"glp1":0.55,"pharmacy":0.0,"gym":0.0,"n":1},"geometry":{"type":"Polygon","coordinates":[[[-96.8813,33.18129],[-96.87147,33.19164],[-96.87743,33.20421],[-96.89321,33.20644],[-96.90304,33.1961],[-96.89708,33.18352],[-96.8813,33.18129]]]}},{"type":"Feature","properties":{"h3":"8726c8772ffffff","mii":11,"trt":0.0,"glp1":0.0,"pharmacy":0.0,"gym":0.0,"n":0},"geometry":{"type":"Polygon","coordinates":[[[-96.87507,33.07478],[-96.86525,33.08513],[-96.8712,33.09771],[-96.88697,33.09994],[-96.89678,33.08958],[-96.89083,33.077],[-96.87507,33.07478]]]}},{"type":"Feature","properties":{"h3":"8726c86ebffffff","mii":11,"trt":0.0,"glp1":0.0,"pharmacy":0.0,"gym":0.0,"n":0},"geometry":{"type":"Polygon","coordinates":[[[-96.94694,32.79117],[-96.93715,32.80155],[-96.94309,32.81414],[-96.95882,32.81635],[-96.96861,32.80596],[-96.96267,32.79337],[-96.94694,32.79117]]]}},{"type":"Feature","properties":{"h3":"8726cbd5cffffff","mii":11,"trt":0.0,"glp1":0.55,"pharmacy":0.0,"gym":0.0,"n":1},"geometry":{"type":"Polygon","coordinates":[[[-97.07196,32.62042],[-97.06219,32.63083],[-97.06814,32.64343],[-97.08386,32.64561],[-97.09363,32.6352],[-97.08768,32.62261],[-97.07196,32.62042]]]}},{"type":"Feature","properties":{"h3":"8726c82d0ffffff","mii":11,"trt":0.0,"glp1":0.0,"pharmacy":0.0,"gym":0.0,"n":0},"geometry":{"type":"Polygon","coordinates":[[[-96.5798,32.82133],[-96.56999,32.83167],[-96.57588,32.84427],[-96.59158,32.84652],[-96.60139,32.83618],[-96.5955,32.82358],[-96.5798,32.82133]]]}},{"type":"Feature","properties":{"h3":"8726c8215ffffff","mii":11,"trt":0.0,"glp1":0.55,"pharmacy":0.0,"gym":0.0,"n":1},"geometry":{"type":"Polygon","coordinates":[[[-96.52682,32.98988],[-96.51699,33.00021],[-96.52288,33.01279],[-96.5386,33.01506],[-96.54842,33.00473],[-96.54253,32.99215],[-96.52682,32.98988]]]}},{"type":"Feature","properties":{"h3":"8726cb924ffffff","mii":11,"trt":0.0,"glp1":0.0,"pharmacy":0.0,"gym":0.0,"n":0},"geometry":{"type":"Polygon","coordinates":[[[-96.6485,32.84292],[-96.63869,32.85327],[-96.64459,32.86586],[-96.6603,32.86811],[-96.67011,32.85776],[-96.66421,32.84517],[-96.6485,32.84292]]]}},{"type":"Feature","properties":{"h3":"8726c8629ffffff","mii":11,"trt":0.0,"glp1":0.0,"pharmacy":0.0,"gym":0.0,"n":0},"geometry":{"type":"Polygon","coordinates":[[[-96.89441,32.96007],[-96.8846,32.97043],[-96.89054,32.98302],[-96.9063,32.98524],[-96.9161,32.97487],[-96.91016,32.96229],[-96.89441,32.96007]]]}},{"type":"Feature","properties":{"h3":"8726c8253ffffff","mii":11,"trt":0.0,"glp1":0.0,"pharmacy":0.0,"gym":0.0,"n":0},"geometry":{"type":"Polygon","coordinates":[[[-96.40524,32.85488],[-96.39542,32.86521],[-96.40129,32.8778],[-96.41697,32.88007],[-96.42679,32.86975],[-96.42092,32.85716],[-96.40524,32.85488]]]}},{"type":"Feature","properties":{"h3":"8726cb8a3ffffff","mii":11,"trt":0.0,"glp1":0.0,"pharmacy":0.0,"gym":0.0,"n":0},"geometry":{"type":"Polygon","coordinates":[[[-96.86185,32.57922],[-96.85207,32.58961],[-96.85799,32.60222],[-96.87368,32.60443],[-96.88346,32.59404],[-96.87754,32.58143],[-96.86185,32.57922]]]}},{"type":"Feature","properties":{"h3":"8726cbd0bffffff","mii":11,"trt":0.0,"glp1":0.55,"pharmacy":0.0,"gym":0.0,"n":1},"geometry":{"type":"Polygon","coordinates":[[[-97.1587,32.67954],[-97.14893,32.68995],[-97.15489,32.70254],[-97.17063,32.70472],[-97.18041,32.69431],[-97.17444,32.68172],[-97.1587,32.67954]]]}},{"type":"Feature","properties":{"h3":"8726cbc0dffffff","mii":11,"trt":0.0,"glp1":0.0,"pharmacy":0.0,"gym":0.0,"n":0},"geometry":{"type":"Polygon","coordinates":[[[-97.15603,32.54968],[-97.14627,32.5601],[-97.15223,32.5727],[-97.16795,32.57488],[-97.17771,32.56446],[-97.17175,32.55186],[-97.15603,32.54968]]]}},{"type":"Feature","properties":{"h3":"8726cb135ffffff","mii":11,"trt":0.0,"glp1":2.2,"pharmacy":0.0,"gym":0.0,"n":4},"geometry":{"type":"Polygon","coordinates":[[[-96.93199,32.44781],[-96.92223,32.45822],[-96.92815,32.47083],[-96.94384,32.47303],[-96.9536,32.46262],[-96.94768,32.45001],[-96.93199,32.44781]]]}},{"type":"Feature","properties":{"h3":"8726cbca0ffffff","mii":11,"trt":0.0,"glp1":0.0,"pharmacy":0.0,"gym":0.0,"n":0},"geometry":{"type":"Polygon","coordinates":[[[-97.36652,32.59041],[-97.35676,32.60085],[-97.36275,32.61344],[-97.3785,32.6156],[-97.38826,32.60515],[-97.38227,32.59256],[-97.36652,32.59041]]]}},{"type":"Feature","properties":{"h3":"8726caa44ffffff","mii":11,"trt":0.0,"glp1":0.55,"pharmacy":0.0,"gym":0.0,"n":1},"geometry":{"type":"Polygon","coordinates":[[[-97.34302,32.88139],[-97.33324,32.8918],[-97.33924,32.90439],[-97.35503,32.90655],[-97.36481,32.89613],[-97.3588,32.88355],[-97.34302,32.88139]]]}},{"type":"Feature","properties":{"h3":"8726cb524ffffff","mii":10,"trt":0.0,"glp1":0.0,"pharmacy":0.0,"gym":0.0,"n":0},"geometry":{"type":"Polygon","coordinates":[[[-97.38908,32.45213],[-97.37934,32.46258],[-97.38533,32.47518],[-97.40106,32.47732],[-97.4108,32.46687],[-97.40481,32.45427],[-97.38908,32.45213]]]}},{"type":"Feature","properties":{"h3":"8726c8790ffffff","mii":10,"trt":0.0,"glp1":0.0,"pharmacy":0.0,"gym":0.0,"n":0},"geometry":{"type":"Polygon","coordinates":[[[-97.21413,33.07519],[-97.20433,33.08558],[-97.21032,33.09815],[-97.22612,33.10034],[-97.23593,33.08995],[-97.22993,33.07737],[-97.21413,33.07519]]]}},{"type":"Feature","properties":{"h3":"8726c8794ffffff","mii":10,"trt":0.0,"glp1":0.0,"pharmacy":0.0,"gym":0.0,"n":0},"geometry":{"type":"Polygon","coordinates":[[[-97.21032,33.09815],[-97.20052,33.10854],[-97.20651,33.12111],[-97.22231,33.1233],[-97.23212,33.11291],[-97.22612,33.10034],[-97.21032,33.09815]]]}},{"type":"Feature","properties":{"h3":"8726cb8b6ffffff","mii":10,"trt":0.0,"glp1":0.0,"pharmacy":0.0,"gym":0.0,"n":0},"geometry":{"type":"Polygon","coordinates":[[[-96.95219,32.61546],[-96.94242,32.62586],[-96.94835,32.63846],[-96.96406,32.64066],[-96.97384,32.63026],[-96.9679,32.61766],[-96.95219,32.61546]]]}},{"type":"Feature","properties":{"h3":"8726c844dffffff","mii":10,"trt":0.0,"glp1":0.0,"pharmacy":0.0,"gym":0.0,"n":0},"geometry":{"type":"Polygon","coordinates":[[[-97.049,33.19312],[-97.03918,33.20348],[-97.04516,33.21605],[-97.06096,33.21826],[-97.07078,33.2079],[-97.0648,33.19533],[-97.049,33.19312]]]}},{"type":"Feature","properties":{"h3":"8726c87a6ffffff","mii":10,"trt":0.0,"glp1":0.0,"pharmacy":0.0,"gym":0.0,"n":0},"geometry":{"type":"Polygon","coordinates":[[[-97.12968,33.14568],[-97.11986,33.15605],[-97.12585,33.16863],[-97.14165,33.17082],[-97.15147,33.16045],[-97.14548,33.14787],[-97.12968,33.14568]]]}},{"type":"Feature","properties":{"h3":"8726c801bffffff","mii":10,"trt":0.0,"glp1":0.0,"pharmacy":0.0,"gym":0.0,"n":0},"geometry":{"type":"Polygon","coordinates":[[[-96.79282,33.27434],[-96.78298,33.28467],[-96.78892,33.29724],[-96.80471,33.29948],[-96.81455,33.28915],[-96.8086,33.27658],[-96.79282,33.27434]]]}},{"type":"Feature","properties":{"h3":"8726c80f4ffffff","mii":10,"trt":0.0,"glp1":0.0,"pharmacy":0.0,"gym":0.0,"n":0},"geometry":{"type":"Polygon","coordinates":[[[-96.81844,33.26625],[-96.8086,33.27658],[-96.81455,33.28915],[-96.83033,33.29139],[-96.84017,33.28106],[-96.83422,33.26848],[-96.81844,33.26625]]]}},{"type":"Feature","properties":{"h3":"8726c8266ffffff","mii":10,"trt":0.0,"glp1":0.0,"pharmacy":0.0,"gym":0.0,"n":0},"geometry":{"type":"Polygon","coordinates":[[[-96.31685,32.9477],[-96.30702,32.95801],[-96.31288,32.9706],[-96.32857,32.97289],[-96.3384,32.96258],[-96.33253,32.94999],[-96.31685,32.9477]]]}},{"type":"Feature","properties":{"h3":"8726c8264ffffff","mii":10,"trt":0.0,"glp1":0.55,"pharmacy":0.0,"gym":0.0,"n":1},"geometry":{"type":"Polygon","coordinates":[[[-96.29134,32.95572],[-96.28151,32.96602],[-96.28736,32.97861],[-96.30305,32.9809],[-96.31288,32.9706],[-96.30702,32.95801],[-96.29134,32.95572]]]}},{"type":"Feature","properties":{"h3":"8726c80f2ffffff","mii":10,"trt":0.0,"glp1":0.0,"pharmacy":0.0,"gym":0.0,"n":0},"geometry":{"type":"Polygon","coordinates":[[[-96.84794,33.23524],[-96.83811,33.24558],[-96.84406,33.25815],[-96.85984,33.26038],[-96.86967,33.25004],[-96.86372,33.23747],[-96.84794,33.23524]]]}},{"type":"Feature","properties":{"h3":"8726c8721ffffff","mii":10,"trt":0.0,"glp1":0.0,"pharmacy":0.0,"gym":0.0,"n":0},"geometry":{"type":"Polygon","coordinates":[[[-96.9069,33.17317],[-96.89708,33.18352],[-96.90304,33.1961],[-96.91882,33.19832],[-96.92864,33.18797],[-96.92269,33.1754],[-96.9069,33.17317]]]}},{"type":"Feature","properties":{"h3":"8726c8709ffffff","mii":10,"trt":0.0,"glp1":0.0,"pharmacy":0.0,"gym":0.0,"n":0},"geometry":{"type":"Polygon","coordinates":[[[-96.90065,33.06665],[-96.89083,33.077],[-96.89678,33.08958],[-96.91255,33.09181],[-96.92237,33.08145],[-96.91642,33.06887],[-96.90065,33.06665]]]}},{"type":"Feature","properties":{"h3":"8726c87adffffff","mii":10,"trt":0.0,"glp1":0.0,"pharmacy":0.0,"gym":0.0,"n":0},"geometry":{"type":"Polygon","coordinates":[[[-97.0426,33.08657],[-97.03279,33.09694],[-97.03876,33.10952],[-97.05455,33.11173],[-97.06436,33.10135],[-97.05839,33.08878],[-97.0426,33.08657]]]}},{"type":"Feature","properties":{"h3":"8726c82d4ffffff","mii":10,"trt":0.0,"glp1":0.55,"pharmacy":0.0,"gym":0.0,"n":1},"geometry":{"type":"Polygon","coordinates":[[[-96.57588,32.84427],[-96.56607,32.85461],[-96.57197,32.8672],[-96.58767,32.86946],[-96.59748,32.85912],[-96.59158,32.84652],[-96.57588,32.84427]]]}},{"type":"Feature","properties":{"h3":"8726cbd4effffff","mii":10,"trt":0.0,"glp1":0.0,"pharmacy":0.0,"gym":0.0,"n":0},"geometry":{"type":"Polygon","coordinates":[[[-97.02481,32.61385],[-97.01504,32.62425],[-97.02098,32.63685],[-97.0367,32.63904],[-97.04647,32.62864],[-97.04052,32.61604],[-97.02481,32.61385]]]}},{"type":"Feature","properties":{"h3":"8726cb908ffffff","mii":10,"trt":0.0,"glp1":0.55,"pharmacy":0.0,"gym":0.0,"n":1},"geometry":{"type":"Polygon","coordinates":[[[-96.64642,32.71334],[-96.63662,32.72369],[-96.64252,32.73629],[-96.65821,32.73853],[-96.668,32.72817],[-96.66211,32.71558],[-96.64642,32.71334]]]}},{"type":"Feature","properties":{"h3":"8726cb911ffffff","mii":10,"trt":0.0,"glp1":0.55,"pharmacy":0.0,"gym":0.0,"n":1},"geometry":{"type":"Polygon","coordinates":[[[-96.7367,32.74971],[-96.7269,32.76008],[-96.73281,32.77267],[-96.74852,32.77491],[-96.75831,32.76454],[-96.7524,32.75194],[-96.7367,32.74971]]]}},{"type":"Feature","properties":{"h3":"8726caa19ffffff","mii":10,"trt":0.0,"glp1":0.0,"pharmacy":0.0,"gym":0.0,"n":0},"geometry":{"type":"Polygon","coordinates":[[[-97.51072,32.8925],[-97.50095,32.90293],[-97.50697,32.91551],[-97.52278,32.91765],[-97.53255,32.90722],[-97.52652,32.89464],[-97.51072,32.8925]]]}},{"type":"Feature","properties":{"h3":"8726caa62ffffff","mii":10,"trt":0.0,"glp1":0.55,"pharmacy":0.0,"gym":0.0,"n":1},"geometry":{"type":"Polygon","coordinates":[[[-97.33924,32.90439],[-97.32946,32.9148],[-97.33546,32.92738],[-97.35125,32.92955],[-97.36103,32.91913],[-97.35503,32.90655],[-97.33924,32.90439]]]}},{"type":"Feature","properties":{"h3":"8726cbca6ffffff","mii":10,"trt":0.0,"glp1":0.55,"pharmacy":0.0,"gym":0.0,"n":1},"geometry":{"type":"Polygon","coordinates":[[[-97.38826,32.60515],[-97.3785,32.6156],[-97.3845,32.62819],[-97.40025,32.63034],[-97.41001,32.61989],[-97.40401,32.6073],[-97.38826,32.60515]]]}},{"type":"Feature","properties":{"h3":"8726c869affffff","mii":10,"trt":0.0,"glp1":0.55,"pharmacy":0.0,"gym":0.0,"n":1},"geometry":{"type":"Polygon","coordinates":[[[-97.2266,32.85361],[-97.21681,32.86402],[-97.2228,32.8766],[-97.23857,32.87878],[-97.24835,32.86837],[-97.24236,32.85579],[-97.2266,32.85361]]]}},{"type":"Feature","properties":{"h3":"8726caa5bffffff","mii":10,"trt":0.0,"glp1":0.55,"pharmacy":0.0,"gym":0.0,"n":1},"geometry":{"type":"Polygon","coordinates":[[[-97.38367,32.78109],[-97.3739,32.79152],[-97.3799,32.8041],[-97.39568,32.80626],[-97.40545,32.79583],[-97.39944,32.78324],[-97.38367,32.78109]]]}},{"type":"Feature","properties":{"h3":"8726ca361ffffff","mii":10,"trt":0.0,"glp1":0.0,"pharmacy":0.0,"gym":0.0,"n":0},"geometry":{"type":"Polygon","coordinates":[[[-97.49708,32.67883],[-97.48732,32.68928],[-97.49333,32.70187],[-97.50911,32.70401],[-97.51887,32.69356],[-97.51285,32.68097],[-97.49708,32.67883]]]}},{"type":"Feature","properties":{"h3":"8726ca36effffff","mii":10,"trt":0.0,"glp1":0.55,"pharmacy":0.0,"gym":0.0,"n":1},"geometry":{"type":"Polygon","coordinates":[[[-97.50082,32.65579],[-97.49107,32.66624],[-97.49708,32.67883],[-97.51285,32.68097],[-97.52261,32.67052],[-97.51659,32.65793],[-97.50082,32.65579]]]}},{"type":"Feature","properties":{"h3":"8726ca368ffffff","mii":10,"trt":0.0,"glp1":0.0,"pharmacy":0.0,"gym":0.0,"n":0},"geometry":{"type":"Polygon","coordinates":[[[-97.47904,32.64106],[-97.46929,32.65151],[-97.4753,32.6641],[-97.49107,32.66624],[-97.50082,32.65579],[-97.49481,32.6432],[-97.47904,32.64106]]]}},{"type":"Feature","properties":{"h3":"8726caa59ffffff","mii":10,"trt":0.0,"glp1":0.0,"pharmacy":0.0,"gym":0.0,"n":0},"geometry":{"type":"Polygon","coordinates":[[[-97.35812,32.78936],[-97.34835,32.79978],[-97.35435,32.81237],[-97.37012,32.81453],[-97.3799,32.8041],[-97.3739,32.79152],[-97.35812,32.78936]]]}},{"type":"Feature","properties":{"h3":"8726cbd90ffffff","mii":10,"trt":0.0,"glp1":0.55,"pharmacy":0.0,"gym":0.0,"n":1},"geometry":{"type":"Polygon","coordinates":[[[-97.44602,32.69544],[-97.43626,32.70588],[-97.44227,32.71847],[-97.45804,32.72062],[-97.4678,32.71017],[-97.46179,32.69758],[-97.44602,32.69544]]]}},{"type":"Feature","properties":{"h3":"8726c8095ffffff","mii":10,"trt":0.0,"glp1":0.0,"pharmacy":0.0,"gym":0.0,"n":0},"geometry":{"type":"Polygon","coordinates":[[[-96.98234,33.30111],[-96.97251,33.31145],[-96.97848,33.32402],[-96.99429,33.32624],[-97.00412,33.31589],[-96.99815,33.30332],[-96.98234,33.30111]]]}},{"type":"Feature","properties":{"h3":"8726c8090ffffff","mii":10,"trt":0.0,"glp1":0.0,"pharmacy":0.0,"gym":0.0,"n":0},"geometry":{"type":"Polygon","coordinates":[[[-97.00798,33.29297],[-96.99815,33.30332],[-97.00412,33.31589],[-97.01993,33.31811],[-97.02976,33.30776],[-97.02379,33.29519],[-97.00798,33.29297]]]}},{"type":"Feature","properties":{"h3":"8726c8093ffffff","mii":10,"trt":0.0,"glp1":0.0,"pharmacy":0.0,"gym":0.0,"n":0},"geometry":{"type":"Polygon","coordinates":[[[-97.01183,33.27005],[-97.002,33.28041],[-97.00798,33.29297],[-97.02379,33.29519],[-97.03361,33.28484],[-97.02764,33.27227],[-97.01183,33.27005]]]}},{"type":"Feature","properties":{"h3":"8726c809effffff","mii":10,"trt":0.0,"glp1":0.0,"pharmacy":0.0,"gym":0.0,"n":0},"geometry":{"type":"Polygon","coordinates":[[[-96.99006,33.25527],[-96.98023,33.26562],[-96.9862,33.27819],[-97.002,33.28041],[-97.01183,33.27005],[-97.00586,33.25749],[-96.99006,33.25527]]]}},{"type":"Feature","properties":{"h3":"8726c809cffffff","mii":10,"trt":0.0,"glp1":0.0,"pharmacy":0.0,"gym":0.0,"n":0},"geometry":{"type":"Polygon","coordinates":[[[-96.96443,33.2634],[-96.9546,33.27375],[-96.96057,33.28632],[-96.97637,33.28854],[-96.9862,33.27819],[-96.98023,33.26562],[-96.96443,33.2634]]]}},{"type":"Feature","properties":{"h3":"8726c8082ffffff","mii":10,"trt":0.0,"glp1":0.0,"pharmacy":0.0,"gym":0.0,"n":0},"geometry":{"type":"Polygon","coordinates":[[[-96.96057,33.28632],[-96.95073,33.29666],[-96.9567,33.30923],[-96.97251,33.31145],[-96.98234,33.30111],[-96.97637,33.28854],[-96.96057,33.28632]]]}},{"type":"Feature","properties":{"h3":"8726c84c9ffffff","mii":9,"trt":0.0,"glp1":0.0,"pharmacy":0.0,"gym":0.0,"n":0},"geometry":{"type":"Polygon","coordinates":[[[-97.23212,33.11291],[-97.22231,33.1233],[-97.22831,33.13587],[-97.24412,33.13805],[-97.25393,33.12767],[-97.24793,33.11509],[-97.23212,33.11291]]]}},{"type":"Feature","properties":{"h3":"8726c84cbffffff","mii":9,"trt":0.0,"glp1":0.0,"pharmacy":0.0,"gym":0.0,"n":0},"geometry":{"type":"Polygon","coordinates":[[[-97.25773,33.1047],[-97.24793,33.11509],[-97.25393,33.12767],[-97.26974,33.12985],[-97.27954,33.11945],[-97.27354,33.10688],[-97.25773,33.1047]]]}},{"type":"Feature","properties":{"h3":"8726c8792ffffff","mii":9,"trt":0.0,"glp1":0.0,"pharmacy":0.0,"gym":0.0,"n":0},"geometry":{"type":"Polygon","coordinates":[[[-97.23973,33.06698],[-97.22993,33.07737],[-97.23593,33.08995],[-97.25173,33.09213],[-97.26153,33.08173],[-97.25553,33.06916],[-97.23973,33.06698]]]}},{"type":"Feature","properties":{"h3":"8726c862bffffff","mii":9,"trt":0.0,"glp1":0.0,"pharmacy":0.0,"gym":0.0,"n":0},"geometry":{"type":"Polygon","coordinates":[[[-96.91996,32.95192],[-96.91016,32.96229],[-96.9161,32.97487],[-96.93186,32.97709],[-96.94166,32.96672],[-96.93571,32.95413],[-96.91996,32.95192]]]}},{"type":"Feature","properties":{"h3":"8726cbd06ffffff","mii":9,"trt":0.0,"glp1":0.0,"pharmacy":0.0,"gym":0.0,"n":0},"geometry":{"type":"Polygon","coordinates":[[[-97.21625,32.76985],[-97.20647,32.78027],[-97.21245,32.79286],[-97.22821,32.79503],[-97.23799,32.78462],[-97.23201,32.77203],[-97.21625,32.76985]]]}},{"type":"Feature","properties":{"h3":"8726cbc14ffffff","mii":9,"trt":0.45,"glp1":0.0,"pharmacy":0.0,"gym":0.0,"n":1},"geometry":{"type":"Polygon","coordinates":[[[-97.29002,32.61525],[-97.28026,32.62568],[-97.28624,32.63828],[-97.30198,32.64044],[-97.31174,32.63001],[-97.30576,32.61741],[-97.29002,32.61525]]]}},{"type":"Feature","properties":{"h3":"8726cbc33ffffff","mii":9,"trt":0.0,"glp1":0.55,"pharmacy":0.0,"gym":0.0,"n":1},"geometry":{"type":"Polygon","coordinates":[[[-97.26451,32.62352],[-97.25475,32.63395],[-97.26073,32.64654],[-97.27647,32.64871],[-97.28624,32.63828],[-97.28026,32.62568],[-97.26451,32.62352]]]}},{"type":"Feature","properties":{"h3":"8726cbdb2ffffff","mii":9,"trt":0.0,"glp1":0.0,"pharmacy":0.0,"gym":0.0,"n":0},"geometry":{"type":"Polygon","coordinates":[[[-97.43851,32.7415],[-97.42875,32.75194],[-97.43475,32.76452],[-97.45053,32.76667],[-97.4603,32.75623],[-97.45429,32.74365],[-97.43851,32.7415]]]}},{"type":"Feature","properties":{"h3":"8726cbd01ffffff","mii":9,"trt":0.0,"glp1":0.55,"pharmacy":0.0,"gym":0.0,"n":1},"geometry":{"type":"Polygon","coordinates":[[[-97.1728,32.74032],[-97.16302,32.75073],[-97.16899,32.76332],[-97.18474,32.7655],[-97.19452,32.75509],[-97.18855,32.7425],[-97.1728,32.74032]]]}},{"type":"Feature","properties":{"h3":"8726cbd0affffff","mii":9,"trt":0.0,"glp1":0.55,"pharmacy":0.0,"gym":0.0,"n":1},"geometry":{"type":"Polygon","coordinates":[[[-97.18041,32.69431],[-97.17063,32.70472],[-97.1766,32.71732],[-97.19235,32.71949],[-97.20212,32.70908],[-97.19615,32.69649],[-97.18041,32.69431]]]}},{"type":"Feature","properties":{"h3":"8726c8a86ffffff","mii":9,"trt":0.6,"glp1":0.0,"pharmacy":0.0,"gym":0.0,"n":1},"geometry":{"type":"Polygon","coordinates":[[[-96.44602,33.31834],[-96.43617,33.32863],[-96.44206,33.3412],[-96.45782,33.34349],[-96.46767,33.3332],[-96.46177,33.32063],[-96.44602,33.31834]]]}},{"type":"Feature","properties":{"h3":"8726c821dffffff","mii":9,"trt":0.0,"glp1":0.0,"pharmacy":0.0,"gym":0.0,"n":0},"geometry":{"type":"Polygon","coordinates":[[[-96.48756,32.93726],[-96.47774,32.94758],[-96.48362,32.96017],[-96.49933,32.96244],[-96.50915,32.95211],[-96.50326,32.93952],[-96.48756,32.93726]]]}},{"type":"Feature","properties":{"h3":"8726c820cffffff","mii":9,"trt":0.0,"glp1":0.0,"pharmacy":0.0,"gym":0.0,"n":0},"geometry":{"type":"Polygon","coordinates":[[[-96.43652,32.95336],[-96.42669,32.96367],[-96.43257,32.97626],[-96.44827,32.97854],[-96.4581,32.96822],[-96.45222,32.95563],[-96.43652,32.95336]]]}},{"type":"Feature","properties":{"h3":"8726c82f6ffffff","mii":9,"trt":0.0,"glp1":0.65,"pharmacy":0.0,"gym":0.0,"n":1},"geometry":{"type":"Polygon","coordinates":[[[-96.56805,32.89013],[-96.55823,32.90047],[-96.56412,32.91306],[-96.57983,32.91532],[-96.58965,32.90498],[-96.58375,32.89239],[-96.56805,32.89013]]]}},{"type":"Feature","properties":{"h3":"8726c871affffff","mii":9,"trt":0.0,"glp1":0.0,"pharmacy":0.0,"gym":0.0,"n":0},"geometry":{"type":"Polygon","coordinates":[[[-97.02086,33.07179],[-97.01105,33.08216],[-97.01701,33.09474],[-97.03279,33.09694],[-97.0426,33.08657],[-97.03663,33.074],[-97.02086,33.07179]]]}},{"type":"Feature","properties":{"h3":"8726cbd5dffffff","mii":9,"trt":0.0,"glp1":0.0,"pharmacy":0.0,"gym":0.0,"n":0},"geometry":{"type":"Polygon","coordinates":[[[-97.05029,32.60563],[-97.04052,32.61604],[-97.04647,32.62864],[-97.06219,32.63083],[-97.07196,32.62042],[-97.06601,32.60782],[-97.05029,32.60563]]]}},{"type":"Feature","properties":{"h3":"8726c8233ffffff","mii":9,"trt":0.0,"glp1":0.0,"pharmacy":0.0,"gym":0.0,"n":0},"geometry":{"type":"Polygon","coordinates":[[[-96.52288,33.01279],[-96.51306,33.02311],[-96.51895,33.0357],[-96.53467,33.03797],[-96.5445,33.02764],[-96.5386,33.01506],[-96.52288,33.01279]]]}},{"type":"Feature","properties":{"h3":"8726c801cffffff","mii":9,"trt":0.0,"glp1":0.55,"pharmacy":0.0,"gym":0.0,"n":1},"geometry":{"type":"Polygon","coordinates":[[[-96.78503,33.32013],[-96.77519,33.33046],[-96.78113,33.34303],[-96.79692,33.34527],[-96.80677,33.33495],[-96.80082,33.32238],[-96.78503,33.32013]]]}},{"type":"Feature","properties":{"h3":"8726c8018ffffff","mii":9,"trt":0.0,"glp1":0.0,"pharmacy":0.0,"gym":0.0,"n":0},"geometry":{"type":"Polygon","coordinates":[[[-96.78892,33.29724],[-96.77908,33.30757],[-96.78503,33.32013],[-96.80082,33.32238],[-96.81066,33.31205],[-96.80471,33.29948],[-96.78892,33.29724]]]}},{"type":"Feature","properties":{"h3":"8726c82eeffffff","mii":9,"trt":0.0,"glp1":0.0,"pharmacy":0.0,"gym":0.0,"n":0},"geometry":{"type":"Polygon","coordinates":[[[-96.45623,32.83878],[-96.44642,32.8491],[-96.45229,32.8617],[-96.46798,32.86397],[-96.47779,32.85364],[-96.47192,32.84104],[-96.45623,32.83878]]]}},{"type":"Feature","properties":{"h3":"8726c82e8ffffff","mii":9,"trt":0.0,"glp1":0.0,"pharmacy":0.0,"gym":0.0,"n":0},"geometry":{"type":"Polygon","coordinates":[[[-96.43468,32.82391],[-96.42486,32.83424],[-96.43073,32.84683],[-96.44642,32.8491],[-96.45623,32.83878],[-96.45036,32.82618],[-96.43468,32.82391]]]}},{"type":"Feature","properties":{"h3":"8726c82edffffff","mii":9,"trt":0.0,"glp1":0.0,"pharmacy":0.0,"gym":0.0,"n":0},"geometry":{"type":"Polygon","coordinates":[[[-96.40918,32.83197],[-96.39937,32.84229],[-96.40524,32.85488],[-96.42092,32.85716],[-96.43073,32.84683],[-96.42486,32.83424],[-96.40918,32.83197]]]}},{"type":"Feature","properties":{"h3":"8726c80c3ffffff","mii":9,"trt":0.0,"glp1":1.65,"pharmacy":0.0,"gym":0.0,"n":3},"geometry":{"type":"Polygon","coordinates":[[[-96.78667,33.16789],[-96.77684,33.17823],[-96.78278,33.19081],[-96.79855,33.19305],[-96.80838,33.18271],[-96.80244,33.17013],[-96.78667,33.16789]]]}},{"type":"Feature","properties":{"h3":"8726cb90dffffff","mii":9,"trt":0.0,"glp1":0.55,"pharmacy":0.0,"gym":0.0,"n":1},"geometry":{"type":"Polygon","coordinates":[[[-96.62093,32.72145],[-96.61114,32.7318],[-96.61703,32.7444],[-96.63272,32.74665],[-96.64252,32.73629],[-96.63662,32.72369],[-96.62093,32.72145]]]}},{"type":"Feature","properties":{"h3":"8726c8655ffffff","mii":9,"trt":0.0,"glp1":0.0,"pharmacy":0.0,"gym":0.0,"n":0},"geometry":{"type":"Polygon","coordinates":[[[-96.88431,32.8764],[-96.87452,32.88677],[-96.88045,32.89936],[-96.89619,32.90157],[-96.90599,32.8912],[-96.90005,32.87862],[-96.88431,32.8764]]]}},{"type":"Feature","properties":{"h3":"8726cb90effffff","mii":9,"trt":0.0,"glp1":0.65,"pharmacy":0.0,"gym":0.0,"n":1},"geometry":{"type":"Polygon","coordinates":[[[-96.668,32.72817],[-96.65821,32.73853],[-96.6641,32.75113],[-96.6798,32.75337],[-96.6896,32.74301],[-96.6837,32.73041],[-96.668,32.72817]]]}},{"type":"Feature","properties":{"h3":"8726cb90affffff","mii":9,"trt":0.0,"glp1":1.1,"pharmacy":0.0,"gym":0.0,"n":2},"geometry":{"type":"Polygon","coordinates":[[[-96.6719,32.70522],[-96.66211,32.71558],[-96.668,32.72817],[-96.6837,32.73041],[-96.69349,32.72005],[-96.68759,32.70745],[-96.6719,32.70522]]]}},{"type":"Feature","properties":{"h3":"8726cb988ffffff","mii":9,"trt":0.0,"glp1":0.0,"pharmacy":0.0,"gym":0.0,"n":0},"geometry":{"type":"Polygon","coordinates":[[[-96.82479,32.65636],[-96.81501,32.66674],[-96.82092,32.67934],[-96.83662,32.68155],[-96.84641,32.67117],[-96.84049,32.65857],[-96.82479,32.65636]]]}},{"type":"Feature","properties":{"h3":"8726cb9abffffff","mii":9,"trt":0.0,"glp1":0.55,"pharmacy":0.0,"gym":0.0,"n":1},"geometry":{"type":"Polygon","coordinates":[[[-96.79544,32.68749],[-96.78565,32.69787],[-96.79156,32.71046],[-96.80727,32.71269],[-96.81705,32.70231],[-96.81114,32.68971],[-96.79544,32.68749]]]}},{"type":"Feature","properties":{"h3":"8726cbcaaffffff","mii":9,"trt":0.0,"glp1":0.0,"pharmacy":0.0,"gym":0.0,"n":0},"geometry":{"type":"Polygon","coordinates":[[[-97.35232,32.52958],[-97.34257,32.54002],[-97.34856,32.55262],[-97.36429,32.55477],[-97.37405,32.54433],[-97.36806,32.53173],[-97.35232,32.52958]]]}},{"type":"Feature","properties":{"h3":"8726cbca3ffffff","mii":9,"trt":0.0,"glp1":0.55,"pharmacy":0.0,"gym":0.0,"n":1},"geometry":{"type":"Polygon","coordinates":[[[-97.37028,32.56737],[-97.36053,32.57781],[-97.36652,32.59041],[-97.38227,32.59256],[-97.39202,32.58211],[-97.38603,32.56952],[-97.37028,32.56737]]]}},{"type":"Feature","properties":{"h3":"8726c861affffff","mii":9,"trt":0.0,"glp1":0.55,"pharmacy":0.0,"gym":0.0,"n":1},"geometry":{"type":"Polygon","coordinates":[[[-97.04773,32.91107],[-97.03793,32.92146],[-97.0439,32.93404],[-97.05966,32.93624],[-97.06945,32.92586],[-97.06349,32.91327],[-97.04773,32.91107]]]}},{"type":"Feature","properties":{"h3":"8726cbcf4ffffff","mii":9,"trt":0.0,"glp1":0.0,"pharmacy":0.0,"gym":0.0,"n":0},"geometry":{"type":"Polygon","coordinates":[[[-97.28342,32.50836],[-97.27367,32.5188],[-97.27964,32.5314],[-97.29537,32.53356],[-97.30512,32.52311],[-97.29915,32.51052],[-97.28342,32.50836]]]}},{"type":"Feature","properties":{"h3":"8726caa4affffff","mii":9,"trt":0.0,"glp1":0.0,"pharmacy":0.0,"gym":0.0,"n":0},"geometry":{"type":"Polygon","coordinates":[[[-97.33258,32.79762],[-97.3228,32.80805],[-97.3288,32.82063],[-97.34457,32.82279],[-97.35435,32.81237],[-97.34835,32.79978],[-97.33258,32.79762]]]}},{"type":"Feature","properties":{"h3":"8726c8781ffffff","mii":9,"trt":0.0,"glp1":1.3,"pharmacy":0.0,"gym":0.0,"n":2},"geometry":{"type":"Polygon","coordinates":[[[-97.11938,33.06205],[-97.10957,33.07243],[-97.11555,33.085],[-97.13134,33.0872],[-97.14115,33.07682],[-97.13517,33.06424],[-97.11938,33.06205]]]}},{"type":"Feature","properties":{"h3":"8726c8616ffffff","mii":8,"trt":0.0,"glp1":0.0,"pharmacy":0.0,"gym":0.0,"n":0},"geometry":{"type":"Polygon","coordinates":[[[-97.08353,32.98657],[-97.07373,32.99696],[-97.0797,33.00954],[-97.09547,33.01173],[-97.10527,33.00135],[-97.0993,32.98877],[-97.08353,32.98657]]]}},{"type":"Feature","properties":{"h3":"8726c846affffff","mii":8,"trt":0.0,"glp1":0.0,"pharmacy":0.0,"gym":0.0,"n":0},"geometry":{"type":"Polygon","coordinates":[[[-97.06694,33.23083],[-97.05711,33.24119],[-97.06309,33.25376],[-97.0789,33.25597],[-97.08873,33.24561],[-97.08274,33.23304],[-97.06694,33.23083]]]}},{"type":"Feature","properties":{"h3":"8726c846bffffff","mii":8,"trt":0.0,"glp1":0.0,"pharmacy":0.0,"gym":0.0,"n":0},"geometry":{"type":"Polygon","coordinates":[[[-97.04516,33.21605],[-97.03533,33.22642],[-97.04131,33.23899],[-97.05711,33.24119],[-97.06694,33.23083],[-97.06096,33.21826],[-97.04516,33.21605]]]}},{"type":"Feature","properties":{"h3":"8726c87a3ffffff","mii":8,"trt":0.0,"glp1":0.0,"pharmacy":0.0,"gym":0.0,"n":0},"geometry":{"type":"Polygon","coordinates":[[[-97.11173,33.10796],[-97.10192,33.11833],[-97.1079,33.13091],[-97.12369,33.13311],[-97.1335,33.12273],[-97.12752,33.11015],[-97.11173,33.10796]]]}},{"type":"Feature","properties":{"h3":"8726c80e6ffffff","mii":8,"trt":0.0,"glp1":0.0,"pharmacy":0.0,"gym":0.0,"n":0},"geometry":{"type":"Polygon","coordinates":[[[-96.7711,33.25952],[-96.76126,33.26985],[-96.7672,33.28242],[-96.78298,33.28467],[-96.79282,33.27434],[-96.78687,33.26177],[-96.7711,33.25952]]]}},{"type":"Feature","properties":{"h3":"8726c835bffffff","mii":8,"trt":0.0,"glp1":0.0,"pharmacy":0.0,"gym":0.0,"n":0},"geometry":{"type":"Polygon","coordinates":[[[-96.3384,32.96258],[-96.32857,32.97289],[-96.33443,32.98548],[-96.35012,32.98776],[-96.35995,32.97746],[-96.35409,32.96487],[-96.3384,32.96258]]]}},{"type":"Feature","properties":{"h3":"8726c834affffff","mii":8,"trt":0.0,"glp1":0.0,"pharmacy":0.0,"gym":0.0,"n":0},"geometry":{"type":"Polygon","coordinates":[[[-96.28736,32.97861],[-96.27753,32.98891],[-96.28339,33.0015],[-96.29908,33.00379],[-96.30891,32.99349],[-96.30305,32.9809],[-96.28736,32.97861]]]}},{"type":"Feature","properties":{"h3":"8726cb969ffffff","mii":8,"trt":0.0,"glp1":0.0,"pharmacy":0.0,"gym":0.0,"n":0},"geometry":{"type":"Polygon","coordinates":[[[-96.44071,32.6485],[-96.43092,32.65884],[-96.43678,32.67145],[-96.45244,32.67371],[-96.46223,32.66337],[-96.45637,32.65077],[-96.44071,32.6485]]]}},{"type":"Feature","properties":{"h3":"8726cb96bffffff","mii":8,"trt":0.0,"glp1":0.0,"pharmacy":0.0,"gym":0.0,"n":0},"geometry":{"type":"Polygon","coordinates":[[[-96.46617,32.64042],[-96.45637,32.65077],[-96.46223,32.66337],[-96.4779,32.66563],[-96.48769,32.65528],[-96.48183,32.64268],[-96.46617,32.64042]]]}},{"type":"Feature","properties":{"h3":"8726cb94dffffff","mii":8,"trt":0.0,"glp1":0.0,"pharmacy":0.0,"gym":0.0,"n":0},"geometry":{"type":"Polygon","coordinates":[[[-96.4701,32.61747],[-96.4603,32.62782],[-96.46617,32.64042],[-96.48183,32.64268],[-96.49162,32.63233],[-96.48575,32.61973],[-96.4701,32.61747]]]}},{"type":"Feature","properties":{"h3":"8726c94b2ffffff","mii":8,"trt":0.0,"glp1":0.0,"pharmacy":0.0,"gym":0.0,"n":0},"geometry":{"type":"Polygon","coordinates":[[[-96.44858,32.60261],[-96.43879,32.61295],[-96.44465,32.62556],[-96.4603,32.62782],[-96.4701,32.61747],[-96.46423,32.60487],[-96.44858,32.60261]]]}},{"type":"Feature","properties":{"h3":"8726c94b0ffffff","mii":8,"trt":0.0,"glp1":0.0,"pharmacy":0.0,"gym":0.0,"n":0},"geometry":{"type":"Polygon","coordinates":[[[-96.42314,32.61069],[-96.41334,32.62103],[-96.4192,32.63363],[-96.43485,32.6359],[-96.44465,32.62556],[-96.43879,32.61295],[-96.42314,32.61069]]]}},{"type":"Feature","properties":{"h3":"8726c94b4ffffff","mii":8,"trt":0.0,"glp1":0.0,"pharmacy":0.0,"gym":0.0,"n":0},"geometry":{"type":"Polygon","coordinates":[[[-96.4192,32.63363],[-96.4094,32.64397],[-96.41526,32.65658],[-96.43092,32.65884],[-96.44071,32.6485],[-96.43485,32.6359],[-96.4192,32.63363]]]}},{"type":"Feature","properties":{"h3":"8726caa4dffffff","mii":8,"trt":0.0,"glp1":0.0,"pharmacy":0.0,"gym":0.0,"n":0},"geometry":{"type":"Polygon","coordinates":[[[-97.28149,32.81413],[-97.27171,32.82455],[-97.2777,32.83714],[-97.29347,32.8393],[-97.30325,32.82889],[-97.29726,32.8163],[-97.28149,32.81413]]]}},{"type":"Feature","properties":{"h3":"8726c86d5ffffff","mii":8,"trt":0.0,"glp1":0.0,"pharmacy":0.0,"gym":0.0,"n":0},"geometry":{"type":"Polygon","coordinates":[[[-97.06305,32.81917],[-97.05327,32.82956],[-97.05923,32.84215],[-97.07498,32.84434],[-97.08476,32.83395],[-97.0788,32.82136],[-97.06305,32.81917]]]}},{"type":"Feature","properties":{"h3":"8726cbd00ffffff","mii":8,"trt":0.0,"glp1":0.0,"pharmacy":0.0,"gym":0.0,"n":0},"geometry":{"type":"Polygon","coordinates":[[[-97.19452,32.75509],[-97.18474,32.7655],[-97.19072,32.77809],[-97.20647,32.78027],[-97.21625,32.76985],[-97.21027,32.75727],[-97.19452,32.75509]]]}},{"type":"Feature","properties":{"h3":"8726cbc10ffffff","mii":8,"trt":0.0,"glp1":0.0,"pharmacy":0.0,"gym":0.0,"n":0},"geometry":{"type":"Polygon","coordinates":[[[-97.2938,32.59222],[-97.28404,32.60266],[-97.29002,32.61525],[-97.30576,32.61741],[-97.31552,32.60698],[-97.30953,32.59438],[-97.2938,32.59222]]]}},{"type":"Feature","properties":{"h3":"8726caa50ffffff","mii":8,"trt":0.0,"glp1":1.3,"pharmacy":0.0,"gym":0.0,"n":2},"geometry":{"type":"Polygon","coordinates":[[[-97.41971,32.85659],[-97.40993,32.86702],[-97.41595,32.8796],[-97.43174,32.88175],[-97.44151,32.87133],[-97.4355,32.85874],[-97.41971,32.85659]]]}},{"type":"Feature","properties":{"h3":"8726cbd1dffffff","mii":8,"trt":0.0,"glp1":0.0,"pharmacy":0.0,"gym":0.0,"n":0},"geometry":{"type":"Polygon","coordinates":[[[-97.20212,32.70908],[-97.19235,32.71949],[-97.19832,32.73208],[-97.21407,32.73426],[-97.22384,32.72384],[-97.21787,32.71125],[-97.20212,32.70908]]]}},{"type":"Feature","properties":{"h3":"8726cb92affffff","mii":8,"trt":0.0,"glp1":0.0,"pharmacy":0.0,"gym":0.0,"n":0},"geometry":{"type":"Polygon","coordinates":[[[-96.63861,32.75924],[-96.62881,32.7696],[-96.63471,32.78219],[-96.65041,32.78444],[-96.66021,32.77408],[-96.65431,32.76149],[-96.63861,32.75924]]]}},{"type":"Feature","properties":{"h3":"8726cbd6affffff","mii":8,"trt":0.0,"glp1":0.0,"pharmacy":0.0,"gym":0.0,"n":0},"geometry":{"type":"Polygon","coordinates":[[[-96.99549,32.64506],[-96.98571,32.65546],[-96.99165,32.66805],[-97.00737,32.67025],[-97.01715,32.65985],[-97.0112,32.64725],[-96.99549,32.64506]]]}},{"type":"Feature","properties":{"h3":"8726c8209ffffff","mii":8,"trt":0.0,"glp1":0.0,"pharmacy":0.0,"gym":0.0,"n":0},"geometry":{"type":"Polygon","coordinates":[[[-96.41889,32.91558],[-96.40907,32.9259],[-96.41495,32.93849],[-96.43064,32.94077],[-96.44046,32.93045],[-96.43459,32.91786],[-96.41889,32.91558]]]}},{"type":"Feature","properties":{"h3":"8726c838affffff","mii":8,"trt":0.0,"glp1":0.0,"pharmacy":0.0,"gym":0.0,"n":0},"geometry":{"type":"Polygon","coordinates":[[[-96.61722,33.02635],[-96.60739,33.03668],[-96.6133,33.04927],[-96.62903,33.05152],[-96.63886,33.04119],[-96.63295,33.02861],[-96.61722,33.02635]]]}},{"type":"Feature","properties":{"h3":"8726cbd6effffff","mii":8,"trt":0.0,"glp1":0.55,"pharmacy":0.0,"gym":0.0,"n":1},"geometry":{"type":"Polygon","coordinates":[[[-96.99165,32.66805],[-96.98188,32.67845],[-96.98782,32.69105],[-97.00354,32.69324],[-97.01332,32.68285],[-97.00737,32.67025],[-96.99165,32.66805]]]}},{"type":"Feature","properties":{"h3":"8726c8003ffffff","mii":8,"trt":0.0,"glp1":0.0,"pharmacy":0.0,"gym":0.0,"n":0},"geometry":{"type":"Polygon","coordinates":[[[-96.7594,33.32821],[-96.74956,33.33853],[-96.7555,33.3511],[-96.77129,33.35335],[-96.78113,33.34303],[-96.77519,33.33046],[-96.7594,33.32821]]]}},{"type":"Feature","properties":{"h3":"8726c8232ffffff","mii":8,"trt":0.0,"glp1":0.0,"pharmacy":0.0,"gym":0.0,"n":0},"geometry":{"type":"Polygon","coordinates":[[[-96.5445,33.02764],[-96.53467,33.03797],[-96.54057,33.05055],[-96.55629,33.05282],[-96.56612,33.04249],[-96.56022,33.02991],[-96.5445,33.02764]]]}},{"type":"Feature","properties":{"h3":"8726c8618ffffff","mii":8,"trt":0.0,"glp1":0.0,"pharmacy":0.0,"gym":0.0,"n":0},"geometry":{"type":"Polygon","coordinates":[[[-97.02218,32.91926],[-97.01238,32.92964],[-97.01834,32.94222],[-97.0341,32.94443],[-97.0439,32.93404],[-97.03793,32.92146],[-97.02218,32.91926]]]}},{"type":"Feature","properties":{"h3":"8726c82d1ffffff","mii":8,"trt":0.0,"glp1":0.0,"pharmacy":0.0,"gym":0.0,"n":0},"geometry":{"type":"Polygon","coordinates":[[[-96.55822,32.80648],[-96.54841,32.81682],[-96.5543,32.82942],[-96.56999,32.83167],[-96.5798,32.82133],[-96.57391,32.80874],[-96.55822,32.80648]]]}},{"type":"Feature","properties":{"h3":"8726c82dcffffff","mii":8,"trt":0.0,"glp1":0.0,"pharmacy":0.0,"gym":0.0,"n":0},"geometry":{"type":"Polygon","coordinates":[[[-96.53664,32.79163],[-96.52684,32.80197],[-96.53272,32.81457],[-96.54841,32.81682],[-96.55822,32.80648],[-96.55233,32.79389],[-96.53664,32.79163]]]}},{"type":"Feature","properties":{"h3":"8726c82dbffffff","mii":8,"trt":0.0,"glp1":0.0,"pharmacy":0.0,"gym":0.0,"n":0},"geometry":{"type":"Polygon","coordinates":[[[-96.54449,32.74575],[-96.53469,32.75609],[-96.54057,32.76869],[-96.55625,32.77095],[-96.56605,32.7606],[-96.56017,32.748],[-96.54449,32.74575]]]}},{"type":"Feature","properties":{"h3":"8726c9412ffffff","mii":8,"trt":0.0,"glp1":0.0,"pharmacy":0.0,"gym":0.0,"n":0},"geometry":{"type":"Polygon","coordinates":[[[-96.30384,32.60513],[-96.29404,32.61545],[-96.29988,32.62806],[-96.31552,32.63034],[-96.32532,32.62001],[-96.31948,32.6074],[-96.30384,32.60513]]]}},{"type":"Feature","properties":{"h3":"8726c94a1ffffff","mii":8,"trt":0.0,"glp1":0.0,"pharmacy":0.0,"gym":0.0,"n":0},"geometry":{"type":"Polygon","coordinates":[[[-96.32927,32.59707],[-96.31948,32.6074],[-96.32532,32.62001],[-96.34096,32.62228],[-96.35076,32.61195],[-96.34491,32.59934],[-96.32927,32.59707]]]}},{"type":"Feature","properties":{"h3":"8726c94aeffffff","mii":8,"trt":0.0,"glp1":0.0,"pharmacy":0.0,"gym":0.0,"n":0},"geometry":{"type":"Polygon","coordinates":[[[-96.33323,32.57413],[-96.32343,32.58446],[-96.32927,32.59707],[-96.34491,32.59934],[-96.35471,32.58901],[-96.34886,32.5764],[-96.33323,32.57413]]]}},{"type":"Feature","properties":{"h3":"8726c94a8ffffff","mii":8,"trt":0.0,"glp1":0.0,"pharmacy":0.0,"gym":0.0,"n":0},"geometry":{"type":"Polygon","coordinates":[[[-96.31175,32.55924],[-96.30196,32.56958],[-96.3078,32.58219],[-96.32343,32.58446],[-96.33323,32.57413],[-96.32738,32.56152],[-96.31175,32.55924]]]}},{"type":"Feature","properties":{"h3":"8726c94adffffff","mii":8,"trt":0.0,"glp1":0.0,"pharmacy":0.0,"gym":0.0,"n":0},"geometry":{"type":"Polygon","coordinates":[[[-96.28633,32.5673],[-96.27653,32.57763],[-96.28237,32.59024],[-96.298,32.59252],[-96.3078,32.58219],[-96.30196,32.56958],[-96.28633,32.5673]]]}},{"type":"Feature","properties":{"h3":"8726c9413ffffff","mii":8,"trt":0.0,"glp1":0.0,"pharmacy":0.0,"gym":0.0,"n":0},"geometry":{"type":"Polygon","coordinates":[[[-96.28237,32.59024],[-96.27257,32.60057],[-96.27841,32.61317],[-96.29404,32.61545],[-96.30384,32.60513],[-96.298,32.59252],[-96.28237,32.59024]]]}},{"type":"Feature","properties":{"h3":"8726cb886ffffff","mii":8,"trt":0.0,"glp1":0.0,"pharmacy":0.0,"gym":0.0,"n":0},"geometry":{"type":"Polygon","coordinates":[[[-96.91278,32.56285],[-96.90301,32.57325],[-96.90893,32.58585],[-96.92463,32.58806],[-96.9344,32.57766],[-96.92847,32.56506],[-96.91278,32.56285]]]}},{"type":"Feature","properties":{"h3":"8726cb99effffff","mii":8,"trt":0.0,"glp1":0.0,"pharmacy":0.0,"gym":0.0,"n":0},"geometry":{"type":"Polygon","coordinates":[[[-96.91902,32.66963],[-96.90924,32.68002],[-96.91517,32.69262],[-96.93088,32.69483],[-96.94066,32.68444],[-96.93473,32.67184],[-96.91902,32.66963]]]}},{"type":"Feature","properties":{"h3":"8726cb90cffffff","mii":8,"trt":0.0,"glp1":0.55,"pharmacy":0.0,"gym":0.0,"n":1},"geometry":{"type":"Polygon","coordinates":[[[-96.64252,32.73629],[-96.63272,32.74665],[-96.63861,32.75924],[-96.65431,32.76149],[-96.6641,32.75113],[-96.65821,32.73853],[-96.64252,32.73629]]]}},{"type":"Feature","properties":{"h3":"8726cb9a8ffffff","mii":8,"trt":0.0,"glp1":0.0,"pharmacy":0.0,"gym":0.0,"n":0},"geometry":{"type":"Polygon","coordinates":[[[-96.79156,32.71046],[-96.78177,32.72084],[-96.78769,32.73343],[-96.80339,32.73566],[-96.81318,32.72528],[-96.80727,32.71269],[-96.79156,32.71046]]]}},{"type":"Feature","properties":{"h3":"8726c8651ffffff","mii":8,"trt":0.0,"glp1":0.0,"pharmacy":0.0,"gym":0.0,"n":0},"geometry":{"type":"Polygon","coordinates":[[[-96.88818,32.85344],[-96.87838,32.86381],[-96.88431,32.8764],[-96.90005,32.87862],[-96.90985,32.86824],[-96.90391,32.85565],[-96.88818,32.85344]]]}},{"type":"Feature","properties":{"h3":"8726cb98dffffff","mii":8,"trt":0.0,"glp1":0.65,"pharmacy":0.0,"gym":0.0,"n":1},"geometry":{"type":"Polygon","coordinates":[[[-96.79931,32.66452],[-96.78952,32.67489],[-96.79544,32.68749],[-96.81114,32.68971],[-96.82092,32.67934],[-96.81501,32.66674],[-96.79931,32.66452]]]}},{"type":"Feature","properties":{"h3":"8726cb98bffffff","mii":8,"trt":0.0,"glp1":1.1,"pharmacy":0.0,"gym":0.0,"n":2},"geometry":{"type":"Polygon","coordinates":[[[-96.82865,32.63337],[-96.81887,32.64376],[-96.82479,32.65636],[-96.84049,32.65857],[-96.85027,32.64819],[-96.84435,32.63559],[-96.82865,32.63337]]]}},{"type":"Feature","properties":{"h3":"8726c8063ffffff","mii":8,"trt":0.0,"glp1":1.1,"pharmacy":0.0,"gym":0.0,"n":2},"geometry":{"type":"Polygon","coordinates":[[[-96.57405,33.27823],[-96.5642,33.28854],[-96.57011,33.30111],[-96.58588,33.30338],[-96.59572,33.29308],[-96.58981,33.2805],[-96.57405,33.27823]]]}},{"type":"Feature","properties":{"h3":"8726caae2ffffff","mii":8,"trt":0.0,"glp1":0.0,"pharmacy":0.0,"gym":0.0,"n":0},"geometry":{"type":"Polygon","coordinates":[[[-97.51822,32.84646],[-97.50844,32.8569],[-97.51447,32.86948],[-97.53027,32.87162],[-97.54004,32.86118],[-97.53401,32.8486],[-97.51822,32.84646]]]}},{"type":"Feature","properties":{"h3":"8726caaf4ffffff","mii":8,"trt":0.0,"glp1":0.0,"pharmacy":0.0,"gym":0.0,"n":0},"geometry":{"type":"Polygon","coordinates":[[[-97.56187,32.8759],[-97.5521,32.88634],[-97.55814,32.89892],[-97.57394,32.90105],[-97.58372,32.89061],[-97.57768,32.87803],[-97.56187,32.8759]]]}},{"type":"Feature","properties":{"h3":"8726cbd14ffffff","mii":8,"trt":0.0,"glp1":0.0,"pharmacy":0.0,"gym":0.0,"n":0},"geometry":{"type":"Polygon","coordinates":[[[-97.26352,32.77637],[-97.25375,32.78679],[-97.25973,32.79938],[-97.2755,32.80155],[-97.28527,32.79113],[-97.27929,32.77854],[-97.26352,32.77637]]]}},{"type":"Feature","properties":{"h3":"8726cbc35ffffff","mii":8,"trt":0.0,"glp1":0.55,"pharmacy":0.0,"gym":0.0,"n":1},"geometry":{"type":"Polygon","coordinates":[[[-97.23522,32.6548],[-97.22546,32.66523],[-97.23143,32.67782],[-97.24718,32.67999],[-97.25694,32.66956],[-97.25096,32.65697],[-97.23522,32.6548]]]}},{"type":"Feature","properties":{"h3":"8726cbd59ffffff","mii":8,"trt":0.0,"glp1":0.0,"pharmacy":0.0,"gym":0.0,"n":0},"geometry":{"type":"Polygon","coordinates":[[[-97.05411,32.58262],[-97.04435,32.59303],[-97.05029,32.60563],[-97.06601,32.60782],[-97.07578,32.59741],[-97.06983,32.58481],[-97.05411,32.58262]]]}},{"type":"Feature","properties":{"h3":"8726cbc24ffffff","mii":8,"trt":0.0,"glp1":0.0,"pharmacy":0.0,"gym":0.0,"n":0},"geometry":{"type":"Polygon","coordinates":[[[-97.18421,32.6713],[-97.17444,32.68172],[-97.18041,32.69431],[-97.19615,32.69649],[-97.20592,32.68607],[-97.19995,32.67347],[-97.18421,32.6713]]]}},{"type":"Feature","properties":{"h3":"8726cbc2affffff","mii":8,"trt":0.0,"glp1":0.0,"pharmacy":0.0,"gym":0.0,"n":0},"geometry":{"type":"Polygon","coordinates":[[[-97.17391,32.58748],[-97.16415,32.5979],[-97.17011,32.6105],[-97.18584,32.61267],[-97.1956,32.60225],[-97.18964,32.58965],[-97.17391,32.58748]]]}},{"type":"Feature","properties":{"h3":"8726cbd36ffffff","mii":8,"trt":0.0,"glp1":0.55,"pharmacy":0.0,"gym":0.0,"n":1},"geometry":{"type":"Polygon","coordinates":[[[-97.25594,32.82238],[-97.24616,32.83279],[-97.25215,32.84538],[-97.26792,32.84755],[-97.2777,32.83714],[-97.27171,32.82455],[-97.25594,32.82238]]]}},{"type":"Feature","properties":{"h3":"8726cbdb4ffffff","mii":8,"trt":0.0,"glp1":0.0,"pharmacy":0.0,"gym":0.0,"n":0},"geometry":{"type":"Polygon","coordinates":[[[-97.40921,32.77281],[-97.39944,32.78324],[-97.40545,32.79583],[-97.42123,32.79798],[-97.431,32.78755],[-97.42499,32.77496],[-97.40921,32.77281]]]}},{"type":"Feature","properties":{"h3":"8726ca845ffffff","mii":8,"trt":0.0,"glp1":0.0,"pharmacy":0.0,"gym":0.0,"n":0},"geometry":{"type":"Polygon","coordinates":[[[-97.60075,33.23374],[-97.59095,33.24416],[-97.59701,33.25672],[-97.61287,33.25886],[-97.62267,33.24844],[-97.61661,33.23588],[-97.60075,33.23374]]]}},{"type":"Feature","properties":{"h3":"8726ca86effffff","mii":8,"trt":0.0,"glp1":0.0,"pharmacy":0.0,"gym":0.0,"n":0},"geometry":{"type":"Polygon","coordinates":[[[-97.57509,33.24201],[-97.56529,33.25243],[-97.57134,33.26499],[-97.58721,33.26714],[-97.59701,33.25672],[-97.59095,33.24416],[-97.57509,33.24201]]]}},{"type":"Feature","properties":{"h3":"8726ca868ffffff","mii":8,"trt":0.0,"glp1":0.0,"pharmacy":0.0,"gym":0.0,"n":0},"geometry":{"type":"Polygon","coordinates":[[[-97.55319,33.22731],[-97.54338,33.23772],[-97.54943,33.25028],[-97.56529,33.25243],[-97.57509,33.24201],[-97.56904,33.22945],[-97.55319,33.22731]]]}},{"type":"Feature","properties":{"h3":"8726c8611ffffff","mii":7,"trt":0.45,"glp1":0.0,"pharmacy":0.0,"gym":0.0,"n":1},"geometry":{"type":"Polygon","coordinates":[[[-97.04006,32.95701],[-97.03026,32.96739],[-97.03622,32.97997],[-97.05199,32.98217],[-97.06179,32.97179],[-97.05582,32.95921],[-97.04006,32.95701]]]}},{"type":"Feature","properties":{"h3":"8726cb9b6ffffff","mii":7,"trt":0.0,"glp1":0.0,"pharmacy":0.0,"gym":0.0,"n":0},"geometry":{"type":"Polygon","coordinates":[[[-96.92527,32.77636],[-96.91548,32.78675],[-96.92142,32.79934],[-96.93715,32.80155],[-96.94694,32.79117],[-96.941,32.77857],[-96.92527,32.77636]]]}},{"type":"Feature","properties":{"h3":"8726cb9b4ffffff","mii":7,"trt":0.0,"glp1":0.0,"pharmacy":0.0,"gym":0.0,"n":0},"geometry":{"type":"Polygon","coordinates":[[[-96.89975,32.78453],[-96.88996,32.79491],[-96.8959,32.8075],[-96.91162,32.80972],[-96.92142,32.79934],[-96.91548,32.78675],[-96.89975,32.78453]]]}},{"type":"Feature","properties":{"h3":"8726c82f2ffffff","mii":7,"trt":0.0,"glp1":0.0,"pharmacy":0.0,"gym":0.0,"n":0},"geometry":{"type":"Polygon","coordinates":[[[-96.57197,32.8672],[-96.56215,32.87754],[-96.56805,32.89013],[-96.58375,32.89239],[-96.59356,32.88205],[-96.58767,32.86946],[-96.57197,32.8672]]]}},{"type":"Feature","properties":{"h3":"8726c804effffff","mii":7,"trt":0.0,"glp1":0.0,"pharmacy":0.0,"gym":0.0,"n":0},"geometry":{"type":"Polygon","coordinates":[[[-96.58584,33.20958],[-96.576,33.21989],[-96.58191,33.23247],[-96.59766,33.23473],[-96.60751,33.22442],[-96.60159,33.21184],[-96.58584,33.20958]]]}},{"type":"Feature","properties":{"h3":"8726c8019ffffff","mii":7,"trt":0.0,"glp1":0.0,"pharmacy":0.0,"gym":0.0,"n":0},"geometry":{"type":"Polygon","coordinates":[[[-96.7672,33.28242],[-96.75736,33.29275],[-96.7633,33.30532],[-96.77908,33.30757],[-96.78892,33.29724],[-96.78298,33.28467],[-96.7672,33.28242]]]}},{"type":"Feature","properties":{"h3":"8726c800affffff","mii":7,"trt":0.0,"glp1":0.0,"pharmacy":0.0,"gym":0.0,"n":0},"geometry":{"type":"Polygon","coordinates":[[[-96.74158,33.2905],[-96.73174,33.30082],[-96.73768,33.31339],[-96.75346,33.31564],[-96.7633,33.30532],[-96.75736,33.29275],[-96.74158,33.2905]]]}},{"type":"Feature","properties":{"h3":"8726c800effffff","mii":7,"trt":0.0,"glp1":0.0,"pharmacy":0.0,"gym":0.0,"n":0},"geometry":{"type":"Polygon","coordinates":[[[-96.73768,33.31339],[-96.72783,33.32371],[-96.73377,33.33628],[-96.74956,33.33853],[-96.7594,33.32821],[-96.75346,33.31564],[-96.73768,33.31339]]]}},{"type":"Feature","properties":{"h3":"8726c821effffff","mii":7,"trt":0.0,"glp1":0.55,"pharmacy":0.0,"gym":0.0,"n":1},"geometry":{"type":"Polygon","coordinates":[[[-96.53468,32.94405],[-96.52486,32.95438],[-96.53075,32.96697],[-96.54646,32.96923],[-96.55628,32.9589],[-96.55038,32.94631],[-96.53468,32.94405]]]}},{"type":"Feature","properties":{"h3":"8726c8213ffffff","mii":7,"trt":0.0,"glp1":0.0,"pharmacy":0.0,"gym":0.0,"n":0},"geometry":{"type":"Polygon","coordinates":[[[-96.55628,32.9589],[-96.54646,32.96923],[-96.55235,32.98182],[-96.56807,32.98408],[-96.57789,32.97375],[-96.57199,32.96116],[-96.55628,32.9589]]]}},{"type":"Feature","properties":{"h3":"8726c86c8ffffff","mii":7,"trt":0.0,"glp1":0.0,"pharmacy":0.0,"gym":0.0,"n":0},"geometry":{"type":"Polygon","coordinates":[[[-96.9763,32.76001],[-96.96651,32.77039],[-96.97246,32.78299],[-96.98819,32.78519],[-96.99797,32.7748],[-96.99203,32.76221],[-96.9763,32.76001]]]}},{"type":"Feature","properties":{"h3":"8726c80d6ffffff","mii":7,"trt":0.0,"glp1":0.55,"pharmacy":0.0,"gym":0.0,"n":1},"geometry":{"type":"Polygon","coordinates":[[[-96.87743,33.20421],[-96.8676,33.21456],[-96.87355,33.22713],[-96.88934,33.22936],[-96.89916,33.21902],[-96.89321,33.20644],[-96.87743,33.20421]]]}},{"type":"Feature","properties":{"h3":"8726cb81bffffff","mii":7,"trt":0.0,"glp1":1.1,"pharmacy":0.0,"gym":0.0,"n":2},"geometry":{"type":"Polygon","coordinates":[[[-96.75002,32.52811],[-96.74025,32.53849],[-96.74615,32.5511],[-96.76183,32.55332],[-96.7716,32.54294],[-96.7657,32.53033],[-96.75002,32.52811]]]}},{"type":"Feature","properties":{"h3":"8726cb8f4ffffff","mii":7,"trt":0.0,"glp1":0.0,"pharmacy":0.0,"gym":0.0,"n":0},"geometry":{"type":"Polygon","coordinates":[[[-96.77547,32.51995],[-96.7657,32.53033],[-96.7716,32.54294],[-96.78728,32.54516],[-96.79705,32.53477],[-96.79115,32.52216],[-96.77547,32.51995]]]}},{"type":"Feature","properties":{"h3":"8726cb894ffffff","mii":7,"trt":0.0,"glp1":0.0,"pharmacy":0.0,"gym":0.0,"n":0},"geometry":{"type":"Polygon","coordinates":[[[-96.95987,32.56946],[-96.9501,32.57986],[-96.95603,32.59246],[-96.97174,32.59466],[-96.98151,32.58426],[-96.97557,32.57166],[-96.95987,32.56946]]]}},{"type":"Feature","properties":{"h3":"8726cbd6dffffff","mii":7,"trt":0.0,"glp1":0.0,"pharmacy":0.0,"gym":0.0,"n":0},"geometry":{"type":"Polygon","coordinates":[[[-96.94451,32.66145],[-96.93473,32.67184],[-96.94066,32.68444],[-96.95638,32.68664],[-96.96616,32.67625],[-96.96022,32.66365],[-96.94451,32.66145]]]}},{"type":"Feature","properties":{"h3":"8726cbd69ffffff","mii":7,"trt":0.0,"glp1":0.0,"pharmacy":0.0,"gym":0.0,"n":0},"geometry":{"type":"Polygon","coordinates":[[[-96.94835,32.63846],[-96.93857,32.64885],[-96.94451,32.66145],[-96.96022,32.66365],[-96.97,32.65326],[-96.96406,32.64066],[-96.94835,32.63846]]]}},{"type":"Feature","properties":{"h3":"8726cb972ffffff","mii":7,"trt":0.0,"glp1":0.55,"pharmacy":0.0,"gym":0.0,"n":1},"geometry":{"type":"Polygon","coordinates":[[[-96.59936,32.7066],[-96.58956,32.71696],[-96.59545,32.72956],[-96.61114,32.7318],[-96.62093,32.72145],[-96.61504,32.70885],[-96.59936,32.7066]]]}},{"type":"Feature","properties":{"h3":"8726c95a8ffffff","mii":7,"trt":0.0,"glp1":1.1,"pharmacy":0.0,"gym":0.0,"n":2},"geometry":{"type":"Polygon","coordinates":[[[-96.28403,32.71977],[-96.27422,32.73009],[-96.28006,32.74269],[-96.29572,32.74498],[-96.30553,32.73466],[-96.29968,32.72206],[-96.28403,32.71977]]]}},{"type":"Feature","properties":{"h3":"8726cb8f6ffffff","mii":7,"trt":0.0,"glp1":1.1,"pharmacy":0.0,"gym":0.0,"n":2},"geometry":{"type":"Polygon","coordinates":[[[-96.80092,32.51178],[-96.79115,32.52216],[-96.79705,32.53477],[-96.81273,32.53699],[-96.8225,32.5266],[-96.8166,32.51399],[-96.80092,32.51178]]]}},{"type":"Feature","properties":{"h3":"8726cb982ffffff","mii":7,"trt":0.0,"glp1":0.0,"pharmacy":0.0,"gym":0.0,"n":0},"geometry":{"type":"Polygon","coordinates":[[[-96.88967,32.7008],[-96.87989,32.71118],[-96.88582,32.72378],[-96.90153,32.72599],[-96.91132,32.7156],[-96.90538,32.70301],[-96.88967,32.7008]]]}},{"type":"Feature","properties":{"h3":"8726cb91effffff","mii":7,"trt":0.0,"glp1":0.0,"pharmacy":0.0,"gym":0.0,"n":0},"geometry":{"type":"Polygon","coordinates":[[[-96.74058,32.72675],[-96.73079,32.73712],[-96.7367,32.74971],[-96.7524,32.75194],[-96.76219,32.74158],[-96.75628,32.72898],[-96.74058,32.72675]]]}},{"type":"Feature","properties":{"h3":"8726cb836ffffff","mii":7,"trt":0.0,"glp1":0.65,"pharmacy":0.0,"gym":0.0,"n":1},"geometry":{"type":"Polygon","coordinates":[[[-96.77383,32.67267],[-96.76404,32.68304],[-96.76995,32.69564],[-96.78565,32.69787],[-96.79544,32.68749],[-96.78952,32.67489],[-96.77383,32.67267]]]}},{"type":"Feature","properties":{"h3":"8726cb9adffffff","mii":7,"trt":0.0,"glp1":0.0,"pharmacy":0.0,"gym":0.0,"n":0},"geometry":{"type":"Polygon","coordinates":[[[-96.76607,32.71861],[-96.75628,32.72898],[-96.76219,32.74158],[-96.7779,32.7438],[-96.78769,32.73343],[-96.78177,32.72084],[-96.76607,32.71861]]]}},{"type":"Feature","properties":{"h3":"8726c8045ffffff","mii":7,"trt":0.0,"glp1":0.55,"pharmacy":0.0,"gym":0.0,"n":1},"geometry":{"type":"Polygon","coordinates":[[[-96.57798,33.25535],[-96.56814,33.26566],[-96.57405,33.27823],[-96.58981,33.2805],[-96.59965,33.27019],[-96.59374,33.25762],[-96.57798,33.25535]]]}},{"type":"Feature","properties":{"h3":"8726caa18ffffff","mii":7,"trt":0.0,"glp1":0.0,"pharmacy":0.0,"gym":0.0,"n":0},"geometry":{"type":"Polygon","coordinates":[[[-97.53255,32.90722],[-97.52278,32.91765],[-97.52881,32.93023],[-97.54462,32.93237],[-97.5544,32.92193],[-97.54836,32.90936],[-97.53255,32.90722]]]}},{"type":"Feature","properties":{"h3":"8726caa1affffff","mii":7,"trt":0.0,"glp1":0.0,"pharmacy":0.0,"gym":0.0,"n":0},"geometry":{"type":"Polygon","coordinates":[[[-97.55814,32.89892],[-97.54836,32.90936],[-97.5544,32.92193],[-97.57021,32.92407],[-97.57998,32.91363],[-97.57394,32.90105],[-97.55814,32.89892]]]}},{"type":"Feature","properties":{"h3":"8726caa49ffffff","mii":7,"trt":0.0,"glp1":0.0,"pharmacy":0.0,"gym":0.0,"n":0},"geometry":{"type":"Polygon","coordinates":[[[-97.28527,32.79113],[-97.2755,32.80155],[-97.28149,32.81413],[-97.29726,32.8163],[-97.30703,32.80588],[-97.30104,32.7933],[-97.28527,32.79113]]]}},{"type":"Feature","properties":{"h3":"8726cbc22ffffff","mii":7,"trt":0.0,"glp1":0.55,"pharmacy":0.0,"gym":0.0,"n":1},"geometry":{"type":"Polygon","coordinates":[[[-97.21351,32.64004],[-97.20374,32.65046],[-97.20972,32.66305],[-97.22546,32.66523],[-97.23522,32.6548],[-97.22925,32.64221],[-97.21351,32.64004]]]}},{"type":"Feature","properties":{"h3":"8726cbc26ffffff","mii":7,"trt":0.0,"glp1":0.55,"pharmacy":0.0,"gym":0.0,"n":1},"geometry":{"type":"Polygon","coordinates":[[[-97.20972,32.66305],[-97.19995,32.67347],[-97.20592,32.68607],[-97.22166,32.68824],[-97.23143,32.67782],[-97.22546,32.66523],[-97.20972,32.66305]]]}},{"type":"Feature","properties":{"h3":"8726cbc31ffffff","mii":7,"trt":0.0,"glp1":0.0,"pharmacy":0.0,"gym":0.0,"n":0},"geometry":{"type":"Polygon","coordinates":[[[-97.23901,32.63178],[-97.22925,32.64221],[-97.23522,32.6548],[-97.25096,32.65697],[-97.26073,32.64654],[-97.25475,32.63395],[-97.23901,32.63178]]]}},{"type":"Feature","properties":{"h3":"8726cbc20ffffff","mii":7,"trt":0.0,"glp1":0.0,"pharmacy":0.0,"gym":0.0,"n":0},"geometry":{"type":"Polygon","coordinates":[[[-97.18801,32.64829],[-97.17824,32.6587],[-97.18421,32.6713],[-97.19995,32.67347],[-97.20972,32.66305],[-97.20374,32.65046],[-97.18801,32.64829]]]}},{"type":"Feature","properties":{"h3":"8726cbc21ffffff","mii":7,"trt":0.0,"glp1":0.0,"pharmacy":0.0,"gym":0.0,"n":0},"geometry":{"type":"Polygon","coordinates":[[[-97.16631,32.63351],[-97.15654,32.64393],[-97.16251,32.65653],[-97.17824,32.6587],[-97.18801,32.64829],[-97.18204,32.63569],[-97.16631,32.63351]]]}},{"type":"Feature","properties":{"h3":"8726cb89bffffff","mii":7,"trt":0.0,"glp1":0.0,"pharmacy":0.0,"gym":0.0,"n":0},"geometry":{"type":"Polygon","coordinates":[[[-96.92815,32.47083],[-96.91839,32.48123],[-96.92431,32.49384],[-96.94,32.49604],[-96.94976,32.48563],[-96.94384,32.47303],[-96.92815,32.47083]]]}},{"type":"Feature","properties":{"h3":"8726cb131ffffff","mii":7,"trt":0.0,"glp1":0.0,"pharmacy":0.0,"gym":0.0,"n":0},"geometry":{"type":"Polygon","coordinates":[[[-96.93583,32.4248],[-96.92607,32.43521],[-96.93199,32.44781],[-96.94768,32.45001],[-96.95744,32.4396],[-96.95151,32.42699],[-96.93583,32.4248]]]}},{"type":"Feature","properties":{"h3":"8726cb122ffffff","mii":7,"trt":0.0,"glp1":0.0,"pharmacy":0.0,"gym":0.0,"n":0},"geometry":{"type":"Polygon","coordinates":[[[-96.9104,32.43301],[-96.90063,32.44341],[-96.90655,32.45602],[-96.92223,32.45822],[-96.93199,32.44781],[-96.92607,32.43521],[-96.9104,32.43301]]]}},{"type":"Feature","properties":{"h3":"8726cb126ffffff","mii":7,"trt":0.0,"glp1":0.0,"pharmacy":0.0,"gym":0.0,"n":0},"geometry":{"type":"Polygon","coordinates":[[[-96.90655,32.45602],[-96.89679,32.46642],[-96.90271,32.47903],[-96.91839,32.48123],[-96.92815,32.47083],[-96.92223,32.45822],[-96.90655,32.45602]]]}},{"type":"Feature","properties":{"h3":"8726cbc30ffffff","mii":7,"trt":0.0,"glp1":0.55,"pharmacy":0.0,"gym":0.0,"n":1},"geometry":{"type":"Polygon","coordinates":[[[-97.26073,32.64654],[-97.25096,32.65697],[-97.25694,32.66956],[-97.27269,32.67173],[-97.28245,32.6613],[-97.27647,32.64871],[-97.26073,32.64654]]]}},{"type":"Feature","properties":{"h3":"8726cabadffffff","mii":7,"trt":0.0,"glp1":1.2,"pharmacy":0.0,"gym":0.0,"n":2},"geometry":{"type":"Polygon","coordinates":[[[-97.55379,33.07468],[-97.544,33.0851],[-97.55004,33.09767],[-97.56588,33.09982],[-97.57567,33.08939],[-97.56962,33.07682],[-97.55379,33.07468]]]}},{"type":"Feature","properties":{"h3":"8726cbcb5ffffff","mii":7,"trt":0.0,"glp1":0.0,"pharmacy":0.0,"gym":0.0,"n":0},"geometry":{"type":"Polygon","coordinates":[[[-97.41376,32.59685],[-97.40401,32.6073],[-97.41001,32.61989],[-97.42576,32.62204],[-97.43552,32.61159],[-97.42952,32.599],[-97.41376,32.59685]]]}},{"type":"Feature","properties":{"h3":"8726cbca2ffffff","mii":7,"trt":0.0,"glp1":0.55,"pharmacy":0.0,"gym":0.0,"n":1},"geometry":{"type":"Polygon","coordinates":[[[-97.39202,32.58211],[-97.38227,32.59256],[-97.38826,32.60515],[-97.40401,32.6073],[-97.41376,32.59685],[-97.40777,32.58426],[-97.39202,32.58211]]]}},{"type":"Feature","properties":{"h3":"8726cbda9ffffff","mii":7,"trt":0.0,"glp1":0.0,"pharmacy":0.0,"gym":0.0,"n":0},"geometry":{"type":"Polygon","coordinates":[[[-97.27867,32.68432],[-97.2689,32.69475],[-97.27489,32.70734],[-97.29064,32.7095],[-97.30041,32.69908],[-97.29442,32.68649],[-97.27867,32.68432]]]}},{"type":"Feature","properties":{"h3":"8726c869effffff","mii":7,"trt":0.0,"glp1":0.0,"pharmacy":0.0,"gym":0.0,"n":0},"geometry":{"type":"Polygon","coordinates":[[[-97.2228,32.8766],[-97.21301,32.88701],[-97.21899,32.89959],[-97.23477,32.90177],[-97.24456,32.89137],[-97.23857,32.87878],[-97.2228,32.8766]]]}},{"type":"Feature","properties":{"h3":"8726c8785ffffff","mii":7,"trt":0.0,"glp1":0.55,"pharmacy":0.0,"gym":0.0,"n":1},"geometry":{"type":"Polygon","coordinates":[[[-97.11555,33.085],[-97.10575,33.09538],[-97.11173,33.10796],[-97.12752,33.11015],[-97.13733,33.09977],[-97.13134,33.0872],[-97.11555,33.085]]]}},{"type":"Feature","properties":{"h3":"8726cbc9dffffff","mii":6,"trt":0.0,"glp1":0.0,"pharmacy":0.0,"gym":0.0,"n":0},"geometry":{"type":"Polygon","coordinates":[[[-97.40705,32.48992],[-97.3973,32.50038],[-97.40329,32.51298],[-97.41903,32.51512],[-97.42878,32.50466],[-97.42278,32.49207],[-97.40705,32.48992]]]}},{"type":"Feature","properties":{"h3":"8726cbc99ffffff","mii":6,"trt":0.0,"glp1":0.0,"pharmacy":0.0,"gym":0.0,"n":0},"geometry":{"type":"Polygon","coordinates":[[[-97.4108,32.46687],[-97.40106,32.47732],[-97.40705,32.48992],[-97.42278,32.49207],[-97.43253,32.48161],[-97.42653,32.46901],[-97.4108,32.46687]]]}},{"type":"Feature","properties":{"h3":"8726c8446ffffff","mii":6,"trt":0.0,"glp1":0.0,"pharmacy":0.0,"gym":0.0,"n":0},"geometry":{"type":"Polygon","coordinates":[[[-97.13616,33.25222],[-97.12634,33.26258],[-97.13233,33.27515],[-97.14815,33.27735],[-97.15797,33.26698],[-97.15198,33.25441],[-97.13616,33.25222]]]}},{"type":"Feature","properties":{"h3":"8726c87a2ffffff","mii":6,"trt":0.0,"glp1":0.0,"pharmacy":0.0,"gym":0.0,"n":0},"geometry":{"type":"Polygon","coordinates":[[[-97.1335,33.12273],[-97.12369,33.13311],[-97.12968,33.14568],[-97.14548,33.14787],[-97.15529,33.1375],[-97.1493,33.12492],[-97.1335,33.12273]]]}},{"type":"Feature","properties":{"h3":"8726c835dffffff","mii":6,"trt":0.0,"glp1":0.0,"pharmacy":0.0,"gym":0.0,"n":0},"geometry":{"type":"Polygon","coordinates":[[[-96.30891,32.99349],[-96.29908,33.00379],[-96.30494,33.01638],[-96.32063,33.01867],[-96.33046,33.00837],[-96.3246,32.99578],[-96.30891,32.99349]]]}},{"type":"Feature","properties":{"h3":"8726c8358ffffff","mii":6,"trt":0.0,"glp1":0.0,"pharmacy":0.0,"gym":0.0,"n":0},"geometry":{"type":"Polygon","coordinates":[[[-96.33443,32.98548],[-96.3246,32.99578],[-96.33046,33.00837],[-96.34616,33.01066],[-96.35599,33.00035],[-96.35012,32.98776],[-96.33443,32.98548]]]}},{"type":"Feature","properties":{"h3":"8726c8ad3ffffff","mii":6,"trt":0.0,"glp1":0.0,"pharmacy":0.0,"gym":0.0,"n":0},"geometry":{"type":"Polygon","coordinates":[[[-96.34981,33.17541],[-96.33996,33.1857],[-96.34583,33.19828],[-96.36156,33.20057],[-96.37141,33.19028],[-96.36553,33.1777],[-96.34981,33.17541]]]}},{"type":"Feature","properties":{"h3":"8726c832cffffff","mii":6,"trt":0.0,"glp1":0.0,"pharmacy":0.0,"gym":0.0,"n":0},"geometry":{"type":"Polygon","coordinates":[[[-96.37537,33.16741],[-96.36553,33.1777],[-96.37141,33.19028],[-96.38713,33.19257],[-96.39698,33.18228],[-96.39109,33.1697],[-96.37537,33.16741]]]}},{"type":"Feature","properties":{"h3":"8726c8328ffffff","mii":6,"trt":0.0,"glp1":0.0,"pharmacy":0.0,"gym":0.0,"n":0},"geometry":{"type":"Polygon","coordinates":[[[-96.37934,33.14453],[-96.36949,33.15483],[-96.37537,33.16741],[-96.39109,33.1697],[-96.40094,33.1594],[-96.39506,33.14682],[-96.37934,33.14453]]]}},{"type":"Feature","properties":{"h3":"8726c8329ffffff","mii":6,"trt":0.0,"glp1":0.0,"pharmacy":0.0,"gym":0.0,"n":0},"geometry":{"type":"Polygon","coordinates":[[[-96.35774,33.12966],[-96.3479,33.13995],[-96.35377,33.15254],[-96.36949,33.15483],[-96.37934,33.14453],[-96.37346,33.13195],[-96.35774,33.12966]]]}},{"type":"Feature","properties":{"h3":"8726c8adaffffff","mii":6,"trt":0.0,"glp1":0.0,"pharmacy":0.0,"gym":0.0,"n":0},"geometry":{"type":"Polygon","coordinates":[[[-96.33219,33.13766],[-96.32234,33.14795],[-96.32821,33.16054],[-96.34393,33.16283],[-96.35377,33.15254],[-96.3479,33.13995],[-96.33219,33.13766]]]}},{"type":"Feature","properties":{"h3":"8726c8adeffffff","mii":6,"trt":0.0,"glp1":0.0,"pharmacy":0.0,"gym":0.0,"n":0},"geometry":{"type":"Polygon","coordinates":[[[-96.32821,33.16054],[-96.31837,33.17082],[-96.32424,33.18341],[-96.33996,33.1857],[-96.34981,33.17541],[-96.34393,33.16283],[-96.32821,33.16054]]]}},{"type":"Feature","properties":{"h3":"8726caa48ffffff","mii":6,"trt":0.0,"glp1":0.0,"pharmacy":0.0,"gym":0.0,"n":0},"geometry":{"type":"Polygon","coordinates":[[[-97.30703,32.80588],[-97.29726,32.8163],[-97.30325,32.82889],[-97.31902,32.83105],[-97.3288,32.82063],[-97.3228,32.80805],[-97.30703,32.80588]]]}},{"type":"Feature","properties":{"h3":"8726cbc15ffffff","mii":6,"trt":0.0,"glp1":0.0,"pharmacy":0.0,"gym":0.0,"n":0},"geometry":{"type":"Polygon","coordinates":[[[-97.2683,32.60049],[-97.25854,32.61092],[-97.26451,32.62352],[-97.28026,32.62568],[-97.29002,32.61525],[-97.28404,32.60266],[-97.2683,32.60049]]]}},{"type":"Feature","properties":{"h3":"8726c8201ffffff","mii":6,"trt":0.0,"glp1":0.0,"pharmacy":0.0,"gym":0.0,"n":0},"geometry":{"type":"Polygon","coordinates":[[[-96.4581,32.96822],[-96.44827,32.97854],[-96.45415,32.99113],[-96.46986,32.9934],[-96.47968,32.98308],[-96.4738,32.97049],[-96.4581,32.96822]]]}},{"type":"Feature","properties":{"h3":"8726c8203ffffff","mii":6,"trt":0.0,"glp1":0.0,"pharmacy":0.0,"gym":0.0,"n":0},"geometry":{"type":"Polygon","coordinates":[[[-96.48362,32.96017],[-96.4738,32.97049],[-96.47968,32.98308],[-96.49539,32.98535],[-96.50521,32.97503],[-96.49933,32.96244],[-96.48362,32.96017]]]}},{"type":"Feature","properties":{"h3":"8726c8711ffffff","mii":6,"trt":0.0,"glp1":0.65,"pharmacy":0.0,"gym":0.0,"n":1},"geometry":{"type":"Polygon","coordinates":[[[-97.01317,33.11768],[-97.00335,33.12804],[-97.00932,33.14062],[-97.0251,33.14283],[-97.03492,33.13246],[-97.02895,33.11989],[-97.01317,33.11768]]]}},{"type":"Feature","properties":{"h3":"8726c82f0ffffff","mii":6,"trt":0.0,"glp1":0.0,"pharmacy":0.0,"gym":0.0,"n":0},"geometry":{"type":"Polygon","coordinates":[[[-96.54645,32.87528],[-96.53664,32.88562],[-96.54253,32.89821],[-96.55823,32.90047],[-96.56805,32.89013],[-96.56215,32.87754],[-96.54645,32.87528]]]}},{"type":"Feature","properties":{"h3":"8726cbd6cffffff","mii":6,"trt":0.0,"glp1":0.0,"pharmacy":0.0,"gym":0.0,"n":0},"geometry":{"type":"Polygon","coordinates":[[[-96.96616,32.67625],[-96.95638,32.68664],[-96.96232,32.69924],[-96.97804,32.70144],[-96.98782,32.69105],[-96.98188,32.67845],[-96.96616,32.67625]]]}},{"type":"Feature","properties":{"h3":"8726c8708ffffff","mii":6,"trt":0.0,"glp1":0.0,"pharmacy":0.0,"gym":0.0,"n":0},"geometry":{"type":"Polygon","coordinates":[[[-96.92237,33.08145],[-96.91255,33.09181],[-96.9185,33.10438],[-96.93428,33.1066],[-96.94409,33.09625],[-96.93814,33.08367],[-96.92237,33.08145]]]}},{"type":"Feature","properties":{"h3":"8726c839cffffff","mii":6,"trt":0.0,"glp1":0.0,"pharmacy":0.0,"gym":0.0,"n":0},"geometry":{"type":"Polygon","coordinates":[[[-96.6605,33.05603],[-96.65068,33.06636],[-96.65659,33.07894],[-96.67233,33.08119],[-96.68216,33.07086],[-96.67624,33.05828],[-96.6605,33.05603]]]}},{"type":"Feature","properties":{"h3":"8726c83a0ffffff","mii":6,"trt":0.0,"glp1":0.0,"pharmacy":0.0,"gym":0.0,"n":0},"geometry":{"type":"Polygon","coordinates":[[[-96.59762,33.14089],[-96.58778,33.15121],[-96.59369,33.16379],[-96.60944,33.16605],[-96.61927,33.15573],[-96.61336,33.14315],[-96.59762,33.14089]]]}},{"type":"Feature","properties":{"h3":"8726cb970ffffff","mii":6,"trt":0.0,"glp1":0.0,"pharmacy":0.0,"gym":0.0,"n":0},"geometry":{"type":"Polygon","coordinates":[[[-96.57388,32.71471],[-96.56409,32.72506],[-96.56997,32.73766],[-96.58565,32.73991],[-96.59545,32.72956],[-96.58956,32.71696],[-96.57388,32.71471]]]}},{"type":"Feature","properties":{"h3":"8726cb8aeffffff","mii":6,"trt":0.0,"glp1":0.55,"pharmacy":0.0,"gym":0.0,"n":1},"geometry":{"type":"Polygon","coordinates":[[[-96.84024,32.56441],[-96.83047,32.5748],[-96.83638,32.5874],[-96.85207,32.58961],[-96.86185,32.57922],[-96.85593,32.56662],[-96.84024,32.56441]]]}},{"type":"Feature","properties":{"h3":"8726cb884ffffff","mii":6,"trt":0.0,"glp1":0.0,"pharmacy":0.0,"gym":0.0,"n":0},"geometry":{"type":"Polygon","coordinates":[[[-96.88731,32.57104],[-96.87754,32.58143],[-96.88346,32.59404],[-96.89916,32.59625],[-96.90893,32.58585],[-96.90301,32.57325],[-96.88731,32.57104]]]}},{"type":"Feature","properties":{"h3":"8726cb901ffffff","mii":6,"trt":0.0,"glp1":0.0,"pharmacy":0.0,"gym":0.0,"n":0},"geometry":{"type":"Polygon","coordinates":[[[-96.6641,32.75113],[-96.65431,32.76149],[-96.66021,32.77408],[-96.6759,32.77632],[-96.6857,32.76597],[-96.6798,32.75337],[-96.6641,32.75113]]]}},{"type":"Feature","properties":{"h3":"8726cb91dffffff","mii":6,"trt":0.0,"glp1":0.0,"pharmacy":0.0,"gym":0.0,"n":0},"geometry":{"type":"Polygon","coordinates":[[[-96.69349,32.72005],[-96.6837,32.73041],[-96.6896,32.74301],[-96.70529,32.74525],[-96.71509,32.73488],[-96.70918,32.72229],[-96.69349,32.72005]]]}},{"type":"Feature","properties":{"h3":"8726cb989ffffff","mii":6,"trt":0.0,"glp1":0.0,"pharmacy":0.0,"gym":0.0,"n":0},"geometry":{"type":"Polygon","coordinates":[[[-96.80318,32.64154],[-96.79339,32.65192],[-96.79931,32.66452],[-96.81501,32.66674],[-96.82479,32.65636],[-96.81887,32.64376],[-96.80318,32.64154]]]}},{"type":"Feature","properties":{"h3":"8726c8061ffffff","mii":6,"trt":0.0,"glp1":0.0,"pharmacy":0.0,"gym":0.0,"n":0},"geometry":{"type":"Polygon","coordinates":[[[-96.54844,33.28627],[-96.53859,33.29657],[-96.5445,33.30914],[-96.56027,33.31142],[-96.57011,33.30111],[-96.5642,33.28854],[-96.54844,33.28627]]]}},{"type":"Feature","properties":{"h3":"8726caae0ffffff","mii":6,"trt":0.0,"glp1":0.0,"pharmacy":0.0,"gym":0.0,"n":0},"geometry":{"type":"Polygon","coordinates":[[[-97.49265,32.85476],[-97.48288,32.86519],[-97.4889,32.87777],[-97.5047,32.87992],[-97.51447,32.86948],[-97.50844,32.8569],[-97.49265,32.85476]]]}},{"type":"Feature","properties":{"h3":"8726caae4ffffff","mii":6,"trt":0.0,"glp1":0.0,"pharmacy":0.0,"gym":0.0,"n":0},"geometry":{"type":"Polygon","coordinates":[[[-97.4889,32.87777],[-97.47912,32.8882],[-97.48515,32.90078],[-97.50095,32.90293],[-97.51072,32.8925],[-97.5047,32.87992],[-97.4889,32.87777]]]}},{"type":"Feature","properties":{"h3":"8726cbc85ffffff","mii":6,"trt":0.0,"glp1":0.0,"pharmacy":0.0,"gym":0.0,"n":0},"geometry":{"type":"Polygon","coordinates":[[[-97.37405,32.54433],[-97.36429,32.55477],[-97.37028,32.56737],[-97.38603,32.56952],[-97.39578,32.55907],[-97.38979,32.54647],[-97.37405,32.54433]]]}},{"type":"Feature","properties":{"h3":"8726cab60ffffff","mii":6,"trt":0.0,"glp1":0.75,"pharmacy":0.0,"gym":0.0,"n":1},"geometry":{"type":"Polygon","coordinates":[[[-97.28714,33.07352],[-97.27734,33.08391],[-97.28334,33.09649],[-97.29915,33.09866],[-97.30895,33.08826],[-97.30294,33.07569],[-97.28714,33.07352]]]}},{"type":"Feature","properties":{"h3":"8726cab62ffffff","mii":6,"trt":0.0,"glp1":0.55,"pharmacy":0.0,"gym":0.0,"n":1},"geometry":{"type":"Polygon","coordinates":[[[-97.31274,33.06529],[-97.30294,33.07569],[-97.30895,33.08826],[-97.32476,33.09044],[-97.33456,33.08004],[-97.32855,33.06746],[-97.31274,33.06529]]]}},{"type":"Feature","properties":{"h3":"8726c8780ffffff","mii":6,"trt":0.0,"glp1":0.0,"pharmacy":0.0,"gym":0.0,"n":0},"geometry":{"type":"Polygon","coordinates":[[[-97.14115,33.07682],[-97.13134,33.0872],[-97.13733,33.09977],[-97.15312,33.10197],[-97.16293,33.09159],[-97.15694,33.07901],[-97.14115,33.07682]]]}},{"type":"Feature","properties":{"h3":"8726caa54ffffff","mii":5,"trt":0.0,"glp1":0.0,"pharmacy":0.0,"gym":0.0,"n":0},"geometry":{"type":"Polygon","coordinates":[[[-97.41595,32.8796],[-97.40617,32.89003],[-97.41218,32.90261],[-97.42797,32.90476],[-97.43775,32.89433],[-97.43174,32.88175],[-97.41595,32.8796]]]}},{"type":"Feature","properties":{"h3":"8726caa56ffffff","mii":5,"trt":0.0,"glp1":0.0,"pharmacy":0.0,"gym":0.0,"n":0},"geometry":{"type":"Polygon","coordinates":[[[-97.44151,32.87133],[-97.43174,32.88175],[-97.43775,32.89433],[-97.45355,32.89649],[-97.46333,32.88606],[-97.45731,32.87348],[-97.44151,32.87133]]]}},{"type":"Feature","properties":{"h3":"8726caa52ffffff","mii":5,"trt":0.0,"glp1":0.0,"pharmacy":0.0,"gym":0.0,"n":0},"geometry":{"type":"Polygon","coordinates":[[[-97.44527,32.84831],[-97.4355,32.85874],[-97.44151,32.87133],[-97.45731,32.87348],[-97.46708,32.86304],[-97.46106,32.85046],[-97.44527,32.84831]]]}},{"type":"Feature","properties":{"h3":"8726caa51ffffff","mii":5,"trt":0.0,"glp1":0.0,"pharmacy":0.0,"gym":0.0,"n":0},"geometry":{"type":"Polygon","coordinates":[[[-97.39791,32.84185],[-97.38814,32.85228],[-97.39415,32.86486],[-97.40993,32.86702],[-97.41971,32.85659],[-97.4137,32.84401],[-97.39791,32.84185]]]}},{"type":"Feature","properties":{"h3":"8726caa55ffffff","mii":5,"trt":0.0,"glp1":0.0,"pharmacy":0.0,"gym":0.0,"n":0},"geometry":{"type":"Polygon","coordinates":[[[-97.39415,32.86486],[-97.38437,32.87529],[-97.39038,32.88787],[-97.40617,32.89003],[-97.41595,32.8796],[-97.40993,32.86702],[-97.39415,32.86486]]]}},{"type":"Feature","properties":{"h3":"8726c8ab1ffffff","mii":5,"trt":0.0,"glp1":0.0,"pharmacy":0.0,"gym":0.0,"n":0},"geometry":{"type":"Polygon","coordinates":[[[-96.44206,33.3412],[-96.43221,33.35149],[-96.4381,33.36406],[-96.45386,33.36635],[-96.46372,33.35606],[-96.45782,33.34349],[-96.44206,33.3412]]]}},{"type":"Feature","properties":{"h3":"8726c8ab3ffffff","mii":5,"trt":0.0,"glp1":0.0,"pharmacy":0.0,"gym":0.0,"n":0},"geometry":{"type":"Polygon","coordinates":[[[-96.46767,33.3332],[-96.45782,33.34349],[-96.46372,33.35606],[-96.47948,33.35834],[-96.48933,33.34805],[-96.48343,33.33548],[-96.46767,33.3332]]]}},{"type":"Feature","properties":{"h3":"8726c8a95ffffff","mii":5,"trt":0.0,"glp1":0.0,"pharmacy":0.0,"gym":0.0,"n":0},"geometry":{"type":"Polygon","coordinates":[[[-96.47163,33.31033],[-96.46177,33.32063],[-96.46767,33.3332],[-96.48343,33.33548],[-96.49328,33.32519],[-96.48738,33.31261],[-96.47163,33.31033]]]}},{"type":"Feature","properties":{"h3":"8726c8a82ffffff","mii":5,"trt":0.0,"glp1":0.0,"pharmacy":0.0,"gym":0.0,"n":0},"geometry":{"type":"Polygon","coordinates":[[[-96.44998,33.29548],[-96.44013,33.30577],[-96.44602,33.31834],[-96.46177,33.32063],[-96.47163,33.31033],[-96.46573,33.29776],[-96.44998,33.29548]]]}},{"type":"Feature","properties":{"h3":"8726c8a80ffffff","mii":5,"trt":0.0,"glp1":0.0,"pharmacy":0.0,"gym":0.0,"n":0},"geometry":{"type":"Polygon","coordinates":[[[-96.42438,33.30348],[-96.41452,33.31377],[-96.42042,33.32634],[-96.43617,33.32863],[-96.44602,33.31834],[-96.44013,33.30577],[-96.42438,33.30348]]]}},{"type":"Feature","properties":{"h3":"8726c8a84ffffff","mii":5,"trt":0.0,"glp1":0.0,"pharmacy":0.0,"gym":0.0,"n":0},"geometry":{"type":"Polygon","coordinates":[[[-96.42042,33.32634],[-96.41056,33.33663],[-96.41645,33.3492],[-96.43221,33.35149],[-96.44206,33.3412],[-96.43617,33.32863],[-96.42042,33.32634]]]}},{"type":"Feature","properties":{"h3":"8726cbd4cffffff","mii":5,"trt":0.0,"glp1":0.0,"pharmacy":0.0,"gym":0.0,"n":0},"geometry":{"type":"Polygon","coordinates":[[[-96.99932,32.62206],[-96.98955,32.63246],[-96.99549,32.64506],[-97.0112,32.64725],[-97.02098,32.63685],[-97.01504,32.62425],[-96.99932,32.62206]]]}},{"type":"Feature","properties":{"h3":"8726c8211ffffff","mii":5,"trt":0.0,"glp1":0.0,"pharmacy":0.0,"gym":0.0,"n":0},"geometry":{"type":"Polygon","coordinates":[[[-96.53075,32.96697],[-96.52092,32.97729],[-96.52682,32.98988],[-96.54253,32.99215],[-96.55235,32.98182],[-96.54646,32.96923],[-96.53075,32.96697]]]}},{"type":"Feature","properties":{"h3":"8726c87aeffffff","mii":5,"trt":0.0,"glp1":0.0,"pharmacy":0.0,"gym":0.0,"n":0},"geometry":{"type":"Polygon","coordinates":[[[-97.08996,33.09318],[-97.08015,33.10356],[-97.08612,33.11613],[-97.10192,33.11833],[-97.11173,33.10796],[-97.10575,33.09538],[-97.08996,33.09318]]]}},{"type":"Feature","properties":{"h3":"8726cb992ffffff","mii":5,"trt":0.0,"glp1":0.0,"pharmacy":0.0,"gym":0.0,"n":0},"geometry":{"type":"Polygon","coordinates":[[[-96.96232,32.69924],[-96.95254,32.70963],[-96.95847,32.72222],[-96.9742,32.72443],[-96.98398,32.71404],[-96.97804,32.70144],[-96.96232,32.69924]]]}},{"type":"Feature","properties":{"h3":"8726c8250ffffff","mii":5,"trt":0.0,"glp1":0.55,"pharmacy":0.0,"gym":0.0,"n":1},"geometry":{"type":"Polygon","coordinates":[[[-96.40129,32.8778],[-96.39147,32.88812],[-96.39734,32.90071],[-96.41302,32.90299],[-96.42284,32.89267],[-96.41697,32.88007],[-96.40129,32.8778]]]}},{"type":"Feature","properties":{"h3":"8726c82f3ffffff","mii":5,"trt":0.0,"glp1":0.55,"pharmacy":0.0,"gym":0.0,"n":1},"geometry":{"type":"Polygon","coordinates":[[[-96.55038,32.85235],[-96.54057,32.86269],[-96.54645,32.87528],[-96.56215,32.87754],[-96.57197,32.8672],[-96.56607,32.85461],[-96.55038,32.85235]]]}},{"type":"Feature","properties":{"h3":"8726c86e6ffffff","mii":5,"trt":0.0,"glp1":0.0,"pharmacy":0.0,"gym":0.0,"n":0},"geometry":{"type":"Polygon","coordinates":[[[-97.00431,32.8815],[-96.99451,32.89188],[-97.00047,32.90447],[-97.01622,32.90667],[-97.02602,32.89629],[-97.02006,32.8837],[-97.00431,32.8815]]]}},{"type":"Feature","properties":{"h3":"8726c820dffffff","mii":5,"trt":0.0,"glp1":0.0,"pharmacy":0.0,"gym":0.0,"n":0},"geometry":{"type":"Polygon","coordinates":[[[-96.41495,32.93849],[-96.40512,32.94881],[-96.411,32.9614],[-96.42669,32.96367],[-96.43652,32.95336],[-96.43064,32.94077],[-96.41495,32.93849]]]}},{"type":"Feature","properties":{"h3":"8726cb895ffffff","mii":5,"trt":0.0,"glp1":0.0,"pharmacy":0.0,"gym":0.0,"n":0},"geometry":{"type":"Polygon","coordinates":[[[-96.93824,32.55466],[-96.92847,32.56506],[-96.9344,32.57766],[-96.9501,32.57986],[-96.95987,32.56946],[-96.95394,32.55686],[-96.93824,32.55466]]]}},{"type":"Feature","properties":{"h3":"8726cb909ffffff","mii":5,"trt":0.0,"glp1":0.0,"pharmacy":0.0,"gym":0.0,"n":0},"geometry":{"type":"Polygon","coordinates":[[[-96.62484,32.69849],[-96.61504,32.70885],[-96.62093,32.72145],[-96.63662,32.72369],[-96.64642,32.71334],[-96.64052,32.70074],[-96.62484,32.69849]]]}},{"type":"Feature","properties":{"h3":"8726cb832ffffff","mii":5,"trt":0.0,"glp1":0.0,"pharmacy":0.0,"gym":0.0,"n":0},"geometry":{"type":"Polygon","coordinates":[[[-96.7777,32.64969],[-96.76792,32.66007],[-96.77383,32.67267],[-96.78952,32.67489],[-96.79931,32.66452],[-96.79339,32.65192],[-96.7777,32.64969]]]}},{"type":"Feature","properties":{"h3":"8726cb90bffffff","mii":5,"trt":0.0,"glp1":0.0,"pharmacy":0.0,"gym":0.0,"n":0},"geometry":{"type":"Polygon","coordinates":[[[-96.65032,32.69038],[-96.64052,32.70074],[-96.64642,32.71334],[-96.66211,32.71558],[-96.6719,32.70522],[-96.666,32.69262],[-96.65032,32.69038]]]}},{"type":"Feature","properties":{"h3":"8726c8044ffffff","mii":5,"trt":0.0,"glp1":0.0,"pharmacy":0.0,"gym":0.0,"n":0},"geometry":{"type":"Polygon","coordinates":[[[-96.59965,33.27019],[-96.58981,33.2805],[-96.59572,33.29308],[-96.61149,33.29534],[-96.62133,33.28503],[-96.61541,33.27246],[-96.59965,33.27019]]]}},{"type":"Feature","properties":{"h3":"8726c806effffff","mii":5,"trt":0.0,"glp1":0.0,"pharmacy":0.0,"gym":0.0,"n":0},"geometry":{"type":"Polygon","coordinates":[[[-96.55238,33.26339],[-96.54253,33.2737],[-96.54844,33.28627],[-96.5642,33.28854],[-96.57405,33.27823],[-96.56814,33.26566],[-96.55238,33.26339]]]}},{"type":"Feature","properties":{"h3":"8726c8060ffffff","mii":5,"trt":0.0,"glp1":0.0,"pharmacy":0.0,"gym":0.0,"n":0},"geometry":{"type":"Polygon","coordinates":[[[-96.57011,33.30111],[-96.56027,33.31142],[-96.56618,33.32399],[-96.58194,33.32626],[-96.59179,33.31595],[-96.58588,33.30338],[-96.57011,33.30111]]]}},{"type":"Feature","properties":{"h3":"8726c8a92ffffff","mii":5,"trt":0.0,"glp1":0.65,"pharmacy":0.0,"gym":0.0,"n":1},"geometry":{"type":"Polygon","coordinates":[[[-96.52284,33.2943],[-96.51299,33.3046],[-96.51889,33.31717],[-96.53465,33.31944],[-96.5445,33.30914],[-96.53859,33.29657],[-96.52284,33.2943]]]}},{"type":"Feature","properties":{"h3":"8726cbd1bffffff","mii":5,"trt":0.0,"glp1":0.0,"pharmacy":0.0,"gym":0.0,"n":0},"geometry":{"type":"Polygon","coordinates":[[[-97.23143,32.67782],[-97.22166,32.68824],[-97.22764,32.70083],[-97.24339,32.703],[-97.25315,32.69258],[-97.24718,32.67999],[-97.23143,32.67782]]]}},{"type":"Feature","properties":{"h3":"8726cbd19ffffff","mii":5,"trt":0.0,"glp1":0.0,"pharmacy":0.0,"gym":0.0,"n":0},"geometry":{"type":"Polygon","coordinates":[[[-97.20592,32.68607],[-97.19615,32.69649],[-97.20212,32.70908],[-97.21787,32.71125],[-97.22764,32.70083],[-97.22166,32.68824],[-97.20592,32.68607]]]}},{"type":"Feature","properties":{"h3":"8726cbc0cffffff","mii":5,"trt":0.0,"glp1":0.0,"pharmacy":0.0,"gym":0.0,"n":0},"geometry":{"type":"Polygon","coordinates":[[[-97.17771,32.56446],[-97.16795,32.57488],[-97.17391,32.58748],[-97.18964,32.58965],[-97.1994,32.57923],[-97.19343,32.56663],[-97.17771,32.56446]]]}},{"type":"Feature","properties":{"h3":"8726cbcb4ffffff","mii":5,"trt":0.0,"glp1":0.0,"pharmacy":0.0,"gym":0.0,"n":0},"geometry":{"type":"Polygon","coordinates":[[[-97.43552,32.61159],[-97.42576,32.62204],[-97.43176,32.63463],[-97.44752,32.63678],[-97.45728,32.62633],[-97.45127,32.61374],[-97.43552,32.61159]]]}},{"type":"Feature","properties":{"h3":"8726c869cffffff","mii":5,"trt":0.0,"glp1":0.0,"pharmacy":0.0,"gym":0.0,"n":0},"geometry":{"type":"Polygon","coordinates":[[[-97.19724,32.88483],[-97.18745,32.89523],[-97.19343,32.90782],[-97.20921,32.91],[-97.21899,32.89959],[-97.21301,32.88701],[-97.19724,32.88483]]]}},{"type":"Feature","properties":{"h3":"8726cbd32ffffff","mii":5,"trt":0.0,"glp1":0.55,"pharmacy":0.0,"gym":0.0,"n":1},"geometry":{"type":"Polygon","coordinates":[[[-97.25973,32.79938],[-97.24995,32.80979],[-97.25594,32.82238],[-97.27171,32.82455],[-97.28149,32.81413],[-97.2755,32.80155],[-97.25973,32.79938]]]}},{"type":"Feature","properties":{"h3":"8726caaccffffff","mii":5,"trt":0.0,"glp1":0.55,"pharmacy":0.0,"gym":0.0,"n":1},"geometry":{"type":"Polygon","coordinates":[[[-97.48209,32.77096],[-97.47233,32.7814],[-97.47834,32.79399],[-97.49413,32.79613],[-97.50389,32.78569],[-97.49787,32.7731],[-97.48209,32.77096]]]}},{"type":"Feature","properties":{"h3":"8726caac8ffffff","mii":5,"trt":0.0,"glp1":0.55,"pharmacy":0.0,"gym":0.0,"n":1},"geometry":{"type":"Polygon","coordinates":[[[-97.48584,32.74793],[-97.47608,32.75838],[-97.48209,32.77096],[-97.49787,32.7731],[-97.50764,32.76266],[-97.50162,32.75008],[-97.48584,32.74793]]]}},{"type":"Feature","properties":{"h3":"8726cbd96ffffff","mii":5,"trt":0.0,"glp1":0.55,"pharmacy":0.0,"gym":0.0,"n":1},"geometry":{"type":"Polygon","coordinates":[[[-97.4678,32.71017],[-97.45804,32.72062],[-97.46405,32.7332],[-97.47983,32.73535],[-97.48959,32.7249],[-97.48357,32.71232],[-97.4678,32.71017]]]}},{"type":"Feature","properties":{"h3":"8726cbd33ffffff","mii":5,"trt":0.0,"glp1":0.0,"pharmacy":0.0,"gym":0.0,"n":0},"geometry":{"type":"Polygon","coordinates":[[[-97.23799,32.78462],[-97.22821,32.79503],[-97.23419,32.80762],[-97.24995,32.80979],[-97.25973,32.79938],[-97.25375,32.78679],[-97.23799,32.78462]]]}},{"type":"Feature","properties":{"h3":"8726cab66ffffff","mii":5,"trt":0.0,"glp1":0.0,"pharmacy":0.0,"gym":0.0,"n":0},"geometry":{"type":"Polygon","coordinates":[[[-97.30895,33.08826],[-97.29915,33.09866],[-97.30516,33.11123],[-97.32097,33.11341],[-97.33077,33.10301],[-97.32476,33.09044],[-97.30895,33.08826]]]}},{"type":"Feature","properties":{"h3":"8726cab63ffffff","mii":5,"trt":0.0,"glp1":0.0,"pharmacy":0.0,"gym":0.0,"n":0},"geometry":{"type":"Polygon","coordinates":[[[-97.29093,33.05054],[-97.28113,33.06094],[-97.28714,33.07352],[-97.30294,33.07569],[-97.31274,33.06529],[-97.30673,33.05272],[-97.29093,33.05054]]]}},{"type":"Feature","properties":{"h3":"8726c8450ffffff","mii":5,"trt":0.0,"glp1":0.0,"pharmacy":0.0,"gym":0.0,"n":0},"geometry":{"type":"Polygon","coordinates":[[[-97.18743,33.23587],[-97.17761,33.24624],[-97.18361,33.25881],[-97.19943,33.261],[-97.20925,33.25062],[-97.20325,33.23806],[-97.18743,33.23587]]]}},{"type":"Feature","properties":{"h3":"8726c8783ffffff","mii":5,"trt":0.0,"glp1":0.0,"pharmacy":0.0,"gym":0.0,"n":0},"geometry":{"type":"Polygon","coordinates":[[[-97.14497,33.05386],[-97.13517,33.06424],[-97.14115,33.07682],[-97.15694,33.07901],[-97.16675,33.06863],[-97.16076,33.05605],[-97.14497,33.05386]]]}},{"type":"Feature","properties":{"h3":"8726c878effffff","mii":5,"trt":0.0,"glp1":0.0,"pharmacy":0.0,"gym":0.0,"n":0},"geometry":{"type":"Polygon","coordinates":[[[-97.12321,33.03909],[-97.1134,33.04947],[-97.11938,33.06205],[-97.13517,33.06424],[-97.14497,33.05386],[-97.13899,33.04128],[-97.12321,33.03909]]]}},{"type":"Feature","properties":{"h3":"8726c8798ffffff","mii":5,"trt":0.0,"glp1":0.0,"pharmacy":0.0,"gym":0.0,"n":0},"geometry":{"type":"Polygon","coordinates":[[[-97.17438,33.0227],[-97.16458,33.03309],[-97.17056,33.04566],[-97.18635,33.04785],[-97.19616,33.03746],[-97.19017,33.02488],[-97.17438,33.0227]]]}},{"type":"Feature","properties":{"h3":"8726c809bffffff","mii":5,"trt":0.0,"glp1":0.65,"pharmacy":0.0,"gym":0.0,"n":1},"geometry":{"type":"Polygon","coordinates":[[[-96.97215,33.21756],[-96.96232,33.22791],[-96.96829,33.24048],[-96.98408,33.2427],[-96.99391,33.23235],[-96.98794,33.21977],[-96.97215,33.21756]]]}},{"type":"Feature","properties":{"h3":"8726cab6dffffff","mii":5,"trt":0.0,"glp1":0.0,"pharmacy":0.0,"gym":0.0,"n":0},"geometry":{"type":"Polygon","coordinates":[[[-97.22175,33.02925],[-97.21195,33.03965],[-97.21794,33.05222],[-97.23373,33.0544],[-97.24353,33.04401],[-97.23754,33.03143],[-97.22175,33.02925]]]}},{"type":"Feature","properties":{"h3":"8726c86c6ffffff","mii":4,"trt":0.0,"glp1":0.0,"pharmacy":0.0,"gym":0.0,"n":0},"geometry":{"type":"Polygon","coordinates":[[[-97.03752,32.82736],[-97.02773,32.83775],[-97.03369,32.85034],[-97.04944,32.85254],[-97.05923,32.84215],[-97.05327,32.82956],[-97.03752,32.82736]]]}},{"type":"Feature","properties":{"h3":"8726c86f3ffffff","mii":4,"trt":0.0,"glp1":0.0,"pharmacy":0.0,"gym":0.0,"n":0},"geometry":{"type":"Polygon","coordinates":[[[-97.05923,32.84215],[-97.04944,32.85254],[-97.0554,32.86513],[-97.07115,32.86732],[-97.08094,32.85693],[-97.07498,32.84434],[-97.05923,32.84215]]]}},{"type":"Feature","properties":{"h3":"8726c871effffff","mii":4,"trt":0.0,"glp1":0.0,"pharmacy":0.0,"gym":0.0,"n":0},"geometry":{"type":"Polygon","coordinates":[[[-97.01701,33.09474],[-97.0072,33.1051],[-97.01317,33.11768],[-97.02895,33.11989],[-97.03876,33.10952],[-97.03279,33.09694],[-97.01701,33.09474]]]}},{"type":"Feature","properties":{"h3":"8726c8043ffffff","mii":4,"trt":0.0,"glp1":0.0,"pharmacy":0.0,"gym":0.0,"n":0},"geometry":{"type":"Polygon","coordinates":[[[-96.60751,33.22442],[-96.59766,33.23473],[-96.60358,33.24731],[-96.61934,33.24957],[-96.62918,33.23926],[-96.62326,33.22668],[-96.60751,33.22442]]]}},{"type":"Feature","properties":{"h3":"8726c804bffffff","mii":4,"trt":0.0,"glp1":0.0,"pharmacy":0.0,"gym":0.0,"n":0},"geometry":{"type":"Polygon","coordinates":[[[-96.56811,33.17184],[-96.55828,33.18216],[-96.56418,33.19474],[-96.57993,33.197],[-96.58977,33.18669],[-96.58386,33.17411],[-96.56811,33.17184]]]}},{"type":"Feature","properties":{"h3":"8726c8048ffffff","mii":4,"trt":0.0,"glp1":0.0,"pharmacy":0.0,"gym":0.0,"n":0},"geometry":{"type":"Polygon","coordinates":[[[-96.56418,33.19474],[-96.55434,33.20505],[-96.56025,33.21762],[-96.576,33.21989],[-96.58584,33.20958],[-96.57993,33.197],[-96.56418,33.19474]]]}},{"type":"Feature","properties":{"h3":"8726c82d5ffffff","mii":4,"trt":0.0,"glp1":0.0,"pharmacy":0.0,"gym":0.0,"n":0},"geometry":{"type":"Polygon","coordinates":[[[-96.5543,32.82942],[-96.54449,32.83976],[-96.55038,32.85235],[-96.56607,32.85461],[-96.57588,32.84427],[-96.56999,32.83167],[-96.5543,32.82942]]]}},{"type":"Feature","properties":{"h3":"8726c861bffffff","mii":4,"trt":0.0,"glp1":0.0,"pharmacy":0.0,"gym":0.0,"n":0},"geometry":{"type":"Polygon","coordinates":[[[-97.02602,32.89629],[-97.01622,32.90667],[-97.02218,32.91926],[-97.03793,32.92146],[-97.04773,32.91107],[-97.04177,32.89849],[-97.02602,32.89629]]]}},{"type":"Feature","properties":{"h3":"8726c801affffff","mii":4,"trt":0.0,"glp1":0.55,"pharmacy":0.0,"gym":0.0,"n":1},"geometry":{"type":"Polygon","coordinates":[[[-96.81455,33.28915],[-96.80471,33.29948],[-96.81066,33.31205],[-96.82645,33.31429],[-96.83629,33.30396],[-96.83033,33.29139],[-96.81455,33.28915]]]}},{"type":"Feature","properties":{"h3":"8726c801effffff","mii":4,"trt":0.0,"glp1":0.0,"pharmacy":0.0,"gym":0.0,"n":0},"geometry":{"type":"Polygon","coordinates":[[[-96.81066,33.31205],[-96.80082,33.32238],[-96.80677,33.33495],[-96.82256,33.33719],[-96.8324,33.32686],[-96.82645,33.31429],[-96.81066,33.31205]]]}},{"type":"Feature","properties":{"h3":"8726c8089ffffff","mii":4,"trt":0.0,"glp1":0.0,"pharmacy":0.0,"gym":0.0,"n":0},"geometry":{"type":"Polygon","coordinates":[[[-96.87355,33.22713],[-96.86372,33.23747],[-96.86967,33.25004],[-96.88546,33.25227],[-96.89529,33.24193],[-96.88934,33.22936],[-96.87355,33.22713]]]}},{"type":"Feature","properties":{"h3":"8726c8260ffffff","mii":4,"trt":0.0,"glp1":0.0,"pharmacy":0.0,"gym":0.0,"n":0},"geometry":{"type":"Polygon","coordinates":[[[-96.29531,32.93282],[-96.28548,32.94312],[-96.29134,32.95572],[-96.30702,32.95801],[-96.31685,32.9477],[-96.31099,32.93511],[-96.29531,32.93282]]]}},{"type":"Feature","properties":{"h3":"8726cb975ffffff","mii":4,"trt":0.0,"glp1":0.55,"pharmacy":0.0,"gym":0.0,"n":1},"geometry":{"type":"Polygon","coordinates":[[[-96.54841,32.7228],[-96.53861,32.73315],[-96.54449,32.74575],[-96.56017,32.748],[-96.56997,32.73766],[-96.56409,32.72506],[-96.54841,32.7228]]]}},{"type":"Feature","properties":{"h3":"8726cb971ffffff","mii":4,"trt":0.0,"glp1":0.0,"pharmacy":0.0,"gym":0.0,"n":0},"geometry":{"type":"Polygon","coordinates":[[[-96.55232,32.69986],[-96.54253,32.7102],[-96.54841,32.7228],[-96.56409,32.72506],[-96.57388,32.71471],[-96.568,32.70211],[-96.55232,32.69986]]]}},{"type":"Feature","properties":{"h3":"8726cb962ffffff","mii":4,"trt":0.0,"glp1":0.0,"pharmacy":0.0,"gym":0.0,"n":0},"geometry":{"type":"Polygon","coordinates":[[[-96.52685,32.70795],[-96.51705,32.7183],[-96.52293,32.7309],[-96.53861,32.73315],[-96.54841,32.7228],[-96.54253,32.7102],[-96.52685,32.70795]]]}},{"type":"Feature","properties":{"h3":"8726cb818ffffff","mii":4,"trt":0.0,"glp1":0.0,"pharmacy":0.0,"gym":0.0,"n":0},"geometry":{"type":"Polygon","coordinates":[[[-96.74615,32.5511],[-96.73637,32.56148],[-96.74227,32.57408],[-96.75795,32.57631],[-96.76773,32.56592],[-96.76183,32.55332],[-96.74615,32.5511]]]}},{"type":"Feature","properties":{"h3":"8726cb81affffff","mii":4,"trt":0.0,"glp1":0.0,"pharmacy":0.0,"gym":0.0,"n":0},"geometry":{"type":"Polygon","coordinates":[[[-96.7716,32.54294],[-96.76183,32.55332],[-96.76773,32.56592],[-96.78341,32.56815],[-96.79319,32.55776],[-96.78728,32.54516],[-96.7716,32.54294]]]}},{"type":"Feature","properties":{"h3":"8726cb8f5ffffff","mii":4,"trt":0.0,"glp1":0.0,"pharmacy":0.0,"gym":0.0,"n":0},"geometry":{"type":"Polygon","coordinates":[[[-96.7539,32.50512],[-96.74413,32.5155],[-96.75002,32.52811],[-96.7657,32.53033],[-96.77547,32.51995],[-96.76957,32.50734],[-96.7539,32.50512]]]}},{"type":"Feature","properties":{"h3":"8726cb8e6ffffff","mii":4,"trt":0.0,"glp1":0.0,"pharmacy":0.0,"gym":0.0,"n":0},"geometry":{"type":"Polygon","coordinates":[[[-96.72846,32.51328],[-96.71868,32.52366],[-96.72458,32.53627],[-96.74025,32.53849],[-96.75002,32.52811],[-96.74413,32.5155],[-96.72846,32.51328]]]}},{"type":"Feature","properties":{"h3":"8726cb819ffffff","mii":4,"trt":0.0,"glp1":0.0,"pharmacy":0.0,"gym":0.0,"n":0},"geometry":{"type":"Polygon","coordinates":[[[-96.72458,32.53627],[-96.7148,32.54664],[-96.7207,32.55925],[-96.73637,32.56148],[-96.74615,32.5511],[-96.74025,32.53849],[-96.72458,32.53627]]]}},{"type":"Feature","properties":{"h3":"8726c8262ffffff","mii":4,"trt":0.0,"glp1":0.55,"pharmacy":0.0,"gym":0.0,"n":1},"geometry":{"type":"Polygon","coordinates":[[[-96.32082,32.9248],[-96.31099,32.93511],[-96.31685,32.9477],[-96.33253,32.94999],[-96.34236,32.93968],[-96.3365,32.92709],[-96.32082,32.9248]]]}},{"type":"Feature","properties":{"h3":"8726c8275ffffff","mii":4,"trt":0.0,"glp1":0.0,"pharmacy":0.0,"gym":0.0,"n":0},"geometry":{"type":"Polygon","coordinates":[[[-96.34236,32.93968],[-96.33253,32.94999],[-96.3384,32.96258],[-96.35409,32.96487],[-96.36391,32.95456],[-96.35805,32.94197],[-96.34236,32.93968]]]}},{"type":"Feature","properties":{"h3":"8726cb963ffffff","mii":4,"trt":0.0,"glp1":0.0,"pharmacy":0.0,"gym":0.0,"n":0},"geometry":{"type":"Polygon","coordinates":[[[-96.5053,32.69309],[-96.49551,32.70344],[-96.50138,32.71604],[-96.51705,32.7183],[-96.52685,32.70795],[-96.52098,32.69535],[-96.5053,32.69309]]]}},{"type":"Feature","properties":{"h3":"8726cb944ffffff","mii":4,"trt":0.0,"glp1":0.55,"pharmacy":0.0,"gym":0.0,"n":1},"geometry":{"type":"Polygon","coordinates":[[[-96.53077,32.685],[-96.52098,32.69535],[-96.52685,32.70795],[-96.54253,32.7102],[-96.55232,32.69986],[-96.54644,32.68726],[-96.53077,32.685]]]}},{"type":"Feature","properties":{"h3":"8726cb940ffffff","mii":4,"trt":0.0,"glp1":0.0,"pharmacy":0.0,"gym":0.0,"n":0},"geometry":{"type":"Polygon","coordinates":[[[-96.53469,32.66205],[-96.5249,32.6724],[-96.53077,32.685],[-96.54644,32.68726],[-96.55624,32.67691],[-96.55036,32.6643],[-96.53469,32.66205]]]}},{"type":"Feature","properties":{"h3":"8726cb8a8ffffff","mii":4,"trt":0.0,"glp1":0.0,"pharmacy":0.0,"gym":0.0,"n":0},"geometry":{"type":"Polygon","coordinates":[[[-96.81864,32.54959],[-96.80887,32.55998],[-96.81478,32.57258],[-96.83047,32.5748],[-96.84024,32.56441],[-96.83433,32.55181],[-96.81864,32.54959]]]}},{"type":"Feature","properties":{"h3":"8726cb943ffffff","mii":4,"trt":0.0,"glp1":0.55,"pharmacy":0.0,"gym":0.0,"n":1},"geometry":{"type":"Polygon","coordinates":[[[-96.53861,32.6391],[-96.52882,32.64945],[-96.53469,32.66205],[-96.55036,32.6643],[-96.56015,32.65395],[-96.55428,32.64135],[-96.53861,32.6391]]]}},{"type":"Feature","properties":{"h3":"8726c95acffffff","mii":4,"trt":0.0,"glp1":0.0,"pharmacy":0.0,"gym":0.0,"n":0},"geometry":{"type":"Polygon","coordinates":[[[-96.28006,32.74269],[-96.27025,32.75301],[-96.27609,32.76561],[-96.29175,32.7679],[-96.30156,32.75758],[-96.29572,32.74498],[-96.28006,32.74269]]]}},{"type":"Feature","properties":{"h3":"8726c95aeffffff","mii":4,"trt":0.0,"glp1":0.0,"pharmacy":0.0,"gym":0.0,"n":0},"geometry":{"type":"Polygon","coordinates":[[[-96.30553,32.73466],[-96.29572,32.74498],[-96.30156,32.75758],[-96.31722,32.75986],[-96.32703,32.74954],[-96.32118,32.73694],[-96.30553,32.73466]]]}},{"type":"Feature","properties":{"h3":"8726c95aaffffff","mii":4,"trt":0.0,"glp1":0.0,"pharmacy":0.0,"gym":0.0,"n":0},"geometry":{"type":"Polygon","coordinates":[[[-96.30949,32.71174],[-96.29968,32.72206],[-96.30553,32.73466],[-96.32118,32.73694],[-96.33099,32.72662],[-96.32514,32.71402],[-96.30949,32.71174]]]}},{"type":"Feature","properties":{"h3":"8726c95abffffff","mii":4,"trt":0.0,"glp1":0.0,"pharmacy":0.0,"gym":0.0,"n":0},"geometry":{"type":"Polygon","coordinates":[[[-96.28799,32.69685],[-96.27819,32.70717],[-96.28403,32.71977],[-96.29968,32.72206],[-96.30949,32.71174],[-96.30364,32.69913],[-96.28799,32.69685]]]}},{"type":"Feature","properties":{"h3":"8726c95a9ffffff","mii":4,"trt":0.0,"glp1":0.0,"pharmacy":0.0,"gym":0.0,"n":0},"geometry":{"type":"Polygon","coordinates":[[[-96.26254,32.70488],[-96.25273,32.7152],[-96.25857,32.7278],[-96.27422,32.73009],[-96.28403,32.71977],[-96.27819,32.70717],[-96.26254,32.70488]]]}},{"type":"Feature","properties":{"h3":"8726c95adffffff","mii":4,"trt":0.0,"glp1":0.0,"pharmacy":0.0,"gym":0.0,"n":0},"geometry":{"type":"Polygon","coordinates":[[[-96.25857,32.7278],[-96.24876,32.73812],[-96.2546,32.75072],[-96.27025,32.75301],[-96.28006,32.74269],[-96.27422,32.73009],[-96.25857,32.7278]]]}},{"type":"Feature","properties":{"h3":"8726cbc65ffffff","mii":4,"trt":0.0,"glp1":0.55,"pharmacy":0.0,"gym":0.0,"n":1},"geometry":{"type":"Polygon","coordinates":[[[-97.01081,32.55304],[-97.00105,32.56345],[-97.00698,32.57605],[-97.02269,32.57824],[-97.03246,32.56783],[-97.02652,32.55523],[-97.01081,32.55304]]]}},{"type":"Feature","properties":{"h3":"8726cbc64ffffff","mii":4,"trt":0.0,"glp1":0.0,"pharmacy":0.0,"gym":0.0,"n":0},"geometry":{"type":"Polygon","coordinates":[[[-97.03246,32.56783],[-97.02269,32.57824],[-97.02863,32.59084],[-97.04435,32.59303],[-97.05411,32.58262],[-97.04817,32.57002],[-97.03246,32.56783]]]}},{"type":"Feature","properties":{"h3":"8726cbc60ffffff","mii":4,"trt":0.0,"glp1":0.0,"pharmacy":0.0,"gym":0.0,"n":0},"geometry":{"type":"Polygon","coordinates":[[[-97.03628,32.54482],[-97.02652,32.55523],[-97.03246,32.56783],[-97.04817,32.57002],[-97.05793,32.55961],[-97.05199,32.54701],[-97.03628,32.54482]]]}},{"type":"Feature","properties":{"h3":"8726c94f4ffffff","mii":4,"trt":0.0,"glp1":0.55,"pharmacy":0.0,"gym":0.0,"n":1},"geometry":{"type":"Polygon","coordinates":[[[-96.26883,32.52947],[-96.25904,32.5398],[-96.26487,32.55241],[-96.2805,32.55469],[-96.29029,32.54436],[-96.28446,32.53175],[-96.26883,32.52947]]]}},{"type":"Feature","properties":{"h3":"8726cb8a9ffffff","mii":4,"trt":0.0,"glp1":0.0,"pharmacy":0.0,"gym":0.0,"n":0},"geometry":{"type":"Polygon","coordinates":[[[-96.79705,32.53477],[-96.78728,32.54516],[-96.79319,32.55776],[-96.80887,32.55998],[-96.81864,32.54959],[-96.81273,32.53699],[-96.79705,32.53477]]]}},{"type":"Feature","properties":{"h3":"8726cb8abffffff","mii":4,"trt":0.0,"glp1":0.0,"pharmacy":0.0,"gym":0.0,"n":0},"geometry":{"type":"Polygon","coordinates":[[[-96.8225,32.5266],[-96.81273,32.53699],[-96.81864,32.54959],[-96.83433,32.55181],[-96.8441,32.54141],[-96.83819,32.52881],[-96.8225,32.5266]]]}},{"type":"Feature","properties":{"h3":"8726cb88dffffff","mii":4,"trt":0.0,"glp1":0.0,"pharmacy":0.0,"gym":0.0,"n":0},"geometry":{"type":"Polygon","coordinates":[[[-96.82637,32.5036],[-96.8166,32.51399],[-96.8225,32.5266],[-96.83819,32.52881],[-96.84796,32.51842],[-96.84204,32.50581],[-96.82637,32.5036]]]}},{"type":"Feature","properties":{"h3":"8726cb8f2ffffff","mii":4,"trt":0.0,"glp1":0.0,"pharmacy":0.0,"gym":0.0,"n":0},"geometry":{"type":"Polygon","coordinates":[[[-96.80478,32.48878],[-96.79501,32.49917],[-96.80092,32.51178],[-96.8166,32.51399],[-96.82637,32.5036],[-96.82046,32.49099],[-96.80478,32.48878]]]}},{"type":"Feature","properties":{"h3":"8726cb8f0ffffff","mii":4,"trt":0.0,"glp1":0.0,"pharmacy":0.0,"gym":0.0,"n":0},"geometry":{"type":"Polygon","coordinates":[[[-96.77934,32.49695],[-96.76957,32.50734],[-96.77547,32.51995],[-96.79115,32.52216],[-96.80092,32.51178],[-96.79501,32.49917],[-96.77934,32.49695]]]}},{"type":"Feature","properties":{"h3":"8726c8274ffffff","mii":4,"trt":0.0,"glp1":0.55,"pharmacy":0.0,"gym":0.0,"n":1},"geometry":{"type":"Polygon","coordinates":[[[-96.36391,32.95456],[-96.35409,32.96487],[-96.35995,32.97746],[-96.37565,32.97974],[-96.38547,32.96943],[-96.3796,32.95684],[-96.36391,32.95456]]]}},{"type":"Feature","properties":{"h3":"8726c8368ffffff","mii":4,"trt":0.0,"glp1":0.55,"pharmacy":0.0,"gym":0.0,"n":1},"geometry":{"type":"Polygon","coordinates":[[[-96.22836,33.04037],[-96.21852,33.05066],[-96.22437,33.06324],[-96.24006,33.06555],[-96.2499,33.05526],[-96.24405,33.04267],[-96.22836,33.04037]]]}},{"type":"Feature","properties":{"h3":"8726cb903ffffff","mii":4,"trt":0.0,"glp1":0.0,"pharmacy":0.0,"gym":0.0,"n":0},"geometry":{"type":"Polygon","coordinates":[[[-96.6896,32.74301],[-96.6798,32.75337],[-96.6857,32.76597],[-96.7014,32.7682],[-96.7112,32.75784],[-96.70529,32.74525],[-96.6896,32.74301]]]}},{"type":"Feature","properties":{"h3":"8726cb9a9ffffff","mii":4,"trt":0.0,"glp1":0.0,"pharmacy":0.0,"gym":0.0,"n":0},"geometry":{"type":"Polygon","coordinates":[[[-96.76995,32.69564],[-96.76016,32.70601],[-96.76607,32.71861],[-96.78177,32.72084],[-96.79156,32.71046],[-96.78565,32.69787],[-96.76995,32.69564]]]}},{"type":"Feature","properties":{"h3":"8726cb919ffffff","mii":4,"trt":0.0,"glp1":0.0,"pharmacy":0.0,"gym":0.0,"n":0},"geometry":{"type":"Polygon","coordinates":[[[-96.69738,32.69709],[-96.68759,32.70745],[-96.69349,32.72005],[-96.70918,32.72229],[-96.71898,32.71192],[-96.71307,32.69932],[-96.69738,32.69709]]]}},{"type":"Feature","properties":{"h3":"8726cb824ffffff","mii":4,"trt":0.0,"glp1":0.0,"pharmacy":0.0,"gym":0.0,"n":0},"geometry":{"type":"Polygon","coordinates":[[[-96.67579,32.68225],[-96.666,32.69262],[-96.6719,32.70522],[-96.68759,32.70745],[-96.69738,32.69709],[-96.69148,32.68449],[-96.67579,32.68225]]]}},{"type":"Feature","properties":{"h3":"8726c8062ffffff","mii":4,"trt":0.0,"glp1":0.0,"pharmacy":0.0,"gym":0.0,"n":0},"geometry":{"type":"Polygon","coordinates":[[[-96.59572,33.29308],[-96.58588,33.30338],[-96.59179,33.31595],[-96.60756,33.31822],[-96.61741,33.30791],[-96.61149,33.29534],[-96.59572,33.29308]]]}},{"type":"Feature","properties":{"h3":"8726c8065ffffff","mii":4,"trt":0.0,"glp1":0.0,"pharmacy":0.0,"gym":0.0,"n":0},"geometry":{"type":"Polygon","coordinates":[[[-96.5445,33.30914],[-96.53465,33.31944],[-96.54056,33.33202],[-96.55633,33.33429],[-96.56618,33.32399],[-96.56027,33.31142],[-96.5445,33.30914]]]}},{"type":"Feature","properties":{"h3":"8726caa04ffffff","mii":4,"trt":0.0,"glp1":0.55,"pharmacy":0.0,"gym":0.0,"n":1},"geometry":{"type":"Polygon","coordinates":[[[-97.49572,32.98453],[-97.48593,32.99495],[-97.49196,33.00753],[-97.50778,33.00968],[-97.51756,32.99925],[-97.51153,32.98667],[-97.49572,32.98453]]]}},{"type":"Feature","properties":{"h3":"8726cb525ffffff","mii":4,"trt":0.0,"glp1":0.0,"pharmacy":0.0,"gym":0.0,"n":0},"geometry":{"type":"Polygon","coordinates":[[[-97.36737,32.43738],[-97.35763,32.44783],[-97.36361,32.46043],[-97.37934,32.46258],[-97.38908,32.45213],[-97.3831,32.43952],[-97.36737,32.43738]]]}},{"type":"Feature","properties":{"h3":"8726cbcd6ffffff","mii":4,"trt":0.0,"glp1":0.0,"pharmacy":0.0,"gym":0.0,"n":0},"geometry":{"type":"Polygon","coordinates":[[[-97.34191,32.44568],[-97.33216,32.45613],[-97.33814,32.46873],[-97.35387,32.47088],[-97.36361,32.46043],[-97.35763,32.44783],[-97.34191,32.44568]]]}},{"type":"Feature","properties":{"h3":"8726c8612ffffff","mii":4,"trt":0.0,"glp1":0.0,"pharmacy":0.0,"gym":0.0,"n":0},"geometry":{"type":"Polygon","coordinates":[[[-97.08736,32.96361],[-97.07756,32.97399],[-97.08353,32.98657],[-97.0993,32.98877],[-97.1091,32.97838],[-97.10313,32.9658],[-97.08736,32.96361]]]}},{"type":"Feature","properties":{"h3":"8726cbc34ffffff","mii":4,"trt":0.0,"glp1":0.0,"pharmacy":0.0,"gym":0.0,"n":0},"geometry":{"type":"Polygon","coordinates":[[[-97.25694,32.66956],[-97.24718,32.67999],[-97.25315,32.69258],[-97.2689,32.69475],[-97.27867,32.68432],[-97.27269,32.67173],[-97.25694,32.66956]]]}},{"type":"Feature","properties":{"h3":"8726cab13ffffff","mii":4,"trt":0.0,"glp1":0.0,"pharmacy":0.0,"gym":0.0,"n":0},"geometry":{"type":"Polygon","coordinates":[[[-97.55004,33.09767],[-97.54025,33.1081],[-97.5463,33.12066],[-97.56213,33.12281],[-97.57193,33.11238],[-97.56588,33.09982],[-97.55004,33.09767]]]}},{"type":"Feature","properties":{"h3":"8726cabacffffff","mii":4,"trt":0.0,"glp1":0.0,"pharmacy":0.0,"gym":0.0,"n":0},"geometry":{"type":"Polygon","coordinates":[[[-97.57567,33.08939],[-97.56588,33.09982],[-97.57193,33.11238],[-97.58777,33.11453],[-97.59756,33.1041],[-97.59151,33.09153],[-97.57567,33.08939]]]}},{"type":"Feature","properties":{"h3":"8726caba8ffffff","mii":4,"trt":0.0,"glp1":0.0,"pharmacy":0.0,"gym":0.0,"n":0},"geometry":{"type":"Polygon","coordinates":[[[-97.57941,33.06639],[-97.56962,33.07682],[-97.57567,33.08939],[-97.59151,33.09153],[-97.60129,33.0811],[-97.59525,33.06853],[-97.57941,33.06639]]]}},{"type":"Feature","properties":{"h3":"8726caba9ffffff","mii":4,"trt":0.0,"glp1":0.0,"pharmacy":0.0,"gym":0.0,"n":0},"geometry":{"type":"Polygon","coordinates":[[[-97.55754,33.05168],[-97.54775,33.06211],[-97.55379,33.07468],[-97.56962,33.07682],[-97.57941,33.06639],[-97.57337,33.05382],[-97.55754,33.05168]]]}},{"type":"Feature","properties":{"h3":"8726cab1affffff","mii":4,"trt":0.0,"glp1":0.0,"pharmacy":0.0,"gym":0.0,"n":0},"geometry":{"type":"Polygon","coordinates":[[[-97.53192,33.05996],[-97.52213,33.07039],[-97.52817,33.08296],[-97.544,33.0851],[-97.55379,33.07468],[-97.54775,33.06211],[-97.53192,33.05996]]]}},{"type":"Feature","properties":{"h3":"8726cab1effffff","mii":4,"trt":0.0,"glp1":0.0,"pharmacy":0.0,"gym":0.0,"n":0},"geometry":{"type":"Polygon","coordinates":[[[-97.52817,33.08296],[-97.51838,33.09338],[-97.52442,33.10595],[-97.54025,33.1081],[-97.55004,33.09767],[-97.544,33.0851],[-97.52817,33.08296]]]}},{"type":"Feature","properties":{"h3":"8726cbc46ffffff","mii":4,"trt":0.0,"glp1":0.0,"pharmacy":0.0,"gym":0.0,"n":0},"geometry":{"type":"Polygon","coordinates":[[[-97.09104,32.50534],[-97.08128,32.51576],[-97.08722,32.52836],[-97.10293,32.53055],[-97.11269,32.52013],[-97.10674,32.50752],[-97.09104,32.50534]]]}},{"type":"Feature","properties":{"h3":"8726cbc44ffffff","mii":4,"trt":0.0,"glp1":0.0,"pharmacy":0.0,"gym":0.0,"n":0},"geometry":{"type":"Polygon","coordinates":[[[-97.06557,32.51358],[-97.05581,32.52399],[-97.06175,32.5366],[-97.07746,32.53878],[-97.08722,32.52836],[-97.08128,32.51576],[-97.06557,32.51358]]]}},{"type":"Feature","properties":{"h3":"8726cbcf2ffffff","mii":4,"trt":0.0,"glp1":0.0,"pharmacy":0.0,"gym":0.0,"n":0},"geometry":{"type":"Polygon","coordinates":[[[-97.31267,32.47703],[-97.30292,32.48747],[-97.3089,32.50007],[-97.32462,32.50223],[-97.33437,32.49178],[-97.32839,32.47918],[-97.31267,32.47703]]]}},{"type":"Feature","properties":{"h3":"8726caa24ffffff","mii":4,"trt":0.0,"glp1":0.55,"pharmacy":0.0,"gym":0.0,"n":1},"geometry":{"type":"Polygon","coordinates":[[[-97.4626,33.03879],[-97.45281,33.04921],[-97.45884,33.06178],[-97.47466,33.06394],[-97.48445,33.05352],[-97.47842,33.04095],[-97.4626,33.03879]]]}},{"type":"Feature","properties":{"h3":"8726cbc2effffff","mii":4,"trt":0.0,"glp1":0.0,"pharmacy":0.0,"gym":0.0,"n":0},"geometry":{"type":"Polygon","coordinates":[[[-97.17011,32.6105],[-97.16035,32.62092],[-97.16631,32.63351],[-97.18204,32.63569],[-97.19181,32.62527],[-97.18584,32.61267],[-97.17011,32.6105]]]}},{"type":"Feature","properties":{"h3":"8726caa71ffffff","mii":4,"trt":0.0,"glp1":0.0,"pharmacy":0.0,"gym":0.0,"n":0},"geometry":{"type":"Polygon","coordinates":[[[-97.36481,32.89613],[-97.35503,32.90655],[-97.36103,32.91913],[-97.37682,32.92129],[-97.38661,32.91087],[-97.3806,32.89829],[-97.36481,32.89613]]]}},{"type":"Feature","properties":{"h3":"8726cbd1affffff","mii":4,"trt":0.0,"glp1":0.0,"pharmacy":0.0,"gym":0.0,"n":0},"geometry":{"type":"Polygon","coordinates":[[[-97.25315,32.69258],[-97.24339,32.703],[-97.24936,32.71559],[-97.26512,32.71776],[-97.27489,32.70734],[-97.2689,32.69475],[-97.25315,32.69258]]]}},{"type":"Feature","properties":{"h3":"8726ca345ffffff","mii":4,"trt":0.0,"glp1":0.0,"pharmacy":0.0,"gym":0.0,"n":0},"geometry":{"type":"Polygon","coordinates":[[[-97.52634,32.64747],[-97.51659,32.65793],[-97.52261,32.67052],[-97.53838,32.67265],[-97.54813,32.6622],[-97.54211,32.64961],[-97.52634,32.64747]]]}},{"type":"Feature","properties":{"h3":"8726ca36affffff","mii":4,"trt":0.0,"glp1":0.0,"pharmacy":0.0,"gym":0.0,"n":0},"geometry":{"type":"Polygon","coordinates":[[[-97.50456,32.63275],[-97.49481,32.6432],[-97.50082,32.65579],[-97.51659,32.65793],[-97.52634,32.64747],[-97.52033,32.63488],[-97.50456,32.63275]]]}},{"type":"Feature","properties":{"h3":"8726caa58ffffff","mii":4,"trt":0.0,"glp1":0.0,"pharmacy":0.0,"gym":0.0,"n":0},"geometry":{"type":"Polygon","coordinates":[[[-97.3799,32.8041],[-97.37012,32.81453],[-97.37613,32.82711],[-97.39191,32.82927],[-97.40168,32.81884],[-97.39568,32.80626],[-97.3799,32.8041]]]}},{"type":"Feature","properties":{"h3":"8726cbd23ffffff","mii":4,"trt":0.0,"glp1":0.55,"pharmacy":0.0,"gym":0.0,"n":1},"geometry":{"type":"Polygon","coordinates":[[[-97.16519,32.78632],[-97.1554,32.79673],[-97.16138,32.80931],[-97.17713,32.8115],[-97.18691,32.80109],[-97.18094,32.7885],[-97.16519,32.78632]]]}},{"type":"Feature","properties":{"h3":"8726cbd05ffffff","mii":4,"trt":0.0,"glp1":0.0,"pharmacy":0.0,"gym":0.0,"n":0},"geometry":{"type":"Polygon","coordinates":[[[-97.16899,32.76332],[-97.15921,32.77373],[-97.16519,32.78632],[-97.18094,32.7885],[-97.19072,32.77809],[-97.18474,32.7655],[-97.16899,32.76332]]]}},{"type":"Feature","properties":{"h3":"8726caaeaffffff","mii":4,"trt":0.0,"glp1":0.0,"pharmacy":0.0,"gym":0.0,"n":0},"geometry":{"type":"Polygon","coordinates":[[[-97.47834,32.79399],[-97.46857,32.80443],[-97.47459,32.81701],[-97.49038,32.81915],[-97.50015,32.80871],[-97.49413,32.79613],[-97.47834,32.79399]]]}},{"type":"Feature","properties":{"h3":"8726caaceffffff","mii":4,"trt":0.0,"glp1":0.0,"pharmacy":0.0,"gym":0.0,"n":0},"geometry":{"type":"Polygon","coordinates":[[[-97.50764,32.76266],[-97.49787,32.7731],[-97.50389,32.78569],[-97.51968,32.78783],[-97.52945,32.77738],[-97.52342,32.7648],[-97.50764,32.76266]]]}},{"type":"Feature","properties":{"h3":"8726caacdffffff","mii":4,"trt":0.0,"glp1":0.0,"pharmacy":0.0,"gym":0.0,"n":0},"geometry":{"type":"Polygon","coordinates":[[[-97.4603,32.75623],[-97.45053,32.76667],[-97.45654,32.77926],[-97.47233,32.7814],[-97.48209,32.77096],[-97.47608,32.75838],[-97.4603,32.75623]]]}},{"type":"Feature","properties":{"h3":"8726caac9ffffff","mii":4,"trt":0.0,"glp1":0.0,"pharmacy":0.0,"gym":0.0,"n":0},"geometry":{"type":"Polygon","coordinates":[[[-97.46405,32.7332],[-97.45429,32.74365],[-97.4603,32.75623],[-97.47608,32.75838],[-97.48584,32.74793],[-97.47983,32.73535],[-97.46405,32.7332]]]}},{"type":"Feature","properties":{"h3":"8726caacbffffff","mii":4,"trt":0.0,"glp1":0.0,"pharmacy":0.0,"gym":0.0,"n":0},"geometry":{"type":"Polygon","coordinates":[[[-97.48959,32.7249],[-97.47983,32.73535],[-97.48584,32.74793],[-97.50162,32.75008],[-97.51138,32.73963],[-97.50537,32.72704],[-97.48959,32.7249]]]}},{"type":"Feature","properties":{"h3":"8726caaeeffffff","mii":4,"trt":0.0,"glp1":0.55,"pharmacy":0.0,"gym":0.0,"n":1},"geometry":{"type":"Polygon","coordinates":[[[-97.47459,32.81701],[-97.46482,32.82745],[-97.47084,32.84003],[-97.48663,32.84217],[-97.4964,32.83174],[-97.49038,32.81915],[-97.47459,32.81701]]]}},{"type":"Feature","properties":{"h3":"8726cbd18ffffff","mii":4,"trt":0.0,"glp1":0.55,"pharmacy":0.0,"gym":0.0,"n":1},"geometry":{"type":"Polygon","coordinates":[[[-97.22764,32.70083],[-97.21787,32.71125],[-97.22384,32.72384],[-97.23959,32.72601],[-97.24936,32.71559],[-97.24339,32.703],[-97.22764,32.70083]]]}},{"type":"Feature","properties":{"h3":"8726c8795ffffff","mii":4,"trt":0.0,"glp1":0.55,"pharmacy":0.0,"gym":0.0,"n":1},"geometry":{"type":"Polygon","coordinates":[[[-97.18853,33.08339],[-97.17872,33.09378],[-97.18472,33.10635],[-97.20052,33.10854],[-97.21032,33.09815],[-97.20433,33.08558],[-97.18853,33.08339]]]}},{"type":"Feature","properties":{"h3":"8726ca86cffffff","mii":4,"trt":0.0,"glp1":0.55,"pharmacy":0.0,"gym":0.0,"n":1},"geometry":{"type":"Polygon","coordinates":[[[-97.54943,33.25028],[-97.53963,33.26069],[-97.54568,33.27325],[-97.56154,33.2754],[-97.57134,33.26499],[-97.56529,33.25243],[-97.54943,33.25028]]]}},{"type":"Feature","properties":{"h3":"8726c8725ffffff","mii":4,"trt":0.0,"glp1":0.0,"pharmacy":0.0,"gym":0.0,"n":0},"geometry":{"type":"Polygon","coordinates":[[[-96.90304,33.1961],[-96.89321,33.20644],[-96.89916,33.21902],[-96.91495,33.22124],[-96.92478,33.21089],[-96.91882,33.19832],[-96.90304,33.1961]]]}},{"type":"Feature","properties":{"h3":"8726c8064ffffff","mii":4,"trt":0.0,"glp1":0.55,"pharmacy":0.0,"gym":0.0,"n":1},"geometry":{"type":"Polygon","coordinates":[[[-96.56618,33.32399],[-96.55633,33.33429],[-96.56224,33.34686],[-96.57801,33.34913],[-96.58786,33.33883],[-96.58194,33.32626],[-96.56618,33.32399]]]}},{"type":"Feature","properties":{"h3":"8726cbc84ffffff","mii":4,"trt":0.0,"glp1":0.0,"pharmacy":0.0,"gym":0.0,"n":0},"geometry":{"type":"Polygon","coordinates":[[[-97.39578,32.55907],[-97.38603,32.56952],[-97.39202,32.58211],[-97.40777,32.58426],[-97.41752,32.57381],[-97.41152,32.56122],[-97.39578,32.55907]]]}},{"type":"Feature","properties":{"h3":"8726ca24cffffff","mii":4,"trt":0.0,"glp1":0.55,"pharmacy":0.0,"gym":0.0,"n":1},"geometry":{"type":"Polygon","coordinates":[[[-97.53444,32.44829],[-97.52471,32.45876],[-97.53071,32.47136],[-97.54646,32.47348],[-97.5562,32.46301],[-97.55019,32.45041],[-97.53444,32.44829]]]}},{"type":"Feature","properties":{"h3":"8726ca341ffffff","mii":4,"trt":0.0,"glp1":0.55,"pharmacy":0.0,"gym":0.0,"n":1},"geometry":{"type":"Polygon","coordinates":[[[-97.53008,32.62443],[-97.52033,32.63488],[-97.52634,32.64747],[-97.54211,32.64961],[-97.55187,32.63915],[-97.54585,32.62656],[-97.53008,32.62443]]]}},{"type":"Feature","properties":{"h3":"8726c879effffff","mii":4,"trt":0.0,"glp1":0.0,"pharmacy":0.0,"gym":0.0,"n":0},"geometry":{"type":"Polygon","coordinates":[[[-97.19616,33.03746],[-97.18635,33.04785],[-97.19234,33.06043],[-97.20814,33.06261],[-97.21794,33.05222],[-97.21195,33.03965],[-97.19616,33.03746]]]}},{"type":"Feature","properties":{"h3":"8726c8723ffffff","mii":3,"trt":0.0,"glp1":0.0,"pharmacy":0.0,"gym":0.0,"n":0},"geometry":{"type":"Polygon","coordinates":[[[-96.93251,33.16504],[-96.92269,33.1754],[-96.92864,33.18797],[-96.94443,33.19019],[-96.95425,33.17984],[-96.94829,33.16726],[-96.93251,33.16504]]]}},{"type":"Feature","properties":{"h3":"8726c8705ffffff","mii":3,"trt":0.0,"glp1":0.0,"pharmacy":0.0,"gym":0.0,"n":0},"geometry":{"type":"Polygon","coordinates":[[[-96.93637,33.14211],[-96.92655,33.15247],[-96.93251,33.16504],[-96.94829,33.16726],[-96.95811,33.15691],[-96.95215,33.14433],[-96.93637,33.14211]]]}},{"type":"Feature","properties":{"h3":"8726c8715ffffff","mii":3,"trt":0.0,"glp1":0.0,"pharmacy":0.0,"gym":0.0,"n":0},"geometry":{"type":"Polygon","coordinates":[[[-97.00932,33.14062],[-96.9995,33.15098],[-97.00547,33.16355],[-97.02126,33.16577],[-97.03108,33.1554],[-97.0251,33.14283],[-97.00932,33.14062]]]}},{"type":"Feature","properties":{"h3":"8726c871cffffff","mii":3,"trt":0.0,"glp1":0.0,"pharmacy":0.0,"gym":0.0,"n":0},"geometry":{"type":"Polygon","coordinates":[[[-96.99142,33.10289],[-96.9816,33.11325],[-96.98757,33.12583],[-97.00335,33.12804],[-97.01317,33.11768],[-97.0072,33.1051],[-96.99142,33.10289]]]}},{"type":"Feature","properties":{"h3":"8726c8702ffffff","mii":3,"trt":0.0,"glp1":0.0,"pharmacy":0.0,"gym":0.0,"n":0},"geometry":{"type":"Polygon","coordinates":[[[-96.98757,33.12583],[-96.97775,33.13619],[-96.98371,33.14877],[-96.9995,33.15098],[-97.00932,33.14062],[-97.00335,33.12804],[-96.98757,33.12583]]]}},{"type":"Feature","properties":{"h3":"8726c8385ffffff","mii":3,"trt":0.0,"glp1":0.0,"pharmacy":0.0,"gym":0.0,"n":0},"geometry":{"type":"Polygon","coordinates":[[[-96.60546,33.09509],[-96.59563,33.10541],[-96.60154,33.11799],[-96.61728,33.12025],[-96.62711,33.10993],[-96.6212,33.09735],[-96.60546,33.09509]]]}},{"type":"Feature","properties":{"h3":"8726c83a3ffffff","mii":3,"trt":0.0,"glp1":0.0,"pharmacy":0.0,"gym":0.0,"n":0},"geometry":{"type":"Polygon","coordinates":[[[-96.60154,33.11799],[-96.59171,33.12831],[-96.59762,33.14089],[-96.61336,33.14315],[-96.62319,33.13283],[-96.61728,33.12025],[-96.60154,33.11799]]]}},{"type":"Feature","properties":{"h3":"8726cb8adffffff","mii":3,"trt":0.0,"glp1":0.0,"pharmacy":0.0,"gym":0.0,"n":0},"geometry":{"type":"Polygon","coordinates":[[[-96.79319,32.55776],[-96.78341,32.56815],[-96.78932,32.58075],[-96.805,32.58297],[-96.81478,32.57258],[-96.80887,32.55998],[-96.79319,32.55776]]]}},{"type":"Feature","properties":{"h3":"8726cb830ffffff","mii":3,"trt":0.0,"glp1":0.0,"pharmacy":0.0,"gym":0.0,"n":0},"geometry":{"type":"Polygon","coordinates":[[[-96.75222,32.65784],[-96.74244,32.66822],[-96.74834,32.68082],[-96.76404,32.68304],[-96.77383,32.67267],[-96.76792,32.66007],[-96.75222,32.65784]]]}},{"type":"Feature","properties":{"h3":"8726cb834ffffff","mii":3,"trt":0.0,"glp1":0.0,"pharmacy":0.0,"gym":0.0,"n":0},"geometry":{"type":"Polygon","coordinates":[[[-96.74834,32.68082],[-96.73856,32.69119],[-96.74446,32.70379],[-96.76016,32.70601],[-96.76995,32.69564],[-96.76404,32.68304],[-96.74834,32.68082]]]}},{"type":"Feature","properties":{"h3":"8726c8a96ffffff","mii":3,"trt":0.0,"glp1":0.0,"pharmacy":0.0,"gym":0.0,"n":0},"geometry":{"type":"Polygon","coordinates":[[[-96.51889,33.31717],[-96.50904,33.32747],[-96.51495,33.34004],[-96.53071,33.34231],[-96.54056,33.33202],[-96.53465,33.31944],[-96.51889,33.31717]]]}},{"type":"Feature","properties":{"h3":"8726c806cffffff","mii":3,"trt":0.0,"glp1":0.0,"pharmacy":0.0,"gym":0.0,"n":0},"geometry":{"type":"Polygon","coordinates":[[[-96.52678,33.27142],[-96.51693,33.28172],[-96.52284,33.2943],[-96.53859,33.29657],[-96.54844,33.28627],[-96.54253,33.2737],[-96.52678,33.27142]]]}},{"type":"Feature","properties":{"h3":"8726c8a93ffffff","mii":3,"trt":0.0,"glp1":0.0,"pharmacy":0.0,"gym":0.0,"n":0},"geometry":{"type":"Polygon","coordinates":[[[-96.50118,33.27945],[-96.49133,33.28974],[-96.49723,33.30232],[-96.51299,33.3046],[-96.52284,33.2943],[-96.51693,33.28172],[-96.50118,33.27945]]]}},{"type":"Feature","properties":{"h3":"8726c8a90ffffff","mii":3,"trt":0.0,"glp1":0.0,"pharmacy":0.0,"gym":0.0,"n":0},"geometry":{"type":"Polygon","coordinates":[[[-96.49723,33.30232],[-96.48738,33.31261],[-96.49328,33.32519],[-96.50904,33.32747],[-96.51889,33.31717],[-96.51299,33.3046],[-96.49723,33.30232]]]}},{"type":"Feature","properties":{"h3":"8726caaf0ffffff","mii":3,"trt":0.0,"glp1":0.0,"pharmacy":0.0,"gym":0.0,"n":0},"geometry":{"type":"Polygon","coordinates":[[[-97.56561,32.85288],[-97.55584,32.86332],[-97.56187,32.8759],[-97.57768,32.87803],[-97.58745,32.86759],[-97.58142,32.85501],[-97.56561,32.85288]]]}},{"type":"Feature","properties":{"h3":"8726caaf1ffffff","mii":3,"trt":0.0,"glp1":0.0,"pharmacy":0.0,"gym":0.0,"n":0},"geometry":{"type":"Polygon","coordinates":[[[-97.54378,32.83816],[-97.53401,32.8486],[-97.54004,32.86118],[-97.55584,32.86332],[-97.56561,32.85288],[-97.55958,32.8403],[-97.54378,32.83816]]]}},{"type":"Feature","properties":{"h3":"8726ca840ffffff","mii":3,"trt":0.0,"glp1":0.0,"pharmacy":0.0,"gym":0.0,"n":0},"geometry":{"type":"Polygon","coordinates":[[[-97.62641,33.22546],[-97.61661,33.23588],[-97.62267,33.24844],[-97.63854,33.25058],[-97.64834,33.24016],[-97.64227,33.2276],[-97.62641,33.22546]]]}},{"type":"Feature","properties":{"h3":"8726ca843ffffff","mii":3,"trt":0.0,"glp1":0.0,"pharmacy":0.0,"gym":0.0,"n":0},"geometry":{"type":"Polygon","coordinates":[[[-97.63015,33.20248],[-97.62035,33.2129],[-97.62641,33.22546],[-97.64227,33.2276],[-97.65207,33.21718],[-97.64601,33.20462],[-97.63015,33.20248]]]}},{"type":"Feature","properties":{"h3":"8726cab64ffffff","mii":3,"trt":0.0,"glp1":0.0,"pharmacy":0.0,"gym":0.0,"n":0},"geometry":{"type":"Polygon","coordinates":[[[-97.28334,33.09649],[-97.27354,33.10688],[-97.27954,33.11945],[-97.29535,33.12163],[-97.30516,33.11123],[-97.29915,33.09866],[-97.28334,33.09649]]]}},{"type":"Feature","properties":{"h3":"8726cab61ffffff","mii":3,"trt":0.0,"glp1":0.0,"pharmacy":0.0,"gym":0.0,"n":0},"geometry":{"type":"Polygon","coordinates":[[[-97.26533,33.05876],[-97.25553,33.06916],[-97.26153,33.08173],[-97.27734,33.08391],[-97.28714,33.07352],[-97.28113,33.06094],[-97.26533,33.05876]]]}},{"type":"Feature","properties":{"h3":"8726c8098ffffff","mii":3,"trt":0.0,"glp1":0.0,"pharmacy":0.0,"gym":0.0,"n":0},"geometry":{"type":"Polygon","coordinates":[[[-96.96829,33.24048],[-96.95846,33.25083],[-96.96443,33.2634],[-96.98023,33.26562],[-96.99006,33.25527],[-96.98408,33.2427],[-96.96829,33.24048]]]}},{"type":"Feature","properties":{"h3":"8726c809affffff","mii":3,"trt":0.0,"glp1":0.0,"pharmacy":0.0,"gym":0.0,"n":0},"geometry":{"type":"Polygon","coordinates":[[[-96.99391,33.23235],[-96.98408,33.2427],[-96.99006,33.25527],[-97.00586,33.25749],[-97.01568,33.24713],[-97.00971,33.23456],[-96.99391,33.23235]]]}},{"type":"Feature","properties":{"h3":"8726c8734ffffff","mii":3,"trt":0.0,"glp1":0.0,"pharmacy":0.0,"gym":0.0,"n":0},"geometry":{"type":"Polygon","coordinates":[[[-96.99776,33.20942],[-96.98794,33.21977],[-96.99391,33.23235],[-97.00971,33.23456],[-97.01953,33.2242],[-97.01356,33.21163],[-96.99776,33.20942]]]}},{"type":"Feature","properties":{"h3":"8726c8735ffffff","mii":3,"trt":0.0,"glp1":0.0,"pharmacy":0.0,"gym":0.0,"n":0},"geometry":{"type":"Polygon","coordinates":[[[-96.976,33.19463],[-96.96618,33.20498],[-96.97215,33.21756],[-96.98794,33.21977],[-96.99776,33.20942],[-96.99179,33.19685],[-96.976,33.19463]]]}},{"type":"Feature","properties":{"h3":"8726c8726ffffff","mii":3,"trt":0.0,"glp1":0.0,"pharmacy":0.0,"gym":0.0,"n":0},"geometry":{"type":"Polygon","coordinates":[[[-96.95039,33.20277],[-96.94057,33.21312],[-96.94653,33.22569],[-96.96232,33.22791],[-96.97215,33.21756],[-96.96618,33.20498],[-96.95039,33.20277]]]}},{"type":"Feature","properties":{"h3":"8726c8099ffffff","mii":3,"trt":0.0,"glp1":0.0,"pharmacy":0.0,"gym":0.0,"n":0},"geometry":{"type":"Polygon","coordinates":[[[-96.94653,33.22569],[-96.9367,33.23604],[-96.94266,33.24861],[-96.95846,33.25083],[-96.96829,33.24048],[-96.96232,33.22791],[-96.94653,33.22569]]]}},{"type":"Feature","properties":{"h3":"8726c870bffffff","mii":2,"trt":0.0,"glp1":0.0,"pharmacy":0.0,"gym":0.0,"n":0},"geometry":{"type":"Polygon","coordinates":[[[-96.92623,33.05851],[-96.91642,33.06887],[-96.92237,33.08145],[-96.93814,33.08367],[-96.94795,33.07331],[-96.942,33.06073],[-96.92623,33.05851]]]}},{"type":"Feature","properties":{"h3":"8726cbd68ffffff","mii":2,"trt":0.0,"glp1":0.0,"pharmacy":0.0,"gym":0.0,"n":0},"geometry":{"type":"Polygon","coordinates":[[[-96.97,32.65326],[-96.96022,32.66365],[-96.96616,32.67625],[-96.98188,32.67845],[-96.99165,32.66805],[-96.98571,32.65546],[-96.97,32.65326]]]}},{"type":"Feature","properties":{"h3":"8726c8202ffffff","mii":2,"trt":0.0,"glp1":0.0,"pharmacy":0.0,"gym":0.0,"n":0},"geometry":{"type":"Polygon","coordinates":[[[-96.50521,32.97503],[-96.49539,32.98535],[-96.50128,32.99794],[-96.51699,33.00021],[-96.52682,32.98988],[-96.52092,32.97729],[-96.50521,32.97503]]]}},{"type":"Feature","properties":{"h3":"8726c8206ffffff","mii":2,"trt":0.0,"glp1":0.0,"pharmacy":0.0,"gym":0.0,"n":0},"geometry":{"type":"Polygon","coordinates":[[[-96.50128,32.99794],[-96.49145,33.00826],[-96.49734,33.02085],[-96.51306,33.02311],[-96.52288,33.01279],[-96.51699,33.00021],[-96.50128,32.99794]]]}},{"type":"Feature","properties":{"h3":"8726c821cffffff","mii":2,"trt":0.0,"glp1":0.0,"pharmacy":0.0,"gym":0.0,"n":0},"geometry":{"type":"Polygon","coordinates":[[[-96.50915,32.95211],[-96.49933,32.96244],[-96.50521,32.97503],[-96.52092,32.97729],[-96.53075,32.96697],[-96.52486,32.95438],[-96.50915,32.95211]]]}},{"type":"Feature","properties":{"h3":"8726c8254ffffff","mii":2,"trt":0.0,"glp1":0.0,"pharmacy":0.0,"gym":0.0,"n":0},"geometry":{"type":"Polygon","coordinates":[[[-96.39734,32.90071],[-96.38752,32.91103],[-96.39338,32.92362],[-96.40907,32.9259],[-96.41889,32.91558],[-96.41302,32.90299],[-96.39734,32.90071]]]}},{"type":"Feature","properties":{"h3":"8726c8251ffffff","mii":2,"trt":0.0,"glp1":0.0,"pharmacy":0.0,"gym":0.0,"n":0},"geometry":{"type":"Polygon","coordinates":[[[-96.37974,32.86293],[-96.36992,32.87325],[-96.37578,32.88584],[-96.39147,32.88812],[-96.40129,32.8778],[-96.39542,32.86521],[-96.37974,32.86293]]]}},{"type":"Feature","properties":{"h3":"8726c8255ffffff","mii":2,"trt":0.0,"glp1":0.0,"pharmacy":0.0,"gym":0.0,"n":0},"geometry":{"type":"Polygon","coordinates":[[[-96.37578,32.88584],[-96.36596,32.89616],[-96.37183,32.90875],[-96.38752,32.91103],[-96.39734,32.90071],[-96.39147,32.88812],[-96.37578,32.88584]]]}},{"type":"Feature","properties":{"h3":"8726c80adffffff","mii":2,"trt":0.0,"glp1":0.0,"pharmacy":0.0,"gym":0.0,"n":0},"geometry":{"type":"Polygon","coordinates":[[[-96.83629,33.30396],[-96.82645,33.31429],[-96.8324,33.32686],[-96.84819,33.3291],[-96.85803,33.31876],[-96.85208,33.30619],[-96.83629,33.30396]]]}},{"type":"Feature","properties":{"h3":"8726c80a9ffffff","mii":2,"trt":0.0,"glp1":0.0,"pharmacy":0.0,"gym":0.0,"n":0},"geometry":{"type":"Polygon","coordinates":[[[-96.84017,33.28106],[-96.83033,33.29139],[-96.83629,33.30396],[-96.85208,33.30619],[-96.86191,33.29586],[-96.85596,33.28329],[-96.84017,33.28106]]]}},{"type":"Feature","properties":{"h3":"8726c8002ffffff","mii":2,"trt":0.0,"glp1":0.0,"pharmacy":0.0,"gym":0.0,"n":0},"geometry":{"type":"Polygon","coordinates":[[[-96.78113,33.34303],[-96.77129,33.35335],[-96.77723,33.36592],[-96.79303,33.36816],[-96.80287,33.35784],[-96.79692,33.34527],[-96.78113,33.34303]]]}},{"type":"Feature","properties":{"h3":"8726c8011ffffff","mii":2,"trt":0.0,"glp1":0.0,"pharmacy":0.0,"gym":0.0,"n":0},"geometry":{"type":"Polygon","coordinates":[[[-96.80677,33.33495],[-96.79692,33.34527],[-96.80287,33.35784],[-96.81867,33.36008],[-96.82851,33.34975],[-96.82256,33.33719],[-96.80677,33.33495]]]}},{"type":"Feature","properties":{"h3":"8726c8265ffffff","mii":2,"trt":0.0,"glp1":0.0,"pharmacy":0.0,"gym":0.0,"n":0},"geometry":{"type":"Polygon","coordinates":[[[-96.2698,32.94083],[-96.25997,32.95113],[-96.26582,32.96372],[-96.28151,32.96602],[-96.29134,32.95572],[-96.28548,32.94312],[-96.2698,32.94083]]]}},{"type":"Feature","properties":{"h3":"8726c834bffffff","mii":2,"trt":0.0,"glp1":0.0,"pharmacy":0.0,"gym":0.0,"n":0},"geometry":{"type":"Polygon","coordinates":[[[-96.26582,32.96372],[-96.25599,32.97402],[-96.26185,32.98661],[-96.27753,32.98891],[-96.28736,32.97861],[-96.28151,32.96602],[-96.26582,32.96372]]]}},{"type":"Feature","properties":{"h3":"8726cb966ffffff","mii":2,"trt":0.0,"glp1":0.0,"pharmacy":0.0,"gym":0.0,"n":0},"geometry":{"type":"Polygon","coordinates":[[[-96.52293,32.7309],[-96.51313,32.74124],[-96.519,32.75384],[-96.53469,32.75609],[-96.54449,32.74575],[-96.53861,32.73315],[-96.52293,32.7309]]]}},{"type":"Feature","properties":{"h3":"8726c8271ffffff","mii":2,"trt":0.0,"glp1":0.0,"pharmacy":0.0,"gym":0.0,"n":0},"geometry":{"type":"Polygon","coordinates":[[[-96.34632,32.91678],[-96.3365,32.92709],[-96.34236,32.93968],[-96.35805,32.94197],[-96.36787,32.93166],[-96.36201,32.91906],[-96.34632,32.91678]]]}},{"type":"Feature","properties":{"h3":"8726c8244ffffff","mii":2,"trt":0.0,"glp1":0.0,"pharmacy":0.0,"gym":0.0,"n":0},"geometry":{"type":"Polygon","coordinates":[[[-96.32478,32.9019],[-96.31496,32.91221],[-96.32082,32.9248],[-96.3365,32.92709],[-96.34632,32.91678],[-96.34046,32.90419],[-96.32478,32.9019]]]}},{"type":"Feature","properties":{"h3":"8726c8263ffffff","mii":2,"trt":0.0,"glp1":0.0,"pharmacy":0.0,"gym":0.0,"n":0},"geometry":{"type":"Polygon","coordinates":[[[-96.29928,32.90992],[-96.28945,32.92023],[-96.29531,32.93282],[-96.31099,32.93511],[-96.32082,32.9248],[-96.31496,32.91221],[-96.29928,32.90992]]]}},{"type":"Feature","properties":{"h3":"8726cb960ffffff","mii":2,"trt":0.0,"glp1":0.0,"pharmacy":0.0,"gym":0.0,"n":0},"geometry":{"type":"Polygon","coordinates":[[[-96.50138,32.71604],[-96.49158,32.72638],[-96.49745,32.73898],[-96.51313,32.74124],[-96.52293,32.7309],[-96.51705,32.7183],[-96.50138,32.71604]]]}},{"type":"Feature","properties":{"h3":"8726cb96effffff","mii":2,"trt":0.0,"glp1":0.0,"pharmacy":0.0,"gym":0.0,"n":0},"geometry":{"type":"Polygon","coordinates":[[[-96.48377,32.67823],[-96.47397,32.68857],[-96.47984,32.70118],[-96.49551,32.70344],[-96.5053,32.69309],[-96.49943,32.68049],[-96.48377,32.67823]]]}},{"type":"Feature","properties":{"h3":"8726cb99cffffff","mii":2,"trt":0.0,"glp1":0.0,"pharmacy":0.0,"gym":0.0,"n":0},"geometry":{"type":"Polygon","coordinates":[[[-96.89353,32.67781],[-96.88374,32.6882],[-96.88967,32.7008],[-96.90538,32.70301],[-96.91517,32.69262],[-96.90924,32.68002],[-96.89353,32.67781]]]}},{"type":"Feature","properties":{"h3":"8726cb946ffffff","mii":2,"trt":0.0,"glp1":0.0,"pharmacy":0.0,"gym":0.0,"n":0},"geometry":{"type":"Polygon","coordinates":[[[-96.55624,32.67691],[-96.54644,32.68726],[-96.55232,32.69986],[-96.568,32.70211],[-96.5778,32.69176],[-96.57191,32.67915],[-96.55624,32.67691]]]}},{"type":"Feature","properties":{"h3":"8726cb945ffffff","mii":2,"trt":0.0,"glp1":0.0,"pharmacy":0.0,"gym":0.0,"n":0},"geometry":{"type":"Polygon","coordinates":[[[-96.50923,32.67015],[-96.49943,32.68049],[-96.5053,32.69309],[-96.52098,32.69535],[-96.53077,32.685],[-96.5249,32.6724],[-96.50923,32.67015]]]}},{"type":"Feature","properties":{"h3":"8726cb885ffffff","mii":2,"trt":0.0,"glp1":0.0,"pharmacy":0.0,"gym":0.0,"n":0},"geometry":{"type":"Polygon","coordinates":[[[-96.8657,32.55623],[-96.85593,32.56662],[-96.86185,32.57922],[-96.87754,32.58143],[-96.88731,32.57104],[-96.88139,32.55844],[-96.8657,32.55623]]]}},{"type":"Feature","properties":{"h3":"8726cb8aaffffff","mii":2,"trt":0.0,"glp1":0.0,"pharmacy":0.0,"gym":0.0,"n":0},"geometry":{"type":"Polygon","coordinates":[[[-96.8441,32.54141],[-96.83433,32.55181],[-96.84024,32.56441],[-96.85593,32.56662],[-96.8657,32.55623],[-96.85979,32.54363],[-96.8441,32.54141]]]}},{"type":"Feature","properties":{"h3":"8726cb942ffffff","mii":2,"trt":0.0,"glp1":0.0,"pharmacy":0.0,"gym":0.0,"n":0},"geometry":{"type":"Polygon","coordinates":[[[-96.56015,32.65395],[-96.55036,32.6643],[-96.55624,32.67691],[-96.57191,32.67915],[-96.58171,32.6688],[-96.57583,32.6562],[-96.56015,32.65395]]]}},{"type":"Feature","properties":{"h3":"8726cb95cffffff","mii":2,"trt":0.0,"glp1":0.0,"pharmacy":0.0,"gym":0.0,"n":0},"geometry":{"type":"Polygon","coordinates":[[[-96.56407,32.63099],[-96.55428,32.64135],[-96.56015,32.65395],[-96.57583,32.6562],[-96.58562,32.64584],[-96.57974,32.63324],[-96.56407,32.63099]]]}},{"type":"Feature","properties":{"h3":"8726cb95dffffff","mii":2,"trt":0.0,"glp1":0.0,"pharmacy":0.0,"gym":0.0,"n":0},"geometry":{"type":"Polygon","coordinates":[[[-96.54253,32.61614],[-96.53274,32.62649],[-96.53861,32.6391],[-96.55428,32.64135],[-96.56407,32.63099],[-96.55819,32.61839],[-96.54253,32.61614]]]}},{"type":"Feature","properties":{"h3":"8726cb94effffff","mii":2,"trt":0.0,"glp1":0.0,"pharmacy":0.0,"gym":0.0,"n":0},"geometry":{"type":"Polygon","coordinates":[[[-96.51707,32.62424],[-96.50728,32.63459],[-96.51315,32.64719],[-96.52882,32.64945],[-96.53861,32.6391],[-96.53274,32.62649],[-96.51707,32.62424]]]}},{"type":"Feature","properties":{"h3":"8726cb941ffffff","mii":2,"trt":0.0,"glp1":0.0,"pharmacy":0.0,"gym":0.0,"n":0},"geometry":{"type":"Polygon","coordinates":[[[-96.51315,32.64719],[-96.50336,32.65754],[-96.50923,32.67015],[-96.5249,32.6724],[-96.53469,32.66205],[-96.52882,32.64945],[-96.51315,32.64719]]]}},{"type":"Feature","properties":{"h3":"8726cbd4bffffff","mii":2,"trt":0.0,"glp1":0.0,"pharmacy":0.0,"gym":0.0,"n":0},"geometry":{"type":"Polygon","coordinates":[[[-97.00698,32.57605],[-96.99722,32.58645],[-97.00315,32.59905],[-97.01886,32.60125],[-97.02863,32.59084],[-97.02269,32.57824],[-97.00698,32.57605]]]}},{"type":"Feature","properties":{"h3":"8726cbc61ffffff","mii":2,"trt":0.0,"glp1":0.0,"pharmacy":0.0,"gym":0.0,"n":0},"geometry":{"type":"Polygon","coordinates":[[[-97.01464,32.53003],[-97.00488,32.54044],[-97.01081,32.55304],[-97.02652,32.55523],[-97.03628,32.54482],[-97.03034,32.53222],[-97.01464,32.53003]]]}},{"type":"Feature","properties":{"h3":"8726cb892ffffff","mii":2,"trt":0.0,"glp1":0.0,"pharmacy":0.0,"gym":0.0,"n":0},"geometry":{"type":"Polygon","coordinates":[[[-96.98918,32.53824],[-96.97941,32.54865],[-96.98534,32.56125],[-97.00105,32.56345],[-97.01081,32.55304],[-97.00488,32.54044],[-96.98918,32.53824]]]}},{"type":"Feature","properties":{"h3":"8726cb896ffffff","mii":2,"trt":0.0,"glp1":0.0,"pharmacy":0.0,"gym":0.0,"n":0},"geometry":{"type":"Polygon","coordinates":[[[-96.98534,32.56125],[-96.97557,32.57166],[-96.98151,32.58426],[-96.99722,32.58645],[-97.00698,32.57605],[-97.00105,32.56345],[-96.98534,32.56125]]]}},{"type":"Feature","properties":{"h3":"8726cb954ffffff","mii":2,"trt":0.0,"glp1":0.0,"pharmacy":0.0,"gym":0.0,"n":0},"geometry":{"type":"Polygon","coordinates":[[[-96.60327,32.68365],[-96.59347,32.694],[-96.59936,32.7066],[-96.61504,32.70885],[-96.62484,32.69849],[-96.61895,32.68589],[-96.60327,32.68365]]]}},{"type":"Feature","properties":{"h3":"8726cb973ffffff","mii":2,"trt":0.0,"glp1":0.0,"pharmacy":0.0,"gym":0.0,"n":0},"geometry":{"type":"Polygon","coordinates":[[[-96.5778,32.69176],[-96.568,32.70211],[-96.57388,32.71471],[-96.58956,32.71696],[-96.59936,32.7066],[-96.59347,32.694],[-96.5778,32.69176]]]}},{"type":"Feature","properties":{"h3":"8726c9591ffffff","mii":2,"trt":0.0,"glp1":0.0,"pharmacy":0.0,"gym":0.0,"n":0},"geometry":{"type":"Polygon","coordinates":[[[-96.40738,32.70246],[-96.39757,32.71279],[-96.40343,32.72539],[-96.4191,32.72766],[-96.4289,32.71733],[-96.42304,32.70472],[-96.40738,32.70246]]]}},{"type":"Feature","properties":{"h3":"8726c9595ffffff","mii":2,"trt":0.0,"glp1":0.0,"pharmacy":0.0,"gym":0.0,"n":0},"geometry":{"type":"Polygon","coordinates":[[[-96.40343,32.72539],[-96.39363,32.73572],[-96.39949,32.74832],[-96.41516,32.75059],[-96.42496,32.74026],[-96.4191,32.72766],[-96.40343,32.72539]]]}},{"type":"Feature","properties":{"h3":"8726c941affffff","mii":2,"trt":0.0,"glp1":0.0,"pharmacy":0.0,"gym":0.0,"n":0},"geometry":{"type":"Polygon","coordinates":[[[-96.26487,32.55241],[-96.25507,32.56274],[-96.26091,32.57535],[-96.27653,32.57763],[-96.28633,32.5673],[-96.2805,32.55469],[-96.26487,32.55241]]]}},{"type":"Feature","properties":{"h3":"8726c94a9ffffff","mii":2,"trt":0.0,"glp1":0.0,"pharmacy":0.0,"gym":0.0,"n":0},"geometry":{"type":"Polygon","coordinates":[[[-96.29029,32.54436],[-96.2805,32.55469],[-96.28633,32.5673],[-96.30196,32.56958],[-96.31175,32.55924],[-96.30592,32.54663],[-96.29029,32.54436]]]}},{"type":"Feature","properties":{"h3":"8726c94f6ffffff","mii":2,"trt":0.0,"glp1":0.0,"pharmacy":0.0,"gym":0.0,"n":0},"geometry":{"type":"Polygon","coordinates":[[[-96.29425,32.52141],[-96.28446,32.53175],[-96.29029,32.54436],[-96.30592,32.54663],[-96.31571,32.5363],[-96.30987,32.52369],[-96.29425,32.52141]]]}},{"type":"Feature","properties":{"h3":"8726c94f0ffffff","mii":2,"trt":0.0,"glp1":0.0,"pharmacy":0.0,"gym":0.0,"n":0},"geometry":{"type":"Polygon","coordinates":[[[-96.27279,32.50652],[-96.263,32.51686],[-96.26883,32.52947],[-96.28446,32.53175],[-96.29425,32.52141],[-96.28841,32.5088],[-96.27279,32.50652]]]}},{"type":"Feature","properties":{"h3":"8726c94f5ffffff","mii":2,"trt":0.0,"glp1":0.0,"pharmacy":0.0,"gym":0.0,"n":0},"geometry":{"type":"Polygon","coordinates":[[[-96.24738,32.51458],[-96.23759,32.52491],[-96.24342,32.53752],[-96.25904,32.5398],[-96.26883,32.52947],[-96.263,32.51686],[-96.24738,32.51458]]]}},{"type":"Feature","properties":{"h3":"8726c941bffffff","mii":2,"trt":0.0,"glp1":0.0,"pharmacy":0.0,"gym":0.0,"n":0},"geometry":{"type":"Polygon","coordinates":[[[-96.24342,32.53752],[-96.23362,32.54784],[-96.23945,32.56046],[-96.25507,32.56274],[-96.26487,32.55241],[-96.25904,32.5398],[-96.24342,32.53752]]]}},{"type":"Feature","properties":{"h3":"8726c835affffff","mii":2,"trt":0.0,"glp1":0.0,"pharmacy":0.0,"gym":0.0,"n":0},"geometry":{"type":"Polygon","coordinates":[[[-96.35995,32.97746],[-96.35012,32.98776],[-96.35599,33.00035],[-96.37169,33.00264],[-96.38152,32.99233],[-96.37565,32.97974],[-96.35995,32.97746]]]}},{"type":"Feature","properties":{"h3":"8726c8229ffffff","mii":2,"trt":0.0,"glp1":0.0,"pharmacy":0.0,"gym":0.0,"n":0},"geometry":{"type":"Polygon","coordinates":[[[-96.38547,32.96943],[-96.37565,32.97974],[-96.38152,32.99233],[-96.39722,32.99461],[-96.40704,32.9843],[-96.40117,32.97171],[-96.38547,32.96943]]]}},{"type":"Feature","properties":{"h3":"8726c8276ffffff","mii":2,"trt":0.0,"glp1":0.0,"pharmacy":0.0,"gym":0.0,"n":0},"geometry":{"type":"Polygon","coordinates":[[[-96.38943,32.94653],[-96.3796,32.95684],[-96.38547,32.96943],[-96.40117,32.97171],[-96.411,32.9614],[-96.40512,32.94881],[-96.38943,32.94653]]]}},{"type":"Feature","properties":{"h3":"8726c8270ffffff","mii":2,"trt":0.0,"glp1":0.0,"pharmacy":0.0,"gym":0.0,"n":0},"geometry":{"type":"Polygon","coordinates":[[[-96.36787,32.93166],[-96.35805,32.94197],[-96.36391,32.95456],[-96.3796,32.95684],[-96.38943,32.94653],[-96.38356,32.93394],[-96.36787,32.93166]]]}},{"type":"Feature","properties":{"h3":"8726c836cffffff","mii":2,"trt":0.0,"glp1":0.0,"pharmacy":0.0,"gym":0.0,"n":0},"geometry":{"type":"Polygon","coordinates":[[[-96.22437,33.06324],[-96.21453,33.07353],[-96.22038,33.08612],[-96.23608,33.08842],[-96.24592,33.07813],[-96.24006,33.06555],[-96.22437,33.06324]]]}},{"type":"Feature","properties":{"h3":"8726c836effffff","mii":2,"trt":0.0,"glp1":0.0,"pharmacy":0.0,"gym":0.0,"n":0},"geometry":{"type":"Polygon","coordinates":[[[-96.2499,33.05526],[-96.24006,33.06555],[-96.24592,33.07813],[-96.26161,33.08043],[-96.27145,33.07014],[-96.2656,33.05756],[-96.2499,33.05526]]]}},{"type":"Feature","properties":{"h3":"8726c836affffff","mii":2,"trt":0.0,"glp1":0.0,"pharmacy":0.0,"gym":0.0,"n":0},"geometry":{"type":"Polygon","coordinates":[[[-96.25389,33.03238],[-96.24405,33.04267],[-96.2499,33.05526],[-96.2656,33.05756],[-96.27543,33.04726],[-96.26958,33.03468],[-96.25389,33.03238]]]}},{"type":"Feature","properties":{"h3":"8726c836bffffff","mii":2,"trt":0.0,"glp1":0.0,"pharmacy":0.0,"gym":0.0,"n":0},"geometry":{"type":"Polygon","coordinates":[[[-96.23235,33.01749],[-96.22251,33.02778],[-96.22836,33.04037],[-96.24405,33.04267],[-96.25389,33.03238],[-96.24803,33.01979],[-96.23235,33.01749]]]}},{"type":"Feature","properties":{"h3":"8726c8369ffffff","mii":2,"trt":0.0,"glp1":0.0,"pharmacy":0.0,"gym":0.0,"n":0},"geometry":{"type":"Polygon","coordinates":[[[-96.20682,33.02548],[-96.19699,33.03576],[-96.20283,33.04835],[-96.21852,33.05066],[-96.22836,33.04037],[-96.22251,33.02778],[-96.20682,33.02548]]]}},{"type":"Feature","properties":{"h3":"8726c836dffffff","mii":2,"trt":0.0,"glp1":0.0,"pharmacy":0.0,"gym":0.0,"n":0},"geometry":{"type":"Polygon","coordinates":[[[-96.20283,33.04835],[-96.19299,33.05863],[-96.19884,33.07122],[-96.21453,33.07353],[-96.22437,33.06324],[-96.21852,33.05066],[-96.20283,33.04835]]]}},{"type":"Feature","properties":{"h3":"8726cb91cffffff","mii":2,"trt":0.0,"glp1":0.0,"pharmacy":0.0,"gym":0.0,"n":0},"geometry":{"type":"Polygon","coordinates":[[[-96.71509,32.73488],[-96.70529,32.74525],[-96.7112,32.75784],[-96.7269,32.76008],[-96.7367,32.74971],[-96.73079,32.73712],[-96.71509,32.73488]]]}},{"type":"Feature","properties":{"h3":"8726cb9b5ffffff","mii":2,"trt":0.0,"glp1":0.0,"pharmacy":0.0,"gym":0.0,"n":0},"geometry":{"type":"Polygon","coordinates":[[[-96.8781,32.76973],[-96.86831,32.7801],[-96.87424,32.7927],[-96.88996,32.79491],[-96.89975,32.78453],[-96.89382,32.77194],[-96.8781,32.76973]]]}},{"type":"Feature","properties":{"h3":"8726c8040ffffff","mii":2,"trt":0.0,"glp1":0.0,"pharmacy":0.0,"gym":0.0,"n":0},"geometry":{"type":"Polygon","coordinates":[[[-96.60358,33.24731],[-96.59374,33.25762],[-96.59965,33.27019],[-96.61541,33.27246],[-96.62526,33.26215],[-96.61934,33.24957],[-96.60358,33.24731]]]}},{"type":"Feature","properties":{"h3":"8726c8041ffffff","mii":2,"trt":0.0,"glp1":0.0,"pharmacy":0.0,"gym":0.0,"n":0},"geometry":{"type":"Polygon","coordinates":[[[-96.58191,33.23247],[-96.57207,33.24278],[-96.57798,33.25535],[-96.59374,33.25762],[-96.60358,33.24731],[-96.59766,33.23473],[-96.58191,33.23247]]]}},{"type":"Feature","properties":{"h3":"8726c806affffff","mii":2,"trt":0.0,"glp1":0.0,"pharmacy":0.0,"gym":0.0,"n":0},"geometry":{"type":"Polygon","coordinates":[[[-96.55632,33.24051],[-96.54647,33.25082],[-96.55238,33.26339],[-96.56814,33.26566],[-96.57798,33.25535],[-96.57207,33.24278],[-96.55632,33.24051]]]}},{"type":"Feature","properties":{"h3":"8726cbd2cffffff","mii":2,"trt":0.0,"glp1":0.0,"pharmacy":0.0,"gym":0.0,"n":0},"geometry":{"type":"Polygon","coordinates":[[[-97.11794,32.77977],[-97.10816,32.79017],[-97.11412,32.80276],[-97.12987,32.80494],[-97.13965,32.79454],[-97.13368,32.78195],[-97.11794,32.77977]]]}},{"type":"Feature","properties":{"h3":"8726caa22ffffff","mii":2,"trt":0.0,"glp1":0.0,"pharmacy":0.0,"gym":0.0,"n":0},"geometry":{"type":"Polygon","coordinates":[[[-97.49196,33.00753],[-97.48218,33.01795],[-97.48821,33.03052],[-97.50403,33.03267],[-97.51381,33.02225],[-97.50778,33.00968],[-97.49196,33.00753]]]}},{"type":"Feature","properties":{"h3":"8726caa31ffffff","mii":2,"trt":0.0,"glp1":0.0,"pharmacy":0.0,"gym":0.0,"n":0},"geometry":{"type":"Polygon","coordinates":[[[-97.51756,32.99925],[-97.50778,33.00968],[-97.51381,33.02225],[-97.52963,33.02439],[-97.53942,33.01397],[-97.53338,33.00139],[-97.51756,32.99925]]]}},{"type":"Feature","properties":{"h3":"8726caa06ffffff","mii":2,"trt":0.0,"glp1":0.0,"pharmacy":0.0,"gym":0.0,"n":0},"geometry":{"type":"Polygon","coordinates":[[[-97.52131,32.97624],[-97.51153,32.98667],[-97.51756,32.99925],[-97.53338,33.00139],[-97.54316,32.99096],[-97.53713,32.97839],[-97.52131,32.97624]]]}},{"type":"Feature","properties":{"h3":"8726caa00ffffff","mii":2,"trt":0.0,"glp1":0.0,"pharmacy":0.0,"gym":0.0,"n":0},"geometry":{"type":"Polygon","coordinates":[[[-97.49947,32.96152],[-97.48969,32.97195],[-97.49572,32.98453],[-97.51153,32.98667],[-97.52131,32.97624],[-97.51528,32.96367],[-97.49947,32.96152]]]}},{"type":"Feature","properties":{"h3":"8726caa05ffffff","mii":2,"trt":0.0,"glp1":0.0,"pharmacy":0.0,"gym":0.0,"n":0},"geometry":{"type":"Polygon","coordinates":[[[-97.47388,32.9698],[-97.46409,32.98023],[-97.47012,32.9928],[-97.48593,32.99495],[-97.49572,32.98453],[-97.48969,32.97195],[-97.47388,32.9698]]]}},{"type":"Feature","properties":{"h3":"8726caa23ffffff","mii":2,"trt":0.0,"glp1":0.0,"pharmacy":0.0,"gym":0.0,"n":0},"geometry":{"type":"Polygon","coordinates":[[[-97.47012,32.9928],[-97.46033,33.00322],[-97.46636,33.0158],[-97.48218,33.01795],[-97.49196,33.00753],[-97.48593,32.99495],[-97.47012,32.9928]]]}},{"type":"Feature","properties":{"h3":"8726cbc04ffffff","mii":2,"trt":0.0,"glp1":0.0,"pharmacy":0.0,"gym":0.0,"n":0},"geometry":{"type":"Polygon","coordinates":[[[-97.2173,32.61702],[-97.20754,32.62744],[-97.21351,32.64004],[-97.22925,32.64221],[-97.23901,32.63178],[-97.23304,32.61919],[-97.2173,32.61702]]]}},{"type":"Feature","properties":{"h3":"8726cbc23ffffff","mii":2,"trt":0.0,"glp1":0.0,"pharmacy":0.0,"gym":0.0,"n":0},"geometry":{"type":"Polygon","coordinates":[[[-97.19181,32.62527],[-97.18204,32.63569],[-97.18801,32.64829],[-97.20374,32.65046],[-97.21351,32.64004],[-97.20754,32.62744],[-97.19181,32.62527]]]}},{"type":"Feature","properties":{"h3":"8726cab5dffffff","mii":2,"trt":0.0,"glp1":0.0,"pharmacy":0.0,"gym":0.0,"n":0},"geometry":{"type":"Polygon","coordinates":[[[-97.32789,32.97336],[-97.3181,32.98377],[-97.32411,32.99635],[-97.3399,32.99852],[-97.3497,32.98811],[-97.34369,32.97553],[-97.32789,32.97336]]]}},{"type":"Feature","properties":{"h3":"8726cab58ffffff","mii":2,"trt":0.0,"glp1":0.0,"pharmacy":0.0,"gym":0.0,"n":0},"geometry":{"type":"Polygon","coordinates":[[[-97.35348,32.96512],[-97.34369,32.97553],[-97.3497,32.98811],[-97.3655,32.99027],[-97.37528,32.97986],[-97.36927,32.96728],[-97.35348,32.96512]]]}},{"type":"Feature","properties":{"h3":"8726cab5bffffff","mii":2,"trt":0.0,"glp1":0.0,"pharmacy":0.0,"gym":0.0,"n":0},"geometry":{"type":"Polygon","coordinates":[[[-97.35725,32.94213],[-97.34747,32.95254],[-97.35348,32.96512],[-97.36927,32.96728],[-97.37906,32.95687],[-97.37305,32.94429],[-97.35725,32.94213]]]}},{"type":"Feature","properties":{"h3":"8726c86f4ffffff","mii":2,"trt":0.0,"glp1":0.0,"pharmacy":0.0,"gym":0.0,"n":0},"geometry":{"type":"Polygon","coordinates":[[[-97.05156,32.8881],[-97.04177,32.89849],[-97.04773,32.91107],[-97.06349,32.91327],[-97.07328,32.90289],[-97.06732,32.8903],[-97.05156,32.8881]]]}},{"type":"Feature","properties":{"h3":"8726cab0affffff","mii":2,"trt":0.0,"glp1":0.0,"pharmacy":0.0,"gym":0.0,"n":0},"geometry":{"type":"Polygon","coordinates":[[[-97.45884,33.06178],[-97.44904,33.0722],[-97.45507,33.08477],[-97.4709,33.08692],[-97.48069,33.07651],[-97.47466,33.06394],[-97.45884,33.06178]]]}},{"type":"Feature","properties":{"h3":"8726cab19ffffff","mii":2,"trt":0.0,"glp1":0.0,"pharmacy":0.0,"gym":0.0,"n":0},"geometry":{"type":"Polygon","coordinates":[[[-97.48445,33.05352],[-97.47466,33.06394],[-97.48069,33.07651],[-97.49651,33.07866],[-97.50631,33.06824],[-97.50027,33.05567],[-97.48445,33.05352]]]}},{"type":"Feature","properties":{"h3":"8726caa26ffffff","mii":2,"trt":0.0,"glp1":0.0,"pharmacy":0.0,"gym":0.0,"n":0},"geometry":{"type":"Polygon","coordinates":[[[-97.48821,33.03052],[-97.47842,33.04095],[-97.48445,33.05352],[-97.50027,33.05567],[-97.51006,33.04525],[-97.50403,33.03267],[-97.48821,33.03052]]]}},{"type":"Feature","properties":{"h3":"8726caa20ffffff","mii":2,"trt":0.0,"glp1":0.0,"pharmacy":0.0,"gym":0.0,"n":0},"geometry":{"type":"Polygon","coordinates":[[[-97.46636,33.0158],[-97.45657,33.02622],[-97.4626,33.03879],[-97.47842,33.04095],[-97.48821,33.03052],[-97.48218,33.01795],[-97.46636,33.0158]]]}},{"type":"Feature","properties":{"h3":"8726caa25ffffff","mii":2,"trt":0.0,"glp1":0.0,"pharmacy":0.0,"gym":0.0,"n":0},"geometry":{"type":"Polygon","coordinates":[[[-97.44076,33.02406],[-97.43097,33.03448],[-97.43699,33.04705],[-97.45281,33.04921],[-97.4626,33.03879],[-97.45657,33.02622],[-97.44076,33.02406]]]}},{"type":"Feature","properties":{"h3":"8726cab0bffffff","mii":2,"trt":0.0,"glp1":0.0,"pharmacy":0.0,"gym":0.0,"n":0},"geometry":{"type":"Polygon","coordinates":[[[-97.43699,33.04705],[-97.4272,33.05747],[-97.43322,33.07004],[-97.44904,33.0722],[-97.45884,33.06178],[-97.45281,33.04921],[-97.43699,33.04705]]]}},{"type":"Feature","properties":{"h3":"8726caa46ffffff","mii":2,"trt":0.0,"glp1":0.0,"pharmacy":0.0,"gym":0.0,"n":0},"geometry":{"type":"Polygon","coordinates":[[[-97.36858,32.87313],[-97.3588,32.88355],[-97.36481,32.89613],[-97.3806,32.89829],[-97.39038,32.88787],[-97.38437,32.87529],[-97.36858,32.87313]]]}},{"type":"Feature","properties":{"h3":"8726cbc06ffffff","mii":2,"trt":0.0,"glp1":0.0,"pharmacy":0.0,"gym":0.0,"n":0},"geometry":{"type":"Polygon","coordinates":[[[-97.2428,32.60876],[-97.23304,32.61919],[-97.23901,32.63178],[-97.25475,32.63395],[-97.26451,32.62352],[-97.25854,32.61092],[-97.2428,32.60876]]]}},{"type":"Feature","properties":{"h3":"8726caa75ffffff","mii":2,"trt":0.0,"glp1":0.0,"pharmacy":0.0,"gym":0.0,"n":0},"geometry":{"type":"Polygon","coordinates":[[[-97.36103,32.91913],[-97.35125,32.92955],[-97.35725,32.94213],[-97.37305,32.94429],[-97.38283,32.93387],[-97.37682,32.92129],[-97.36103,32.91913]]]}},{"type":"Feature","properties":{"h3":"8726ca363ffffff","mii":2,"trt":0.0,"glp1":0.0,"pharmacy":0.0,"gym":0.0,"n":0},"geometry":{"type":"Polygon","coordinates":[[[-97.52261,32.67052],[-97.51285,32.68097],[-97.51887,32.69356],[-97.53464,32.69569],[-97.5444,32.68524],[-97.53838,32.67265],[-97.52261,32.67052]]]}},{"type":"Feature","properties":{"h3":"8726ca369ffffff","mii":2,"trt":0.0,"glp1":0.0,"pharmacy":0.0,"gym":0.0,"n":0},"geometry":{"type":"Polygon","coordinates":[[[-97.45728,32.62633],[-97.44752,32.63678],[-97.45353,32.64937],[-97.46929,32.65151],[-97.47904,32.64106],[-97.47304,32.62847],[-97.45728,32.62633]]]}},{"type":"Feature","properties":{"h3":"8726cbd04ffffff","mii":2,"trt":0.0,"glp1":0.0,"pharmacy":0.0,"gym":0.0,"n":0},"geometry":{"type":"Polygon","coordinates":[[[-97.19072,32.77809],[-97.18094,32.7885],[-97.18691,32.80109],[-97.20267,32.80327],[-97.21245,32.79286],[-97.20647,32.78027],[-97.19072,32.77809]]]}},{"type":"Feature","properties":{"h3":"8726cbd2effffff","mii":2,"trt":0.0,"glp1":0.0,"pharmacy":0.0,"gym":0.0,"n":0},"geometry":{"type":"Polygon","coordinates":[[[-97.14347,32.77155],[-97.13368,32.78195],[-97.13965,32.79454],[-97.1554,32.79673],[-97.16519,32.78632],[-97.15921,32.77373],[-97.14347,32.77155]]]}},{"type":"Feature","properties":{"h3":"8726caac1ffffff","mii":2,"trt":0.0,"glp1":0.0,"pharmacy":0.0,"gym":0.0,"n":0},"geometry":{"type":"Polygon","coordinates":[[[-97.50389,32.78569],[-97.49413,32.79613],[-97.50015,32.80871],[-97.51594,32.81086],[-97.5257,32.80041],[-97.51968,32.78783],[-97.50389,32.78569]]]}},{"type":"Feature","properties":{"h3":"8726caaebffffff","mii":2,"trt":0.0,"glp1":0.0,"pharmacy":0.0,"gym":0.0,"n":0},"geometry":{"type":"Polygon","coordinates":[[[-97.45654,32.77926],[-97.44678,32.78969],[-97.45279,32.80228],[-97.46857,32.80443],[-97.47834,32.79399],[-97.47233,32.7814],[-97.45654,32.77926]]]}},{"type":"Feature","properties":{"h3":"8726ca365ffffff","mii":2,"trt":0.0,"glp1":0.0,"pharmacy":0.0,"gym":0.0,"n":0},"geometry":{"type":"Polygon","coordinates":[[[-97.49333,32.70187],[-97.48357,32.71232],[-97.48959,32.7249],[-97.50537,32.72704],[-97.51513,32.7166],[-97.50911,32.70401],[-97.49333,32.70187]]]}},{"type":"Feature","properties":{"h3":"8726caae1ffffff","mii":2,"trt":0.0,"glp1":0.0,"pharmacy":0.0,"gym":0.0,"n":0},"geometry":{"type":"Polygon","coordinates":[[[-97.47084,32.84003],[-97.46106,32.85046],[-97.46708,32.86304],[-97.48288,32.86519],[-97.49265,32.85476],[-97.48663,32.84217],[-97.47084,32.84003]]]}},{"type":"Feature","properties":{"h3":"8726caae3ffffff","mii":2,"trt":0.0,"glp1":0.0,"pharmacy":0.0,"gym":0.0,"n":0},"geometry":{"type":"Polygon","coordinates":[[[-97.4964,32.83174],[-97.48663,32.84217],[-97.49265,32.85476],[-97.50844,32.8569],[-97.51822,32.84646],[-97.51219,32.83388],[-97.4964,32.83174]]]}},{"type":"Feature","properties":{"h3":"8726caac5ffffff","mii":2,"trt":0.0,"glp1":0.0,"pharmacy":0.0,"gym":0.0,"n":0},"geometry":{"type":"Polygon","coordinates":[[[-97.50015,32.80871],[-97.49038,32.81915],[-97.4964,32.83174],[-97.51219,32.83388],[-97.52196,32.82344],[-97.51594,32.81086],[-97.50015,32.80871]]]}},{"type":"Feature","properties":{"h3":"8726c87b3ffffff","mii":2,"trt":0.0,"glp1":0.0,"pharmacy":0.0,"gym":0.0,"n":0},"geometry":{"type":"Polygon","coordinates":[[[-97.18472,33.10635],[-97.17491,33.11673],[-97.1809,33.12931],[-97.1967,33.1315],[-97.20651,33.12111],[-97.20052,33.10854],[-97.18472,33.10635]]]}},{"type":"Feature","properties":{"h3":"8726c8791ffffff","mii":2,"trt":0.0,"glp1":0.0,"pharmacy":0.0,"gym":0.0,"n":0},"geometry":{"type":"Polygon","coordinates":[[[-97.19234,33.06043],[-97.18254,33.07082],[-97.18853,33.08339],[-97.20433,33.08558],[-97.21413,33.07519],[-97.20814,33.06261],[-97.19234,33.06043]]]}},{"type":"Feature","properties":{"h3":"8726c8782ffffff","mii":2,"trt":0.0,"glp1":0.0,"pharmacy":0.0,"gym":0.0,"n":0},"geometry":{"type":"Polygon","coordinates":[[[-97.16675,33.06863],[-97.15694,33.07901],[-97.16293,33.09159],[-97.17872,33.09378],[-97.18853,33.08339],[-97.18254,33.07082],[-97.16675,33.06863]]]}},{"type":"Feature","properties":{"h3":"8726c8786ffffff","mii":2,"trt":0.0,"glp1":0.0,"pharmacy":0.0,"gym":0.0,"n":0},"geometry":{"type":"Polygon","coordinates":[[[-97.16293,33.09159],[-97.15312,33.10197],[-97.15911,33.11454],[-97.17491,33.11673],[-97.18472,33.10635],[-97.17872,33.09378],[-97.16293,33.09159]]]}},{"type":"Feature","properties":{"h3":"8726c845bffffff","mii":2,"trt":0.0,"glp1":0.0,"pharmacy":0.0,"gym":0.0,"n":0},"geometry":{"type":"Polygon","coordinates":[[[-97.15147,33.16045],[-97.14165,33.17082],[-97.14764,33.18339],[-97.16345,33.18559],[-97.17326,33.17521],[-97.16727,33.16264],[-97.15147,33.16045]]]}},{"type":"Feature","properties":{"h3":"8726c8492ffffff","mii":2,"trt":0.0,"glp1":0.0,"pharmacy":0.0,"gym":0.0,"n":0},"geometry":{"type":"Polygon","coordinates":[[[-97.54568,33.27325],[-97.53587,33.28366],[-97.54192,33.29622],[-97.55779,33.29837],[-97.56759,33.28796],[-97.56154,33.2754],[-97.54568,33.27325]]]}},{"type":"Feature","properties":{"h3":"8726ca861ffffff","mii":2,"trt":0.0,"glp1":0.0,"pharmacy":0.0,"gym":0.0,"n":0},"geometry":{"type":"Polygon","coordinates":[[[-97.57134,33.26499],[-97.56154,33.2754],[-97.56759,33.28796],[-97.58346,33.29011],[-97.59326,33.27969],[-97.58721,33.26714],[-97.57134,33.26499]]]}},{"type":"Feature","properties":{"h3":"8726ca86dffffff","mii":2,"trt":0.0,"glp1":0.0,"pharmacy":0.0,"gym":0.0,"n":0},"geometry":{"type":"Polygon","coordinates":[[[-97.52753,33.23557],[-97.51773,33.24598],[-97.52377,33.25854],[-97.53963,33.26069],[-97.54943,33.25028],[-97.54338,33.23772],[-97.52753,33.23557]]]}},{"type":"Feature","properties":{"h3":"8726c8493ffffff","mii":2,"trt":0.0,"glp1":0.0,"pharmacy":0.0,"gym":0.0,"n":0},"geometry":{"type":"Polygon","coordinates":[[[-97.52377,33.25854],[-97.51397,33.26895],[-97.52001,33.28151],[-97.53587,33.28366],[-97.54568,33.27325],[-97.53963,33.26069],[-97.52377,33.25854]]]}},{"type":"Feature","properties":{"h3":"8726cab4dffffff","mii":2,"trt":0.0,"glp1":0.0,"pharmacy":0.0,"gym":0.0,"n":0},"geometry":{"type":"Polygon","coordinates":[[[-97.25494,32.97508],[-97.24514,32.98548],[-97.25114,32.99806],[-97.26693,33.00024],[-97.27672,32.98983],[-97.27072,32.97726],[-97.25494,32.97508]]]}},{"type":"Feature","properties":{"h3":"8726cab48ffffff","mii":2,"trt":0.0,"glp1":0.0,"pharmacy":0.0,"gym":0.0,"n":0},"geometry":{"type":"Polygon","coordinates":[[[-97.28052,32.96685],[-97.27072,32.97726],[-97.27672,32.98983],[-97.29251,32.99201],[-97.30231,32.9816],[-97.29631,32.96902],[-97.28052,32.96685]]]}},{"type":"Feature","properties":{"h3":"8726c86b2ffffff","mii":2,"trt":0.0,"glp1":0.0,"pharmacy":0.0,"gym":0.0,"n":0},"geometry":{"type":"Polygon","coordinates":[[[-97.23316,32.96032],[-97.22336,32.97072],[-97.22936,32.9833],[-97.24514,32.98548],[-97.25494,32.97508],[-97.24894,32.9625],[-97.23316,32.96032]]]}},{"type":"Feature","properties":{"h3":"8726c8784ffffff","mii":2,"trt":0.0,"glp1":0.0,"pharmacy":0.0,"gym":0.0,"n":0},"geometry":{"type":"Polygon","coordinates":[[[-97.13733,33.09977],[-97.12752,33.11015],[-97.1335,33.12273],[-97.1493,33.12492],[-97.15911,33.11454],[-97.15312,33.10197],[-97.13733,33.09977]]]}},{"type":"Feature","properties":{"h3":"8726c8799ffffff","mii":2,"trt":0.0,"glp1":0.0,"pharmacy":0.0,"gym":0.0,"n":0},"geometry":{"type":"Polygon","coordinates":[[[-97.15261,33.00793],[-97.14281,33.01832],[-97.14879,33.03089],[-97.16458,33.03309],[-97.17438,33.0227],[-97.16839,33.01012],[-97.15261,33.00793]]]}},{"type":"Feature","properties":{"h3":"8726c82c6ffffff","mii":2,"trt":0.0,"glp1":0.0,"pharmacy":0.0,"gym":0.0,"n":0},"geometry":{"type":"Polygon","coordinates":[[[-96.5288,32.8375],[-96.51899,32.84783],[-96.52487,32.86043],[-96.54057,32.86269],[-96.55038,32.85235],[-96.54449,32.83976],[-96.5288,32.8375]]]}},{"type":"Feature","properties":{"h3":"8726c82f1ffffff","mii":2,"trt":0.0,"glp1":0.0,"pharmacy":0.0,"gym":0.0,"n":0},"geometry":{"type":"Polygon","coordinates":[[[-96.52487,32.86043],[-96.51506,32.87076],[-96.52094,32.88336],[-96.53664,32.88562],[-96.54645,32.87528],[-96.54057,32.86269],[-96.52487,32.86043]]]}},{"type":"Feature","properties":{"h3":"8726c808bffffff","mii":2,"trt":0.0,"glp1":0.0,"pharmacy":0.0,"gym":0.0,"n":0},"geometry":{"type":"Polygon","coordinates":[[[-96.89916,33.21902],[-96.88934,33.22936],[-96.89529,33.24193],[-96.91108,33.24416],[-96.92091,33.23381],[-96.91495,33.22124],[-96.89916,33.21902]]]}},{"type":"Feature","properties":{"h3":"8726c80e5ffffff","mii":2,"trt":0.0,"glp1":0.0,"pharmacy":0.0,"gym":0.0,"n":0},"geometry":{"type":"Polygon","coordinates":[[[-96.72377,33.25278],[-96.71393,33.26311],[-96.71987,33.27568],[-96.73564,33.27793],[-96.74548,33.26761],[-96.73954,33.25503],[-96.72377,33.25278]]]}},{"type":"Feature","properties":{"h3":"8726c80e0ffffff","mii":2,"trt":0.0,"glp1":0.0,"pharmacy":0.0,"gym":0.0,"n":0},"geometry":{"type":"Polygon","coordinates":[[[-96.74938,33.24471],[-96.73954,33.25503],[-96.74548,33.26761],[-96.76126,33.26985],[-96.7711,33.25952],[-96.76516,33.24695],[-96.74938,33.24471]]]}},{"type":"Feature","properties":{"h3":"8726c8383ffffff","mii":2,"trt":0.0,"glp1":0.0,"pharmacy":0.0,"gym":0.0,"n":0},"geometry":{"type":"Polygon","coordinates":[[[-96.63494,33.06411],[-96.62512,33.07444],[-96.63103,33.08702],[-96.64677,33.08927],[-96.65659,33.07894],[-96.65068,33.06636],[-96.63494,33.06411]]]}},{"type":"Feature","properties":{"h3":"8726c82c8ffffff","mii":2,"trt":0.0,"glp1":0.0,"pharmacy":0.0,"gym":0.0,"n":0},"geometry":{"type":"Polygon","coordinates":[[[-96.46804,32.76999],[-96.45823,32.78033],[-96.4641,32.79292],[-96.47979,32.79519],[-96.48959,32.78485],[-96.48372,32.77225],[-96.46804,32.76999]]]}},{"type":"Feature","properties":{"h3":"8726c82caffffff","mii":2,"trt":0.0,"glp1":0.0,"pharmacy":0.0,"gym":0.0,"n":0},"geometry":{"type":"Polygon","coordinates":[[[-96.49352,32.76192],[-96.48372,32.77225],[-96.48959,32.78485],[-96.50527,32.78711],[-96.51508,32.77678],[-96.5092,32.76418],[-96.49352,32.76192]]]}},{"type":"Feature","properties":{"h3":"8726cb964ffffff","mii":2,"trt":0.0,"glp1":0.0,"pharmacy":0.0,"gym":0.0,"n":0},"geometry":{"type":"Polygon","coordinates":[[[-96.49745,32.73898],[-96.48765,32.74932],[-96.49352,32.76192],[-96.5092,32.76418],[-96.519,32.75384],[-96.51313,32.74124],[-96.49745,32.73898]]]}},{"type":"Feature","properties":{"h3":"8726cbd4dffffff","mii":2,"trt":0.0,"glp1":0.0,"pharmacy":0.0,"gym":0.0,"n":0},"geometry":{"type":"Polygon","coordinates":[[[-96.97767,32.60726],[-96.9679,32.61766],[-96.97384,32.63026],[-96.98955,32.63246],[-96.99932,32.62206],[-96.99338,32.60946],[-96.97767,32.60726]]]}},{"type":"Feature","properties":{"h3":"8726cbd49ffffff","mii":2,"trt":0.0,"glp1":0.0,"pharmacy":0.0,"gym":0.0,"n":0},"geometry":{"type":"Polygon","coordinates":[[[-96.98151,32.58426],[-96.97174,32.59466],[-96.97767,32.60726],[-96.99338,32.60946],[-97.00315,32.59905],[-96.99722,32.58645],[-96.98151,32.58426]]]}},{"type":"Feature","properties":{"h3":"8726c814affffff","mii":2,"trt":0.0,"glp1":0.0,"pharmacy":0.0,"gym":0.0,"n":0},"geometry":{"type":"Polygon","coordinates":[[[-96.56224,33.34686],[-96.55239,33.35716],[-96.5583,33.36973],[-96.57408,33.372],[-96.58393,33.3617],[-96.57801,33.34913],[-96.56224,33.34686]]]}},{"type":"Feature","properties":{"h3":"8726c8159ffffff","mii":2,"trt":0.0,"glp1":0.0,"pharmacy":0.0,"gym":0.0,"n":0},"geometry":{"type":"Polygon","coordinates":[[[-96.58786,33.33883],[-96.57801,33.34913],[-96.58393,33.3617],[-96.5997,33.36397],[-96.60955,33.35367],[-96.60363,33.3411],[-96.58786,33.33883]]]}},{"type":"Feature","properties":{"h3":"8726c8066ffffff","mii":2,"trt":0.0,"glp1":0.0,"pharmacy":0.0,"gym":0.0,"n":0},"geometry":{"type":"Polygon","coordinates":[[[-96.59179,33.31595],[-96.58194,33.32626],[-96.58786,33.33883],[-96.60363,33.3411],[-96.61348,33.33079],[-96.60756,33.31822],[-96.59179,33.31595]]]}},{"type":"Feature","properties":{"h3":"8726c814bffffff","mii":2,"trt":0.0,"glp1":0.0,"pharmacy":0.0,"gym":0.0,"n":0},"geometry":{"type":"Polygon","coordinates":[[[-96.54056,33.33202],[-96.53071,33.34231],[-96.53662,33.35489],[-96.55239,33.35716],[-96.56224,33.34686],[-96.55633,33.33429],[-96.54056,33.33202]]]}},{"type":"Feature","properties":{"h3":"8726ca26affffff","mii":2,"trt":0.0,"glp1":0.0,"pharmacy":0.0,"gym":0.0,"n":0},"geometry":{"type":"Polygon","coordinates":[[[-97.53071,32.47136],[-97.52098,32.48182],[-97.52698,32.49442],[-97.54273,32.49655],[-97.55247,32.48608],[-97.54646,32.47348],[-97.53071,32.47136]]]}},{"type":"Feature","properties":{"h3":"8726ca241ffffff","mii":2,"trt":0.0,"glp1":0.0,"pharmacy":0.0,"gym":0.0,"n":0},"geometry":{"type":"Polygon","coordinates":[[[-97.5562,32.46301],[-97.54646,32.47348],[-97.55247,32.48608],[-97.56822,32.48821],[-97.57796,32.47773],[-97.57194,32.46514],[-97.5562,32.46301]]]}},{"type":"Feature","properties":{"h3":"8726ca24effffff","mii":2,"trt":0.0,"glp1":0.0,"pharmacy":0.0,"gym":0.0,"n":0},"geometry":{"type":"Polygon","coordinates":[[[-97.55992,32.43994],[-97.55019,32.45041],[-97.5562,32.46301],[-97.57194,32.46514],[-97.58168,32.45466],[-97.57567,32.44206],[-97.55992,32.43994]]]}},{"type":"Feature","properties":{"h3":"8726ca248ffffff","mii":2,"trt":0.0,"glp1":0.0,"pharmacy":0.0,"gym":0.0,"n":0},"geometry":{"type":"Polygon","coordinates":[[[-97.53817,32.42522],[-97.52844,32.43569],[-97.53444,32.44829],[-97.55019,32.45041],[-97.55992,32.43994],[-97.55391,32.42734],[-97.53817,32.42522]]]}},{"type":"Feature","properties":{"h3":"8726ca24dffffff","mii":2,"trt":0.0,"glp1":0.0,"pharmacy":0.0,"gym":0.0,"n":0},"geometry":{"type":"Polygon","coordinates":[[[-97.5127,32.43356],[-97.50296,32.44403],[-97.50897,32.45663],[-97.52471,32.45876],[-97.53444,32.44829],[-97.52844,32.43569],[-97.5127,32.43356]]]}},{"type":"Feature","properties":{"h3":"8726ca26bffffff","mii":2,"trt":0.0,"glp1":0.0,"pharmacy":0.0,"gym":0.0,"n":0},"geometry":{"type":"Polygon","coordinates":[[[-97.50897,32.45663],[-97.49923,32.4671],[-97.50523,32.47969],[-97.52098,32.48182],[-97.53071,32.47136],[-97.52471,32.45876],[-97.50897,32.45663]]]}},{"type":"Feature","properties":{"h3":"8726cbcb1ffffff","mii":2,"trt":0.0,"glp1":0.0,"pharmacy":0.0,"gym":0.0,"n":0},"geometry":{"type":"Polygon","coordinates":[[[-97.41752,32.57381],[-97.40777,32.58426],[-97.41376,32.59685],[-97.42952,32.599],[-97.43927,32.58855],[-97.43327,32.57596],[-97.41752,32.57381]]]}},{"type":"Feature","properties":{"h3":"8726caacaffffff","mii":2,"trt":0.0,"glp1":0.0,"pharmacy":0.0,"gym":0.0,"n":0},"geometry":{"type":"Polygon","coordinates":[[[-97.51138,32.73963],[-97.50162,32.75008],[-97.50764,32.76266],[-97.52342,32.7648],[-97.53319,32.75435],[-97.52716,32.74177],[-97.51138,32.73963]]]}},{"type":"Feature","properties":{"h3":"8726ca340ffffff","mii":2,"trt":0.0,"glp1":0.0,"pharmacy":0.0,"gym":0.0,"n":0},"geometry":{"type":"Polygon","coordinates":[[[-97.55187,32.63915],[-97.54211,32.64961],[-97.54813,32.6622],[-97.56391,32.66433],[-97.57366,32.65387],[-97.56764,32.64128],[-97.55187,32.63915]]]}},{"type":"Feature","properties":{"h3":"8726ca343ffffff","mii":2,"trt":0.0,"glp1":0.0,"pharmacy":0.0,"gym":0.0,"n":0},"geometry":{"type":"Polygon","coordinates":[[[-97.5556,32.6161],[-97.54585,32.62656],[-97.55187,32.63915],[-97.56764,32.64128],[-97.57739,32.63082],[-97.57137,32.61823],[-97.5556,32.6161]]]}},{"type":"Feature","properties":{"h3":"8726ca34effffff","mii":2,"trt":0.0,"glp1":0.0,"pharmacy":0.0,"gym":0.0,"n":0},"geometry":{"type":"Polygon","coordinates":[[[-97.53382,32.60138],[-97.52407,32.61184],[-97.53008,32.62443],[-97.54585,32.62656],[-97.5556,32.6161],[-97.54958,32.60351],[-97.53382,32.60138]]]}},{"type":"Feature","properties":{"h3":"8726ca34cffffff","mii":2,"trt":0.0,"glp1":0.0,"pharmacy":0.0,"gym":0.0,"n":0},"geometry":{"type":"Polygon","coordinates":[[[-97.5083,32.6097],[-97.49855,32.62016],[-97.50456,32.63275],[-97.52033,32.63488],[-97.53008,32.62443],[-97.52407,32.61184],[-97.5083,32.6097]]]}},{"type":"Feature","properties":{"h3":"8726cab75ffffff","mii":2,"trt":0.0,"glp1":0.0,"pharmacy":0.0,"gym":0.0,"n":0},"geometry":{"type":"Polygon","coordinates":[[[-97.33456,33.08004],[-97.32476,33.09044],[-97.33077,33.10301],[-97.34659,33.10518],[-97.35639,33.09478],[-97.35037,33.08221],[-97.33456,33.08004]]]}},{"type":"Feature","properties":{"h3":"8726cab71ffffff","mii":2,"trt":0.0,"glp1":0.0,"pharmacy":0.0,"gym":0.0,"n":0},"geometry":{"type":"Polygon","coordinates":[[[-97.33835,33.05706],[-97.32855,33.06746],[-97.33456,33.08004],[-97.35037,33.08221],[-97.36017,33.0718],[-97.35415,33.05923],[-97.33835,33.05706]]]}},{"type":"Feature","properties":{"h3":"8726cab44ffffff","mii":2,"trt":0.0,"glp1":0.0,"pharmacy":0.0,"gym":0.0,"n":0},"geometry":{"type":"Polygon","coordinates":[[[-97.31653,33.04231],[-97.30673,33.05272],[-97.31274,33.06529],[-97.32855,33.06746],[-97.33835,33.05706],[-97.33234,33.04448],[-97.31653,33.04231]]]}},{"type":"Feature","properties":{"h3":"8726cab68ffffff","mii":2,"trt":0.0,"glp1":0.0,"pharmacy":0.0,"gym":0.0,"n":0},"geometry":{"type":"Polygon","coordinates":[[[-97.24734,33.02104],[-97.23754,33.03143],[-97.24353,33.04401],[-97.25933,33.04619],[-97.26913,33.03579],[-97.26313,33.02321],[-97.24734,33.02104]]]}},{"type":"Feature","properties":{"h3":"8726cab6bffffff","mii":2,"trt":0.0,"glp1":0.0,"pharmacy":0.0,"gym":0.0,"n":0},"geometry":{"type":"Polygon","coordinates":[[[-97.25114,32.99806],[-97.24134,33.00846],[-97.24734,33.02104],[-97.26313,33.02321],[-97.27293,33.01281],[-97.26693,33.00024],[-97.25114,32.99806]]]}}],"res":7,"p95":{"trt":3.85,"glp1":14.675000000000006,"pharmacy":1.4249999999999998,"gym":1.3250000000000002}}