{"type":"FeatureCollection","features":[{"type":"Feature","properties":{"h3":"8926c8685d3ffff","mii":75,"trt":1.8,"glp1":12.95,"pharmacy":0.95,"gym":0.0,"n":26},"geometry":{"type":"Polygon","coordinates":[[[-97.15256,32.94581],[-97.15116,32.94729],[-97.15201,32.94909],[-97.15426,32.9494],[-97.15566,32.94792],[-97.15481,32.94612],[-97.15256,32.94581]]]}},{"type":"Feature","properties":{"h3":"8926c80d81bffff","mii":58,"trt":0.0,"glp1":0.0,"pharmacy":0.0,"gym":0.65,"n":1},"geometry":{"type":"Polygon","coordinates":[[[-96.82434,33.14977],[-96.82294,33.15125],[-96.82379,33.15304],[-96.82604,33.15336],[-96.82744,33.15188],[-96.82659,33.15009],[-96.82434,33.14977]]]}},{"type":"Feature","properties":{"h3":"8926c8741abffff","mii":55,"trt":0.0,"glp1":0.0,"pharmacy":0.0,"gym":0.0,"n":0},"geometry":{"type":"Polygon","coordinates":[[[-96.78664,33.02536],[-96.78524,33.02684],[-96.78608,33.02864],[-96.78833,33.02896],[-96.78974,33.02748],[-96.78889,33.02568],[-96.78664,33.02536]]]}},{"type":"Feature","properties":{"h3":"8926c874107ffff","mii":55,"trt":0.0,"glp1":0.0,"pharmacy":0.0,"gym":0.0,"n":0},"geometry":{"type":"Polygon","coordinates":[[[-96.79029,33.0242],[-96.78889,33.02568],[-96.78974,33.02748],[-96.79199,33.0278],[-96.79339,33.02632],[-96.79254,33.02452],[-96.79029,33.0242]]]}},{"type":"Feature","properties":{"h3":"8926c874117ffff","mii":55,"trt":6.9,"glp1":55.75,"pharmacy":0.0,"gym":0.0,"n":106},"geometry":{"type":"Polygon","coordinates":[[[-96.78974,33.02748],[-96.78833,33.02896],[-96.78918,33.03075],[-96.79143,33.03107],[-96.79283,33.0296],[-96.79199,33.0278],[-96.78974,33.02748]]]}},{"type":"Feature","properties":{"h3":"8926c87418fffff","mii":55,"trt":0.0,"glp1":0.0,"pharmacy":0.0,"gym":0.0,"n":0},"geometry":{"type":"Polygon","coordinates":[[[-96.78918,33.03075],[-96.78778,33.03223],[-96.78863,33.03403],[-96.79088,33.03435],[-96.79228,33.03287],[-96.79143,33.03107],[-96.78918,33.03075]]]}},{"type":"Feature","properties":{"h3":"8926c874113ffff","mii":55,"trt":0.0,"glp1":0.0,"pharmacy":0.0,"gym":0.0,"n":0},"geometry":{"type":"Polygon","coordinates":[[[-96.79283,33.0296],[-96.79143,33.03107],[-96.79228,33.03287],[-96.79453,33.03319],[-96.79593,33.03171],[-96.79508,33.02991],[-96.79283,33.0296]]]}},{"type":"Feature","properties":{"h3":"8926c874103ffff","mii":55,"trt":0.0,"glp1":0.0,"pharmacy":0.0,"gym":0.0,"n":0},"geometry":{"type":"Polygon","coordinates":[[[-96.79339,33.02632],[-96.79199,33.0278],[-96.79283,33.0296],[-96.79508,33.02991],[-96.79649,33.02844],[-96.79564,33.02664],[-96.79339,33.02632]]]}},{"type":"Feature","properties":{"h3":"8926c8741bbffff","mii":55,"trt":0.0,"glp1":0.0,"pharmacy":0.0,"gym":0.0,"n":0},"geometry":{"type":"Polygon","coordinates":[[[-96.78608,33.02864],[-96.78468,33.03012],[-96.78553,33.03191],[-96.78778,33.03223],[-96.78918,33.03075],[-96.78833,33.02896],[-96.78608,33.02864]]]}},{"type":"Feature","properties":{"h3":"8926c80c5b3ffff","mii":55,"trt":3.15,"glp1":14.9,"pharmacy":0.0,"gym":0.0,"n":31},"geometry":{"type":"Polygon","coordinates":[[[-96.75129,33.21314],[-96.74989,33.21462],[-96.75074,33.21641],[-96.75299,33.21674],[-96.75439,33.21526],[-96.75355,33.21346],[-96.75129,33.21314]]]}},{"type":"Feature","properties":{"h3":"8926c8712c3ffff","mii":55,"trt":1.85,"glp1":12.25,"pharmacy":0.0,"gym":0.0,"n":24},"geometry":{"type":"Polygon","coordinates":[[[-97.07132,33.14258],[-97.06991,33.14406],[-97.07077,33.14586],[-97.07302,33.14617],[-97.07443,33.14469],[-97.07357,33.14289],[-97.07132,33.14258]]]}},{"type":"Feature","properties":{"h3":"8926c83b32fffff","mii":55,"trt":1.95,"glp1":20.3,"pharmacy":0.0,"gym":0.0,"n":38},"geometry":{"type":"Polygon","coordinates":[[[-96.67434,33.11669],[-96.67294,33.11816],[-96.67379,33.11996],[-96.67603,33.12028],[-96.67744,33.11881],[-96.67659,33.11701],[-96.67434,33.11669]]]}},{"type":"Feature","properties":{"h3":"8926c875153ffff","mii":55,"trt":1.85,"glp1":14.25,"pharmacy":0.0,"gym":0.0,"n":28},"geometry":{"type":"Polygon","coordinates":[[[-96.87606,33.02795],[-96.87466,33.02943],[-96.8755,33.03123],[-96.87776,33.03155],[-96.87916,33.03007],[-96.87831,33.02827],[-96.87606,33.02795]]]}},{"type":"Feature","properties":{"h3":"8926c82b1d3ffff","mii":55,"trt":1.8,"glp1":13.9,"pharmacy":0.0,"gym":0.0,"n":27},"geometry":{"type":"Polygon","coordinates":[[[-96.68626,32.98591],[-96.68486,32.98739],[-96.68571,32.98919],[-96.68795,32.98951],[-96.68936,32.98803],[-96.68851,32.98624],[-96.68626,32.98591]]]}},{"type":"Feature","properties":{"h3":"8926cbc76c3ffff","mii":55,"trt":1.65,"glp1":30.55,"pharmacy":0.0,"gym":0.0,"n":56},"geometry":{"type":"Polygon","coordinates":[[[-97.14131,32.57624],[-97.13991,32.57773],[-97.14076,32.57953],[-97.14301,32.57984],[-97.1444,32.57835],[-97.14355,32.57655],[-97.14131,32.57624]]]}},{"type":"Feature","properties":{"h3":"8926c80d803ffff","mii":54,"trt":0.6,"glp1":31.55,"pharmacy":0.0,"gym":0.0,"n":56},"geometry":{"type":"Polygon","coordinates":[[[-96.82124,33.14765],[-96.81984,33.14913],[-96.82069,33.15093],[-96.82294,33.15125],[-96.82434,33.14977],[-96.82349,33.14797],[-96.82124,33.14765]]]}},{"type":"Feature","properties":{"h3":"8926cb92953ffff","mii":54,"trt":2.55,"glp1":10.7,"pharmacy":0.0,"gym":0.0,"n":22},"geometry":{"type":"Polygon","coordinates":[[[-96.6064,32.76639],[-96.605,32.76787],[-96.60584,32.76967],[-96.60808,32.76999],[-96.60948,32.76851],[-96.60864,32.76671],[-96.6064,32.76639]]]}},{"type":"Feature","properties":{"h3":"8926c860863ffff","mii":54,"trt":1.65,"glp1":10.75,"pharmacy":0.0,"gym":0.0,"n":22},"geometry":{"type":"Polygon","coordinates":[[[-96.95922,32.92387],[-96.95782,32.92535],[-96.95867,32.92715],[-96.96092,32.92746],[-96.96232,32.92598],[-96.96147,32.92418],[-96.95922,32.92387]]]}},{"type":"Feature","properties":{"h3":"8926c868b17ffff","mii":53,"trt":1.9,"glp1":9.4,"pharmacy":0.0,"gym":0.0,"n":19},"geometry":{"type":"Polygon","coordinates":[[[-97.13349,32.85248],[-97.13209,32.85397],[-97.13295,32.85577],[-97.1352,32.85608],[-97.1366,32.85459],[-97.13574,32.8528],[-97.13349,32.85248]]]}},{"type":"Feature","properties":{"h3":"8926cbd250bffff","mii":53,"trt":1.85,"glp1":9.4,"pharmacy":0.0,"gym":0.0,"n":19},"geometry":{"type":"Polygon","coordinates":[[[-97.1446,32.82715],[-97.14321,32.82863],[-97.14406,32.83043],[-97.14631,32.83074],[-97.14771,32.82926],[-97.14686,32.82746],[-97.1446,32.82715]]]}},{"type":"Feature","properties":{"h3":"8926c865207ffff","mii":52,"trt":3.0,"glp1":9.0,"pharmacy":0.0,"gym":0.0,"n":21},"geometry":{"type":"Polygon","coordinates":[[[-96.93738,32.86876],[-96.93598,32.87024],[-96.93683,32.87204],[-96.93908,32.87235],[-96.94048,32.87087],[-96.93963,32.86907],[-96.93738,32.86876]]]}},{"type":"Feature","properties":{"h3":"8926c878d23ffff","mii":52,"trt":1.4,"glp1":14.65,"pharmacy":0.0,"gym":0.0,"n":27},"geometry":{"type":"Polygon","coordinates":[[[-97.07532,33.03577],[-97.07392,33.03726],[-97.07477,33.03905],[-97.07702,33.03937],[-97.07843,33.03789],[-97.07757,33.03609],[-97.07532,33.03577]]]}},{"type":"Feature","properties":{"h3":"8926c86a36bffff","mii":51,"trt":0.0,"glp1":0.0,"pharmacy":0.0,"gym":0.0,"n":0},"geometry":{"type":"Polygon","coordinates":[[[-97.15201,32.94909],[-97.15061,32.95058],[-97.15147,32.95237],[-97.15372,32.95269],[-97.15512,32.9512],[-97.15426,32.9494],[-97.15201,32.94909]]]}},{"type":"Feature","properties":{"h3":"8926c8684a7ffff","mii":51,"trt":0.0,"glp1":0.0,"pharmacy":0.0,"gym":0.0,"n":0},"geometry":{"type":"Polygon","coordinates":[[[-97.15566,32.94792],[-97.15426,32.9494],[-97.15512,32.9512],[-97.15737,32.95151],[-97.15877,32.95003],[-97.15792,32.94823],[-97.15566,32.94792]]]}},{"type":"Feature","properties":{"h3":"8926c8685dbffff","mii":51,"trt":0.0,"glp1":0.0,"pharmacy":0.0,"gym":0.0,"n":0},"geometry":{"type":"Polygon","coordinates":[[[-97.15621,32.94464],[-97.15481,32.94612],[-97.15566,32.94792],[-97.15792,32.94823],[-97.15932,32.94675],[-97.15846,32.94495],[-97.15621,32.94464]]]}},{"type":"Feature","properties":{"h3":"8926c8685c3ffff","mii":51,"trt":0.0,"glp1":0.0,"pharmacy":0.0,"gym":0.0,"n":0},"geometry":{"type":"Polygon","coordinates":[[[-97.1531,32.94253],[-97.1517,32.94401],[-97.15256,32.94581],[-97.15481,32.94612],[-97.15621,32.94464],[-97.15535,32.94284],[-97.1531,32.94253]]]}},{"type":"Feature","properties":{"h3":"8926c8685d7ffff","mii":51,"trt":0.0,"glp1":0.0,"pharmacy":0.0,"gym":0.0,"n":0},"geometry":{"type":"Polygon","coordinates":[[[-97.14945,32.9437],[-97.14805,32.94518],[-97.1489,32.94698],[-97.15116,32.94729],[-97.15256,32.94581],[-97.1517,32.94401],[-97.14945,32.9437]]]}},{"type":"Feature","properties":{"h3":"8926c86a36fffff","mii":51,"trt":0.0,"glp1":0.0,"pharmacy":0.0,"gym":0.0,"n":0},"geometry":{"type":"Polygon","coordinates":[[[-97.1489,32.94698],[-97.1475,32.94847],[-97.14836,32.95026],[-97.15061,32.95058],[-97.15201,32.94909],[-97.15116,32.94729],[-97.1489,32.94698]]]}},{"type":"Feature","properties":{"h3":"8926c844357ffff","mii":50,"trt":0.6,"glp1":14.45,"pharmacy":0.0,"gym":0.0,"n":26},"geometry":{"type":"Polygon","coordinates":[[[-97.1301,33.22623],[-97.1287,33.22771],[-97.12955,33.2295],[-97.13181,33.22982],[-97.13321,33.22834],[-97.13236,33.22654],[-97.1301,33.22623]]]}},{"type":"Feature","properties":{"h3":"8926c80ee4bffff","mii":50,"trt":0.0,"glp1":0.0,"pharmacy":0.0,"gym":0.0,"n":0},"geometry":{"type":"Polygon","coordinates":[[[-96.75074,33.21641],[-96.74933,33.21789],[-96.75018,33.21969],[-96.75243,33.22001],[-96.75384,33.21853],[-96.75299,33.21674],[-96.75074,33.21641]]]}},{"type":"Feature","properties":{"h3":"8926c80c587ffff","mii":50,"trt":0.0,"glp1":0.0,"pharmacy":0.0,"gym":0.0,"n":0},"geometry":{"type":"Polygon","coordinates":[[[-96.75439,33.21526],[-96.75299,33.21674],[-96.75384,33.21853],[-96.75609,33.21885],[-96.7575,33.21738],[-96.75665,33.21558],[-96.75439,33.21526]]]}},{"type":"Feature","properties":{"h3":"8926c80c5bbffff","mii":50,"trt":0.0,"glp1":0.0,"pharmacy":0.0,"gym":0.0,"n":0},"geometry":{"type":"Polygon","coordinates":[[[-96.75495,33.21199],[-96.75355,33.21346],[-96.75439,33.21526],[-96.75665,33.21558],[-96.75805,33.2141],[-96.7572,33.21231],[-96.75495,33.21199]]]}},{"type":"Feature","properties":{"h3":"8926c80c5a3ffff","mii":50,"trt":0.0,"glp1":0.0,"pharmacy":0.0,"gym":0.0,"n":0},"geometry":{"type":"Polygon","coordinates":[[[-96.75185,33.20987],[-96.75045,33.21135],[-96.75129,33.21314],[-96.75355,33.21346],[-96.75495,33.21199],[-96.7541,33.21019],[-96.75185,33.20987]]]}},{"type":"Feature","properties":{"h3":"8926c80c5b7ffff","mii":50,"trt":0.0,"glp1":0.0,"pharmacy":0.0,"gym":0.0,"n":0},"geometry":{"type":"Polygon","coordinates":[[[-96.74819,33.21103],[-96.74679,33.2125],[-96.74764,33.2143],[-96.74989,33.21462],[-96.75129,33.21314],[-96.75045,33.21135],[-96.74819,33.21103]]]}},{"type":"Feature","properties":{"h3":"8926c80ee4fffff","mii":50,"trt":0.0,"glp1":0.0,"pharmacy":0.0,"gym":0.0,"n":0},"geometry":{"type":"Polygon","coordinates":[[[-96.74764,33.2143],[-96.74623,33.21577],[-96.74708,33.21757],[-96.74933,33.21789],[-96.75074,33.21641],[-96.74989,33.21462],[-96.74764,33.2143]]]}},{"type":"Feature","properties":{"h3":"8926cb99983ffff","mii":49,"trt":1.2,"glp1":15.25,"pharmacy":0.0,"gym":0.0,"n":29},"geometry":{"type":"Polygon","coordinates":[[[-96.87609,32.65855],[-96.87469,32.66004],[-96.87554,32.66184],[-96.87778,32.66215],[-96.87918,32.66067],[-96.87833,32.65887],[-96.87609,32.65855]]]}},{"type":"Feature","properties":{"h3":"8926cb9a587ffff","mii":49,"trt":0.6,"glp1":3.6,"pharmacy":1.9,"gym":0.0,"n":9},"geometry":{"type":"Polygon","coordinates":[[[-96.80267,32.78762],[-96.80127,32.78911],[-96.80212,32.7909],[-96.80437,32.79122],[-96.80576,32.78974],[-96.80492,32.78794],[-96.80267,32.78762]]]}},{"type":"Feature","properties":{"h3":"8926c86e84bffff","mii":49,"trt":2.45,"glp1":6.25,"pharmacy":0.0,"gym":0.0,"n":15},"geometry":{"type":"Polygon","coordinates":[[[-96.96222,32.82354],[-96.96082,32.82503],[-96.96167,32.82683],[-96.96392,32.82714],[-96.96531,32.82566],[-96.96447,32.82386],[-96.96222,32.82354]]]}},{"type":"Feature","properties":{"h3":"8926c80cb9bffff","mii":49,"trt":1.2,"glp1":11.8,"pharmacy":0.0,"gym":0.0,"n":23},"geometry":{"type":"Polygon","coordinates":[[[-96.75059,33.13594],[-96.74918,33.13742],[-96.75003,33.13922],[-96.75228,33.13954],[-96.75369,33.13806],[-96.75284,33.13626],[-96.75059,33.13594]]]}},{"type":"Feature","properties":{"h3":"8926c86ad73ffff","mii":49,"trt":1.2,"glp1":16.4,"pharmacy":0.0,"gym":0.0,"n":30},"geometry":{"type":"Polygon","coordinates":[[[-97.07877,32.93219],[-97.07737,32.93368],[-97.07822,32.93547],[-97.08047,32.93579],[-97.08187,32.9343],[-97.08102,32.93251],[-97.07877,32.93219]]]}},{"type":"Feature","properties":{"h3":"8926c868eafffff","mii":48,"trt":1.4,"glp1":7.6,"pharmacy":0.0,"gym":0.0,"n":14},"geometry":{"type":"Polygon","coordinates":[[[-97.1452,32.88602],[-97.1438,32.8875],[-97.14466,32.8893],[-97.14691,32.88961],[-97.14831,32.88813],[-97.14745,32.88633],[-97.1452,32.88602]]]}},{"type":"Feature","properties":{"h3":"8926c84431bffff","mii":47,"trt":0.0,"glp1":0.0,"pharmacy":0.0,"gym":0.45,"n":1},"geometry":{"type":"Polygon","coordinates":[[[-97.12644,33.22739],[-97.12503,33.22887],[-97.12589,33.23067],[-97.12815,33.23098],[-97.12955,33.2295],[-97.1287,33.22771],[-97.12644,33.22739]]]}},{"type":"Feature","properties":{"h3":"8926c80d80bffff","mii":47,"trt":0.0,"glp1":0.0,"pharmacy":0.0,"gym":0.0,"n":0},"geometry":{"type":"Polygon","coordinates":[[[-96.8249,33.14649],[-96.82349,33.14797],[-96.82434,33.14977],[-96.82659,33.15009],[-96.828,33.14861],[-96.82715,33.14681],[-96.8249,33.14649]]]}},{"type":"Feature","properties":{"h3":"8926c80d813ffff","mii":47,"trt":0.0,"glp1":0.0,"pharmacy":0.0,"gym":0.0,"n":0},"geometry":{"type":"Polygon","coordinates":[[[-96.82069,33.15093],[-96.81928,33.1524],[-96.82013,33.1542],[-96.82238,33.15452],[-96.82379,33.15304],[-96.82294,33.15125],[-96.82069,33.15093]]]}},{"type":"Feature","properties":{"h3":"8926c876317ffff","mii":47,"trt":1.05,"glp1":27.7,"pharmacy":0.0,"gym":0.0,"n":49},"geometry":{"type":"Polygon","coordinates":[[[-96.78196,33.07334],[-96.78056,33.07481],[-96.78141,33.07661],[-96.78366,33.07693],[-96.78506,33.07545],[-96.78421,33.07366],[-96.78196,33.07334]]]}},{"type":"Feature","properties":{"h3":"8926c804a4bffff","mii":47,"trt":1.2,"glp1":10.1,"pharmacy":0.0,"gym":0.0,"n":20},"geometry":{"type":"Polygon","coordinates":[[[-96.60889,33.19614],[-96.60749,33.19761],[-96.60833,33.19941],[-96.61058,33.19973],[-96.61199,33.19826],[-96.61115,33.19646],[-96.60889,33.19614]]]}},{"type":"Feature","properties":{"h3":"8926c8666dbffff","mii":46,"trt":1.6,"glp1":4.5,"pharmacy":0.0,"gym":0.0,"n":11},"geometry":{"type":"Polygon","coordinates":[[[-96.83932,32.959],[-96.83792,32.96048],[-96.83876,32.96228],[-96.84101,32.9626],[-96.84241,32.96112],[-96.84157,32.95932],[-96.83932,32.959]]]}},{"type":"Feature","properties":{"h3":"8926c865217ffff","mii":45,"trt":0.0,"glp1":0.0,"pharmacy":0.0,"gym":0.0,"n":0},"geometry":{"type":"Polygon","coordinates":[[[-96.93683,32.87204],[-96.93543,32.87352],[-96.93628,32.87532],[-96.93853,32.87563],[-96.93993,32.87415],[-96.93908,32.87235],[-96.93683,32.87204]]]}},{"type":"Feature","properties":{"h3":"8926c865203ffff","mii":45,"trt":0.0,"glp1":0.0,"pharmacy":0.0,"gym":0.0,"n":0},"geometry":{"type":"Polygon","coordinates":[[[-96.94048,32.87087],[-96.93908,32.87235],[-96.93993,32.87415],[-96.94218,32.87447],[-96.94358,32.87298],[-96.94273,32.87119],[-96.94048,32.87087]]]}},{"type":"Feature","properties":{"h3":"8926c86520fffff","mii":45,"trt":0.0,"glp1":0.0,"pharmacy":0.0,"gym":0.0,"n":0},"geometry":{"type":"Polygon","coordinates":[[[-96.94103,32.86759],[-96.93963,32.86907],[-96.94048,32.87087],[-96.94273,32.87119],[-96.94413,32.8697],[-96.94328,32.8679],[-96.94103,32.86759]]]}},{"type":"Feature","properties":{"h3":"8926c86523bffff","mii":45,"trt":0.0,"glp1":0.0,"pharmacy":0.0,"gym":0.0,"n":0},"geometry":{"type":"Polygon","coordinates":[[[-96.93793,32.86547],[-96.93653,32.86696],[-96.93738,32.86876],[-96.93963,32.86907],[-96.94103,32.86759],[-96.94018,32.86579],[-96.93793,32.86547]]]}},{"type":"Feature","properties":{"h3":"8926c865233ffff","mii":45,"trt":0.0,"glp1":0.0,"pharmacy":0.0,"gym":0.0,"n":0},"geometry":{"type":"Polygon","coordinates":[[[-96.93428,32.86664],[-96.93288,32.86812],[-96.93373,32.86992],[-96.93598,32.87024],[-96.93738,32.86876],[-96.93653,32.86696],[-96.93428,32.86664]]]}},{"type":"Feature","properties":{"h3":"8926c8652abffff","mii":45,"trt":0.0,"glp1":0.0,"pharmacy":0.0,"gym":0.0,"n":0},"geometry":{"type":"Polygon","coordinates":[[[-96.93373,32.86992],[-96.93233,32.8714],[-96.93318,32.8732],[-96.93543,32.87352],[-96.93683,32.87204],[-96.93598,32.87024],[-96.93373,32.86992]]]}},{"type":"Feature","properties":{"h3":"8926c860147ffff","mii":45,"trt":0.9,"glp1":12.05,"pharmacy":0.0,"gym":0.0,"n":23},"geometry":{"type":"Polygon","coordinates":[[[-96.97963,32.96701],[-96.97823,32.9685],[-96.97908,32.97029],[-96.98133,32.97061],[-96.98273,32.96913],[-96.98188,32.96733],[-96.97963,32.96701]]]}},{"type":"Feature","properties":{"h3":"8926c86e39bffff","mii":44,"trt":1.1,"glp1":8.15,"pharmacy":0.0,"gym":0.0,"n":16},"geometry":{"type":"Polygon","coordinates":[[[-96.98991,32.86437],[-96.98851,32.86585],[-96.98936,32.86765],[-96.99161,32.86797],[-96.99301,32.86648],[-96.99216,32.86468],[-96.98991,32.86437]]]}},{"type":"Feature","properties":{"h3":"8926c83b323ffff","mii":44,"trt":0.0,"glp1":0.0,"pharmacy":0.0,"gym":0.0,"n":0},"geometry":{"type":"Polygon","coordinates":[[[-96.67379,33.11996],[-96.67238,33.12144],[-96.67323,33.12323],[-96.67548,33.12356],[-96.67688,33.12208],[-96.67603,33.12028],[-96.67379,33.11996]]]}},{"type":"Feature","properties":{"h3":"8926c83b32bffff","mii":44,"trt":0.0,"glp1":0.0,"pharmacy":0.0,"gym":0.0,"n":0},"geometry":{"type":"Polygon","coordinates":[[[-96.67744,33.11881],[-96.67603,33.12028],[-96.67688,33.12208],[-96.67913,33.1224],[-96.68053,33.12093],[-96.67969,33.11913],[-96.67744,33.11881]]]}},{"type":"Feature","properties":{"h3":"8926c839593ffff","mii":44,"trt":0.0,"glp1":0.0,"pharmacy":0.0,"gym":0.0,"n":0},"geometry":{"type":"Polygon","coordinates":[[[-96.678,33.11553],[-96.67659,33.11701],[-96.67744,33.11881],[-96.67969,33.11913],[-96.68109,33.11765],[-96.68025,33.11586],[-96.678,33.11553]]]}},{"type":"Feature","properties":{"h3":"8926c839597ffff","mii":44,"trt":0.0,"glp1":0.0,"pharmacy":0.0,"gym":0.0,"n":0},"geometry":{"type":"Polygon","coordinates":[[[-96.6749,33.11341],[-96.6735,33.11489],[-96.67434,33.11669],[-96.67659,33.11701],[-96.678,33.11553],[-96.67715,33.11374],[-96.6749,33.11341]]]}},{"type":"Feature","properties":{"h3":"8926c83865bffff","mii":44,"trt":0.0,"glp1":0.0,"pharmacy":0.0,"gym":0.0,"n":0},"geometry":{"type":"Polygon","coordinates":[[[-96.67125,33.11457],[-96.66984,33.11604],[-96.67069,33.11784],[-96.67294,33.11816],[-96.67434,33.11669],[-96.6735,33.11489],[-96.67125,33.11457]]]}},{"type":"Feature","properties":{"h3":"8926c83b327ffff","mii":44,"trt":0.0,"glp1":0.0,"pharmacy":0.0,"gym":0.0,"n":0},"geometry":{"type":"Polygon","coordinates":[[[-96.67069,33.11784],[-96.66929,33.11932],[-96.67013,33.12111],[-96.67238,33.12144],[-96.67379,33.11996],[-96.67294,33.11816],[-96.67069,33.11784]]]}},{"type":"Feature","properties":{"h3":"8926cbc76d3ffff","mii":44,"trt":0.0,"glp1":0.0,"pharmacy":0.0,"gym":0.0,"n":0},"geometry":{"type":"Polygon","coordinates":[[[-97.14076,32.57953],[-97.13937,32.58101],[-97.14022,32.58281],[-97.14246,32.58313],[-97.14386,32.58164],[-97.14301,32.57984],[-97.14076,32.57953]]]}},{"type":"Feature","properties":{"h3":"8926cbc76dbffff","mii":44,"trt":0.0,"glp1":0.0,"pharmacy":0.0,"gym":0.0,"n":0},"geometry":{"type":"Polygon","coordinates":[[[-97.1444,32.57835],[-97.14301,32.57984],[-97.14386,32.58164],[-97.14611,32.58195],[-97.1475,32.58046],[-97.14665,32.57866],[-97.1444,32.57835]]]}},{"type":"Feature","properties":{"h3":"8926cbc76cbffff","mii":44,"trt":0.0,"glp1":0.0,"pharmacy":0.0,"gym":0.0,"n":0},"geometry":{"type":"Polygon","coordinates":[[[-97.14495,32.57506],[-97.14355,32.57655],[-97.1444,32.57835],[-97.14665,32.57866],[-97.14804,32.57717],[-97.14719,32.57537],[-97.14495,32.57506]]]}},{"type":"Feature","properties":{"h3":"8926cbc76cfffff","mii":44,"trt":0.0,"glp1":0.0,"pharmacy":0.0,"gym":0.0,"n":0},"geometry":{"type":"Polygon","coordinates":[[[-97.14185,32.57295],[-97.14046,32.57444],[-97.14131,32.57624],[-97.14355,32.57655],[-97.14495,32.57506],[-97.1441,32.57326],[-97.14185,32.57295]]]}},{"type":"Feature","properties":{"h3":"8926cbc76c7ffff","mii":44,"trt":0.0,"glp1":0.0,"pharmacy":0.0,"gym":0.0,"n":0},"geometry":{"type":"Polygon","coordinates":[[[-97.13821,32.57413],[-97.13681,32.57561],[-97.13767,32.57741],[-97.13991,32.57773],[-97.14131,32.57624],[-97.14046,32.57444],[-97.13821,32.57413]]]}},{"type":"Feature","properties":{"h3":"8926cbc76d7ffff","mii":44,"trt":0.0,"glp1":0.0,"pharmacy":0.0,"gym":0.0,"n":0},"geometry":{"type":"Polygon","coordinates":[[[-97.13767,32.57741],[-97.13627,32.5789],[-97.13712,32.5807],[-97.13937,32.58101],[-97.14076,32.57953],[-97.13991,32.57773],[-97.13767,32.57741]]]}},{"type":"Feature","properties":{"h3":"8926cb9986bffff","mii":44,"trt":1.1,"glp1":7.55,"pharmacy":0.0,"gym":0.0,"n":15},"geometry":{"type":"Polygon","coordinates":[[[-96.91084,32.65672],[-96.90945,32.6582],[-96.91029,32.66],[-96.91254,32.66032],[-96.91393,32.65884],[-96.91309,32.65704],[-96.91084,32.65672]]]}},{"type":"Feature","properties":{"h3":"8926cb929cbffff","mii":43,"trt":0.0,"glp1":0.0,"pharmacy":0.0,"gym":0.0,"n":0},"geometry":{"type":"Polygon","coordinates":[[[-96.60584,32.76967],[-96.60444,32.77114],[-96.60528,32.77294],[-96.60752,32.77326],[-96.60892,32.77179],[-96.60808,32.76999],[-96.60584,32.76967]]]}},{"type":"Feature","properties":{"h3":"8926cb92827ffff","mii":43,"trt":0.0,"glp1":0.0,"pharmacy":0.0,"gym":0.0,"n":0},"geometry":{"type":"Polygon","coordinates":[[[-96.60948,32.76851],[-96.60808,32.76999],[-96.60892,32.77179],[-96.61116,32.77211],[-96.61256,32.77063],[-96.61172,32.76883],[-96.60948,32.76851]]]}},{"type":"Feature","properties":{"h3":"8926cb9295bffff","mii":43,"trt":0.0,"glp1":0.0,"pharmacy":0.0,"gym":0.0,"n":0},"geometry":{"type":"Polygon","coordinates":[[[-96.61004,32.76523],[-96.60864,32.76671],[-96.60948,32.76851],[-96.61172,32.76883],[-96.61312,32.76735],[-96.61228,32.76555],[-96.61004,32.76523]]]}},{"type":"Feature","properties":{"h3":"8926cb92943ffff","mii":43,"trt":0.0,"glp1":0.0,"pharmacy":0.0,"gym":0.0,"n":0},"geometry":{"type":"Polygon","coordinates":[[[-96.60695,32.76311],[-96.60555,32.76459],[-96.6064,32.76639],[-96.60864,32.76671],[-96.61004,32.76523],[-96.6092,32.76343],[-96.60695,32.76311]]]}},{"type":"Feature","properties":{"h3":"8926cb92957ffff","mii":43,"trt":0.0,"glp1":0.0,"pharmacy":0.0,"gym":0.0,"n":0},"geometry":{"type":"Polygon","coordinates":[[[-96.60331,32.76427],[-96.60191,32.76575],[-96.60275,32.76754],[-96.605,32.76787],[-96.6064,32.76639],[-96.60555,32.76459],[-96.60331,32.76427]]]}},{"type":"Feature","properties":{"h3":"8926cb929cfffff","mii":43,"trt":0.0,"glp1":0.0,"pharmacy":0.0,"gym":0.0,"n":0},"geometry":{"type":"Polygon","coordinates":[[[-96.60275,32.76754],[-96.60135,32.76902],[-96.6022,32.77082],[-96.60444,32.77114],[-96.60584,32.76967],[-96.605,32.76787],[-96.60275,32.76754]]]}},{"type":"Feature","properties":{"h3":"8926caa6407ffff","mii":43,"trt":1.35,"glp1":4.6,"pharmacy":0.0,"gym":0.0,"n":10},"geometry":{"type":"Polygon","coordinates":[[[-97.31191,32.9443],[-97.31052,32.94579],[-97.31137,32.94759],[-97.31363,32.9479],[-97.31503,32.94641],[-97.31417,32.94461],[-97.31191,32.9443]]]}},{"type":"Feature","properties":{"h3":"8926c86ad7bffff","mii":42,"trt":0.0,"glp1":0.0,"pharmacy":0.0,"gym":0.0,"n":0},"geometry":{"type":"Polygon","coordinates":[[[-97.08242,32.93102],[-97.08102,32.93251],[-97.08187,32.9343],[-97.08412,32.93462],[-97.08552,32.93313],[-97.08467,32.93134],[-97.08242,32.93102]]]}},{"type":"Feature","properties":{"h3":"8926c86901bffff","mii":42,"trt":0.75,"glp1":11.45,"pharmacy":0.0,"gym":0.0,"n":20},"geometry":{"type":"Polygon","coordinates":[[[-97.249,32.92725],[-97.2476,32.92873],[-97.24846,32.93053],[-97.25071,32.93084],[-97.25211,32.92936],[-97.25126,32.92756],[-97.249,32.92725]]]}},{"type":"Feature","properties":{"h3":"8926c866b93ffff","mii":41,"trt":1.2,"glp1":0.0,"pharmacy":0.0,"gym":0.0,"n":2},"geometry":{"type":"Polygon","coordinates":[[[-96.76806,32.87002],[-96.76666,32.8715],[-96.7675,32.8733],[-96.76975,32.87362],[-96.77115,32.87214],[-96.7703,32.87034],[-96.76806,32.87002]]]}},{"type":"Feature","properties":{"h3":"8926c866803ffff","mii":40,"trt":0.0,"glp1":0.0,"pharmacy":0.0,"gym":0.0,"n":0},"geometry":{"type":"Polygon","coordinates":[[[-96.76948,32.88198],[-96.76808,32.88346],[-96.76893,32.88526],[-96.77118,32.88557],[-96.77258,32.88409],[-96.77173,32.8823],[-96.76948,32.88198]]]}},{"type":"Feature","properties":{"h3":"8926c8751cbffff","mii":40,"trt":0.0,"glp1":0.0,"pharmacy":0.0,"gym":0.0,"n":0},"geometry":{"type":"Polygon","coordinates":[[[-96.8755,33.03123],[-96.8741,33.03271],[-96.87495,33.03451],[-96.8772,33.03482],[-96.8786,33.03334],[-96.87776,33.03155],[-96.8755,33.03123]]]}},{"type":"Feature","properties":{"h3":"8926c875027ffff","mii":40,"trt":0.0,"glp1":0.0,"pharmacy":0.0,"gym":0.0,"n":0},"geometry":{"type":"Polygon","coordinates":[[[-96.87916,33.03007],[-96.87776,33.03155],[-96.8786,33.03334],[-96.88086,33.03366],[-96.88226,33.03218],[-96.88141,33.03038],[-96.87916,33.03007]]]}},{"type":"Feature","properties":{"h3":"8926c87515bffff","mii":40,"trt":0.0,"glp1":0.0,"pharmacy":0.0,"gym":0.0,"n":0},"geometry":{"type":"Polygon","coordinates":[[[-96.87971,33.02679],[-96.87831,33.02827],[-96.87916,33.03007],[-96.88141,33.03038],[-96.88281,33.0289],[-96.88196,33.02711],[-96.87971,33.02679]]]}},{"type":"Feature","properties":{"h3":"8926c875143ffff","mii":40,"trt":0.0,"glp1":0.0,"pharmacy":0.0,"gym":0.0,"n":0},"geometry":{"type":"Polygon","coordinates":[[[-96.87661,33.02467],[-96.87521,33.02615],[-96.87606,33.02795],[-96.87831,33.02827],[-96.87971,33.02679],[-96.87886,33.02499],[-96.87661,33.02467]]]}},{"type":"Feature","properties":{"h3":"8926c875157ffff","mii":40,"trt":0.0,"glp1":0.0,"pharmacy":0.0,"gym":0.0,"n":0},"geometry":{"type":"Polygon","coordinates":[[[-96.87296,33.02584],[-96.87156,33.02732],[-96.8724,33.02911],[-96.87466,33.02943],[-96.87606,33.02795],[-96.87521,33.02615],[-96.87296,33.02584]]]}},{"type":"Feature","properties":{"h3":"8926c8751cfffff","mii":40,"trt":0.0,"glp1":0.0,"pharmacy":0.0,"gym":0.0,"n":0},"geometry":{"type":"Polygon","coordinates":[[[-96.8724,33.02911],[-96.871,33.03059],[-96.87185,33.03239],[-96.8741,33.03271],[-96.8755,33.03123],[-96.87466,33.02943],[-96.8724,33.02911]]]}},{"type":"Feature","properties":{"h3":"8926c82b56bffff","mii":40,"trt":0.0,"glp1":0.0,"pharmacy":0.0,"gym":0.0,"n":0},"geometry":{"type":"Polygon","coordinates":[[[-96.68571,32.98919],[-96.68431,32.99067],[-96.68515,32.99247],[-96.6874,32.99279],[-96.6888,32.99131],[-96.68795,32.98951],[-96.68571,32.98919]]]}},{"type":"Feature","properties":{"h3":"8926c82b0a7ffff","mii":40,"trt":0.0,"glp1":0.0,"pharmacy":0.0,"gym":0.0,"n":0},"geometry":{"type":"Polygon","coordinates":[[[-96.68936,32.98803],[-96.68795,32.98951],[-96.6888,32.99131],[-96.69105,32.99163],[-96.69245,32.99015],[-96.6916,32.98835],[-96.68936,32.98803]]]}},{"type":"Feature","properties":{"h3":"8926c82b1dbffff","mii":40,"trt":0.0,"glp1":0.0,"pharmacy":0.0,"gym":0.0,"n":0},"geometry":{"type":"Polygon","coordinates":[[[-96.68991,32.98476],[-96.68851,32.98624],[-96.68936,32.98803],[-96.6916,32.98835],[-96.69301,32.98688],[-96.69216,32.98508],[-96.68991,32.98476]]]}},{"type":"Feature","properties":{"h3":"8926c82b1c3ffff","mii":40,"trt":0.0,"glp1":0.0,"pharmacy":0.0,"gym":0.0,"n":0},"geometry":{"type":"Polygon","coordinates":[[[-96.68682,32.98264],[-96.68542,32.98412],[-96.68626,32.98591],[-96.68851,32.98624],[-96.68991,32.98476],[-96.68907,32.98296],[-96.68682,32.98264]]]}},{"type":"Feature","properties":{"h3":"8926c82b1d7ffff","mii":40,"trt":0.0,"glp1":0.0,"pharmacy":0.0,"gym":0.0,"n":0},"geometry":{"type":"Polygon","coordinates":[[[-96.68317,32.9838],[-96.68177,32.98527],[-96.68262,32.98707],[-96.68486,32.98739],[-96.68626,32.98591],[-96.68542,32.98412],[-96.68317,32.9838]]]}},{"type":"Feature","properties":{"h3":"8926c82b56fffff","mii":40,"trt":0.0,"glp1":0.0,"pharmacy":0.0,"gym":0.0,"n":0},"geometry":{"type":"Polygon","coordinates":[[[-96.68262,32.98707],[-96.68121,32.98855],[-96.68206,32.99035],[-96.68431,32.99067],[-96.68571,32.98919],[-96.68486,32.98739],[-96.68262,32.98707]]]}},{"type":"Feature","properties":{"h3":"8926c8443cfffff","mii":39,"trt":0.0,"glp1":0.0,"pharmacy":0.0,"gym":0.0,"n":0},"geometry":{"type":"Polygon","coordinates":[[[-97.12955,33.2295],[-97.12815,33.23098],[-97.129,33.23278],[-97.13126,33.23309],[-97.13267,33.23161],[-97.13181,33.22982],[-97.12955,33.2295]]]}},{"type":"Feature","properties":{"h3":"8926c84430bffff","mii":39,"trt":0.0,"glp1":0.0,"pharmacy":0.0,"gym":0.0,"n":0},"geometry":{"type":"Polygon","coordinates":[[[-97.12698,33.22412],[-97.12558,33.2256],[-97.12644,33.22739],[-97.1287,33.22771],[-97.1301,33.22623],[-97.12924,33.22443],[-97.12698,33.22412]]]}},{"type":"Feature","properties":{"h3":"8926c86698bffff","mii":39,"trt":0.6,"glp1":44.5,"pharmacy":0.0,"gym":0.0,"n":77},"geometry":{"type":"Polygon","coordinates":[[[-96.74673,32.87371],[-96.74533,32.87519],[-96.74618,32.87699],[-96.74842,32.87731],[-96.74982,32.87583],[-96.74898,32.87403],[-96.74673,32.87371]]]}},{"type":"Feature","properties":{"h3":"8926c8712d3ffff","mii":39,"trt":0.0,"glp1":0.0,"pharmacy":0.0,"gym":0.0,"n":0},"geometry":{"type":"Polygon","coordinates":[[[-97.07077,33.14586],[-97.06937,33.14734],[-97.07022,33.14913],[-97.07248,33.14945],[-97.07388,33.14797],[-97.07302,33.14617],[-97.07077,33.14586]]]}},{"type":"Feature","properties":{"h3":"8926c8712dbffff","mii":39,"trt":0.0,"glp1":0.0,"pharmacy":0.0,"gym":0.0,"n":0},"geometry":{"type":"Polygon","coordinates":[[[-97.07443,33.14469],[-97.07302,33.14617],[-97.07388,33.14797],[-97.07613,33.14828],[-97.07754,33.1468],[-97.07668,33.14501],[-97.07443,33.14469]]]}},{"type":"Feature","properties":{"h3":"8926c8712cbffff","mii":39,"trt":0.0,"glp1":0.0,"pharmacy":0.0,"gym":0.0,"n":0},"geometry":{"type":"Polygon","coordinates":[[[-97.07497,33.14141],[-97.07357,33.14289],[-97.07443,33.14469],[-97.07668,33.14501],[-97.07808,33.14352],[-97.07723,33.14173],[-97.07497,33.14141]]]}},{"type":"Feature","properties":{"h3":"8926c8712cfffff","mii":39,"trt":0.0,"glp1":0.0,"pharmacy":0.0,"gym":0.0,"n":0},"geometry":{"type":"Polygon","coordinates":[[[-97.07186,33.1393],[-97.07046,33.14078],[-97.07132,33.14258],[-97.07357,33.14289],[-97.07497,33.14141],[-97.07412,33.13962],[-97.07186,33.1393]]]}},{"type":"Feature","properties":{"h3":"8926c8712c7ffff","mii":39,"trt":0.0,"glp1":0.0,"pharmacy":0.0,"gym":0.0,"n":0},"geometry":{"type":"Polygon","coordinates":[[[-97.06821,33.14047],[-97.0668,33.14195],[-97.06766,33.14375],[-97.06991,33.14406],[-97.07132,33.14258],[-97.07046,33.14078],[-97.06821,33.14047]]]}},{"type":"Feature","properties":{"h3":"8926c8712d7ffff","mii":39,"trt":0.0,"glp1":0.0,"pharmacy":0.0,"gym":0.0,"n":0},"geometry":{"type":"Polygon","coordinates":[[[-97.06766,33.14375],[-97.06626,33.14523],[-97.06711,33.14702],[-97.06937,33.14734],[-97.07077,33.14586],[-97.06991,33.14406],[-97.06766,33.14375]]]}},{"type":"Feature","properties":{"h3":"8926cb921abffff","mii":39,"trt":0.6,"glp1":18.9,"pharmacy":0.0,"gym":0.0,"n":34},"geometry":{"type":"Polygon","coordinates":[[[-96.62913,32.81497],[-96.62773,32.81645],[-96.62857,32.81825],[-96.63081,32.81857],[-96.63221,32.81709],[-96.63137,32.81529],[-96.62913,32.81497]]]}},{"type":"Feature","properties":{"h3":"8926c875e43ffff","mii":39,"trt":1.35,"glp1":2.9,"pharmacy":0.0,"gym":0.0,"n":8},"geometry":{"type":"Polygon","coordinates":[[[-96.88048,33.00173],[-96.87908,33.00321],[-96.87993,33.00501],[-96.88218,33.00533],[-96.88358,33.00385],[-96.88273,33.00205],[-96.88048,33.00173]]]}},{"type":"Feature","properties":{"h3":"8926c874927ffff","mii":39,"trt":0.6,"glp1":14.8,"pharmacy":0.0,"gym":0.0,"n":27},"geometry":{"type":"Polygon","coordinates":[[[-96.74521,32.96412],[-96.74381,32.96559],[-96.74466,32.96739],[-96.7469,32.96771],[-96.74831,32.96623],[-96.74746,32.96444],[-96.74521,32.96412]]]}},{"type":"Feature","properties":{"h3":"8926cb8a067ffff","mii":39,"trt":0.6,"glp1":12.15,"pharmacy":0.0,"gym":0.0,"n":22},"geometry":{"type":"Polygon","coordinates":[[[-96.86472,32.60316],[-96.86332,32.60465],[-96.86416,32.60645],[-96.86641,32.60676],[-96.8678,32.60528],[-96.86696,32.60348],[-96.86472,32.60316]]]}},{"type":"Feature","properties":{"h3":"8926cb9a597ffff","mii":38,"trt":0.0,"glp1":0.0,"pharmacy":0.0,"gym":0.0,"n":0},"geometry":{"type":"Polygon","coordinates":[[[-96.80212,32.7909],[-96.80072,32.79239],[-96.80157,32.79418],[-96.80381,32.7945],[-96.80521,32.79302],[-96.80437,32.79122],[-96.80212,32.7909]]]}},{"type":"Feature","properties":{"h3":"8926cb9a583ffff","mii":38,"trt":0.0,"glp1":0.0,"pharmacy":0.0,"gym":0.0,"n":0},"geometry":{"type":"Polygon","coordinates":[[[-96.80576,32.78974],[-96.80437,32.79122],[-96.80521,32.79302],[-96.80746,32.79334],[-96.80886,32.79186],[-96.80801,32.79006],[-96.80576,32.78974]]]}},{"type":"Feature","properties":{"h3":"8926cb9a58fffff","mii":38,"trt":0.0,"glp1":0.0,"pharmacy":0.0,"gym":0.0,"n":0},"geometry":{"type":"Polygon","coordinates":[[[-96.80632,32.78646],[-96.80492,32.78794],[-96.80576,32.78974],[-96.80801,32.79006],[-96.80941,32.78858],[-96.80856,32.78678],[-96.80632,32.78646]]]}},{"type":"Feature","properties":{"h3":"8926cb9a5bbffff","mii":38,"trt":0.0,"glp1":0.0,"pharmacy":0.0,"gym":0.0,"n":0},"geometry":{"type":"Polygon","coordinates":[[[-96.80323,32.78434],[-96.80183,32.78582],[-96.80267,32.78762],[-96.80492,32.78794],[-96.80632,32.78646],[-96.80547,32.78466],[-96.80323,32.78434]]]}},{"type":"Feature","properties":{"h3":"8926cb9a5b3ffff","mii":38,"trt":0.0,"glp1":0.0,"pharmacy":0.0,"gym":0.0,"n":0},"geometry":{"type":"Polygon","coordinates":[[[-96.79958,32.78551],[-96.79818,32.78699],[-96.79903,32.78879],[-96.80127,32.78911],[-96.80267,32.78762],[-96.80183,32.78582],[-96.79958,32.78551]]]}},{"type":"Feature","properties":{"h3":"8926cb9164bffff","mii":38,"trt":0.0,"glp1":0.0,"pharmacy":0.0,"gym":0.0,"n":0},"geometry":{"type":"Polygon","coordinates":[[[-96.79903,32.78879],[-96.79763,32.79027],[-96.79848,32.79207],[-96.80072,32.79239],[-96.80212,32.7909],[-96.80127,32.78911],[-96.79903,32.78879]]]}},{"type":"Feature","properties":{"h3":"8926c87638fffff","mii":38,"trt":0.0,"glp1":0.0,"pharmacy":0.0,"gym":0.0,"n":0},"geometry":{"type":"Polygon","coordinates":[[[-96.78141,33.07661],[-96.78001,33.07809],[-96.78085,33.07989],[-96.7831,33.08021],[-96.78451,33.07873],[-96.78366,33.07693],[-96.78141,33.07661]]]}},{"type":"Feature","properties":{"h3":"8926c876313ffff","mii":38,"trt":0.0,"glp1":0.0,"pharmacy":0.0,"gym":0.0,"n":0},"geometry":{"type":"Polygon","coordinates":[[[-96.78506,33.07545],[-96.78366,33.07693],[-96.78451,33.07873],[-96.78676,33.07905],[-96.78816,33.07757],[-96.78731,33.07577],[-96.78506,33.07545]]]}},{"type":"Feature","properties":{"h3":"8926c876303ffff","mii":38,"trt":0.0,"glp1":0.0,"pharmacy":0.0,"gym":0.0,"n":0},"geometry":{"type":"Polygon","coordinates":[[[-96.78562,33.07218],[-96.78421,33.07366],[-96.78506,33.07545],[-96.78731,33.07577],[-96.78871,33.07429],[-96.78787,33.0725],[-96.78562,33.07218]]]}},{"type":"Feature","properties":{"h3":"8926c876307ffff","mii":38,"trt":0.0,"glp1":0.0,"pharmacy":0.0,"gym":0.0,"n":0},"geometry":{"type":"Polygon","coordinates":[[[-96.78252,33.07006],[-96.78112,33.07154],[-96.78196,33.07334],[-96.78421,33.07366],[-96.78562,33.07218],[-96.78477,33.07038],[-96.78252,33.07006]]]}},{"type":"Feature","properties":{"h3":"8926c8763abffff","mii":38,"trt":0.0,"glp1":0.0,"pharmacy":0.0,"gym":0.0,"n":0},"geometry":{"type":"Polygon","coordinates":[[[-96.77887,33.07122],[-96.77746,33.0727],[-96.77831,33.07449],[-96.78056,33.07481],[-96.78196,33.07334],[-96.78112,33.07154],[-96.77887,33.07122]]]}},{"type":"Feature","properties":{"h3":"8926c8763bbffff","mii":38,"trt":0.0,"glp1":0.0,"pharmacy":0.0,"gym":0.0,"n":0},"geometry":{"type":"Polygon","coordinates":[[[-96.77831,33.07449],[-96.77691,33.07597],[-96.77775,33.07777],[-96.78001,33.07809],[-96.78141,33.07661],[-96.78056,33.07481],[-96.77831,33.07449]]]}},{"type":"Feature","properties":{"h3":"8926c86e85bffff","mii":38,"trt":0.0,"glp1":0.0,"pharmacy":0.0,"gym":0.0,"n":0},"geometry":{"type":"Polygon","coordinates":[[[-96.96167,32.82683],[-96.96027,32.82831],[-96.96112,32.83011],[-96.96337,32.83042],[-96.96477,32.82894],[-96.96392,32.82714],[-96.96167,32.82683]]]}},{"type":"Feature","properties":{"h3":"8926c86ea97ffff","mii":38,"trt":0.0,"glp1":0.0,"pharmacy":0.0,"gym":0.0,"n":0},"geometry":{"type":"Polygon","coordinates":[[[-96.96531,32.82566],[-96.96392,32.82714],[-96.96477,32.82894],[-96.96701,32.82925],[-96.96841,32.82777],[-96.96756,32.82597],[-96.96531,32.82566]]]}},{"type":"Feature","properties":{"h3":"8926c86ea87ffff","mii":38,"trt":0.0,"glp1":0.0,"pharmacy":0.0,"gym":0.0,"n":0},"geometry":{"type":"Polygon","coordinates":[[[-96.96586,32.82238],[-96.96447,32.82386],[-96.96531,32.82566],[-96.96756,32.82597],[-96.96896,32.82449],[-96.96811,32.82269],[-96.96586,32.82238]]]}},{"type":"Feature","properties":{"h3":"8926c86eab3ffff","mii":38,"trt":0.0,"glp1":0.0,"pharmacy":0.0,"gym":0.0,"n":0},"geometry":{"type":"Polygon","coordinates":[[[-96.96277,32.82026],[-96.96137,32.82174],[-96.96222,32.82354],[-96.96447,32.82386],[-96.96586,32.82238],[-96.96502,32.82058],[-96.96277,32.82026]]]}},{"type":"Feature","properties":{"h3":"8926c86e84fffff","mii":38,"trt":0.0,"glp1":0.0,"pharmacy":0.0,"gym":0.0,"n":0},"geometry":{"type":"Polygon","coordinates":[[[-96.95912,32.82143],[-96.95772,32.82291],[-96.95857,32.82471],[-96.96082,32.82503],[-96.96222,32.82354],[-96.96137,32.82174],[-96.95912,32.82143]]]}},{"type":"Feature","properties":{"h3":"8926c86e843ffff","mii":38,"trt":0.0,"glp1":0.0,"pharmacy":0.0,"gym":0.0,"n":0},"geometry":{"type":"Polygon","coordinates":[[[-96.95857,32.82471],[-96.95717,32.82619],[-96.95802,32.82799],[-96.96027,32.82831],[-96.96167,32.82683],[-96.96082,32.82503],[-96.95857,32.82471]]]}},{"type":"Feature","properties":{"h3":"8926c80c4dbffff","mii":38,"trt":0.65,"glp1":9.3,"pharmacy":0.0,"gym":0.0,"n":17},"geometry":{"type":"Polygon","coordinates":[[[-96.79273,33.23411],[-96.79132,33.23559],[-96.79217,33.23739],[-96.79443,33.23771],[-96.79583,33.23623],[-96.79498,33.23443],[-96.79273,33.23411]]]}},{"type":"Feature","properties":{"h3":"8926cbd34afffff","mii":38,"trt":0.6,"glp1":10.8,"pharmacy":0.0,"gym":0.0,"n":19},"geometry":{"type":"Polygon","coordinates":[[[-97.22566,32.83836],[-97.22426,32.83985],[-97.22512,32.84165],[-97.22737,32.84196],[-97.22877,32.84047],[-97.22791,32.83868],[-97.22566,32.83836]]]}},{"type":"Feature","properties":{"h3":"8926c864a53ffff","mii":37,"trt":0.6,"glp1":9.3,"pharmacy":0.0,"gym":0.0,"n":17},"geometry":{"type":"Polygon","coordinates":[[[-96.83812,32.82286],[-96.83672,32.82435],[-96.83756,32.82614],[-96.83981,32.82646],[-96.84121,32.82498],[-96.84036,32.82318],[-96.83812,32.82286]]]}},{"type":"Feature","properties":{"h3":"8926c876bbbffff","mii":37,"trt":0.5,"glp1":16.25,"pharmacy":0.0,"gym":0.0,"n":30},"geometry":{"type":"Polygon","coordinates":[[[-96.73885,33.02193],[-96.73745,33.0234],[-96.7383,33.0252],[-96.74055,33.02552],[-96.74195,33.02404],[-96.7411,33.02225],[-96.73885,33.02193]]]}},{"type":"Feature","properties":{"h3":"8926c868b8fffff","mii":37,"trt":0.0,"glp1":0.0,"pharmacy":0.0,"gym":0.0,"n":0},"geometry":{"type":"Polygon","coordinates":[[[-97.13295,32.85577],[-97.13155,32.85725],[-97.1324,32.85905],[-97.13465,32.85936],[-97.13605,32.85788],[-97.1352,32.85608],[-97.13295,32.85577]]]}},{"type":"Feature","properties":{"h3":"8926c868b13ffff","mii":37,"trt":0.0,"glp1":0.0,"pharmacy":0.0,"gym":0.0,"n":0},"geometry":{"type":"Polygon","coordinates":[[[-97.1366,32.85459],[-97.1352,32.85608],[-97.13605,32.85788],[-97.1383,32.85819],[-97.1397,32.8567],[-97.13885,32.85491],[-97.1366,32.85459]]]}},{"type":"Feature","properties":{"h3":"8926c868b03ffff","mii":37,"trt":0.0,"glp1":0.0,"pharmacy":0.0,"gym":0.0,"n":0},"geometry":{"type":"Polygon","coordinates":[[[-97.13714,32.85131],[-97.13574,32.8528],[-97.1366,32.85459],[-97.13885,32.85491],[-97.14025,32.85342],[-97.13939,32.85162],[-97.13714,32.85131]]]}},{"type":"Feature","properties":{"h3":"8926c868b07ffff","mii":37,"trt":0.0,"glp1":0.0,"pharmacy":0.0,"gym":0.0,"n":0},"geometry":{"type":"Polygon","coordinates":[[[-97.13404,32.8492],[-97.13264,32.85068],[-97.13349,32.85248],[-97.13574,32.8528],[-97.13714,32.85131],[-97.13629,32.84951],[-97.13404,32.8492]]]}},{"type":"Feature","properties":{"h3":"8926c868babffff","mii":37,"trt":0.0,"glp1":0.0,"pharmacy":0.0,"gym":0.0,"n":0},"geometry":{"type":"Polygon","coordinates":[[[-97.13039,32.85037],[-97.12899,32.85186],[-97.12984,32.85366],[-97.13209,32.85397],[-97.13349,32.85248],[-97.13264,32.85068],[-97.13039,32.85037]]]}},{"type":"Feature","properties":{"h3":"8926c868bbbffff","mii":37,"trt":0.0,"glp1":0.0,"pharmacy":0.0,"gym":0.0,"n":0},"geometry":{"type":"Polygon","coordinates":[[[-97.12984,32.85366],[-97.12844,32.85514],[-97.1293,32.85694],[-97.13155,32.85725],[-97.13295,32.85577],[-97.13209,32.85397],[-97.12984,32.85366]]]}},{"type":"Feature","properties":{"h3":"8926c805987ffff","mii":37,"trt":0.0,"glp1":0.0,"pharmacy":0.0,"gym":0.0,"n":0},"geometry":{"type":"Polygon","coordinates":[[[-96.61255,33.19499],[-96.61115,33.19646],[-96.61199,33.19826],[-96.61424,33.19858],[-96.61565,33.19711],[-96.6148,33.19531],[-96.61255,33.19499]]]}},{"type":"Feature","properties":{"h3":"8926cbd41d3ffff","mii":37,"trt":0.6,"glp1":9.4,"pharmacy":0.0,"gym":0.0,"n":17},"geometry":{"type":"Polygon","coordinates":[[[-97.03117,32.65845],[-97.02977,32.65993],[-97.03062,32.66173],[-97.03287,32.66204],[-97.03426,32.66056],[-97.03341,32.65876],[-97.03117,32.65845]]]}},{"type":"Feature","properties":{"h3":"8926c878d33ffff","mii":37,"trt":0.0,"glp1":0.0,"pharmacy":0.0,"gym":0.0,"n":0},"geometry":{"type":"Polygon","coordinates":[[[-97.07477,33.03905],[-97.07337,33.04054],[-97.07422,33.04233],[-97.07648,33.04265],[-97.07788,33.04117],[-97.07702,33.03937],[-97.07477,33.03905]]]}},{"type":"Feature","properties":{"h3":"8926c878d3bffff","mii":37,"trt":0.0,"glp1":0.0,"pharmacy":0.0,"gym":0.0,"n":0},"geometry":{"type":"Polygon","coordinates":[[[-97.07843,33.03789],[-97.07702,33.03937],[-97.07788,33.04117],[-97.08013,33.04148],[-97.08153,33.04],[-97.08068,33.0382],[-97.07843,33.03789]]]}},{"type":"Feature","properties":{"h3":"8926c878d2bffff","mii":37,"trt":0.0,"glp1":0.0,"pharmacy":0.0,"gym":0.0,"n":0},"geometry":{"type":"Polygon","coordinates":[[[-97.07897,33.03461],[-97.07757,33.03609],[-97.07843,33.03789],[-97.08068,33.0382],[-97.08208,33.03672],[-97.08123,33.03492],[-97.07897,33.03461]]]}},{"type":"Feature","properties":{"h3":"8926c878d2fffff","mii":37,"trt":0.0,"glp1":0.0,"pharmacy":0.0,"gym":0.0,"n":0},"geometry":{"type":"Polygon","coordinates":[[[-97.07587,33.03249],[-97.07446,33.03398],[-97.07532,33.03577],[-97.07757,33.03609],[-97.07897,33.03461],[-97.07812,33.03281],[-97.07587,33.03249]]]}},{"type":"Feature","properties":{"h3":"8926c878d27ffff","mii":37,"trt":0.0,"glp1":0.0,"pharmacy":0.0,"gym":0.0,"n":0},"geometry":{"type":"Polygon","coordinates":[[[-97.07221,33.03366],[-97.07081,33.03515],[-97.07166,33.03694],[-97.07392,33.03726],[-97.07532,33.03577],[-97.07446,33.03398],[-97.07221,33.03366]]]}},{"type":"Feature","properties":{"h3":"8926c878d37ffff","mii":37,"trt":0.0,"glp1":0.0,"pharmacy":0.0,"gym":0.0,"n":0},"geometry":{"type":"Polygon","coordinates":[[[-97.07166,33.03694],[-97.07026,33.03843],[-97.07112,33.04022],[-97.07337,33.04054],[-97.07477,33.03905],[-97.07392,33.03726],[-97.07166,33.03694]]]}},{"type":"Feature","properties":{"h3":"8926cbd251bffff","mii":37,"trt":0.0,"glp1":0.0,"pharmacy":0.0,"gym":0.0,"n":0},"geometry":{"type":"Polygon","coordinates":[[[-97.14406,32.83043],[-97.14266,32.83192],[-97.14352,32.83372],[-97.14577,32.83403],[-97.14716,32.83254],[-97.14631,32.83074],[-97.14406,32.83043]]]}},{"type":"Feature","properties":{"h3":"8926cbd2557ffff","mii":37,"trt":0.0,"glp1":0.0,"pharmacy":0.0,"gym":0.0,"n":0},"geometry":{"type":"Polygon","coordinates":[[[-97.14771,32.82926],[-97.14631,32.83074],[-97.14716,32.83254],[-97.14942,32.83286],[-97.15081,32.83137],[-97.14996,32.82957],[-97.14771,32.82926]]]}},{"type":"Feature","properties":{"h3":"8926cbd2547ffff","mii":37,"trt":0.0,"glp1":0.0,"pharmacy":0.0,"gym":0.0,"n":0},"geometry":{"type":"Polygon","coordinates":[[[-97.14825,32.82597],[-97.14686,32.82746],[-97.14771,32.82926],[-97.14996,32.82957],[-97.15136,32.82808],[-97.1505,32.82629],[-97.14825,32.82597]]]}},{"type":"Feature","properties":{"h3":"8926cbd2573ffff","mii":37,"trt":0.0,"glp1":0.0,"pharmacy":0.0,"gym":0.0,"n":0},"geometry":{"type":"Polygon","coordinates":[[[-97.14515,32.82386],[-97.14375,32.82535],[-97.1446,32.82715],[-97.14686,32.82746],[-97.14825,32.82597],[-97.1474,32.82418],[-97.14515,32.82386]]]}},{"type":"Feature","properties":{"h3":"8926cbd250fffff","mii":37,"trt":0.0,"glp1":0.0,"pharmacy":0.0,"gym":0.0,"n":0},"geometry":{"type":"Polygon","coordinates":[[[-97.1415,32.82504],[-97.1401,32.82652],[-97.14096,32.82832],[-97.14321,32.82863],[-97.1446,32.82715],[-97.14375,32.82535],[-97.1415,32.82504]]]}},{"type":"Feature","properties":{"h3":"8926cbd2503ffff","mii":37,"trt":0.0,"glp1":0.0,"pharmacy":0.0,"gym":0.0,"n":0},"geometry":{"type":"Polygon","coordinates":[[[-97.14096,32.82832],[-97.13956,32.82981],[-97.14041,32.83161],[-97.14266,32.83192],[-97.14406,32.83043],[-97.14321,32.82863],[-97.14096,32.82832]]]}},{"type":"Feature","properties":{"h3":"8926c863257ffff","mii":36,"trt":1.35,"glp1":0.0,"pharmacy":0.0,"gym":0.0,"n":2},"geometry":{"type":"Polygon","coordinates":[[[-97.066,33.02944],[-97.0646,33.03092],[-97.06545,33.03272],[-97.0677,33.03303],[-97.0691,33.03155],[-97.06825,33.02975],[-97.066,33.02944]]]}},{"type":"Feature","properties":{"h3":"8926c860873ffff","mii":36,"trt":0.0,"glp1":0.0,"pharmacy":0.0,"gym":0.0,"n":0},"geometry":{"type":"Polygon","coordinates":[[[-96.95867,32.92715],[-96.95727,32.92863],[-96.95812,32.93043],[-96.96037,32.93074],[-96.96177,32.92926],[-96.96092,32.92746],[-96.95867,32.92715]]]}},{"type":"Feature","properties":{"h3":"8926c86087bffff","mii":36,"trt":0.0,"glp1":0.0,"pharmacy":0.0,"gym":0.0,"n":0},"geometry":{"type":"Polygon","coordinates":[[[-96.96232,32.92598],[-96.96092,32.92746],[-96.96177,32.92926],[-96.96402,32.92958],[-96.96542,32.92809],[-96.96457,32.9263],[-96.96232,32.92598]]]}},{"type":"Feature","properties":{"h3":"8926c86086bffff","mii":36,"trt":0.0,"glp1":0.0,"pharmacy":0.0,"gym":0.0,"n":0},"geometry":{"type":"Polygon","coordinates":[[[-96.96287,32.9227],[-96.96147,32.92418],[-96.96232,32.92598],[-96.96457,32.9263],[-96.96597,32.92481],[-96.96512,32.92302],[-96.96287,32.9227]]]}},{"type":"Feature","properties":{"h3":"8926c86086fffff","mii":36,"trt":0.0,"glp1":0.0,"pharmacy":0.0,"gym":0.0,"n":0},"geometry":{"type":"Polygon","coordinates":[[[-96.95977,32.92059],[-96.95837,32.92207],[-96.95922,32.92387],[-96.96147,32.92418],[-96.96287,32.9227],[-96.96202,32.9209],[-96.95977,32.92059]]]}},{"type":"Feature","properties":{"h3":"8926c860867ffff","mii":36,"trt":0.0,"glp1":0.0,"pharmacy":0.0,"gym":0.0,"n":0},"geometry":{"type":"Polygon","coordinates":[[[-96.95612,32.92175],[-96.95472,32.92323],[-96.95557,32.92503],[-96.95782,32.92535],[-96.95922,32.92387],[-96.95837,32.92207],[-96.95612,32.92175]]]}},{"type":"Feature","properties":{"h3":"8926c860877ffff","mii":36,"trt":0.0,"glp1":0.0,"pharmacy":0.0,"gym":0.0,"n":0},"geometry":{"type":"Polygon","coordinates":[[[-96.95557,32.92503],[-96.95417,32.92651],[-96.95502,32.92831],[-96.95727,32.92863],[-96.95867,32.92715],[-96.95782,32.92535],[-96.95557,32.92503]]]}},{"type":"Feature","properties":{"h3":"8926c86ad0bffff","mii":36,"trt":0.0,"glp1":0.0,"pharmacy":0.0,"gym":0.0,"n":0},"geometry":{"type":"Polygon","coordinates":[[[-97.07822,32.93547],[-97.07682,32.93696],[-97.07767,32.93876],[-97.07992,32.93907],[-97.08132,32.93759],[-97.08047,32.93579],[-97.07822,32.93547]]]}},{"type":"Feature","properties":{"h3":"8926c86ad47ffff","mii":36,"trt":0.0,"glp1":0.0,"pharmacy":0.0,"gym":0.0,"n":0},"geometry":{"type":"Polygon","coordinates":[[[-97.08187,32.9343],[-97.08047,32.93579],[-97.08132,32.93759],[-97.08358,32.9379],[-97.08498,32.93642],[-97.08412,32.93462],[-97.08187,32.9343]]]}},{"type":"Feature","properties":{"h3":"8926c86ad63ffff","mii":36,"trt":0.0,"glp1":0.0,"pharmacy":0.0,"gym":0.0,"n":0},"geometry":{"type":"Polygon","coordinates":[[[-97.07931,32.92891],[-97.07791,32.93039],[-97.07877,32.93219],[-97.08102,32.93251],[-97.08242,32.93102],[-97.08156,32.92922],[-97.07931,32.92891]]]}},{"type":"Feature","properties":{"h3":"8926c86ad77ffff","mii":36,"trt":0.0,"glp1":0.0,"pharmacy":0.0,"gym":0.0,"n":0},"geometry":{"type":"Polygon","coordinates":[[[-97.07566,32.93008],[-97.07426,32.93156],[-97.07511,32.93336],[-97.07737,32.93368],[-97.07877,32.93219],[-97.07791,32.93039],[-97.07566,32.93008]]]}},{"type":"Feature","properties":{"h3":"8926c86ad0fffff","mii":36,"trt":0.0,"glp1":0.0,"pharmacy":0.0,"gym":0.0,"n":0},"geometry":{"type":"Polygon","coordinates":[[[-97.07511,32.93336],[-97.07372,32.93485],[-97.07457,32.93664],[-97.07682,32.93696],[-97.07822,32.93547],[-97.07737,32.93368],[-97.07511,32.93336]]]}},{"type":"Feature","properties":{"h3":"8926c8659b3ffff","mii":35,"trt":2.0,"glp1":0.7,"pharmacy":0.0,"gym":0.0,"n":4},"geometry":{"type":"Polygon","coordinates":[[[-96.84287,32.81514],[-96.84147,32.81662],[-96.84231,32.81842],[-96.84456,32.81874],[-96.84596,32.81726],[-96.84511,32.81546],[-96.84287,32.81514]]]}},{"type":"Feature","properties":{"h3":"8926cbda333ffff","mii":35,"trt":1.0,"glp1":0.0,"pharmacy":0.0,"gym":0.0,"n":1},"geometry":{"type":"Polygon","coordinates":[[[-97.34283,32.73516],[-97.34143,32.73665],[-97.34229,32.73844],[-97.34454,32.73875],[-97.34593,32.73726],[-97.34508,32.73546],[-97.34283,32.73516]]]}},{"type":"Feature","properties":{"h3":"8926cbda323ffff","mii":35,"trt":0.6,"glp1":0.7,"pharmacy":0.0,"gym":0.0,"n":2},"geometry":{"type":"Polygon","coordinates":[[[-97.34337,32.73187],[-97.34197,32.73336],[-97.34283,32.73516],[-97.34508,32.73546],[-97.34647,32.73397],[-97.34562,32.73218],[-97.34337,32.73187]]]}},{"type":"Feature","properties":{"h3":"8926cb99993ffff","mii":35,"trt":0.0,"glp1":0.0,"pharmacy":0.0,"gym":0.0,"n":0},"geometry":{"type":"Polygon","coordinates":[[[-96.87554,32.66184],[-96.87414,32.66332],[-96.87498,32.66512],[-96.87723,32.66544],[-96.87863,32.66395],[-96.87778,32.66215],[-96.87554,32.66184]]]}},{"type":"Feature","properties":{"h3":"8926cb9999bffff","mii":35,"trt":0.0,"glp1":0.0,"pharmacy":0.0,"gym":0.0,"n":0},"geometry":{"type":"Polygon","coordinates":[[[-96.87918,32.66067],[-96.87778,32.66215],[-96.87863,32.66395],[-96.88087,32.66427],[-96.88227,32.66278],[-96.88142,32.66098],[-96.87918,32.66067]]]}},{"type":"Feature","properties":{"h3":"8926cb9998bffff","mii":35,"trt":0.0,"glp1":0.0,"pharmacy":0.0,"gym":0.0,"n":0},"geometry":{"type":"Polygon","coordinates":[[[-96.87973,32.65738],[-96.87833,32.65887],[-96.87918,32.66067],[-96.88142,32.66098],[-96.88282,32.6595],[-96.88197,32.6577],[-96.87973,32.65738]]]}},{"type":"Feature","properties":{"h3":"8926cb9998fffff","mii":35,"trt":0.0,"glp1":0.0,"pharmacy":0.0,"gym":0.0,"n":0},"geometry":{"type":"Polygon","coordinates":[[[-96.87664,32.65527],[-96.87524,32.65675],[-96.87609,32.65855],[-96.87833,32.65887],[-96.87973,32.65738],[-96.87888,32.65558],[-96.87664,32.65527]]]}},{"type":"Feature","properties":{"h3":"8926cb99987ffff","mii":35,"trt":0.0,"glp1":0.0,"pharmacy":0.0,"gym":0.0,"n":0},"geometry":{"type":"Polygon","coordinates":[[[-96.873,32.65644],[-96.8716,32.65792],[-96.87245,32.65972],[-96.87469,32.66004],[-96.87609,32.65855],[-96.87524,32.65675],[-96.873,32.65644]]]}},{"type":"Feature","properties":{"h3":"8926cb99997ffff","mii":35,"trt":0.0,"glp1":0.0,"pharmacy":0.0,"gym":0.0,"n":0},"geometry":{"type":"Polygon","coordinates":[[[-96.87245,32.65972],[-96.87105,32.6612],[-96.87189,32.663],[-96.87414,32.66332],[-96.87554,32.66184],[-96.87469,32.66004],[-96.87245,32.65972]]]}},{"type":"Feature","properties":{"h3":"8926c839bc7ffff","mii":35,"trt":1.05,"glp1":2.85,"pharmacy":0.0,"gym":0.0,"n":7},"geometry":{"type":"Polygon","coordinates":[[[-96.67592,33.02637],[-96.67452,33.02785],[-96.67536,33.02964],[-96.67761,33.02997],[-96.67902,33.02849],[-96.67817,33.02669],[-96.67592,33.02637]]]}},{"type":"Feature","properties":{"h3":"8926c828353ffff","mii":35,"trt":0.6,"glp1":7.8,"pharmacy":0.0,"gym":0.0,"n":15},"geometry":{"type":"Polygon","coordinates":[[[-96.6772,32.91751],[-96.67579,32.91899],[-96.67664,32.92079],[-96.67888,32.92111],[-96.68029,32.91963],[-96.67944,32.91783],[-96.6772,32.91751]]]}},{"type":"Feature","properties":{"h3":"8926c8632cfffff","mii":34,"trt":0.0,"glp1":0.0,"pharmacy":0.0,"gym":0.45,"n":1},"geometry":{"type":"Polygon","coordinates":[[[-97.06545,33.03272],[-97.06405,33.0342],[-97.0649,33.036],[-97.06716,33.03631],[-97.06856,33.03483],[-97.0677,33.03303],[-97.06545,33.03272]]]}},{"type":"Feature","properties":{"h3":"8926cb91693ffff","mii":34,"trt":0.0,"glp1":0.0,"pharmacy":0.0,"gym":0.0,"n":0},"geometry":{"type":"Polygon","coordinates":[[[-96.7797,32.80116],[-96.7783,32.80264],[-96.77915,32.80444],[-96.78139,32.80476],[-96.78279,32.80328],[-96.78195,32.80148],[-96.7797,32.80116]]]}},{"type":"Feature","properties":{"h3":"8926cb9169bffff","mii":34,"trt":0.0,"glp1":0.0,"pharmacy":0.0,"gym":0.0,"n":0},"geometry":{"type":"Polygon","coordinates":[[[-96.78334,32.8],[-96.78195,32.80148],[-96.78279,32.80328],[-96.78504,32.8036],[-96.78644,32.80212],[-96.78559,32.80032],[-96.78334,32.8]]]}},{"type":"Feature","properties":{"h3":"8926caa41c3ffff","mii":34,"trt":0.9,"glp1":3.3,"pharmacy":0.0,"gym":0.0,"n":8},"geometry":{"type":"Polygon","coordinates":[[[-97.33584,32.86192],[-97.33445,32.86341],[-97.3353,32.86521],[-97.33756,32.86552],[-97.33895,32.86403],[-97.3381,32.86223],[-97.33584,32.86192]]]}},{"type":"Feature","properties":{"h3":"8926c866b83ffff","mii":33,"trt":0.0,"glp1":0.0,"pharmacy":0.0,"gym":0.45,"n":1},"geometry":{"type":"Polygon","coordinates":[[[-96.76861,32.86675],[-96.76721,32.86823],[-96.76806,32.87002],[-96.7703,32.87034],[-96.7717,32.86886],[-96.77086,32.86707],[-96.76861,32.86675]]]}},{"type":"Feature","properties":{"h3":"8926c866b9bffff","mii":33,"trt":0.0,"glp1":0.0,"pharmacy":0.0,"gym":0.0,"n":0},"geometry":{"type":"Polygon","coordinates":[[[-96.7717,32.86886],[-96.7703,32.87034],[-96.77115,32.87214],[-96.77339,32.87246],[-96.7748,32.87098],[-96.77395,32.86918],[-96.7717,32.86886]]]}},{"type":"Feature","properties":{"h3":"8926c874a13ffff","mii":33,"trt":0.0,"glp1":0.0,"pharmacy":0.0,"gym":0.45,"n":1},"geometry":{"type":"Polygon","coordinates":[[[-96.8006,32.98372],[-96.7992,32.9852],[-96.80004,32.987],[-96.80229,32.98732],[-96.8037,32.98584],[-96.80285,32.98404],[-96.8006,32.98372]]]}},{"type":"Feature","properties":{"h3":"8926c874a8bffff","mii":33,"trt":0.0,"glp1":0.0,"pharmacy":0.0,"gym":0.45,"n":1},"geometry":{"type":"Polygon","coordinates":[[[-96.80004,32.987],[-96.79864,32.98848],[-96.79949,32.99028],[-96.80174,32.9906],[-96.80314,32.98912],[-96.80229,32.98732],[-96.80004,32.987]]]}},{"type":"Feature","properties":{"h3":"8926c874ac7ffff","mii":33,"trt":0.6,"glp1":0.0,"pharmacy":0.0,"gym":0.0,"n":1},"geometry":{"type":"Polygon","coordinates":[[[-96.8037,32.98584],[-96.80229,32.98732],[-96.80314,32.98912],[-96.80539,32.98944],[-96.80679,32.98796],[-96.80594,32.98616],[-96.8037,32.98584]]]}},{"type":"Feature","properties":{"h3":"8926c8659a3ffff","mii":33,"trt":0.8,"glp1":0.0,"pharmacy":0.0,"gym":0.0,"n":1},"geometry":{"type":"Polygon","coordinates":[[[-96.84342,32.81186],[-96.84202,32.81334],[-96.84287,32.81514],[-96.84511,32.81546],[-96.84651,32.81398],[-96.84567,32.81218],[-96.84342,32.81186]]]}},{"type":"Feature","properties":{"h3":"8926c8659bbffff","mii":33,"trt":0.0,"glp1":0.0,"pharmacy":0.0,"gym":0.0,"n":0},"geometry":{"type":"Polygon","coordinates":[[[-96.84651,32.81398],[-96.84511,32.81546],[-96.84596,32.81726],[-96.84821,32.81757],[-96.84961,32.81609],[-96.84876,32.81429],[-96.84651,32.81398]]]}},{"type":"Feature","properties":{"h3":"8926c8659b7ffff","mii":33,"trt":0.0,"glp1":0.0,"pharmacy":0.0,"gym":0.0,"n":0},"geometry":{"type":"Polygon","coordinates":[[[-96.83977,32.81302],[-96.83838,32.81451],[-96.83922,32.8163],[-96.84147,32.81662],[-96.84287,32.81514],[-96.84202,32.81334],[-96.83977,32.81302]]]}},{"type":"Feature","properties":{"h3":"8926c866a2fffff","mii":33,"trt":0.0,"glp1":0.0,"pharmacy":0.0,"gym":0.0,"n":0},"geometry":{"type":"Polygon","coordinates":[[[-96.78994,32.86306],[-96.78854,32.86454],[-96.78938,32.86634],[-96.79163,32.86665],[-96.79303,32.86517],[-96.79218,32.86337],[-96.78994,32.86306]]]}},{"type":"Feature","properties":{"h3":"8926c866b5bffff","mii":33,"trt":0.0,"glp1":0.0,"pharmacy":0.0,"gym":0.0,"n":0},"geometry":{"type":"Polygon","coordinates":[[[-96.78684,32.86094],[-96.78544,32.86242],[-96.78629,32.86422],[-96.78854,32.86454],[-96.78994,32.86306],[-96.78909,32.86126],[-96.78684,32.86094]]]}},{"type":"Feature","properties":{"h3":"8926c86699bffff","mii":33,"trt":0.0,"glp1":0.0,"pharmacy":0.0,"gym":0.0,"n":0},"geometry":{"type":"Polygon","coordinates":[[[-96.74618,32.87699],[-96.74478,32.87847],[-96.74562,32.88027],[-96.74787,32.88059],[-96.74927,32.87911],[-96.74842,32.87731],[-96.74618,32.87699]]]}},{"type":"Feature","properties":{"h3":"8926c8669d7ffff","mii":33,"trt":0.0,"glp1":0.0,"pharmacy":0.0,"gym":0.0,"n":0},"geometry":{"type":"Polygon","coordinates":[[[-96.74982,32.87583],[-96.74842,32.87731],[-96.74927,32.87911],[-96.75151,32.87943],[-96.75292,32.87795],[-96.75207,32.87615],[-96.74982,32.87583]]]}},{"type":"Feature","properties":{"h3":"8926c8669c7ffff","mii":33,"trt":0.0,"glp1":0.0,"pharmacy":0.0,"gym":0.0,"n":0},"geometry":{"type":"Polygon","coordinates":[[[-96.75038,32.87255],[-96.74898,32.87403],[-96.74982,32.87583],[-96.75207,32.87615],[-96.75347,32.87467],[-96.75263,32.87287],[-96.75038,32.87255]]]}},{"type":"Feature","properties":{"h3":"8926c866913ffff","mii":33,"trt":0.0,"glp1":0.0,"pharmacy":0.0,"gym":0.0,"n":0},"geometry":{"type":"Polygon","coordinates":[[[-96.74729,32.87043],[-96.74589,32.87191],[-96.74673,32.87371],[-96.74898,32.87403],[-96.75038,32.87255],[-96.74953,32.87075],[-96.74729,32.87043]]]}},{"type":"Feature","properties":{"h3":"8926c86698fffff","mii":33,"trt":0.0,"glp1":0.0,"pharmacy":0.0,"gym":0.0,"n":0},"geometry":{"type":"Polygon","coordinates":[[[-96.74364,32.87159],[-96.74224,32.87307],[-96.74309,32.87487],[-96.74533,32.87519],[-96.74673,32.87371],[-96.74589,32.87191],[-96.74364,32.87159]]]}},{"type":"Feature","properties":{"h3":"8926c866983ffff","mii":33,"trt":0.0,"glp1":0.0,"pharmacy":0.0,"gym":0.0,"n":0},"geometry":{"type":"Polygon","coordinates":[[[-96.74309,32.87487],[-96.74169,32.87635],[-96.74253,32.87815],[-96.74478,32.87847],[-96.74618,32.87699],[-96.74533,32.87519],[-96.74309,32.87487]]]}},{"type":"Feature","properties":{"h3":"8926c865987ffff","mii":33,"trt":0.6,"glp1":0.0,"pharmacy":0.0,"gym":0.0,"n":1},"geometry":{"type":"Polygon","coordinates":[[[-96.84596,32.81726],[-96.84456,32.81874],[-96.84541,32.82054],[-96.84765,32.82085],[-96.84905,32.81937],[-96.84821,32.81757],[-96.84596,32.81726]]]}},{"type":"Feature","properties":{"h3":"8926cbda33bffff","mii":33,"trt":1.25,"glp1":0.0,"pharmacy":0.0,"gym":0.0,"n":2},"geometry":{"type":"Polygon","coordinates":[[[-97.34647,32.73397],[-97.34508,32.73546],[-97.34593,32.73726],[-97.34819,32.73757],[-97.34958,32.73608],[-97.34873,32.73428],[-97.34647,32.73397]]]}},{"type":"Feature","properties":{"h3":"8926cb916b7ffff","mii":33,"trt":0.0,"glp1":0.0,"pharmacy":0.0,"gym":0.0,"n":0},"geometry":{"type":"Polygon","coordinates":[[[-96.77098,32.79153],[-96.76959,32.79301],[-96.77043,32.79481],[-96.77267,32.79513],[-96.77407,32.79365],[-96.77323,32.79185],[-96.77098,32.79153]]]}},{"type":"Feature","properties":{"h3":"8926c80c867ffff","mii":33,"trt":0.0,"glp1":0.0,"pharmacy":0.0,"gym":0.0,"n":0},"geometry":{"type":"Polygon","coordinates":[[[-96.75003,33.13922],[-96.74863,33.14069],[-96.74947,33.14249],[-96.75173,33.14281],[-96.75313,33.14133],[-96.75228,33.13954],[-96.75003,33.13922]]]}},{"type":"Feature","properties":{"h3":"8926c80c86fffff","mii":33,"trt":0.0,"glp1":0.0,"pharmacy":0.0,"gym":0.0,"n":0},"geometry":{"type":"Polygon","coordinates":[[[-96.75369,33.13806],[-96.75228,33.13954],[-96.75313,33.14133],[-96.75538,33.14165],[-96.75678,33.14018],[-96.75594,33.13838],[-96.75369,33.13806]]]}},{"type":"Feature","properties":{"h3":"8926c80cbd7ffff","mii":33,"trt":0.0,"glp1":0.0,"pharmacy":0.0,"gym":0.0,"n":0},"geometry":{"type":"Polygon","coordinates":[[[-96.75424,33.13479],[-96.75284,33.13626],[-96.75369,33.13806],[-96.75594,33.13838],[-96.75734,33.1369],[-96.75649,33.13511],[-96.75424,33.13479]]]}},{"type":"Feature","properties":{"h3":"8926c80cb8bffff","mii":33,"trt":0.0,"glp1":0.0,"pharmacy":0.0,"gym":0.0,"n":0},"geometry":{"type":"Polygon","coordinates":[[[-96.75114,33.13267],[-96.74974,33.13415],[-96.75059,33.13594],[-96.75284,33.13626],[-96.75424,33.13479],[-96.75339,33.13299],[-96.75114,33.13267]]]}},{"type":"Feature","properties":{"h3":"8926c80cb83ffff","mii":33,"trt":0.0,"glp1":0.0,"pharmacy":0.0,"gym":0.0,"n":0},"geometry":{"type":"Polygon","coordinates":[[[-96.74749,33.13383],[-96.74608,33.1353],[-96.74693,33.1371],[-96.74918,33.13742],[-96.75059,33.13594],[-96.74974,33.13415],[-96.74749,33.13383]]]}},{"type":"Feature","properties":{"h3":"8926c80cb93ffff","mii":33,"trt":0.0,"glp1":0.0,"pharmacy":0.0,"gym":0.0,"n":0},"geometry":{"type":"Polygon","coordinates":[[[-96.74693,33.1371],[-96.74553,33.13858],[-96.74638,33.14037],[-96.74863,33.14069],[-96.75003,33.13922],[-96.74918,33.13742],[-96.74693,33.1371]]]}},{"type":"Feature","properties":{"h3":"8926c80d80fffff","mii":33,"trt":0.0,"glp1":0.0,"pharmacy":0.0,"gym":0.0,"n":0},"geometry":{"type":"Polygon","coordinates":[[[-96.82179,33.14438],[-96.82039,33.14586],[-96.82124,33.14765],[-96.82349,33.14797],[-96.8249,33.14649],[-96.82405,33.1447],[-96.82179,33.14438]]]}},{"type":"Feature","properties":{"h3":"8926c80d807ffff","mii":33,"trt":0.0,"glp1":0.0,"pharmacy":0.0,"gym":0.0,"n":0},"geometry":{"type":"Polygon","coordinates":[[[-96.81814,33.14554],[-96.81674,33.14701],[-96.81758,33.14881],[-96.81984,33.14913],[-96.82124,33.14765],[-96.82039,33.14586],[-96.81814,33.14554]]]}},{"type":"Feature","properties":{"h3":"8926c80d817ffff","mii":33,"trt":0.0,"glp1":0.0,"pharmacy":0.0,"gym":0.0,"n":0},"geometry":{"type":"Polygon","coordinates":[[[-96.81758,33.14881],[-96.81618,33.15029],[-96.81703,33.15209],[-96.81928,33.1524],[-96.82069,33.15093],[-96.81984,33.14913],[-96.81758,33.14881]]]}},{"type":"Feature","properties":{"h3":"8926cbd6037ffff","mii":33,"trt":0.6,"glp1":6.0,"pharmacy":0.0,"gym":0.0,"n":11},"geometry":{"type":"Polygon","coordinates":[[[-97.00529,32.7103],[-97.00389,32.71178],[-97.00474,32.71358],[-97.00699,32.71389],[-97.00839,32.71241],[-97.00754,32.71061],[-97.00529,32.7103]]]}},{"type":"Feature","properties":{"h3":"8926c86a8cbffff","mii":32,"trt":0.0,"glp1":0.0,"pharmacy":0.0,"gym":0.0,"n":0},"geometry":{"type":"Polygon","coordinates":[[[-97.10944,32.93478],[-97.10804,32.93627],[-97.1089,32.93807],[-97.11115,32.93838],[-97.11255,32.9369],[-97.1117,32.9351],[-97.10944,32.93478]]]}},{"type":"Feature","properties":{"h3":"8926c86a8cfffff","mii":32,"trt":0.0,"glp1":0.0,"pharmacy":0.0,"gym":0.65,"n":1},"geometry":{"type":"Polygon","coordinates":[[[-97.10634,32.93267],[-97.10494,32.93416],[-97.10579,32.93596],[-97.10804,32.93627],[-97.10944,32.93478],[-97.10859,32.93299],[-97.10634,32.93267]]]}},{"type":"Feature","properties":{"h3":"8926c804a5bffff","mii":32,"trt":0.0,"glp1":0.0,"pharmacy":0.0,"gym":0.0,"n":0},"geometry":{"type":"Polygon","coordinates":[[[-96.60833,33.19941],[-96.60693,33.20088],[-96.60777,33.20268],[-96.61002,33.203],[-96.61143,33.20153],[-96.61058,33.19973],[-96.60833,33.19941]]]}},{"type":"Feature","properties":{"h3":"8926c805997ffff","mii":32,"trt":0.0,"glp1":0.0,"pharmacy":0.0,"gym":0.0,"n":0},"geometry":{"type":"Polygon","coordinates":[[[-96.61199,33.19826],[-96.61058,33.19973],[-96.61143,33.20153],[-96.61368,33.20185],[-96.61509,33.20038],[-96.61424,33.19858],[-96.61199,33.19826]]]}},{"type":"Feature","properties":{"h3":"8926c8059b3ffff","mii":32,"trt":0.0,"glp1":0.0,"pharmacy":0.0,"gym":0.0,"n":0},"geometry":{"type":"Polygon","coordinates":[[[-96.60946,33.19287],[-96.60805,33.19434],[-96.60889,33.19614],[-96.61115,33.19646],[-96.61255,33.19499],[-96.61171,33.19319],[-96.60946,33.19287]]]}},{"type":"Feature","properties":{"h3":"8926c804a4fffff","mii":32,"trt":0.0,"glp1":0.0,"pharmacy":0.0,"gym":0.0,"n":0},"geometry":{"type":"Polygon","coordinates":[[[-96.6058,33.19402],[-96.60439,33.19549],[-96.60524,33.19729],[-96.60749,33.19761],[-96.60889,33.19614],[-96.60805,33.19434],[-96.6058,33.19402]]]}},{"type":"Feature","properties":{"h3":"8926c804a43ffff","mii":32,"trt":0.0,"glp1":0.0,"pharmacy":0.0,"gym":0.0,"n":0},"geometry":{"type":"Polygon","coordinates":[[[-96.60524,33.19729],[-96.60383,33.19876],[-96.60468,33.20056],[-96.60693,33.20088],[-96.60833,33.19941],[-96.60749,33.19761],[-96.60524,33.19729]]]}},{"type":"Feature","properties":{"h3":"8926c864bc3ffff","mii":31,"trt":0.45,"glp1":6.35,"pharmacy":0.0,"gym":0.0,"n":12},"geometry":{"type":"Polygon","coordinates":[[[-96.81227,32.81249],[-96.81087,32.81397],[-96.81172,32.81577],[-96.81396,32.81609],[-96.81536,32.81461],[-96.81452,32.81281],[-96.81227,32.81249]]]}},{"type":"Feature","properties":{"h3":"8926cb921bbffff","mii":31,"trt":0.0,"glp1":0.0,"pharmacy":0.0,"gym":0.0,"n":0},"geometry":{"type":"Polygon","coordinates":[[[-96.62857,32.81825],[-96.62717,32.81973],[-96.62801,32.82153],[-96.63026,32.82185],[-96.63166,32.82037],[-96.63081,32.81857],[-96.62857,32.81825]]]}},{"type":"Feature","properties":{"h3":"8926cb92117ffff","mii":31,"trt":0.0,"glp1":0.0,"pharmacy":0.0,"gym":0.0,"n":0},"geometry":{"type":"Polygon","coordinates":[[[-96.63221,32.81709],[-96.63081,32.81857],[-96.63166,32.82037],[-96.6339,32.82069],[-96.6353,32.81921],[-96.63446,32.81741],[-96.63221,32.81709]]]}},{"type":"Feature","properties":{"h3":"8926cb92107ffff","mii":31,"trt":0.0,"glp1":0.0,"pharmacy":0.0,"gym":0.0,"n":0},"geometry":{"type":"Polygon","coordinates":[[[-96.63277,32.81382],[-96.63137,32.81529],[-96.63221,32.81709],[-96.63446,32.81741],[-96.63586,32.81594],[-96.63502,32.81414],[-96.63277,32.81382]]]}},{"type":"Feature","properties":{"h3":"8926cb92133ffff","mii":31,"trt":0.0,"glp1":0.0,"pharmacy":0.0,"gym":0.0,"n":0},"geometry":{"type":"Polygon","coordinates":[[[-96.62969,32.81169],[-96.62829,32.81317],[-96.62913,32.81497],[-96.63137,32.81529],[-96.63277,32.81382],[-96.63193,32.81202],[-96.62969,32.81169]]]}},{"type":"Feature","properties":{"h3":"8926cb921afffff","mii":31,"trt":0.0,"glp1":0.0,"pharmacy":0.0,"gym":0.0,"n":0},"geometry":{"type":"Polygon","coordinates":[[[-96.62604,32.81285],[-96.62464,32.81433],[-96.62549,32.81613],[-96.62773,32.81645],[-96.62913,32.81497],[-96.62829,32.81317],[-96.62604,32.81285]]]}},{"type":"Feature","properties":{"h3":"8926cb921a3ffff","mii":31,"trt":0.0,"glp1":0.0,"pharmacy":0.0,"gym":0.0,"n":0},"geometry":{"type":"Polygon","coordinates":[[[-96.62549,32.81613],[-96.62409,32.81761],[-96.62493,32.81941],[-96.62717,32.81973],[-96.62857,32.81825],[-96.62773,32.81645],[-96.62549,32.81613]]]}},{"type":"Feature","properties":{"h3":"8926c868ea3ffff","mii":31,"trt":0.0,"glp1":0.0,"pharmacy":0.0,"gym":0.0,"n":0},"geometry":{"type":"Polygon","coordinates":[[[-97.14466,32.8893],[-97.14326,32.89079],[-97.14411,32.89258],[-97.14636,32.8929],[-97.14776,32.89141],[-97.14691,32.88961],[-97.14466,32.8893]]]}},{"type":"Feature","properties":{"h3":"8926c868eabffff","mii":31,"trt":0.0,"glp1":0.0,"pharmacy":0.0,"gym":0.0,"n":0},"geometry":{"type":"Polygon","coordinates":[[[-97.14831,32.88813],[-97.14691,32.88961],[-97.14776,32.89141],[-97.15001,32.89172],[-97.15141,32.89024],[-97.15056,32.88844],[-97.14831,32.88813]]]}},{"type":"Feature","properties":{"h3":"8926c868e33ffff","mii":31,"trt":0.0,"glp1":0.0,"pharmacy":0.0,"gym":0.0,"n":0},"geometry":{"type":"Polygon","coordinates":[[[-97.14885,32.88485],[-97.14745,32.88633],[-97.14831,32.88813],[-97.15056,32.88844],[-97.15196,32.88696],[-97.1511,32.88516],[-97.14885,32.88485]]]}},{"type":"Feature","properties":{"h3":"8926c868e37ffff","mii":31,"trt":0.0,"glp1":0.0,"pharmacy":0.0,"gym":0.0,"n":0},"geometry":{"type":"Polygon","coordinates":[[[-97.14575,32.88274],[-97.14435,32.88422],[-97.1452,32.88602],[-97.14745,32.88633],[-97.14885,32.88485],[-97.148,32.88305],[-97.14575,32.88274]]]}},{"type":"Feature","properties":{"h3":"8926c8688dbffff","mii":31,"trt":0.0,"glp1":0.0,"pharmacy":0.0,"gym":0.0,"n":0},"geometry":{"type":"Polygon","coordinates":[[[-97.1421,32.88391],[-97.1407,32.88539],[-97.14155,32.88719],[-97.1438,32.8875],[-97.1452,32.88602],[-97.14435,32.88422],[-97.1421,32.88391]]]}},{"type":"Feature","properties":{"h3":"8926c868ea7ffff","mii":31,"trt":0.0,"glp1":0.0,"pharmacy":0.0,"gym":0.0,"n":0},"geometry":{"type":"Polygon","coordinates":[[[-97.14155,32.88719],[-97.14015,32.88868],[-97.141,32.89047],[-97.14326,32.89079],[-97.14466,32.8893],[-97.1438,32.8875],[-97.14155,32.88719]]]}},{"type":"Feature","properties":{"h3":"8926cbd5433ffff","mii":30,"trt":0.0,"glp1":0.0,"pharmacy":0.0,"gym":0.0,"n":0},"geometry":{"type":"Polygon","coordinates":[[[-97.11041,32.67956],[-97.10901,32.68105],[-97.10986,32.68285],[-97.11211,32.68316],[-97.11351,32.68168],[-97.11266,32.67988],[-97.11041,32.67956]]]}},{"type":"Feature","properties":{"h3":"8926c8659a7ffff","mii":30,"trt":0.0,"glp1":0.0,"pharmacy":0.0,"gym":0.0,"n":0},"geometry":{"type":"Polygon","coordinates":[[[-96.84033,32.80974],[-96.83893,32.81122],[-96.83977,32.81302],[-96.84202,32.81334],[-96.84342,32.81186],[-96.84257,32.81006],[-96.84033,32.80974]]]}},{"type":"Feature","properties":{"h3":"8926cb9a4d3ffff","mii":30,"trt":1.65,"glp1":0.0,"pharmacy":0.0,"gym":0.0,"n":2},"geometry":{"type":"Polygon","coordinates":[[[-96.83723,32.80763],[-96.83584,32.80911],[-96.83668,32.81091],[-96.83893,32.81122],[-96.84033,32.80974],[-96.83948,32.80794],[-96.83723,32.80763]]]}},{"type":"Feature","properties":{"h3":"8926c864a6bffff","mii":30,"trt":1.25,"glp1":0.0,"pharmacy":0.0,"gym":0.0,"n":2},"geometry":{"type":"Polygon","coordinates":[[[-96.83668,32.81091],[-96.83528,32.81239],[-96.83613,32.81419],[-96.83838,32.81451],[-96.83977,32.81302],[-96.83893,32.81122],[-96.83668,32.81091]]]}},{"type":"Feature","properties":{"h3":"8926c864a6fffff","mii":30,"trt":0.6,"glp1":0.0,"pharmacy":0.0,"gym":0.0,"n":1},"geometry":{"type":"Polygon","coordinates":[[[-96.83359,32.80879],[-96.83219,32.81027],[-96.83304,32.81207],[-96.83528,32.81239],[-96.83668,32.81091],[-96.83584,32.80911],[-96.83359,32.80879]]]}},{"type":"Feature","properties":{"h3":"8926cb91607ffff","mii":30,"trt":1.95,"glp1":0.0,"pharmacy":0.0,"gym":0.0,"n":3},"geometry":{"type":"Polygon","coordinates":[[[-96.78192,32.78804],[-96.78052,32.78952],[-96.78136,32.79132],[-96.78361,32.79164],[-96.78501,32.79016],[-96.78416,32.78836],[-96.78192,32.78804]]]}},{"type":"Feature","properties":{"h3":"8926cb91617ffff","mii":30,"trt":0.0,"glp1":0.0,"pharmacy":0.0,"gym":0.0,"n":0},"geometry":{"type":"Polygon","coordinates":[[[-96.78136,32.79132],[-96.77996,32.7928],[-96.78081,32.7946],[-96.78305,32.79492],[-96.78445,32.79344],[-96.78361,32.79164],[-96.78136,32.79132]]]}},{"type":"Feature","properties":{"h3":"8926cb91633ffff","mii":30,"trt":0.0,"glp1":0.0,"pharmacy":0.0,"gym":0.0,"n":0},"geometry":{"type":"Polygon","coordinates":[[[-96.77883,32.78592],[-96.77743,32.78741],[-96.77827,32.7892],[-96.78052,32.78952],[-96.78192,32.78804],[-96.78107,32.78624],[-96.77883,32.78592]]]}},{"type":"Feature","properties":{"h3":"8926cb916abffff","mii":30,"trt":3.0,"glp1":0.0,"pharmacy":0.0,"gym":0.0,"n":5},"geometry":{"type":"Polygon","coordinates":[[[-96.77827,32.7892],[-96.77687,32.79069],[-96.77772,32.79248],[-96.77996,32.7928],[-96.78136,32.79132],[-96.78052,32.78952],[-96.77827,32.7892]]]}},{"type":"Feature","properties":{"h3":"8926c866ccfffff","mii":30,"trt":4.25,"glp1":0.0,"pharmacy":0.0,"gym":0.0,"n":7},"geometry":{"type":"Polygon","coordinates":[[[-96.77179,32.90916],[-96.77038,32.91064],[-96.77123,32.91244],[-96.77348,32.91276],[-96.77488,32.91128],[-96.77403,32.90948],[-96.77179,32.90916]]]}},{"type":"Feature","properties":{"h3":"8926c866cc3ffff","mii":30,"trt":0.0,"glp1":0.0,"pharmacy":0.0,"gym":0.0,"n":0},"geometry":{"type":"Polygon","coordinates":[[[-96.77123,32.91244],[-96.76983,32.91392],[-96.77068,32.91571],[-96.77292,32.91603],[-96.77432,32.91455],[-96.77348,32.91276],[-96.77123,32.91244]]]}},{"type":"Feature","properties":{"h3":"8926c866ccbffff","mii":30,"trt":0.6,"glp1":0.0,"pharmacy":0.0,"gym":0.0,"n":1},"geometry":{"type":"Polygon","coordinates":[[[-96.77488,32.91128],[-96.77348,32.91276],[-96.77432,32.91455],[-96.77657,32.91487],[-96.77797,32.91339],[-96.77713,32.9116],[-96.77488,32.91128]]]}},{"type":"Feature","properties":{"h3":"8926c866c53ffff","mii":30,"trt":0.0,"glp1":0.0,"pharmacy":0.0,"gym":0.0,"n":0},"geometry":{"type":"Polygon","coordinates":[[[-96.77543,32.908],[-96.77403,32.90948],[-96.77488,32.91128],[-96.77713,32.9116],[-96.77853,32.91012],[-96.77768,32.90832],[-96.77543,32.908]]]}},{"type":"Feature","properties":{"h3":"8926c866c57ffff","mii":30,"trt":0.0,"glp1":0.0,"pharmacy":0.0,"gym":0.0,"n":0},"geometry":{"type":"Polygon","coordinates":[[[-96.77234,32.90588],[-96.77094,32.90736],[-96.77179,32.90916],[-96.77403,32.90948],[-96.77543,32.908],[-96.77459,32.9062],[-96.77234,32.90588]]]}},{"type":"Feature","properties":{"h3":"8926c866c1bffff","mii":30,"trt":0.0,"glp1":0.0,"pharmacy":0.0,"gym":0.0,"n":0},"geometry":{"type":"Polygon","coordinates":[[[-96.76869,32.90704],[-96.76729,32.90852],[-96.76814,32.91032],[-96.77038,32.91064],[-96.77179,32.90916],[-96.77094,32.90736],[-96.76869,32.90704]]]}},{"type":"Feature","properties":{"h3":"8926c866cc7ffff","mii":30,"trt":0.0,"glp1":0.0,"pharmacy":0.0,"gym":0.0,"n":0},"geometry":{"type":"Polygon","coordinates":[[[-96.76814,32.91032],[-96.76674,32.9118],[-96.76758,32.9136],[-96.76983,32.91392],[-96.77123,32.91244],[-96.77038,32.91064],[-96.76814,32.91032]]]}},{"type":"Feature","properties":{"h3":"8926cbd5417ffff","mii":30,"trt":1.25,"glp1":0.0,"pharmacy":0.0,"gym":0.0,"n":2},"geometry":{"type":"Polygon","coordinates":[[[-97.11296,32.68496],[-97.11157,32.68645],[-97.11242,32.68825],[-97.11467,32.68856],[-97.11606,32.68707],[-97.11521,32.68527],[-97.11296,32.68496]]]}},{"type":"Feature","properties":{"h3":"8926cbd5407ffff","mii":30,"trt":0.75,"glp1":0.0,"pharmacy":0.0,"gym":0.0,"n":1},"geometry":{"type":"Polygon","coordinates":[[[-97.11351,32.68168],[-97.11211,32.68316],[-97.11296,32.68496],[-97.11521,32.68527],[-97.11661,32.68379],[-97.11576,32.68199],[-97.11351,32.68168]]]}},{"type":"Feature","properties":{"h3":"8926cbd54abffff","mii":30,"trt":0.65,"glp1":0.0,"pharmacy":0.0,"gym":0.0,"n":1},"geometry":{"type":"Polygon","coordinates":[[[-97.10986,32.68285],[-97.10847,32.68434],[-97.10932,32.68614],[-97.11157,32.68645],[-97.11296,32.68496],[-97.11211,32.68316],[-97.10986,32.68285]]]}},{"type":"Feature","properties":{"h3":"8926c866813ffff","mii":30,"trt":2.65,"glp1":0.0,"pharmacy":0.0,"gym":0.0,"n":4},"geometry":{"type":"Polygon","coordinates":[[[-96.76893,32.88526],[-96.76753,32.88674],[-96.76837,32.88853],[-96.77062,32.88885],[-96.77202,32.88737],[-96.77118,32.88557],[-96.76893,32.88526]]]}},{"type":"Feature","properties":{"h3":"8926c866817ffff","mii":30,"trt":0.0,"glp1":0.0,"pharmacy":0.0,"gym":0.0,"n":0},"geometry":{"type":"Polygon","coordinates":[[[-96.76584,32.88314],[-96.76444,32.88462],[-96.76528,32.88642],[-96.76753,32.88674],[-96.76893,32.88526],[-96.76808,32.88346],[-96.76584,32.88314]]]}},{"type":"Feature","properties":{"h3":"8926c864a63ffff","mii":30,"trt":0.7,"glp1":0.0,"pharmacy":0.0,"gym":0.0,"n":1},"geometry":{"type":"Polygon","coordinates":[[[-96.83304,32.81207],[-96.83164,32.81355],[-96.83248,32.81535],[-96.83473,32.81567],[-96.83613,32.81419],[-96.83528,32.81239],[-96.83304,32.81207]]]}},{"type":"Feature","properties":{"h3":"8926cb916bbffff","mii":30,"trt":0.0,"glp1":0.0,"pharmacy":0.0,"gym":0.0,"n":0},"geometry":{"type":"Polygon","coordinates":[[[-96.77772,32.79248],[-96.77632,32.79397],[-96.77716,32.79576],[-96.77941,32.79608],[-96.78081,32.7946],[-96.77996,32.7928],[-96.77772,32.79248]]]}},{"type":"Feature","properties":{"h3":"8926cb916afffff","mii":30,"trt":0.0,"glp1":0.0,"pharmacy":0.0,"gym":0.0,"n":0},"geometry":{"type":"Polygon","coordinates":[[[-96.77518,32.78709],[-96.77378,32.78857],[-96.77463,32.79037],[-96.77687,32.79069],[-96.77827,32.7892],[-96.77743,32.78741],[-96.77518,32.78709]]]}},{"type":"Feature","properties":{"h3":"8926cb916a3ffff","mii":30,"trt":0.6,"glp1":0.0,"pharmacy":0.0,"gym":0.0,"n":1},"geometry":{"type":"Polygon","coordinates":[[[-96.77463,32.79037],[-96.77323,32.79185],[-96.77407,32.79365],[-96.77632,32.79397],[-96.77772,32.79248],[-96.77687,32.79069],[-96.77463,32.79037]]]}},{"type":"Feature","properties":{"h3":"8926c874c8bffff","mii":30,"trt":0.0,"glp1":0.0,"pharmacy":0.0,"gym":0.0,"n":0},"geometry":{"type":"Polygon","coordinates":[[[-96.7706,33.01805],[-96.7692,33.01953],[-96.77005,33.02133],[-96.7723,33.02165],[-96.7737,33.02017],[-96.77285,33.01837],[-96.7706,33.01805]]]}},{"type":"Feature","properties":{"h3":"8926c874c13ffff","mii":30,"trt":2.05,"glp1":0.0,"pharmacy":0.0,"gym":0.0,"n":3},"geometry":{"type":"Polygon","coordinates":[[[-96.77116,33.01478],[-96.76976,33.01625],[-96.7706,33.01805],[-96.77285,33.01837],[-96.77425,33.01689],[-96.77341,33.0151],[-96.77116,33.01478]]]}},{"type":"Feature","properties":{"h3":"8926c864c97ffff","mii":30,"trt":0.45,"glp1":5.95,"pharmacy":0.0,"gym":0.0,"n":11},"geometry":{"type":"Polygon","coordinates":[[[-96.79049,32.85978],[-96.78909,32.86126],[-96.78994,32.86306],[-96.79218,32.86337],[-96.79358,32.86189],[-96.79274,32.8601],[-96.79049,32.85978]]]}},{"type":"Feature","properties":{"h3":"8926cbd987bffff","mii":30,"trt":2.5,"glp1":0.0,"pharmacy":0.0,"gym":0.0,"n":4},"geometry":{"type":"Polygon","coordinates":[[[-97.41922,32.64806],[-97.41782,32.64956],[-97.41868,32.65135],[-97.42093,32.65166],[-97.42233,32.65017],[-97.42147,32.64837],[-97.41922,32.64806]]]}},{"type":"Feature","properties":{"h3":"8926c860157ffff","mii":30,"trt":0.0,"glp1":0.0,"pharmacy":0.0,"gym":0.0,"n":0},"geometry":{"type":"Polygon","coordinates":[[[-96.97908,32.97029],[-96.97768,32.97178],[-96.97853,32.97357],[-96.98078,32.97389],[-96.98218,32.97241],[-96.98133,32.97061],[-96.97908,32.97029]]]}},{"type":"Feature","properties":{"h3":"8926c860143ffff","mii":30,"trt":0.0,"glp1":0.0,"pharmacy":0.0,"gym":0.0,"n":0},"geometry":{"type":"Polygon","coordinates":[[[-96.98273,32.96913],[-96.98133,32.97061],[-96.98218,32.97241],[-96.98443,32.97272],[-96.98583,32.97124],[-96.98498,32.96944],[-96.98273,32.96913]]]}},{"type":"Feature","properties":{"h3":"8926c86014fffff","mii":30,"trt":0.0,"glp1":0.0,"pharmacy":0.0,"gym":0.0,"n":0},"geometry":{"type":"Polygon","coordinates":[[[-96.98328,32.96585],[-96.98188,32.96733],[-96.98273,32.96913],[-96.98498,32.96944],[-96.98638,32.96796],[-96.98553,32.96616],[-96.98328,32.96585]]]}},{"type":"Feature","properties":{"h3":"8926c86017bffff","mii":30,"trt":0.0,"glp1":0.0,"pharmacy":0.0,"gym":0.0,"n":0},"geometry":{"type":"Polygon","coordinates":[[[-96.98018,32.96373],[-96.97878,32.96522],[-96.97963,32.96701],[-96.98188,32.96733],[-96.98328,32.96585],[-96.98243,32.96405],[-96.98018,32.96373]]]}},{"type":"Feature","properties":{"h3":"8926c860173ffff","mii":30,"trt":0.0,"glp1":0.0,"pharmacy":0.0,"gym":0.0,"n":0},"geometry":{"type":"Polygon","coordinates":[[[-96.97652,32.9649],[-96.97512,32.96638],[-96.97597,32.96818],[-96.97823,32.9685],[-96.97963,32.96701],[-96.97878,32.96522],[-96.97652,32.9649]]]}},{"type":"Feature","properties":{"h3":"8926c86010bffff","mii":30,"trt":0.0,"glp1":0.0,"pharmacy":0.0,"gym":0.0,"n":0},"geometry":{"type":"Polygon","coordinates":[[[-96.97597,32.96818],[-96.97457,32.96966],[-96.97543,32.97146],[-96.97768,32.97178],[-96.97908,32.97029],[-96.97823,32.9685],[-96.97597,32.96818]]]}},{"type":"Feature","properties":{"h3":"8926c8295a3ffff","mii":29,"trt":0.0,"glp1":0.0,"pharmacy":0.0,"gym":0.45,"n":1},"geometry":{"type":"Polygon","coordinates":[[[-96.70025,32.94429],[-96.69885,32.94577],[-96.69969,32.94757],[-96.70194,32.94789],[-96.70334,32.94641],[-96.7025,32.94461],[-96.70025,32.94429]]]}},{"type":"Feature","properties":{"h3":"8926c864a4bffff","mii":29,"trt":0.0,"glp1":0.0,"pharmacy":0.0,"gym":0.0,"n":0},"geometry":{"type":"Polygon","coordinates":[[[-96.84231,32.81842],[-96.84092,32.8199],[-96.84176,32.8217],[-96.84401,32.82202],[-96.84541,32.82054],[-96.84456,32.81874],[-96.84231,32.81842]]]}},{"type":"Feature","properties":{"h3":"8926c874e97ffff","mii":29,"trt":1.25,"glp1":0.0,"pharmacy":0.0,"gym":0.0,"n":2},"geometry":{"type":"Polygon","coordinates":[[[-96.78886,33.01226],[-96.78746,33.01374],[-96.7883,33.01553],[-96.79055,33.01585],[-96.79196,33.01437],[-96.79111,33.01258],[-96.78886,33.01226]]]}},{"type":"Feature","properties":{"h3":"8926c866867ffff","mii":29,"trt":0.6,"glp1":0.7,"pharmacy":0.0,"gym":0.0,"n":2},"geometry":{"type":"Polygon","coordinates":[[[-96.77115,32.87214],[-96.76975,32.87362],[-96.77059,32.87542],[-96.77284,32.87574],[-96.77424,32.87426],[-96.77339,32.87246],[-96.77115,32.87214]]]}},{"type":"Feature","properties":{"h3":"8926cbd9873ffff","mii":29,"trt":0.0,"glp1":0.0,"pharmacy":0.0,"gym":0.0,"n":0},"geometry":{"type":"Polygon","coordinates":[[[-97.41557,32.64925],[-97.41418,32.65074],[-97.41504,32.65254],[-97.41729,32.65285],[-97.41868,32.65135],[-97.41782,32.64956],[-97.41557,32.64925]]]}},{"type":"Feature","properties":{"h3":"8926caa65a7ffff","mii":29,"trt":0.0,"glp1":0.0,"pharmacy":0.0,"gym":0.0,"n":0},"geometry":{"type":"Polygon","coordinates":[[[-97.27971,32.9298],[-97.27831,32.93129],[-97.27917,32.93308],[-97.28142,32.93339],[-97.28282,32.93191],[-97.28197,32.93011],[-97.27971,32.9298]]]}},{"type":"Feature","properties":{"h3":"8926c86e067ffff","mii":29,"trt":0.0,"glp1":0.0,"pharmacy":0.0,"gym":0.0,"n":0},"geometry":{"type":"Polygon","coordinates":[[[-96.98936,32.86765],[-96.98796,32.86913],[-96.98881,32.87093],[-96.99106,32.87125],[-96.99246,32.86976],[-96.99161,32.86797],[-96.98936,32.86765]]]}},{"type":"Feature","properties":{"h3":"8926c86e06fffff","mii":29,"trt":0.0,"glp1":0.0,"pharmacy":0.0,"gym":0.0,"n":0},"geometry":{"type":"Polygon","coordinates":[[[-96.99301,32.86648],[-96.99161,32.86797],[-96.99246,32.86976],[-96.99471,32.87008],[-96.99611,32.8686],[-96.99525,32.8668],[-96.99301,32.86648]]]}},{"type":"Feature","properties":{"h3":"8926c86e3d7ffff","mii":29,"trt":0.0,"glp1":0.0,"pharmacy":0.0,"gym":0.0,"n":0},"geometry":{"type":"Polygon","coordinates":[[[-96.99355,32.8632],[-96.99216,32.86468],[-96.99301,32.86648],[-96.99525,32.8668],[-96.99665,32.86531],[-96.9958,32.86352],[-96.99355,32.8632]]]}},{"type":"Feature","properties":{"h3":"8926c86e38bffff","mii":29,"trt":0.0,"glp1":0.0,"pharmacy":0.0,"gym":0.0,"n":0},"geometry":{"type":"Polygon","coordinates":[[[-96.99046,32.86109],[-96.98906,32.86257],[-96.98991,32.86437],[-96.99216,32.86468],[-96.99355,32.8632],[-96.9927,32.8614],[-96.99046,32.86109]]]}},{"type":"Feature","properties":{"h3":"8926c86e383ffff","mii":29,"trt":0.0,"glp1":0.0,"pharmacy":0.0,"gym":0.0,"n":0},"geometry":{"type":"Polygon","coordinates":[[[-96.98681,32.86226],[-96.98541,32.86374],[-96.98626,32.86554],[-96.98851,32.86585],[-96.98991,32.86437],[-96.98906,32.86257],[-96.98681,32.86226]]]}},{"type":"Feature","properties":{"h3":"8926c86e393ffff","mii":29,"trt":0.0,"glp1":0.0,"pharmacy":0.0,"gym":0.0,"n":0},"geometry":{"type":"Polygon","coordinates":[[[-96.98626,32.86554],[-96.98486,32.86702],[-96.98571,32.86882],[-96.98796,32.86913],[-96.98936,32.86765],[-96.98851,32.86585],[-96.98626,32.86554]]]}},{"type":"Feature","properties":{"h3":"8926c875ba7ffff","mii":29,"trt":0.0,"glp1":0.0,"pharmacy":0.0,"gym":0.0,"n":0},"geometry":{"type":"Polygon","coordinates":[[[-96.83876,32.96228],[-96.83736,32.96376],[-96.83821,32.96556],[-96.84046,32.96588],[-96.84186,32.9644],[-96.84101,32.9626],[-96.83876,32.96228]]]}},{"type":"Feature","properties":{"h3":"8926c875bafffff","mii":29,"trt":0.0,"glp1":0.0,"pharmacy":0.0,"gym":0.0,"n":0},"geometry":{"type":"Polygon","coordinates":[[[-96.84241,32.96112],[-96.84101,32.9626],[-96.84186,32.9644],[-96.84411,32.96472],[-96.84551,32.96324],[-96.84466,32.96144],[-96.84241,32.96112]]]}},{"type":"Feature","properties":{"h3":"8926c875b37ffff","mii":29,"trt":0.0,"glp1":0.0,"pharmacy":0.0,"gym":0.0,"n":0},"geometry":{"type":"Polygon","coordinates":[[[-96.84297,32.95784],[-96.84157,32.95932],[-96.84241,32.96112],[-96.84466,32.96144],[-96.84606,32.95996],[-96.84522,32.95816],[-96.84297,32.95784]]]}},{"type":"Feature","properties":{"h3":"8926c8666cbffff","mii":29,"trt":0.0,"glp1":0.0,"pharmacy":0.0,"gym":0.0,"n":0},"geometry":{"type":"Polygon","coordinates":[[[-96.83987,32.95573],[-96.83847,32.95721],[-96.83932,32.959],[-96.84157,32.95932],[-96.84297,32.95784],[-96.84212,32.95604],[-96.83987,32.95573]]]}},{"type":"Feature","properties":{"h3":"8926c8666c3ffff","mii":29,"trt":0.0,"glp1":0.0,"pharmacy":0.0,"gym":0.0,"n":0},"geometry":{"type":"Polygon","coordinates":[[[-96.83622,32.95689],[-96.83482,32.95837],[-96.83567,32.96017],[-96.83792,32.96048],[-96.83932,32.959],[-96.83847,32.95721],[-96.83622,32.95689]]]}},{"type":"Feature","properties":{"h3":"8926c8666d3ffff","mii":29,"trt":0.0,"glp1":0.0,"pharmacy":0.0,"gym":0.0,"n":0},"geometry":{"type":"Polygon","coordinates":[[[-96.83567,32.96017],[-96.83427,32.96165],[-96.83511,32.96344],[-96.83736,32.96376],[-96.83876,32.96228],[-96.83792,32.96048],[-96.83567,32.96017]]]}},{"type":"Feature","properties":{"h3":"8926c874937ffff","mii":29,"trt":0.0,"glp1":0.0,"pharmacy":0.0,"gym":0.0,"n":0},"geometry":{"type":"Polygon","coordinates":[[[-96.74466,32.96739],[-96.74325,32.96887],[-96.7441,32.97067],[-96.74635,32.97099],[-96.74775,32.96951],[-96.7469,32.96771],[-96.74466,32.96739]]]}},{"type":"Feature","properties":{"h3":"8926c874923ffff","mii":29,"trt":0.0,"glp1":0.0,"pharmacy":0.0,"gym":0.0,"n":0},"geometry":{"type":"Polygon","coordinates":[[[-96.74831,32.96623],[-96.7469,32.96771],[-96.74775,32.96951],[-96.75,32.96983],[-96.7514,32.96835],[-96.75055,32.96655],[-96.74831,32.96623]]]}},{"type":"Feature","properties":{"h3":"8926c87492fffff","mii":29,"trt":0.0,"glp1":0.0,"pharmacy":0.0,"gym":0.0,"n":0},"geometry":{"type":"Polygon","coordinates":[[[-96.74886,32.96296],[-96.74746,32.96444],[-96.74831,32.96623],[-96.75055,32.96655],[-96.75196,32.96507],[-96.75111,32.96328],[-96.74886,32.96296]]]}},{"type":"Feature","properties":{"h3":"8926c82945bffff","mii":29,"trt":0.0,"glp1":0.0,"pharmacy":0.0,"gym":0.0,"n":0},"geometry":{"type":"Polygon","coordinates":[[[-96.74577,32.96084],[-96.74437,32.96232],[-96.74521,32.96412],[-96.74746,32.96444],[-96.74886,32.96296],[-96.74802,32.96116],[-96.74577,32.96084]]]}},{"type":"Feature","properties":{"h3":"8926c829453ffff","mii":29,"trt":0.0,"glp1":0.0,"pharmacy":0.0,"gym":0.0,"n":0},"geometry":{"type":"Polygon","coordinates":[[[-96.74212,32.962],[-96.74072,32.96348],[-96.74156,32.96527],[-96.74381,32.96559],[-96.74521,32.96412],[-96.74437,32.96232],[-96.74212,32.962]]]}},{"type":"Feature","properties":{"h3":"8926c8294cbffff","mii":29,"trt":0.0,"glp1":0.0,"pharmacy":0.0,"gym":0.0,"n":0},"geometry":{"type":"Polygon","coordinates":[[[-96.74156,32.96527],[-96.74016,32.96675],[-96.74101,32.96855],[-96.74325,32.96887],[-96.74466,32.96739],[-96.74381,32.96559],[-96.74156,32.96527]]]}},{"type":"Feature","properties":{"h3":"8926c86226fffff","mii":29,"trt":0.6,"glp1":3.4,"pharmacy":0.0,"gym":0.0,"n":7},"geometry":{"type":"Polygon","coordinates":[[[-96.99165,33.01904],[-96.99025,33.02052],[-96.9911,33.02232],[-96.99335,33.02264],[-96.99475,33.02116],[-96.9939,33.01936],[-96.99165,33.01904]]]}},{"type":"Feature","properties":{"h3":"8926cb9987bffff","mii":29,"trt":0.0,"glp1":0.0,"pharmacy":0.0,"gym":0.0,"n":0},"geometry":{"type":"Polygon","coordinates":[[[-96.91029,32.66],[-96.9089,32.66149],[-96.90974,32.66329],[-96.91199,32.6636],[-96.91338,32.66212],[-96.91254,32.66032],[-96.91029,32.66]]]}},{"type":"Feature","properties":{"h3":"8926cb99ab7ffff","mii":29,"trt":0.0,"glp1":0.0,"pharmacy":0.0,"gym":0.0,"n":0},"geometry":{"type":"Polygon","coordinates":[[[-96.91393,32.65884],[-96.91254,32.66032],[-96.91338,32.66212],[-96.91563,32.66244],[-96.91703,32.66095],[-96.91618,32.65915],[-96.91393,32.65884]]]}},{"type":"Feature","properties":{"h3":"8926cb99aa7ffff","mii":29,"trt":0.0,"glp1":0.0,"pharmacy":0.0,"gym":0.0,"n":0},"geometry":{"type":"Polygon","coordinates":[[[-96.91448,32.65555],[-96.91309,32.65704],[-96.91393,32.65884],[-96.91618,32.65915],[-96.91758,32.65767],[-96.91673,32.65587],[-96.91448,32.65555]]]}},{"type":"Feature","properties":{"h3":"8926cb99bd3ffff","mii":29,"trt":0.0,"glp1":0.0,"pharmacy":0.0,"gym":0.0,"n":0},"geometry":{"type":"Polygon","coordinates":[[[-96.91139,32.65344],[-96.91,32.65492],[-96.91084,32.65672],[-96.91309,32.65704],[-96.91448,32.65555],[-96.91364,32.65375],[-96.91139,32.65344]]]}},{"type":"Feature","properties":{"h3":"8926cb9986fffff","mii":29,"trt":0.0,"glp1":0.0,"pharmacy":0.0,"gym":0.0,"n":0},"geometry":{"type":"Polygon","coordinates":[[[-96.90775,32.65461],[-96.90636,32.65609],[-96.9072,32.65789],[-96.90945,32.6582],[-96.91084,32.65672],[-96.91,32.65492],[-96.90775,32.65461]]]}},{"type":"Feature","properties":{"h3":"8926cb99863ffff","mii":29,"trt":0.0,"glp1":0.0,"pharmacy":0.0,"gym":0.0,"n":0},"geometry":{"type":"Polygon","coordinates":[[[-96.9072,32.65789],[-96.90581,32.65937],[-96.90665,32.66117],[-96.9089,32.66149],[-96.91029,32.66],[-96.90945,32.6582],[-96.9072,32.65789]]]}},{"type":"Feature","properties":{"h3":"8926c866807ffff","mii":28,"trt":0.0,"glp1":0.0,"pharmacy":0.0,"gym":0.0,"n":0},"geometry":{"type":"Polygon","coordinates":[[[-96.76639,32.87986],[-96.76499,32.88134],[-96.76584,32.88314],[-96.76808,32.88346],[-96.76948,32.88198],[-96.76864,32.88018],[-96.76639,32.87986]]]}},{"type":"Feature","properties":{"h3":"8926cbda337ffff","mii":28,"trt":0.0,"glp1":0.0,"pharmacy":0.0,"gym":0.0,"n":0},"geometry":{"type":"Polygon","coordinates":[[[-97.33972,32.73305],[-97.33832,32.73454],[-97.33918,32.73634],[-97.34143,32.73665],[-97.34283,32.73516],[-97.34197,32.73336],[-97.33972,32.73305]]]}},{"type":"Feature","properties":{"h3":"8926cbda3afffff","mii":28,"trt":0.6,"glp1":0.75,"pharmacy":0.0,"gym":0.0,"n":2},"geometry":{"type":"Polygon","coordinates":[[[-97.33918,32.73634],[-97.33778,32.73783],[-97.33864,32.73963],[-97.34089,32.73993],[-97.34229,32.73844],[-97.34143,32.73665],[-97.33918,32.73634]]]}},{"type":"Feature","properties":{"h3":"8926cbda32bffff","mii":28,"trt":0.0,"glp1":0.0,"pharmacy":0.0,"gym":0.0,"n":0},"geometry":{"type":"Polygon","coordinates":[[[-97.34701,32.73069],[-97.34562,32.73218],[-97.34647,32.73397],[-97.34873,32.73428],[-97.35012,32.73279],[-97.34926,32.73099],[-97.34701,32.73069]]]}},{"type":"Feature","properties":{"h3":"8926c876b87ffff","mii":28,"trt":0.0,"glp1":0.0,"pharmacy":0.0,"gym":0.0,"n":0},"geometry":{"type":"Polygon","coordinates":[[[-96.7383,33.0252],[-96.73689,33.02668],[-96.73774,33.02848],[-96.73999,33.0288],[-96.74139,33.02732],[-96.74055,33.02552],[-96.7383,33.0252]]]}},{"type":"Feature","properties":{"h3":"8926c876b8fffff","mii":28,"trt":0.0,"glp1":0.0,"pharmacy":0.0,"gym":0.0,"n":0},"geometry":{"type":"Polygon","coordinates":[[[-96.74195,33.02404],[-96.74055,33.02552],[-96.74139,33.02732],[-96.74364,33.02764],[-96.74504,33.02616],[-96.7442,33.02436],[-96.74195,33.02404]]]}},{"type":"Feature","properties":{"h3":"8926c876b17ffff","mii":28,"trt":0.0,"glp1":0.0,"pharmacy":0.0,"gym":0.0,"n":0},"geometry":{"type":"Polygon","coordinates":[[[-96.7425,33.02077],[-96.7411,33.02225],[-96.74195,33.02404],[-96.7442,33.02436],[-96.7456,33.02289],[-96.74475,33.02109],[-96.7425,33.02077]]]}},{"type":"Feature","properties":{"h3":"8926c876babffff","mii":28,"trt":0.0,"glp1":0.0,"pharmacy":0.0,"gym":0.0,"n":0},"geometry":{"type":"Polygon","coordinates":[[[-96.73941,33.01865],[-96.73801,33.02013],[-96.73885,33.02193],[-96.7411,33.02225],[-96.7425,33.02077],[-96.74166,33.01897],[-96.73941,33.01865]]]}},{"type":"Feature","properties":{"h3":"8926c876ba3ffff","mii":28,"trt":0.0,"glp1":0.0,"pharmacy":0.0,"gym":0.0,"n":0},"geometry":{"type":"Polygon","coordinates":[[[-96.73576,33.01981],[-96.73436,33.02129],[-96.7352,33.02308],[-96.73745,33.0234],[-96.73885,33.02193],[-96.73801,33.02013],[-96.73576,33.01981]]]}},{"type":"Feature","properties":{"h3":"8926c876bb3ffff","mii":28,"trt":0.0,"glp1":0.0,"pharmacy":0.0,"gym":0.0,"n":0},"geometry":{"type":"Polygon","coordinates":[[[-96.7352,33.02308],[-96.7338,33.02456],[-96.73465,33.02636],[-96.73689,33.02668],[-96.7383,33.0252],[-96.73745,33.0234],[-96.7352,33.02308]]]}},{"type":"Feature","properties":{"h3":"8926c844353ffff","mii":28,"trt":0.0,"glp1":0.0,"pharmacy":0.0,"gym":0.0,"n":0},"geometry":{"type":"Polygon","coordinates":[[[-97.13321,33.22834],[-97.13181,33.22982],[-97.13267,33.23161],[-97.13492,33.23193],[-97.13633,33.23045],[-97.13547,33.22865],[-97.13321,33.22834]]]}},{"type":"Feature","properties":{"h3":"8926c844343ffff","mii":28,"trt":0.0,"glp1":0.0,"pharmacy":0.0,"gym":0.0,"n":0},"geometry":{"type":"Polygon","coordinates":[[[-97.13376,33.22506],[-97.13236,33.22654],[-97.13321,33.22834],[-97.13547,33.22865],[-97.13687,33.22717],[-97.13602,33.22537],[-97.13376,33.22506]]]}},{"type":"Feature","properties":{"h3":"8926c844347ffff","mii":28,"trt":0.0,"glp1":0.0,"pharmacy":0.0,"gym":0.0,"n":0},"geometry":{"type":"Polygon","coordinates":[[[-97.13065,33.22295],[-97.12924,33.22443],[-97.1301,33.22623],[-97.13236,33.22654],[-97.13376,33.22506],[-97.1329,33.22326],[-97.13065,33.22295]]]}},{"type":"Feature","properties":{"h3":"8926c8674c3ffff","mii":28,"trt":0.45,"glp1":4.6,"pharmacy":0.0,"gym":0.0,"n":9},"geometry":{"type":"Polygon","coordinates":[[[-96.88346,32.96356],[-96.88205,32.96504],[-96.8829,32.96684],[-96.88515,32.96715],[-96.88655,32.96567],[-96.88571,32.96388],[-96.88346,32.96356]]]}},{"type":"Feature","properties":{"h3":"8926c8690c7ffff","mii":28,"trt":0.0,"glp1":0.0,"pharmacy":0.0,"gym":0.0,"n":0},"geometry":{"type":"Polygon","coordinates":[[[-97.24846,32.93053],[-97.24706,32.93202],[-97.24792,32.93381],[-97.25017,32.93413],[-97.25157,32.93264],[-97.25071,32.93084],[-97.24846,32.93053]]]}},{"type":"Feature","properties":{"h3":"8926c8690cfffff","mii":28,"trt":0.0,"glp1":0.0,"pharmacy":0.0,"gym":0.0,"n":0},"geometry":{"type":"Polygon","coordinates":[[[-97.25211,32.92936],[-97.25071,32.93084],[-97.25157,32.93264],[-97.25382,32.93295],[-97.25522,32.93146],[-97.25437,32.92967],[-97.25211,32.92936]]]}},{"type":"Feature","properties":{"h3":"8926c869057ffff","mii":28,"trt":0.0,"glp1":0.0,"pharmacy":0.0,"gym":0.0,"n":0},"geometry":{"type":"Polygon","coordinates":[[[-97.25266,32.92607],[-97.25126,32.92756],[-97.25211,32.92936],[-97.25437,32.92967],[-97.25577,32.92818],[-97.25491,32.92638],[-97.25266,32.92607]]]}},{"type":"Feature","properties":{"h3":"8926c86900bffff","mii":28,"trt":0.0,"glp1":0.0,"pharmacy":0.0,"gym":0.0,"n":0},"geometry":{"type":"Polygon","coordinates":[[[-97.24954,32.92396],[-97.24815,32.92545],[-97.249,32.92725],[-97.25126,32.92756],[-97.25266,32.92607],[-97.2518,32.92427],[-97.24954,32.92396]]]}},{"type":"Feature","properties":{"h3":"8926c869003ffff","mii":28,"trt":0.0,"glp1":0.0,"pharmacy":0.0,"gym":0.0,"n":0},"geometry":{"type":"Polygon","coordinates":[[[-97.24589,32.92514],[-97.24449,32.92663],[-97.24535,32.92842],[-97.2476,32.92873],[-97.249,32.92725],[-97.24815,32.92545],[-97.24589,32.92514]]]}},{"type":"Feature","properties":{"h3":"8926c869013ffff","mii":28,"trt":0.0,"glp1":0.0,"pharmacy":0.0,"gym":0.0,"n":0},"geometry":{"type":"Polygon","coordinates":[[[-97.24535,32.92842],[-97.24395,32.92991],[-97.24481,32.93171],[-97.24706,32.93202],[-97.24846,32.93053],[-97.2476,32.92873],[-97.24535,32.92842]]]}},{"type":"Feature","properties":{"h3":"8926c80de2fffff","mii":27,"trt":0.0,"glp1":0.0,"pharmacy":0.0,"gym":0.45,"n":1},"geometry":{"type":"Polygon","coordinates":[[[-96.83786,33.15168],[-96.83645,33.15316],[-96.8373,33.15496],[-96.83956,33.15528],[-96.84096,33.1538],[-96.84011,33.152],[-96.83786,33.15168]]]}},{"type":"Feature","properties":{"h3":"8926c86a853ffff","mii":27,"trt":0.5,"glp1":0.0,"pharmacy":0.0,"gym":0.0,"n":1},"geometry":{"type":"Polygon","coordinates":[[[-97.10999,32.9315],[-97.10859,32.93299],[-97.10944,32.93478],[-97.1117,32.9351],[-97.1131,32.93361],[-97.11224,32.93182],[-97.10999,32.9315]]]}},{"type":"Feature","properties":{"h3":"8926c82e0a7ffff","mii":27,"trt":1.4,"glp1":0.0,"pharmacy":0.0,"gym":0.0,"n":2},"geometry":{"type":"Polygon","coordinates":[[[-96.46544,32.88541],[-96.46404,32.88689],[-96.46488,32.88869],[-96.46712,32.88901],[-96.46852,32.88754],[-96.46768,32.88574],[-96.46544,32.88541]]]}},{"type":"Feature","properties":{"h3":"8926caa6417ffff","mii":27,"trt":0.0,"glp1":0.0,"pharmacy":0.0,"gym":0.0,"n":0},"geometry":{"type":"Polygon","coordinates":[[[-97.31137,32.94759],[-97.30997,32.94907],[-97.31083,32.95087],[-97.31309,32.95118],[-97.31449,32.94969],[-97.31363,32.9479],[-97.31137,32.94759]]]}},{"type":"Feature","properties":{"h3":"8926caa6403ffff","mii":27,"trt":0.0,"glp1":0.0,"pharmacy":0.0,"gym":0.0,"n":0},"geometry":{"type":"Polygon","coordinates":[[[-97.31503,32.94641],[-97.31363,32.9479],[-97.31449,32.94969],[-97.31674,32.95],[-97.31814,32.94852],[-97.31728,32.94672],[-97.31503,32.94641]]]}},{"type":"Feature","properties":{"h3":"8926caa640fffff","mii":27,"trt":0.0,"glp1":0.0,"pharmacy":0.0,"gym":0.0,"n":0},"geometry":{"type":"Polygon","coordinates":[[[-97.31557,32.94313],[-97.31417,32.94461],[-97.31503,32.94641],[-97.31728,32.94672],[-97.31868,32.94523],[-97.31782,32.94344],[-97.31557,32.94313]]]}},{"type":"Feature","properties":{"h3":"8926caa643bffff","mii":27,"trt":0.0,"glp1":0.0,"pharmacy":0.0,"gym":0.0,"n":0},"geometry":{"type":"Polygon","coordinates":[[[-97.31246,32.94102],[-97.31106,32.94251],[-97.31191,32.9443],[-97.31417,32.94461],[-97.31557,32.94313],[-97.31471,32.94133],[-97.31246,32.94102]]]}},{"type":"Feature","properties":{"h3":"8926caa6433ffff","mii":27,"trt":0.0,"glp1":0.0,"pharmacy":0.0,"gym":0.0,"n":0},"geometry":{"type":"Polygon","coordinates":[[[-97.3088,32.9422],[-97.3074,32.94368],[-97.30826,32.94548],[-97.31052,32.94579],[-97.31191,32.9443],[-97.31106,32.94251],[-97.3088,32.9422]]]}},{"type":"Feature","properties":{"h3":"8926caa64abffff","mii":27,"trt":0.0,"glp1":0.0,"pharmacy":0.0,"gym":0.0,"n":0},"geometry":{"type":"Polygon","coordinates":[[[-97.30826,32.94548],[-97.30686,32.94697],[-97.30772,32.94876],[-97.30997,32.94907],[-97.31137,32.94759],[-97.31052,32.94579],[-97.30826,32.94548]]]}},{"type":"Feature","properties":{"h3":"8926c86d01bffff","mii":27,"trt":0.6,"glp1":2.6,"pharmacy":0.0,"gym":0.0,"n":5},"geometry":{"type":"Polygon","coordinates":[[[-97.0968,32.82387],[-97.0954,32.82535],[-97.09625,32.82715],[-97.0985,32.82746],[-97.0999,32.82598],[-97.09905,32.82418],[-97.0968,32.82387]]]}},{"type":"Feature","properties":{"h3":"8926cb8a077ffff","mii":27,"trt":0.0,"glp1":0.0,"pharmacy":0.0,"gym":0.0,"n":0},"geometry":{"type":"Polygon","coordinates":[[[-96.86416,32.60645],[-96.86277,32.60793],[-96.86361,32.60973],[-96.86586,32.61005],[-96.86725,32.60856],[-96.86641,32.60676],[-96.86416,32.60645]]]}},{"type":"Feature","properties":{"h3":"8926cb8a063ffff","mii":27,"trt":0.0,"glp1":0.0,"pharmacy":0.0,"gym":0.0,"n":0},"geometry":{"type":"Polygon","coordinates":[[[-96.8678,32.60528],[-96.86641,32.60676],[-96.86725,32.60856],[-96.86949,32.60888],[-96.87089,32.6074],[-96.87005,32.6056],[-96.8678,32.60528]]]}},{"type":"Feature","properties":{"h3":"8926cb8a06fffff","mii":27,"trt":0.0,"glp1":0.0,"pharmacy":0.0,"gym":0.0,"n":0},"geometry":{"type":"Polygon","coordinates":[[[-96.86835,32.602],[-96.86696,32.60348],[-96.8678,32.60528],[-96.87005,32.6056],[-96.87144,32.60411],[-96.8706,32.60231],[-96.86835,32.602]]]}},{"type":"Feature","properties":{"h3":"8926cb8a39bffff","mii":27,"trt":0.0,"glp1":0.0,"pharmacy":0.0,"gym":0.0,"n":0},"geometry":{"type":"Polygon","coordinates":[[[-96.86527,32.59988],[-96.86387,32.60136],[-96.86472,32.60316],[-96.86696,32.60348],[-96.86835,32.602],[-96.86751,32.6002],[-96.86527,32.59988]]]}},{"type":"Feature","properties":{"h3":"8926cb8a393ffff","mii":27,"trt":0.0,"glp1":0.0,"pharmacy":0.0,"gym":0.0,"n":0},"geometry":{"type":"Polygon","coordinates":[[[-96.86163,32.60105],[-96.86023,32.60253],[-96.86108,32.60433],[-96.86332,32.60465],[-96.86472,32.60316],[-96.86387,32.60136],[-96.86163,32.60105]]]}},{"type":"Feature","properties":{"h3":"8926cb8a02bffff","mii":27,"trt":0.0,"glp1":0.0,"pharmacy":0.0,"gym":0.0,"n":0},"geometry":{"type":"Polygon","coordinates":[[[-96.86108,32.60433],[-96.85968,32.60582],[-96.86053,32.60762],[-96.86277,32.60793],[-96.86416,32.60645],[-96.86332,32.60465],[-96.86108,32.60433]]]}},{"type":"Feature","properties":{"h3":"8926c80de2bffff","mii":26,"trt":0.65,"glp1":0.0,"pharmacy":0.0,"gym":0.0,"n":1},"geometry":{"type":"Polygon","coordinates":[[[-96.84096,33.1538],[-96.83956,33.15528],[-96.84041,33.15707],[-96.84266,33.15739],[-96.84406,33.15591],[-96.84321,33.15412],[-96.84096,33.1538]]]}},{"type":"Feature","properties":{"h3":"8926c863253ffff","mii":26,"trt":0.0,"glp1":0.0,"pharmacy":0.0,"gym":0.0,"n":0},"geometry":{"type":"Polygon","coordinates":[[[-97.0691,33.03155],[-97.0677,33.03303],[-97.06856,33.03483],[-97.07081,33.03515],[-97.07221,33.03366],[-97.07136,33.03187],[-97.0691,33.03155]]]}},{"type":"Feature","properties":{"h3":"8926c86321bffff","mii":26,"trt":0.0,"glp1":0.0,"pharmacy":0.0,"gym":0.0,"n":0},"geometry":{"type":"Polygon","coordinates":[[[-97.06234,33.03061],[-97.06094,33.03209],[-97.06179,33.03389],[-97.06405,33.0342],[-97.06545,33.03272],[-97.0646,33.03092],[-97.06234,33.03061]]]}},{"type":"Feature","properties":{"h3":"8926cb9a14fffff","mii":26,"trt":0.0,"glp1":0.0,"pharmacy":0.0,"gym":0.0,"n":0},"geometry":{"type":"Polygon","coordinates":[[[-96.82532,32.75556],[-96.82392,32.75704],[-96.82476,32.75884],[-96.82701,32.75916],[-96.82841,32.75767],[-96.82756,32.75587],[-96.82532,32.75556]]]}},{"type":"Feature","properties":{"h3":"8926cb9a147ffff","mii":26,"trt":0.0,"glp1":0.0,"pharmacy":0.0,"gym":0.0,"n":0},"geometry":{"type":"Polygon","coordinates":[[[-96.82167,32.75672],[-96.82028,32.7582],[-96.82112,32.76],[-96.82337,32.76032],[-96.82476,32.75884],[-96.82392,32.75704],[-96.82167,32.75672]]]}},{"type":"Feature","properties":{"h3":"8926c866a27ffff","mii":26,"trt":1.3,"glp1":0.0,"pharmacy":0.0,"gym":0.0,"n":2},"geometry":{"type":"Polygon","coordinates":[[[-96.78629,32.86422],[-96.78489,32.8657],[-96.78573,32.8675],[-96.78798,32.86782],[-96.78938,32.86634],[-96.78854,32.86454],[-96.78629,32.86422]]]}},{"type":"Feature","properties":{"h3":"8926c86688bffff","mii":26,"trt":0.0,"glp1":0.0,"pharmacy":0.0,"gym":0.0,"n":0},"geometry":{"type":"Polygon","coordinates":[[[-96.76837,32.88853],[-96.76697,32.89001],[-96.76782,32.89181],[-96.77007,32.89213],[-96.77147,32.89065],[-96.77062,32.88885],[-96.76837,32.88853]]]}},{"type":"Feature","properties":{"h3":"8926c8668c7ffff","mii":26,"trt":0.0,"glp1":0.0,"pharmacy":0.0,"gym":0.0,"n":0},"geometry":{"type":"Polygon","coordinates":[[[-96.77202,32.88737],[-96.77062,32.88885],[-96.77147,32.89065],[-96.77371,32.89097],[-96.77511,32.88949],[-96.77427,32.88769],[-96.77202,32.88737]]]}},{"type":"Feature","properties":{"h3":"8926c86681bffff","mii":26,"trt":0.0,"glp1":0.0,"pharmacy":0.0,"gym":0.0,"n":0},"geometry":{"type":"Polygon","coordinates":[[[-96.77258,32.88409],[-96.77118,32.88557],[-96.77202,32.88737],[-96.77427,32.88769],[-96.77567,32.88621],[-96.77482,32.88441],[-96.77258,32.88409]]]}},{"type":"Feature","properties":{"h3":"8926c86688fffff","mii":26,"trt":0.0,"glp1":0.0,"pharmacy":0.0,"gym":0.0,"n":0},"geometry":{"type":"Polygon","coordinates":[[[-96.76528,32.88642],[-96.76388,32.8879],[-96.76473,32.88969],[-96.76697,32.89001],[-96.76837,32.88853],[-96.76753,32.88674],[-96.76528,32.88642]]]}},{"type":"Feature","properties":{"h3":"8926cb8a6d3ffff","mii":26,"trt":1.3,"glp1":0.0,"pharmacy":0.0,"gym":0.0,"n":2},"geometry":{"type":"Polygon","coordinates":[[[-96.88976,32.63863],[-96.88836,32.64011],[-96.88921,32.64191],[-96.89145,32.64223],[-96.89285,32.64074],[-96.892,32.63894],[-96.88976,32.63863]]]}},{"type":"Feature","properties":{"h3":"8926cb9a17bffff","mii":26,"trt":1.35,"glp1":0.0,"pharmacy":0.0,"gym":0.0,"n":2},"geometry":{"type":"Polygon","coordinates":[[[-96.82223,32.75344],[-96.82083,32.75492],[-96.82167,32.75672],[-96.82392,32.75704],[-96.82532,32.75556],[-96.82447,32.75376],[-96.82223,32.75344]]]}},{"type":"Feature","properties":{"h3":"8926c874c9bffff","mii":26,"trt":1.3,"glp1":0.0,"pharmacy":0.0,"gym":0.0,"n":2},"geometry":{"type":"Polygon","coordinates":[[[-96.77005,33.02133],[-96.76865,33.02281],[-96.76949,33.0246],[-96.77174,33.02492],[-96.77314,33.02345],[-96.7723,33.02165],[-96.77005,33.02133]]]}},{"type":"Feature","properties":{"h3":"8926cbd9e37ffff","mii":26,"trt":1.3,"glp1":0.0,"pharmacy":0.0,"gym":0.0,"n":2},"geometry":{"type":"Polygon","coordinates":[[[-97.42383,32.66215],[-97.42243,32.66364],[-97.42329,32.66544],[-97.42554,32.66574],[-97.42693,32.66425],[-97.42608,32.66245],[-97.42383,32.66215]]]}},{"type":"Feature","properties":{"h3":"8926ca84ccfffff","mii":26,"trt":1.35,"glp1":0.0,"pharmacy":0.0,"gym":0.0,"n":2},"geometry":{"type":"Polygon","coordinates":[[[-97.59404,33.21103],[-97.59264,33.21251],[-97.5935,33.21431],[-97.59577,33.21461],[-97.59717,33.21313],[-97.5963,33.21133],[-97.59404,33.21103]]]}},{"type":"Feature","properties":{"h3":"8926c86ca1bffff","mii":26,"trt":0.45,"glp1":3.4,"pharmacy":0.0,"gym":0.0,"n":7},"geometry":{"type":"Polygon","coordinates":[[[-97.01001,32.76472],[-97.00861,32.76621],[-97.00946,32.76801],[-97.01171,32.76832],[-97.0131,32.76684],[-97.01225,32.76504],[-97.01001,32.76472]]]}},{"type":"Feature","properties":{"h3":"8926cbd34a3ffff","mii":26,"trt":0.0,"glp1":0.0,"pharmacy":0.0,"gym":0.0,"n":0},"geometry":{"type":"Polygon","coordinates":[[[-97.22512,32.84165],[-97.22372,32.84314],[-97.22457,32.84493],[-97.22683,32.84525],[-97.22822,32.84376],[-97.22737,32.84196],[-97.22512,32.84165]]]}},{"type":"Feature","properties":{"h3":"8926cbd34abffff","mii":26,"trt":0.0,"glp1":0.0,"pharmacy":0.0,"gym":0.0,"n":0},"geometry":{"type":"Polygon","coordinates":[[[-97.22877,32.84047],[-97.22737,32.84196],[-97.22822,32.84376],[-97.23048,32.84407],[-97.23187,32.84258],[-97.23102,32.84078],[-97.22877,32.84047]]]}},{"type":"Feature","properties":{"h3":"8926cbd3433ffff","mii":26,"trt":0.0,"glp1":0.0,"pharmacy":0.0,"gym":0.0,"n":0},"geometry":{"type":"Polygon","coordinates":[[[-97.22931,32.83719],[-97.22791,32.83868],[-97.22877,32.84047],[-97.23102,32.84078],[-97.23242,32.8393],[-97.23156,32.8375],[-97.22931,32.83719]]]}},{"type":"Feature","properties":{"h3":"8926cbd3437ffff","mii":26,"trt":0.0,"glp1":0.0,"pharmacy":0.0,"gym":0.0,"n":0},"geometry":{"type":"Polygon","coordinates":[[[-97.2262,32.83508],[-97.2248,32.83657],[-97.22566,32.83836],[-97.22791,32.83868],[-97.22931,32.83719],[-97.22845,32.83539],[-97.2262,32.83508]]]}},{"type":"Feature","properties":{"h3":"8926cbd35dbffff","mii":26,"trt":0.0,"glp1":0.0,"pharmacy":0.0,"gym":0.0,"n":0},"geometry":{"type":"Polygon","coordinates":[[[-97.22255,32.83626],[-97.22116,32.83774],[-97.22201,32.83954],[-97.22426,32.83985],[-97.22566,32.83836],[-97.2248,32.83657],[-97.22255,32.83626]]]}},{"type":"Feature","properties":{"h3":"8926cbd34a7ffff","mii":26,"trt":0.0,"glp1":0.0,"pharmacy":0.0,"gym":0.0,"n":0},"geometry":{"type":"Polygon","coordinates":[[[-97.22201,32.83954],[-97.22061,32.84103],[-97.22147,32.84283],[-97.22372,32.84314],[-97.22512,32.84165],[-97.22426,32.83985],[-97.22201,32.83954]]]}},{"type":"Feature","properties":{"h3":"8926cbd8d5bffff","mii":25,"trt":0.0,"glp1":0.0,"pharmacy":0.0,"gym":0.65,"n":1},"geometry":{"type":"Polygon","coordinates":[[[-97.3266,32.66568],[-97.3252,32.66717],[-97.32606,32.66897],[-97.32831,32.66928],[-97.3297,32.66779],[-97.32885,32.66599],[-97.3266,32.66568]]]}},{"type":"Feature","properties":{"h3":"8926cb9338fffff","mii":25,"trt":0.0,"glp1":0.0,"pharmacy":0.0,"gym":1.55,"n":3},"geometry":{"type":"Polygon","coordinates":[[[-96.72979,32.81087],[-96.72839,32.81234],[-96.72923,32.81414],[-96.73148,32.81446],[-96.73288,32.81298],[-96.73203,32.81118],[-96.72979,32.81087]]]}},{"type":"Feature","properties":{"h3":"8926cb93383ffff","mii":25,"trt":0.0,"glp1":0.0,"pharmacy":0.0,"gym":0.0,"n":0},"geometry":{"type":"Polygon","coordinates":[[[-96.72923,32.81414],[-96.72783,32.81562],[-96.72868,32.81742],[-96.73092,32.81774],[-96.73232,32.81626],[-96.73148,32.81446],[-96.72923,32.81414]]]}},{"type":"Feature","properties":{"h3":"8926cb9338bffff","mii":25,"trt":0.0,"glp1":0.0,"pharmacy":0.0,"gym":0.0,"n":0},"geometry":{"type":"Polygon","coordinates":[[[-96.73288,32.81298],[-96.73148,32.81446],[-96.73232,32.81626],[-96.73457,32.81658],[-96.73597,32.8151],[-96.73512,32.8133],[-96.73288,32.81298]]]}},{"type":"Feature","properties":{"h3":"8926cb93313ffff","mii":25,"trt":0.0,"glp1":0.0,"pharmacy":0.0,"gym":0.0,"n":0},"geometry":{"type":"Polygon","coordinates":[[[-96.73343,32.8097],[-96.73203,32.81118],[-96.73288,32.81298],[-96.73512,32.8133],[-96.73652,32.81182],[-96.73568,32.81002],[-96.73343,32.8097]]]}},{"type":"Feature","properties":{"h3":"8926cb93317ffff","mii":25,"trt":0.0,"glp1":0.0,"pharmacy":0.0,"gym":0.0,"n":0},"geometry":{"type":"Polygon","coordinates":[[[-96.73034,32.80759],[-96.72894,32.80907],[-96.72979,32.81087],[-96.73203,32.81118],[-96.73343,32.8097],[-96.73259,32.80791],[-96.73034,32.80759]]]}},{"type":"Feature","properties":{"h3":"8926cb933bbffff","mii":25,"trt":0.0,"glp1":0.0,"pharmacy":0.0,"gym":0.0,"n":0},"geometry":{"type":"Polygon","coordinates":[[[-96.7267,32.80875],[-96.7253,32.81023],[-96.72614,32.81203],[-96.72839,32.81234],[-96.72979,32.81087],[-96.72894,32.80907],[-96.7267,32.80875]]]}},{"type":"Feature","properties":{"h3":"8926cb93387ffff","mii":25,"trt":0.0,"glp1":0.0,"pharmacy":0.0,"gym":0.0,"n":0},"geometry":{"type":"Polygon","coordinates":[[[-96.72614,32.81203],[-96.72475,32.81351],[-96.72559,32.8153],[-96.72783,32.81562],[-96.72923,32.81414],[-96.72839,32.81234],[-96.72614,32.81203]]]}},{"type":"Feature","properties":{"h3":"8926caa615bffff","mii":25,"trt":0.0,"glp1":0.0,"pharmacy":0.0,"gym":0.65,"n":1},"geometry":{"type":"Polygon","coordinates":[[[-97.31056,32.91053],[-97.30916,32.91201],[-97.31002,32.91381],[-97.31227,32.91412],[-97.31367,32.91263],[-97.31281,32.91084],[-97.31056,32.91053]]]}},{"type":"Feature","properties":{"h3":"8926cbd2997ffff","mii":25,"trt":0.0,"glp1":0.0,"pharmacy":0.0,"gym":0.65,"n":1},"geometry":{"type":"Polygon","coordinates":[[[-97.09678,32.7617],[-97.09538,32.76319],[-97.09623,32.76499],[-97.09848,32.7653],[-97.09988,32.76381],[-97.09902,32.76201],[-97.09678,32.7617]]]}},{"type":"Feature","properties":{"h3":"8926cbd5437ffff","mii":25,"trt":0.0,"glp1":0.0,"pharmacy":0.0,"gym":0.65,"n":1},"geometry":{"type":"Polygon","coordinates":[[[-97.10731,32.67745],[-97.10591,32.67894],[-97.10677,32.68074],[-97.10901,32.68105],[-97.11041,32.67956],[-97.10956,32.67776],[-97.10731,32.67745]]]}},{"type":"Feature","properties":{"h3":"8926c86d647ffff","mii":25,"trt":0.0,"glp1":0.0,"pharmacy":0.0,"gym":0.45,"n":1},"geometry":{"type":"Polygon","coordinates":[[[-97.12271,32.83419],[-97.12132,32.83567],[-97.12217,32.83747],[-97.12442,32.83778],[-97.12582,32.8363],[-97.12496,32.8345],[-97.12271,32.83419]]]}},{"type":"Feature","properties":{"h3":"8926c86d657ffff","mii":25,"trt":0.0,"glp1":0.0,"pharmacy":0.0,"gym":0.45,"n":1},"geometry":{"type":"Polygon","coordinates":[[[-97.12217,32.83747],[-97.12077,32.83896],[-97.12162,32.84076],[-97.12387,32.84107],[-97.12527,32.83958],[-97.12442,32.83778],[-97.12217,32.83747]]]}},{"type":"Feature","properties":{"h3":"8926c860393ffff","mii":25,"trt":0.0,"glp1":0.0,"pharmacy":0.0,"gym":0.65,"n":1},"geometry":{"type":"Polygon","coordinates":[[[-96.99258,32.97219],[-96.99118,32.97367],[-96.99204,32.97547],[-96.99429,32.97578],[-96.99569,32.9743],[-96.99484,32.9725],[-96.99258,32.97219]]]}},{"type":"Feature","properties":{"h3":"8926c86a8c3ffff","mii":25,"trt":0.0,"glp1":0.0,"pharmacy":0.0,"gym":1.1,"n":2},"geometry":{"type":"Polygon","coordinates":[[[-97.10579,32.93596],[-97.10439,32.93744],[-97.10525,32.93924],[-97.1075,32.93955],[-97.1089,32.93807],[-97.10804,32.93627],[-97.10579,32.93596]]]}},{"type":"Feature","properties":{"h3":"8926c86a8c7ffff","mii":25,"trt":0.0,"glp1":0.0,"pharmacy":0.0,"gym":0.0,"n":0},"geometry":{"type":"Polygon","coordinates":[[[-97.10269,32.93384],[-97.10129,32.93533],[-97.10214,32.93713],[-97.10439,32.93744],[-97.10579,32.93596],[-97.10494,32.93416],[-97.10269,32.93384]]]}},{"type":"Feature","properties":{"h3":"8926c86680fffff","mii":25,"trt":0.0,"glp1":0.0,"pharmacy":0.0,"gym":0.65,"n":1},"geometry":{"type":"Polygon","coordinates":[[[-96.77004,32.8787],[-96.76864,32.88018],[-96.76948,32.88198],[-96.77173,32.8823],[-96.77313,32.88082],[-96.77229,32.87902],[-96.77004,32.8787]]]}},{"type":"Feature","properties":{"h3":"8926c866877ffff","mii":25,"trt":0.0,"glp1":0.0,"pharmacy":0.0,"gym":0.0,"n":0},"geometry":{"type":"Polygon","coordinates":[[[-96.77059,32.87542],[-96.76919,32.8769],[-96.77004,32.8787],[-96.77229,32.87902],[-96.77369,32.87754],[-96.77284,32.87574],[-96.77059,32.87542]]]}},{"type":"Feature","properties":{"h3":"8926c866b97ffff","mii":25,"trt":0.0,"glp1":0.0,"pharmacy":0.0,"gym":0.0,"n":0},"geometry":{"type":"Polygon","coordinates":[[[-96.76497,32.86791],[-96.76356,32.86939],[-96.76441,32.87119],[-96.76666,32.8715],[-96.76806,32.87002],[-96.76721,32.86823],[-96.76497,32.86791]]]}},{"type":"Feature","properties":{"h3":"8926c874e17ffff","mii":25,"trt":0.0,"glp1":0.0,"pharmacy":0.0,"gym":0.45,"n":1},"geometry":{"type":"Polygon","coordinates":[[[-96.79362,33.00454],[-96.79222,33.00602],[-96.79307,33.00782],[-96.79531,33.00814],[-96.79672,33.00666],[-96.79587,33.00486],[-96.79362,33.00454]]]}},{"type":"Feature","properties":{"h3":"8926c874e07ffff","mii":25,"trt":0.0,"glp1":0.0,"pharmacy":0.0,"gym":0.65,"n":1},"geometry":{"type":"Polygon","coordinates":[[[-96.79418,33.00127],[-96.79277,33.00275],[-96.79362,33.00454],[-96.79587,33.00486],[-96.79727,33.00338],[-96.79642,33.00159],[-96.79418,33.00127]]]}},{"type":"Feature","properties":{"h3":"8926c876203ffff","mii":25,"trt":0.0,"glp1":0.0,"pharmacy":0.0,"gym":0.65,"n":1},"geometry":{"type":"Polygon","coordinates":[[[-96.80731,33.08699],[-96.8059,33.08847],[-96.80675,33.09027],[-96.809,33.09059],[-96.81041,33.08911],[-96.80956,33.08731],[-96.80731,33.08699]]]}},{"type":"Feature","properties":{"h3":"8926c82b6bbffff","mii":25,"trt":0.0,"glp1":0.0,"pharmacy":0.0,"gym":0.65,"n":1},"geometry":{"type":"Polygon","coordinates":[[[-96.71719,33.0071],[-96.71579,33.00858],[-96.71664,33.01037],[-96.71888,33.0107],[-96.72029,33.00922],[-96.71944,33.00742],[-96.71719,33.0071]]]}},{"type":"Feature","properties":{"h3":"8926c82812fffff","mii":25,"trt":0.0,"glp1":0.0,"pharmacy":0.0,"gym":0.65,"n":1},"geometry":{"type":"Polygon","coordinates":[[[-96.63678,32.91173],[-96.63538,32.91321],[-96.63622,32.91501],[-96.63847,32.91533],[-96.63987,32.91385],[-96.63903,32.91205],[-96.63678,32.91173]]]}},{"type":"Feature","properties":{"h3":"8926c82b3cbffff","mii":25,"trt":0.0,"glp1":0.0,"pharmacy":0.0,"gym":0.45,"n":1},"geometry":{"type":"Polygon","coordinates":[[[-96.71602,32.97338],[-96.71462,32.97486],[-96.71546,32.97666],[-96.71771,32.97698],[-96.71911,32.9755],[-96.71826,32.9737],[-96.71602,32.97338]]]}},{"type":"Feature","properties":{"h3":"8926c82b237ffff","mii":25,"trt":0.0,"glp1":0.0,"pharmacy":0.0,"gym":0.45,"n":1},"geometry":{"type":"Polygon","coordinates":[[[-96.71911,32.9755],[-96.71771,32.97698],[-96.71855,32.97878],[-96.7208,32.9791],[-96.7222,32.97762],[-96.72136,32.97582],[-96.71911,32.9755]]]}},{"type":"Feature","properties":{"h3":"8926c8295abffff","mii":25,"trt":0.0,"glp1":3.65,"pharmacy":0.0,"gym":0.0,"n":6},"geometry":{"type":"Polygon","coordinates":[[[-96.7039,32.94313],[-96.7025,32.94461],[-96.70334,32.94641],[-96.70559,32.94673],[-96.70699,32.94525],[-96.70614,32.94345],[-96.7039,32.94313]]]}},{"type":"Feature","properties":{"h3":"8926c80cca3ffff","mii":25,"trt":0.0,"glp1":0.0,"pharmacy":0.0,"gym":0.65,"n":1},"geometry":{"type":"Polygon","coordinates":[[[-96.73405,33.17214],[-96.73265,33.17362],[-96.7335,33.17541],[-96.73575,33.17574],[-96.73715,33.17426],[-96.7363,33.17246],[-96.73405,33.17214]]]}},{"type":"Feature","properties":{"h3":"8926c80db13ffff","mii":25,"trt":0.0,"glp1":0.0,"pharmacy":0.0,"gym":0.9,"n":2},"geometry":{"type":"Polygon","coordinates":[[[-96.82457,33.12801],[-96.82316,33.12948],[-96.82401,33.13128],[-96.82627,33.1316],[-96.82767,33.13012],[-96.82682,33.12832],[-96.82457,33.12801]]]}},{"type":"Feature","properties":{"h3":"8926c83b317ffff","mii":25,"trt":0.0,"glp1":0.0,"pharmacy":0.0,"gym":0.65,"n":1},"geometry":{"type":"Polygon","coordinates":[[[-96.67576,33.12862],[-96.67436,33.1301],[-96.67521,33.1319],[-96.67746,33.13222],[-96.67886,33.13074],[-96.67801,33.12895],[-96.67576,33.12862]]]}},{"type":"Feature","properties":{"h3":"8926c82e59bffff","mii":25,"trt":0.0,"glp1":0.0,"pharmacy":0.0,"gym":0.65,"n":1},"geometry":{"type":"Polygon","coordinates":[[[-96.4517,32.90523],[-96.45029,32.90671],[-96.45113,32.90851],[-96.45337,32.90883],[-96.45478,32.90736],[-96.45394,32.90556],[-96.4517,32.90523]]]}},{"type":"Feature","properties":{"h3":"8926c868927ffff","mii":25,"trt":0.0,"glp1":0.0,"pharmacy":0.0,"gym":0.65,"n":1},"geometry":{"type":"Polygon","coordinates":[[[-97.10283,32.8499],[-97.10143,32.85139],[-97.10229,32.85318],[-97.10454,32.8535],[-97.10594,32.85201],[-97.10508,32.85021],[-97.10283,32.8499]]]}},{"type":"Feature","properties":{"h3":"8926c875267ffff","mii":25,"trt":0.0,"glp1":0.0,"pharmacy":0.0,"gym":0.65,"n":1},"geometry":{"type":"Polygon","coordinates":[[[-96.91513,33.02172],[-96.91373,33.0232],[-96.91458,33.02499],[-96.91683,33.02531],[-96.91823,33.02383],[-96.91738,33.02203],[-96.91513,33.02172]]]}},{"type":"Feature","properties":{"h3":"8926c86a2c7ffff","mii":25,"trt":0.0,"glp1":0.0,"pharmacy":0.0,"gym":0.65,"n":1},"geometry":{"type":"Polygon","coordinates":[[[-97.16794,32.97816],[-97.16654,32.97965],[-97.16739,32.98144],[-97.16964,32.98176],[-97.17104,32.98027],[-97.17019,32.97847],[-97.16794,32.97816]]]}},{"type":"Feature","properties":{"h3":"8926cb91683ffff","mii":25,"trt":0.0,"glp1":0.0,"pharmacy":0.0,"gym":0.65,"n":1},"geometry":{"type":"Polygon","coordinates":[[[-96.78025,32.79788],[-96.77885,32.79936],[-96.7797,32.80116],[-96.78195,32.80148],[-96.78334,32.8],[-96.7825,32.7982],[-96.78025,32.79788]]]}},{"type":"Feature","properties":{"h3":"8926c8296dbffff","mii":25,"trt":0.0,"glp1":0.0,"pharmacy":0.0,"gym":0.65,"n":1},"geometry":{"type":"Polygon","coordinates":[[[-96.76655,32.96044],[-96.76515,32.96192],[-96.766,32.96371],[-96.76825,32.96403],[-96.76965,32.96255],[-96.7688,32.96076],[-96.76655,32.96044]]]}},{"type":"Feature","properties":{"h3":"8926c80cd3bffff","mii":25,"trt":0.0,"glp1":0.0,"pharmacy":0.0,"gym":0.65,"n":1},"geometry":{"type":"Polygon","coordinates":[[[-96.72023,33.15174],[-96.71883,33.15321],[-96.71968,33.15501],[-96.72193,33.15533],[-96.72333,33.15385],[-96.72248,33.15206],[-96.72023,33.15174]]]}},{"type":"Feature","properties":{"h3":"8926c94b67bffff","mii":25,"trt":0.0,"glp1":0.0,"pharmacy":0.0,"gym":0.65,"n":1},"geometry":{"type":"Polygon","coordinates":[[[-96.4575,32.63077],[-96.4561,32.63225],[-96.45694,32.63405],[-96.45918,32.63437],[-96.46058,32.6329],[-96.45974,32.6311],[-96.4575,32.63077]]]}},{"type":"Feature","properties":{"h3":"8926c959227ffff","mii":25,"trt":0.0,"glp1":0.0,"pharmacy":0.0,"gym":0.65,"n":1},"geometry":{"type":"Polygon","coordinates":[[[-96.45073,32.71041],[-96.44933,32.71188],[-96.45017,32.71368],[-96.45241,32.71401],[-96.45381,32.71253],[-96.45297,32.71073],[-96.45073,32.71041]]]}},{"type":"Feature","properties":{"h3":"8926c874a97ffff","mii":25,"trt":0.0,"glp1":0.0,"pharmacy":0.0,"gym":0.65,"n":1},"geometry":{"type":"Polygon","coordinates":[[[-96.79274,32.98932],[-96.79134,32.9908],[-96.79219,32.9926],[-96.79444,32.99292],[-96.79584,32.99144],[-96.79499,32.98964],[-96.79274,32.98932]]]}},{"type":"Feature","properties":{"h3":"8926c829557ffff","mii":25,"trt":0.0,"glp1":0.0,"pharmacy":0.0,"gym":0.65,"n":1},"geometry":{"type":"Polygon","coordinates":[[[-96.71738,32.94505],[-96.71598,32.94653],[-96.71682,32.94833],[-96.71907,32.94865],[-96.72047,32.94717],[-96.71962,32.94537],[-96.71738,32.94505]]]}},{"type":"Feature","properties":{"h3":"8926cbd8163ffff","mii":25,"trt":0.0,"glp1":0.0,"pharmacy":0.0,"gym":0.65,"n":1},"geometry":{"type":"Polygon","coordinates":[[[-97.36131,32.68557],[-97.35991,32.68706],[-97.36077,32.68885],[-97.36302,32.68916],[-97.36442,32.68767],[-97.36356,32.68587],[-97.36131,32.68557]]]}},{"type":"Feature","properties":{"h3":"8926c821617ffff","mii":25,"trt":0.0,"glp1":0.0,"pharmacy":0.0,"gym":0.65,"n":1},"geometry":{"type":"Polygon","coordinates":[[[-96.57537,33.00861],[-96.57397,33.01008],[-96.57481,33.01188],[-96.57706,33.01221],[-96.57846,33.01073],[-96.57762,33.00893],[-96.57537,33.00861]]]}},{"type":"Feature","properties":{"h3":"8926c864acbffff","mii":25,"trt":0.0,"glp1":0.0,"pharmacy":0.0,"gym":0.0,"n":0},"geometry":{"type":"Polygon","coordinates":[[[-96.83756,32.82614],[-96.83616,32.82763],[-96.83701,32.82943],[-96.83926,32.82974],[-96.84066,32.82826],[-96.83981,32.82646],[-96.83756,32.82614]]]}},{"type":"Feature","properties":{"h3":"8926c865d27ffff","mii":25,"trt":0.0,"glp1":0.0,"pharmacy":0.0,"gym":0.0,"n":0},"geometry":{"type":"Polygon","coordinates":[[[-96.84121,32.82498],[-96.83981,32.82646],[-96.84066,32.82826],[-96.8429,32.82858],[-96.8443,32.8271],[-96.84346,32.8253],[-96.84121,32.82498]]]}},{"type":"Feature","properties":{"h3":"8926c864a5bffff","mii":25,"trt":0.0,"glp1":0.0,"pharmacy":0.0,"gym":0.0,"n":0},"geometry":{"type":"Polygon","coordinates":[[[-96.84176,32.8217],[-96.84036,32.82318],[-96.84121,32.82498],[-96.84346,32.8253],[-96.84486,32.82382],[-96.84401,32.82202],[-96.84176,32.8217]]]}},{"type":"Feature","properties":{"h3":"8926c864a43ffff","mii":25,"trt":0.0,"glp1":0.0,"pharmacy":0.0,"gym":0.0,"n":0},"geometry":{"type":"Polygon","coordinates":[[[-96.83867,32.81958],[-96.83727,32.82107],[-96.83812,32.82286],[-96.84036,32.82318],[-96.84176,32.8217],[-96.84092,32.8199],[-96.83867,32.81958]]]}},{"type":"Feature","properties":{"h3":"8926c864a57ffff","mii":25,"trt":0.0,"glp1":0.0,"pharmacy":0.0,"gym":0.0,"n":0},"geometry":{"type":"Polygon","coordinates":[[[-96.83502,32.82075],[-96.83362,32.82223],[-96.83447,32.82403],[-96.83672,32.82435],[-96.83812,32.82286],[-96.83727,32.82107],[-96.83502,32.82075]]]}},{"type":"Feature","properties":{"h3":"8926c864acfffff","mii":25,"trt":0.0,"glp1":0.0,"pharmacy":0.0,"gym":0.0,"n":0},"geometry":{"type":"Polygon","coordinates":[[[-96.83447,32.82403],[-96.83307,32.82551],[-96.83392,32.82731],[-96.83616,32.82763],[-96.83756,32.82614],[-96.83672,32.82435],[-96.83447,32.82403]]]}},{"type":"Feature","properties":{"h3":"8926cb91603ffff","mii":25,"trt":0.0,"glp1":0.0,"pharmacy":0.0,"gym":0.0,"n":0},"geometry":{"type":"Polygon","coordinates":[[[-96.78501,32.79016],[-96.78361,32.79164],[-96.78445,32.79344],[-96.7867,32.79376],[-96.7881,32.79228],[-96.78725,32.79048],[-96.78501,32.79016]]]}},{"type":"Feature","properties":{"h3":"8926cb9160fffff","mii":25,"trt":0.0,"glp1":0.0,"pharmacy":0.0,"gym":0.0,"n":0},"geometry":{"type":"Polygon","coordinates":[[[-96.78556,32.78688],[-96.78416,32.78836],[-96.78501,32.79016],[-96.78725,32.79048],[-96.78865,32.789],[-96.78781,32.7872],[-96.78556,32.78688]]]}},{"type":"Feature","properties":{"h3":"8926cbd548fffff","mii":25,"trt":0.0,"glp1":0.0,"pharmacy":0.0,"gym":0.0,"n":0},"geometry":{"type":"Polygon","coordinates":[[[-97.11242,32.68825],[-97.11102,32.68973],[-97.11187,32.69153],[-97.11412,32.69185],[-97.11552,32.69036],[-97.11467,32.68856],[-97.11242,32.68825]]]}},{"type":"Feature","properties":{"h3":"8926c874e83ffff","mii":25,"trt":0.6,"glp1":0.0,"pharmacy":0.0,"gym":0.0,"n":1},"geometry":{"type":"Polygon","coordinates":[[[-96.79251,33.0111],[-96.79111,33.01258],[-96.79196,33.01437],[-96.79421,33.01469],[-96.79561,33.01321],[-96.79476,33.01142],[-96.79251,33.0111]]]}},{"type":"Feature","properties":{"h3":"8926c866cdbffff","mii":25,"trt":0.0,"glp1":0.0,"pharmacy":0.0,"gym":0.0,"n":0},"geometry":{"type":"Polygon","coordinates":[[[-96.77432,32.91455],[-96.77292,32.91603],[-96.77377,32.91783],[-96.77602,32.91815],[-96.77742,32.91667],[-96.77657,32.91487],[-96.77432,32.91455]]]}},{"type":"Feature","properties":{"h3":"8926cbd9847ffff","mii":25,"trt":0.0,"glp1":0.0,"pharmacy":0.0,"gym":0.0,"n":0},"geometry":{"type":"Polygon","coordinates":[[[-97.41868,32.65135],[-97.41729,32.65285],[-97.41814,32.65464],[-97.4204,32.65495],[-97.42179,32.65346],[-97.42093,32.65166],[-97.41868,32.65135]]]}},{"type":"Feature","properties":{"h3":"8926cbd984fffff","mii":25,"trt":0.0,"glp1":0.0,"pharmacy":0.0,"gym":0.0,"n":0},"geometry":{"type":"Polygon","coordinates":[[[-97.42233,32.65017],[-97.42093,32.65166],[-97.42179,32.65346],[-97.42404,32.65377],[-97.42544,32.65227],[-97.42458,32.65048],[-97.42233,32.65017]]]}},{"type":"Feature","properties":{"h3":"8926cbd9ab7ffff","mii":25,"trt":0.0,"glp1":0.0,"pharmacy":0.0,"gym":0.0,"n":0},"geometry":{"type":"Polygon","coordinates":[[[-97.42286,32.64688],[-97.42147,32.64837],[-97.42233,32.65017],[-97.42458,32.65048],[-97.42597,32.64898],[-97.42511,32.64718],[-97.42286,32.64688]]]}},{"type":"Feature","properties":{"h3":"8926cbd986bffff","mii":25,"trt":0.0,"glp1":0.0,"pharmacy":0.0,"gym":0.0,"n":0},"geometry":{"type":"Polygon","coordinates":[[[-97.41975,32.64477],[-97.41836,32.64626],[-97.41922,32.64806],[-97.42147,32.64837],[-97.42286,32.64688],[-97.42201,32.64508],[-97.41975,32.64477]]]}},{"type":"Feature","properties":{"h3":"8926cbd9863ffff","mii":25,"trt":0.0,"glp1":0.0,"pharmacy":0.0,"gym":0.0,"n":0},"geometry":{"type":"Polygon","coordinates":[[[-97.41611,32.64596],[-97.41472,32.64745],[-97.41557,32.64925],[-97.41782,32.64956],[-97.41922,32.64806],[-97.41836,32.64626],[-97.41611,32.64596]]]}},{"type":"Feature","properties":{"h3":"8926cbda23bffff","mii":25,"trt":1.25,"glp1":0.0,"pharmacy":0.0,"gym":0.0,"n":2},"geometry":{"type":"Polygon","coordinates":[[[-97.36824,32.74872],[-97.36684,32.75021],[-97.3677,32.75201],[-97.36995,32.75232],[-97.37135,32.75083],[-97.37049,32.74903],[-97.36824,32.74872]]]}},{"type":"Feature","properties":{"h3":"8926cbd8c07ffff","mii":25,"trt":0.45,"glp1":2.95,"pharmacy":0.0,"gym":0.0,"n":6},"geometry":{"type":"Polygon","coordinates":[[[-97.33173,32.67647],[-97.33034,32.67796],[-97.33119,32.67976],[-97.33344,32.68007],[-97.33484,32.67858],[-97.33398,32.67678],[-97.33173,32.67647]]]}},{"type":"Feature","properties":{"h3":"8926c805a07ffff","mii":25,"trt":0.0,"glp1":19.25,"pharmacy":0.0,"gym":0.0,"n":34},"geometry":{"type":"Polygon","coordinates":[[[-96.66459,33.19407],[-96.66318,33.19554],[-96.66403,33.19734],[-96.66628,33.19766],[-96.66769,33.19618],[-96.66684,33.19439],[-96.66459,33.19407]]]}},{"type":"Feature","properties":{"h3":"8926cbd456bffff","mii":25,"trt":0.0,"glp1":0.0,"pharmacy":0.0,"gym":0.0,"n":0},"geometry":{"type":"Polygon","coordinates":[[[-97.03062,32.66173],[-97.02923,32.66322],[-97.03008,32.66502],[-97.03232,32.66533],[-97.03372,32.66384],[-97.03287,32.66204],[-97.03062,32.66173]]]}},{"type":"Feature","properties":{"h3":"8926cbd40a7ffff","mii":25,"trt":0.0,"glp1":0.0,"pharmacy":0.0,"gym":0.0,"n":0},"geometry":{"type":"Polygon","coordinates":[[[-97.03426,32.66056],[-97.03287,32.66204],[-97.03372,32.66384],[-97.03596,32.66416],[-97.03736,32.66267],[-97.03651,32.66087],[-97.03426,32.66056]]]}},{"type":"Feature","properties":{"h3":"8926cbd41dbffff","mii":25,"trt":0.0,"glp1":0.0,"pharmacy":0.0,"gym":0.0,"n":0},"geometry":{"type":"Polygon","coordinates":[[[-97.03481,32.65727],[-97.03341,32.65876],[-97.03426,32.66056],[-97.03651,32.66087],[-97.03791,32.65939],[-97.03706,32.65759],[-97.03481,32.65727]]]}},{"type":"Feature","properties":{"h3":"8926cbd41c3ffff","mii":25,"trt":0.0,"glp1":0.0,"pharmacy":0.0,"gym":0.0,"n":0},"geometry":{"type":"Polygon","coordinates":[[[-97.03172,32.65516],[-97.03032,32.65665],[-97.03117,32.65845],[-97.03341,32.65876],[-97.03481,32.65727],[-97.03396,32.65547],[-97.03172,32.65516]]]}},{"type":"Feature","properties":{"h3":"8926cbd41d7ffff","mii":25,"trt":0.0,"glp1":0.0,"pharmacy":0.0,"gym":0.0,"n":0},"geometry":{"type":"Polygon","coordinates":[[[-97.02807,32.65633],[-97.02668,32.65782],[-97.02753,32.65962],[-97.02977,32.65993],[-97.03117,32.65845],[-97.03032,32.65665],[-97.02807,32.65633]]]}},{"type":"Feature","properties":{"h3":"8926cbd456fffff","mii":25,"trt":0.0,"glp1":0.0,"pharmacy":0.0,"gym":0.0,"n":0},"geometry":{"type":"Polygon","coordinates":[[[-97.02753,32.65962],[-97.02613,32.6611],[-97.02698,32.6629],[-97.02923,32.66322],[-97.03062,32.66173],[-97.02977,32.65993],[-97.02753,32.65962]]]}},{"type":"Feature","properties":{"h3":"8926c875e53ffff","mii":25,"trt":0.0,"glp1":0.0,"pharmacy":0.0,"gym":0.0,"n":0},"geometry":{"type":"Polygon","coordinates":[[[-96.87993,33.00501],[-96.87852,33.00649],[-96.87937,33.00829],[-96.88162,33.00861],[-96.88303,33.00713],[-96.88218,33.00533],[-96.87993,33.00501]]]}},{"type":"Feature","properties":{"h3":"8926c875e5bffff","mii":25,"trt":0.0,"glp1":0.0,"pharmacy":0.0,"gym":0.0,"n":0},"geometry":{"type":"Polygon","coordinates":[[[-96.88358,33.00385],[-96.88218,33.00533],[-96.88303,33.00713],[-96.88528,33.00744],[-96.88668,33.00596],[-96.88583,33.00416],[-96.88358,33.00385]]]}},{"type":"Feature","properties":{"h3":"8926c875e4bffff","mii":25,"trt":0.0,"glp1":0.0,"pharmacy":0.0,"gym":0.0,"n":0},"geometry":{"type":"Polygon","coordinates":[[[-96.88413,33.00057],[-96.88273,33.00205],[-96.88358,33.00385],[-96.88583,33.00416],[-96.88723,33.00268],[-96.88638,33.00089],[-96.88413,33.00057]]]}},{"type":"Feature","properties":{"h3":"8926c875e4fffff","mii":25,"trt":0.0,"glp1":0.0,"pharmacy":0.0,"gym":0.0,"n":0},"geometry":{"type":"Polygon","coordinates":[[[-96.88103,32.99845],[-96.87963,32.99993],[-96.88048,33.00173],[-96.88273,33.00205],[-96.88413,33.00057],[-96.88328,32.99877],[-96.88103,32.99845]]]}},{"type":"Feature","properties":{"h3":"8926c875e47ffff","mii":25,"trt":0.0,"glp1":0.0,"pharmacy":0.0,"gym":0.0,"n":0},"geometry":{"type":"Polygon","coordinates":[[[-96.87738,32.99962],[-96.87598,33.0011],[-96.87683,33.00289],[-96.87908,33.00321],[-96.88048,33.00173],[-96.87963,32.99993],[-96.87738,32.99962]]]}},{"type":"Feature","properties":{"h3":"8926c875e57ffff","mii":25,"trt":0.0,"glp1":0.0,"pharmacy":0.0,"gym":0.0,"n":0},"geometry":{"type":"Polygon","coordinates":[[[-96.87683,33.00289],[-96.87542,33.00437],[-96.87627,33.00617],[-96.87852,33.00649],[-96.87993,33.00501],[-96.87908,33.00321],[-96.87683,33.00289]]]}},{"type":"Feature","properties":{"h3":"8926c80f1a7ffff","mii":25,"trt":0.0,"glp1":0.0,"pharmacy":0.0,"gym":0.0,"n":0},"geometry":{"type":"Polygon","coordinates":[[[-96.79217,33.23739],[-96.79077,33.23886],[-96.79162,33.24066],[-96.79387,33.24098],[-96.79527,33.2395],[-96.79443,33.23771],[-96.79217,33.23739]]]}},{"type":"Feature","properties":{"h3":"8926c80f1afffff","mii":25,"trt":0.0,"glp1":0.0,"pharmacy":0.0,"gym":0.0,"n":0},"geometry":{"type":"Polygon","coordinates":[[[-96.79583,33.23623],[-96.79443,33.23771],[-96.79527,33.2395],[-96.79753,33.23982],[-96.79893,33.23835],[-96.79808,33.23655],[-96.79583,33.23623]]]}},{"type":"Feature","properties":{"h3":"8926c80f137ffff","mii":25,"trt":0.0,"glp1":0.0,"pharmacy":0.0,"gym":0.0,"n":0},"geometry":{"type":"Polygon","coordinates":[[[-96.79639,33.23296],[-96.79498,33.23443],[-96.79583,33.23623],[-96.79808,33.23655],[-96.79949,33.23507],[-96.79864,33.23328],[-96.79639,33.23296]]]}},{"type":"Feature","properties":{"h3":"8926c80c4cbffff","mii":25,"trt":0.0,"glp1":0.0,"pharmacy":0.0,"gym":0.0,"n":0},"geometry":{"type":"Polygon","coordinates":[[[-96.79328,33.23084],[-96.79188,33.23232],[-96.79273,33.23411],[-96.79498,33.23443],[-96.79639,33.23296],[-96.79554,33.23116],[-96.79328,33.23084]]]}},{"type":"Feature","properties":{"h3":"8926c80c4c3ffff","mii":25,"trt":0.0,"glp1":0.0,"pharmacy":0.0,"gym":0.0,"n":0},"geometry":{"type":"Polygon","coordinates":[[[-96.78962,33.232],[-96.78822,33.23347],[-96.78907,33.23527],[-96.79132,33.23559],[-96.79273,33.23411],[-96.79188,33.23232],[-96.78962,33.232]]]}},{"type":"Feature","properties":{"h3":"8926c80c4d3ffff","mii":25,"trt":0.0,"glp1":0.0,"pharmacy":0.0,"gym":0.0,"n":0},"geometry":{"type":"Polygon","coordinates":[[[-96.78907,33.23527],[-96.78766,33.23675],[-96.78851,33.23854],[-96.79077,33.23886],[-96.79217,33.23739],[-96.79132,33.23559],[-96.78907,33.23527]]]}},{"type":"Feature","properties":{"h3":"8926c825073ffff","mii":25,"trt":0.0,"glp1":17.25,"pharmacy":0.0,"gym":0.0,"n":29},"geometry":{"type":"Polygon","coordinates":[[[-96.41052,32.88417],[-96.40912,32.88565],[-96.40996,32.88745],[-96.4122,32.88777],[-96.4136,32.8863],[-96.41276,32.8845],[-96.41052,32.88417]]]}},{"type":"Feature","properties":{"h3":"8926cb9a307ffff","mii":25,"trt":0.0,"glp1":12.8,"pharmacy":0.0,"gym":0.0,"n":22},"geometry":{"type":"Polygon","coordinates":[[[-96.8368,32.74878],[-96.8354,32.75026],[-96.83625,32.75206],[-96.83849,32.75238],[-96.83989,32.7509],[-96.83904,32.7491],[-96.8368,32.74878]]]}},{"type":"Feature","properties":{"h3":"8926c864967ffff","mii":25,"trt":0.0,"glp1":13.55,"pharmacy":0.0,"gym":0.0,"n":23},"geometry":{"type":"Polygon","coordinates":[[[-96.78279,32.80328],[-96.78139,32.80476],[-96.78224,32.80656],[-96.78448,32.80688],[-96.78588,32.8054],[-96.78504,32.8036],[-96.78279,32.80328]]]}},{"type":"Feature","properties":{"h3":"8926cb9147bffff","mii":25,"trt":0.0,"glp1":24.75,"pharmacy":0.0,"gym":0.0,"n":42},"geometry":{"type":"Polygon","coordinates":[[[-96.76734,32.79269],[-96.76594,32.79417],[-96.76679,32.79597],[-96.76903,32.79629],[-96.77043,32.79481],[-96.76959,32.79301],[-96.76734,32.79269]]]}},{"type":"Feature","properties":{"h3":"8926cb91447ffff","mii":25,"trt":0.0,"glp1":0.0,"pharmacy":0.0,"gym":0.0,"n":0},"geometry":{"type":"Polygon","coordinates":[[[-96.76679,32.79597],[-96.76539,32.79745],[-96.76623,32.79925],[-96.76848,32.79957],[-96.76988,32.79809],[-96.76903,32.79629],[-96.76679,32.79597]]]}},{"type":"Feature","properties":{"h3":"8926cb9144fffff","mii":25,"trt":0.0,"glp1":0.0,"pharmacy":0.0,"gym":0.0,"n":0},"geometry":{"type":"Polygon","coordinates":[[[-96.77043,32.79481],[-96.76903,32.79629],[-96.76988,32.79809],[-96.77212,32.79841],[-96.77352,32.79693],[-96.77267,32.79513],[-96.77043,32.79481]]]}},{"type":"Feature","properties":{"h3":"8926cb9146bffff","mii":25,"trt":0.0,"glp1":0.0,"pharmacy":0.0,"gym":0.0,"n":0},"geometry":{"type":"Polygon","coordinates":[[[-96.76789,32.78941],[-96.7665,32.79089],[-96.76734,32.79269],[-96.76959,32.79301],[-96.77098,32.79153],[-96.77014,32.78973],[-96.76789,32.78941]]]}},{"type":"Feature","properties":{"h3":"8926cb91463ffff","mii":25,"trt":0.0,"glp1":0.0,"pharmacy":0.0,"gym":0.0,"n":0},"geometry":{"type":"Polygon","coordinates":[[[-96.76425,32.79057],[-96.76285,32.79205],[-96.7637,32.79385],[-96.76594,32.79417],[-96.76734,32.79269],[-96.7665,32.79089],[-96.76425,32.79057]]]}},{"type":"Feature","properties":{"h3":"8926cb91473ffff","mii":25,"trt":0.0,"glp1":0.0,"pharmacy":0.0,"gym":0.0,"n":0},"geometry":{"type":"Polygon","coordinates":[[[-96.7637,32.79385],[-96.7623,32.79533],[-96.76314,32.79713],[-96.76539,32.79745],[-96.76679,32.79597],[-96.76594,32.79417],[-96.7637,32.79385]]]}},{"type":"Feature","properties":{"h3":"8926c866e17ffff","mii":25,"trt":0.0,"glp1":19.65,"pharmacy":0.0,"gym":0.0,"n":34},"geometry":{"type":"Polygon","coordinates":[[[-96.78749,32.89796],[-96.78608,32.89944],[-96.78693,32.90124],[-96.78918,32.90156],[-96.79058,32.90008],[-96.78973,32.89828],[-96.78749,32.89796]]]}},{"type":"Feature","properties":{"h3":"8926cbd2bd7ffff","mii":25,"trt":0.0,"glp1":14.15,"pharmacy":0.0,"gym":0.0,"n":25},"geometry":{"type":"Polygon","coordinates":[[[-97.13269,32.75325],[-97.13129,32.75473],[-97.13215,32.75653],[-97.1344,32.75685],[-97.13579,32.75536],[-97.13494,32.75356],[-97.13269,32.75325]]]}},{"type":"Feature","properties":{"h3":"8926cbd7317ffff","mii":25,"trt":0.0,"glp1":14.05,"pharmacy":0.0,"gym":0.0,"n":23},"geometry":{"type":"Polygon","coordinates":[[[-97.08746,32.69318],[-97.08606,32.69467],[-97.08691,32.69647],[-97.08916,32.69678],[-97.09055,32.69529],[-97.0897,32.6935],[-97.08746,32.69318]]]}},{"type":"Feature","properties":{"h3":"8926cbd0923ffff","mii":25,"trt":0.0,"glp1":12.25,"pharmacy":0.0,"gym":0.0,"n":21},"geometry":{"type":"Polygon","coordinates":[[[-97.13265,32.69106],[-97.13125,32.69254],[-97.1321,32.69434],[-97.13435,32.69465],[-97.13575,32.69317],[-97.1349,32.69137],[-97.13265,32.69106]]]}},{"type":"Feature","properties":{"h3":"8926cbca93bffff","mii":25,"trt":0.0,"glp1":17.5,"pharmacy":0.0,"gym":0.0,"n":30},"geometry":{"type":"Polygon","coordinates":[[[-97.30769,32.52851],[-97.30629,32.53001],[-97.30715,32.53181],[-97.30939,32.53211],[-97.31079,32.53062],[-97.30993,32.52882],[-97.30769,32.52851]]]}},{"type":"Feature","properties":{"h3":"8926cbdaea3ffff","mii":25,"trt":0.0,"glp1":42.95,"pharmacy":0.0,"gym":0.0,"n":74},"geometry":{"type":"Polygon","coordinates":[[[-97.31689,32.72488],[-97.31549,32.72637],[-97.31635,32.72816],[-97.3186,32.72847],[-97.31999,32.72698],[-97.31914,32.72518],[-97.31689,32.72488]]]}},{"type":"Feature","properties":{"h3":"8926cbdaeb3ffff","mii":25,"trt":0.0,"glp1":0.0,"pharmacy":0.0,"gym":0.0,"n":0},"geometry":{"type":"Polygon","coordinates":[[[-97.31635,32.72816],[-97.31495,32.72965],[-97.31581,32.73145],[-97.31806,32.73176],[-97.31945,32.73027],[-97.3186,32.72847],[-97.31635,32.72816]]]}},{"type":"Feature","properties":{"h3":"8926cbdaebbffff","mii":25,"trt":0.0,"glp1":0.0,"pharmacy":0.0,"gym":0.0,"n":0},"geometry":{"type":"Polygon","coordinates":[[[-97.31999,32.72698],[-97.3186,32.72847],[-97.31945,32.73027],[-97.32171,32.73058],[-97.3231,32.72909],[-97.32224,32.72729],[-97.31999,32.72698]]]}},{"type":"Feature","properties":{"h3":"8926cbdaeabffff","mii":25,"trt":0.0,"glp1":0.0,"pharmacy":0.0,"gym":0.0,"n":0},"geometry":{"type":"Polygon","coordinates":[[[-97.32053,32.7237],[-97.31914,32.72518],[-97.31999,32.72698],[-97.32224,32.72729],[-97.32364,32.7258],[-97.32278,32.724],[-97.32053,32.7237]]]}},{"type":"Feature","properties":{"h3":"8926cbdaeafffff","mii":25,"trt":0.0,"glp1":0.0,"pharmacy":0.0,"gym":0.0,"n":0},"geometry":{"type":"Polygon","coordinates":[[[-97.31743,32.72159],[-97.31603,32.72308],[-97.31689,32.72488],[-97.31914,32.72518],[-97.32053,32.7237],[-97.31968,32.7219],[-97.31743,32.72159]]]}},{"type":"Feature","properties":{"h3":"8926cbdaea7ffff","mii":25,"trt":0.0,"glp1":0.0,"pharmacy":0.0,"gym":0.0,"n":0},"geometry":{"type":"Polygon","coordinates":[[[-97.31378,32.72277],[-97.31238,32.72426],[-97.31324,32.72606],[-97.31549,32.72637],[-97.31689,32.72488],[-97.31603,32.72308],[-97.31378,32.72277]]]}},{"type":"Feature","properties":{"h3":"8926cbdaeb7ffff","mii":25,"trt":0.0,"glp1":0.0,"pharmacy":0.0,"gym":0.0,"n":0},"geometry":{"type":"Polygon","coordinates":[[[-97.31324,32.72606],[-97.31184,32.72755],[-97.3127,32.72935],[-97.31495,32.72965],[-97.31635,32.72816],[-97.31549,32.72637],[-97.31324,32.72606]]]}},{"type":"Feature","properties":{"h3":"8926cbd9c2bffff","mii":25,"trt":0.0,"glp1":19.45,"pharmacy":0.0,"gym":0.0,"n":32},"geometry":{"type":"Polygon","coordinates":[[[-97.4056,32.66807],[-97.4042,32.66956],[-97.40506,32.67136],[-97.40731,32.67167],[-97.40871,32.67018],[-97.40785,32.66838],[-97.4056,32.66807]]]}},{"type":"Feature","properties":{"h3":"8926caa65afffff","mii":25,"trt":0.0,"glp1":15.3,"pharmacy":0.0,"gym":0.0,"n":26},"geometry":{"type":"Polygon","coordinates":[[[-97.28336,32.92862],[-97.28197,32.93011],[-97.28282,32.93191],[-97.28508,32.93222],[-97.28647,32.93073],[-97.28562,32.92893],[-97.28336,32.92862]]]}},{"type":"Feature","properties":{"h3":"8926c864a4fffff","mii":24,"trt":0.0,"glp1":0.0,"pharmacy":0.0,"gym":0.0,"n":0},"geometry":{"type":"Polygon","coordinates":[[[-96.83922,32.8163],[-96.83782,32.81779],[-96.83867,32.81958],[-96.84092,32.8199],[-96.84231,32.81842],[-96.84147,32.81662],[-96.83922,32.8163]]]}},{"type":"Feature","properties":{"h3":"8926cbd5483ffff","mii":24,"trt":1.2,"glp1":0.0,"pharmacy":0.0,"gym":0.0,"n":2},"geometry":{"type":"Polygon","coordinates":[[[-97.11187,32.69153],[-97.11048,32.69302],[-97.11133,32.69482],[-97.11358,32.69513],[-97.11497,32.69365],[-97.11412,32.69185],[-97.11187,32.69153]]]}},{"type":"Feature","properties":{"h3":"8926ca86ab3ffff","mii":24,"trt":0.0,"glp1":11.15,"pharmacy":0.0,"gym":0.0,"n":19},"geometry":{"type":"Polygon","coordinates":[[[-97.57303,33.23335],[-97.57163,33.23484],[-97.5725,33.23663],[-97.57476,33.23694],[-97.57616,33.23545],[-97.5753,33.23366],[-97.57303,33.23335]]]}},{"type":"Feature","properties":{"h3":"8926cbd54afffff","mii":23,"trt":0.0,"glp1":0.0,"pharmacy":0.0,"gym":0.0,"n":0},"geometry":{"type":"Polygon","coordinates":[[[-97.10677,32.68074],[-97.10537,32.68223],[-97.10622,32.68402],[-97.10847,32.68434],[-97.10986,32.68285],[-97.10901,32.68105],[-97.10677,32.68074]]]}},{"type":"Feature","properties":{"h3":"8926c867597ffff","mii":23,"trt":0.0,"glp1":0.0,"pharmacy":0.0,"gym":0.45,"n":1},"geometry":{"type":"Polygon","coordinates":[[[-96.84772,32.95012],[-96.84632,32.9516],[-96.84717,32.9534],[-96.84942,32.95372],[-96.85082,32.95224],[-96.84997,32.95044],[-96.84772,32.95012]]]}},{"type":"Feature","properties":{"h3":"8926c874e3bffff","mii":23,"trt":0.0,"glp1":0.0,"pharmacy":0.0,"gym":0.0,"n":0},"geometry":{"type":"Polygon","coordinates":[[[-96.79473,32.99799],[-96.79333,32.99947],[-96.79418,33.00127],[-96.79642,33.00159],[-96.79783,33.00011],[-96.79698,32.99831],[-96.79473,32.99799]]]}},{"type":"Feature","properties":{"h3":"8926c874e33ffff","mii":23,"trt":0.0,"glp1":0.0,"pharmacy":0.0,"gym":0.0,"n":0},"geometry":{"type":"Polygon","coordinates":[[[-96.79108,32.99915],[-96.78968,33.00063],[-96.79052,33.00243],[-96.79277,33.00275],[-96.79418,33.00127],[-96.79333,32.99947],[-96.79108,32.99915]]]}},{"type":"Feature","properties":{"h3":"8926c874e2fffff","mii":23,"trt":0.0,"glp1":0.0,"pharmacy":0.0,"gym":0.0,"n":0},"geometry":{"type":"Polygon","coordinates":[[[-96.79219,32.9926],[-96.79079,32.99408],[-96.79163,32.99587],[-96.79388,32.99619],[-96.79528,32.99471],[-96.79444,32.99292],[-96.79219,32.9926]]]}},{"type":"Feature","properties":{"h3":"8926cb9a4d7ffff","mii":23,"trt":0.0,"glp1":0.0,"pharmacy":0.0,"gym":0.0,"n":0},"geometry":{"type":"Polygon","coordinates":[[[-96.83414,32.80551],[-96.83274,32.80699],[-96.83359,32.80879],[-96.83584,32.80911],[-96.83723,32.80763],[-96.83639,32.80583],[-96.83414,32.80551]]]}},{"type":"Feature","properties":{"h3":"8926cbda307ffff","mii":23,"trt":0.0,"glp1":0.0,"pharmacy":0.0,"gym":0.0,"n":0},"geometry":{"type":"Polygon","coordinates":[[[-97.34593,32.73726],[-97.34454,32.73875],[-97.3454,32.74055],[-97.34765,32.74086],[-97.34904,32.73937],[-97.34819,32.73757],[-97.34593,32.73726]]]}},{"type":"Feature","properties":{"h3":"8926c86682bffff","mii":23,"trt":0.0,"glp1":0.0,"pharmacy":0.0,"gym":0.0,"n":0},"geometry":{"type":"Polygon","coordinates":[[[-96.7675,32.8733],[-96.7661,32.87478],[-96.76695,32.87658],[-96.76919,32.8769],[-96.77059,32.87542],[-96.76975,32.87362],[-96.7675,32.8733]]]}},{"type":"Feature","properties":{"h3":"8926cbda32fffff","mii":23,"trt":0.6,"glp1":0.0,"pharmacy":0.0,"gym":0.0,"n":1},"geometry":{"type":"Polygon","coordinates":[[[-97.3439,32.72858],[-97.34251,32.73007],[-97.34337,32.73187],[-97.34562,32.73218],[-97.34701,32.73069],[-97.34616,32.72889],[-97.3439,32.72858]]]}},{"type":"Feature","properties":{"h3":"8926c8283cbffff","mii":23,"trt":0.0,"glp1":0.0,"pharmacy":0.0,"gym":0.0,"n":0},"geometry":{"type":"Polygon","coordinates":[[[-96.67664,32.92079],[-96.67524,32.92226],[-96.67608,32.92406],[-96.67833,32.92438],[-96.67973,32.92291],[-96.67888,32.92111],[-96.67664,32.92079]]]}},{"type":"Feature","properties":{"h3":"8926c828227ffff","mii":23,"trt":0.0,"glp1":0.0,"pharmacy":0.0,"gym":0.0,"n":0},"geometry":{"type":"Polygon","coordinates":[[[-96.68029,32.91963],[-96.67888,32.92111],[-96.67973,32.92291],[-96.68197,32.92323],[-96.68338,32.92175],[-96.68253,32.91995],[-96.68029,32.91963]]]}},{"type":"Feature","properties":{"h3":"8926c82835bffff","mii":23,"trt":0.0,"glp1":0.0,"pharmacy":0.0,"gym":0.0,"n":0},"geometry":{"type":"Polygon","coordinates":[[[-96.68084,32.91635],[-96.67944,32.91783],[-96.68029,32.91963],[-96.68253,32.91995],[-96.68393,32.91847],[-96.68309,32.91667],[-96.68084,32.91635]]]}},{"type":"Feature","properties":{"h3":"8926c828343ffff","mii":23,"trt":0.0,"glp1":0.0,"pharmacy":0.0,"gym":0.0,"n":0},"geometry":{"type":"Polygon","coordinates":[[[-96.67775,32.91423],[-96.67635,32.91571],[-96.6772,32.91751],[-96.67944,32.91783],[-96.68084,32.91635],[-96.68,32.91455],[-96.67775,32.91423]]]}},{"type":"Feature","properties":{"h3":"8926c828357ffff","mii":23,"trt":0.0,"glp1":0.0,"pharmacy":0.0,"gym":0.0,"n":0},"geometry":{"type":"Polygon","coordinates":[[[-96.67411,32.91539],[-96.6727,32.91687],[-96.67355,32.91867],[-96.67579,32.91899],[-96.6772,32.91751],[-96.67635,32.91571],[-96.67411,32.91539]]]}},{"type":"Feature","properties":{"h3":"8926c8283cfffff","mii":23,"trt":0.0,"glp1":0.0,"pharmacy":0.0,"gym":0.0,"n":0},"geometry":{"type":"Polygon","coordinates":[[[-96.67355,32.91867],[-96.67215,32.92015],[-96.67299,32.92194],[-96.67524,32.92226],[-96.67664,32.92079],[-96.67579,32.91899],[-96.67355,32.91867]]]}},{"type":"Feature","properties":{"h3":"8926c805a17ffff","mii":23,"trt":0.0,"glp1":0.0,"pharmacy":0.0,"gym":0.0,"n":0},"geometry":{"type":"Polygon","coordinates":[[[-96.66403,33.19734],[-96.66262,33.19881],[-96.66347,33.20061],[-96.66572,33.20093],[-96.66713,33.19946],[-96.66628,33.19766],[-96.66403,33.19734]]]}},{"type":"Feature","properties":{"h3":"8926c805a03ffff","mii":23,"trt":0.0,"glp1":0.0,"pharmacy":0.0,"gym":0.0,"n":0},"geometry":{"type":"Polygon","coordinates":[[[-96.66769,33.19618],[-96.66628,33.19766],[-96.66713,33.19946],[-96.66938,33.19978],[-96.67078,33.1983],[-96.66994,33.19651],[-96.66769,33.19618]]]}},{"type":"Feature","properties":{"h3":"8926c805a0fffff","mii":23,"trt":0.0,"glp1":0.0,"pharmacy":0.0,"gym":0.0,"n":0},"geometry":{"type":"Polygon","coordinates":[[[-96.66824,33.19291],[-96.66684,33.19439],[-96.66769,33.19618],[-96.66994,33.19651],[-96.67134,33.19503],[-96.6705,33.19323],[-96.66824,33.19291]]]}},{"type":"Feature","properties":{"h3":"8926c805a3bffff","mii":23,"trt":0.0,"glp1":0.0,"pharmacy":0.0,"gym":0.0,"n":0},"geometry":{"type":"Polygon","coordinates":[[[-96.66515,33.19079],[-96.66374,33.19227],[-96.66459,33.19407],[-96.66684,33.19439],[-96.66824,33.19291],[-96.6674,33.19112],[-96.66515,33.19079]]]}},{"type":"Feature","properties":{"h3":"8926c805a33ffff","mii":23,"trt":0.0,"glp1":0.0,"pharmacy":0.0,"gym":0.0,"n":0},"geometry":{"type":"Polygon","coordinates":[[[-96.66149,33.19195],[-96.66009,33.19342],[-96.66093,33.19522],[-96.66318,33.19554],[-96.66459,33.19407],[-96.66374,33.19227],[-96.66149,33.19195]]]}},{"type":"Feature","properties":{"h3":"8926c805aabffff","mii":23,"trt":0.0,"glp1":0.0,"pharmacy":0.0,"gym":0.0,"n":0},"geometry":{"type":"Polygon","coordinates":[[[-96.66093,33.19522],[-96.65953,33.19669],[-96.66037,33.19849],[-96.66262,33.19881],[-96.66403,33.19734],[-96.66318,33.19554],[-96.66093,33.19522]]]}},{"type":"Feature","properties":{"h3":"8926c9596c7ffff","mii":23,"trt":0.0,"glp1":9.85,"pharmacy":0.0,"gym":0.0,"n":17},"geometry":{"type":"Polygon","coordinates":[[[-96.45798,32.74839],[-96.45658,32.74987],[-96.45741,32.75167],[-96.45965,32.75199],[-96.46105,32.75052],[-96.46022,32.74872],[-96.45798,32.74839]]]}},{"type":"Feature","properties":{"h3":"8926c8661a7ffff","mii":23,"trt":0.0,"glp1":9.65,"pharmacy":0.0,"gym":0.0,"n":17},"geometry":{"type":"Polygon","coordinates":[[[-96.77377,32.91783],[-96.77237,32.91931],[-96.77321,32.92111],[-96.77546,32.92143],[-96.77686,32.91995],[-96.77602,32.91815],[-96.77377,32.91783]]]}},{"type":"Feature","properties":{"h3":"8926c866e8fffff","mii":23,"trt":0.0,"glp1":0.0,"pharmacy":0.0,"gym":0.0,"n":0},"geometry":{"type":"Polygon","coordinates":[[[-96.78693,32.90124],[-96.78553,32.90272],[-96.78638,32.90452],[-96.78862,32.90483],[-96.79002,32.90335],[-96.78918,32.90156],[-96.78693,32.90124]]]}},{"type":"Feature","properties":{"h3":"8926c866e13ffff","mii":23,"trt":0.0,"glp1":0.0,"pharmacy":0.0,"gym":0.0,"n":0},"geometry":{"type":"Polygon","coordinates":[[[-96.79058,32.90008],[-96.78918,32.90156],[-96.79002,32.90335],[-96.79227,32.90367],[-96.79367,32.90219],[-96.79283,32.9004],[-96.79058,32.90008]]]}},{"type":"Feature","properties":{"h3":"8926c866e03ffff","mii":23,"trt":0.0,"glp1":0.0,"pharmacy":0.0,"gym":0.0,"n":0},"geometry":{"type":"Polygon","coordinates":[[[-96.79113,32.8968],[-96.78973,32.89828],[-96.79058,32.90008],[-96.79283,32.9004],[-96.79423,32.89892],[-96.79338,32.89712],[-96.79113,32.8968]]]}},{"type":"Feature","properties":{"h3":"8926c866e07ffff","mii":23,"trt":0.0,"glp1":0.0,"pharmacy":0.0,"gym":0.0,"n":0},"geometry":{"type":"Polygon","coordinates":[[[-96.78804,32.89468],[-96.78664,32.89616],[-96.78749,32.89796],[-96.78973,32.89828],[-96.79113,32.8968],[-96.79029,32.895],[-96.78804,32.89468]]]}},{"type":"Feature","properties":{"h3":"8926c866eabffff","mii":23,"trt":0.0,"glp1":0.0,"pharmacy":0.0,"gym":0.0,"n":0},"geometry":{"type":"Polygon","coordinates":[[[-96.78439,32.89584],[-96.78299,32.89732],[-96.78384,32.89912],[-96.78608,32.89944],[-96.78749,32.89796],[-96.78664,32.89616],[-96.78439,32.89584]]]}},{"type":"Feature","properties":{"h3":"8926c866ebbffff","mii":23,"trt":0.0,"glp1":0.0,"pharmacy":0.0,"gym":0.0,"n":0},"geometry":{"type":"Polygon","coordinates":[[[-96.78384,32.89912],[-96.78244,32.9006],[-96.78328,32.9024],[-96.78553,32.90272],[-96.78693,32.90124],[-96.78608,32.89944],[-96.78384,32.89912]]]}},{"type":"Feature","properties":{"h3":"8926cbd9c3bffff","mii":23,"trt":0.0,"glp1":0.0,"pharmacy":0.0,"gym":0.0,"n":0},"geometry":{"type":"Polygon","coordinates":[[[-97.40506,32.67136],[-97.40367,32.67285],[-97.40452,32.67465],[-97.40677,32.67496],[-97.40817,32.67347],[-97.40731,32.67167],[-97.40506,32.67136]]]}},{"type":"Feature","properties":{"h3":"8926cbd9c77ffff","mii":23,"trt":0.0,"glp1":0.0,"pharmacy":0.0,"gym":0.0,"n":0},"geometry":{"type":"Polygon","coordinates":[[[-97.40871,32.67018],[-97.40731,32.67167],[-97.40817,32.67347],[-97.41042,32.67377],[-97.41181,32.67228],[-97.41096,32.67048],[-97.40871,32.67018]]]}},{"type":"Feature","properties":{"h3":"8926cbd9c67ffff","mii":23,"trt":0.0,"glp1":0.0,"pharmacy":0.0,"gym":0.0,"n":0},"geometry":{"type":"Polygon","coordinates":[[[-97.40924,32.66689],[-97.40785,32.66838],[-97.40871,32.67018],[-97.41096,32.67048],[-97.41235,32.66899],[-97.41149,32.66719],[-97.40924,32.66689]]]}},{"type":"Feature","properties":{"h3":"8926cbd9893ffff","mii":23,"trt":0.0,"glp1":0.0,"pharmacy":0.0,"gym":0.0,"n":0},"geometry":{"type":"Polygon","coordinates":[[[-97.40613,32.66478],[-97.40474,32.66627],[-97.4056,32.66807],[-97.40785,32.66838],[-97.40924,32.66689],[-97.40839,32.66509],[-97.40613,32.66478]]]}},{"type":"Feature","properties":{"h3":"8926cbd9c2fffff","mii":23,"trt":0.0,"glp1":0.0,"pharmacy":0.0,"gym":0.0,"n":0},"geometry":{"type":"Polygon","coordinates":[[[-97.40249,32.66597],[-97.40109,32.66746],[-97.40195,32.66926],[-97.4042,32.66956],[-97.4056,32.66807],[-97.40474,32.66627],[-97.40249,32.66597]]]}},{"type":"Feature","properties":{"h3":"8926cbd9c23ffff","mii":23,"trt":0.0,"glp1":0.0,"pharmacy":0.0,"gym":0.0,"n":0},"geometry":{"type":"Polygon","coordinates":[[[-97.40195,32.66926],[-97.40056,32.67075],[-97.40141,32.67255],[-97.40367,32.67285],[-97.40506,32.67136],[-97.4042,32.66956],[-97.40195,32.66926]]]}},{"type":"Feature","properties":{"h3":"8926c80cca7ffff","mii":22,"trt":0.0,"glp1":0.0,"pharmacy":0.0,"gym":0.0,"n":0},"geometry":{"type":"Polygon","coordinates":[[[-96.73095,33.17002],[-96.72955,33.1715],[-96.7304,33.1733],[-96.73265,33.17362],[-96.73405,33.17214],[-96.73321,33.17035],[-96.73095,33.17002]]]}},{"type":"Feature","properties":{"h3":"8926c80ccafffff","mii":22,"trt":0.0,"glp1":0.0,"pharmacy":0.0,"gym":0.0,"n":0},"geometry":{"type":"Polygon","coordinates":[[[-96.73461,33.16887],[-96.73321,33.17035],[-96.73405,33.17214],[-96.7363,33.17246],[-96.73771,33.17099],[-96.73686,33.16919],[-96.73461,33.16887]]]}},{"type":"Feature","properties":{"h3":"8926cbd2983ffff","mii":22,"trt":0.0,"glp1":0.0,"pharmacy":0.0,"gym":0.0,"n":0},"geometry":{"type":"Polygon","coordinates":[[[-97.10042,32.76053],[-97.09902,32.76201],[-97.09988,32.76381],[-97.10213,32.76413],[-97.10352,32.76264],[-97.10267,32.76084],[-97.10042,32.76053]]]}},{"type":"Feature","properties":{"h3":"8926cbd2987ffff","mii":22,"trt":0.0,"glp1":0.0,"pharmacy":0.0,"gym":0.0,"n":0},"geometry":{"type":"Polygon","coordinates":[[[-97.09732,32.75842],[-97.09592,32.7599],[-97.09678,32.7617],[-97.09902,32.76201],[-97.10042,32.76053],[-97.09957,32.75873],[-97.09732,32.75842]]]}},{"type":"Feature","properties":{"h3":"8926c86a8d3ffff","mii":22,"trt":0.0,"glp1":0.0,"pharmacy":0.0,"gym":0.0,"n":0},"geometry":{"type":"Polygon","coordinates":[[[-97.10525,32.93924],[-97.10385,32.94072],[-97.1047,32.94252],[-97.10695,32.94283],[-97.10835,32.94135],[-97.1075,32.93955],[-97.10525,32.93924]]]}},{"type":"Feature","properties":{"h3":"8926c86a8dbffff","mii":22,"trt":0.0,"glp1":0.0,"pharmacy":0.0,"gym":0.0,"n":0},"geometry":{"type":"Polygon","coordinates":[[[-97.1089,32.93807],[-97.1075,32.93955],[-97.10835,32.94135],[-97.1106,32.94166],[-97.112,32.94018],[-97.11115,32.93838],[-97.1089,32.93807]]]}},{"type":"Feature","properties":{"h3":"8926c86a8d7ffff","mii":22,"trt":0.0,"glp1":0.0,"pharmacy":0.0,"gym":0.0,"n":0},"geometry":{"type":"Polygon","coordinates":[[[-97.10214,32.93713],[-97.10074,32.93861],[-97.10159,32.94041],[-97.10385,32.94072],[-97.10525,32.93924],[-97.10439,32.93744],[-97.10214,32.93713]]]}},{"type":"Feature","properties":{"h3":"8926c874a83ffff","mii":22,"trt":0.0,"glp1":0.0,"pharmacy":0.0,"gym":0.0,"n":0},"geometry":{"type":"Polygon","coordinates":[[[-96.79639,32.98816],[-96.79499,32.98964],[-96.79584,32.99144],[-96.79809,32.99176],[-96.79949,32.99028],[-96.79864,32.98848],[-96.79639,32.98816]]]}},{"type":"Feature","properties":{"h3":"8926c874e03ffff","mii":22,"trt":0.0,"glp1":0.0,"pharmacy":0.0,"gym":0.0,"n":0},"geometry":{"type":"Polygon","coordinates":[[[-96.79727,33.00338],[-96.79587,33.00486],[-96.79672,33.00666],[-96.79897,33.00698],[-96.80037,33.0055],[-96.79952,33.0037],[-96.79727,33.00338]]]}},{"type":"Feature","properties":{"h3":"8926c874eabffff","mii":22,"trt":0.0,"glp1":0.0,"pharmacy":0.0,"gym":0.0,"n":0},"geometry":{"type":"Polygon","coordinates":[[[-96.79052,33.00243],[-96.78912,33.00391],[-96.78997,33.0057],[-96.79222,33.00602],[-96.79362,33.00454],[-96.79277,33.00275],[-96.79052,33.00243]]]}},{"type":"Feature","properties":{"h3":"8926c874cc7ffff","mii":22,"trt":0.0,"glp1":0.0,"pharmacy":0.0,"gym":0.0,"n":0},"geometry":{"type":"Polygon","coordinates":[[[-96.77425,33.01689],[-96.77285,33.01837],[-96.7737,33.02017],[-96.77595,33.02049],[-96.77735,33.01901],[-96.7765,33.01721],[-96.77425,33.01689]]]}},{"type":"Feature","properties":{"h3":"8926c874c1bffff","mii":22,"trt":0.0,"glp1":0.0,"pharmacy":0.0,"gym":0.0,"n":0},"geometry":{"type":"Polygon","coordinates":[[[-96.77481,33.01362],[-96.77341,33.0151],[-96.77425,33.01689],[-96.7765,33.01721],[-96.77791,33.01573],[-96.77706,33.01394],[-96.77481,33.01362]]]}},{"type":"Feature","properties":{"h3":"8926c874c03ffff","mii":22,"trt":0.0,"glp1":0.0,"pharmacy":0.0,"gym":0.0,"n":0},"geometry":{"type":"Polygon","coordinates":[[[-96.77171,33.0115],[-96.77031,33.01298],[-96.77116,33.01478],[-96.77341,33.0151],[-96.77481,33.01362],[-96.77396,33.01182],[-96.77171,33.0115]]]}},{"type":"Feature","properties":{"h3":"8926c874c17ffff","mii":22,"trt":0.0,"glp1":0.0,"pharmacy":0.0,"gym":0.0,"n":0},"geometry":{"type":"Polygon","coordinates":[[[-96.76806,33.01266],[-96.76666,33.01414],[-96.76751,33.01594],[-96.76976,33.01625],[-96.77116,33.01478],[-96.77031,33.01298],[-96.76806,33.01266]]]}},{"type":"Feature","properties":{"h3":"8926c874c8fffff","mii":22,"trt":0.0,"glp1":0.0,"pharmacy":0.0,"gym":0.0,"n":0},"geometry":{"type":"Polygon","coordinates":[[[-96.76751,33.01594],[-96.7661,33.01741],[-96.76695,33.01921],[-96.7692,33.01953],[-96.7706,33.01805],[-96.76976,33.01625],[-96.76751,33.01594]]]}},{"type":"Feature","properties":{"h3":"8926c8658afffff","mii":22,"trt":1.05,"glp1":0.0,"pharmacy":0.0,"gym":0.0,"n":2},"geometry":{"type":"Polygon","coordinates":[[[-96.86563,32.82339],[-96.86423,32.82487],[-96.86507,32.82667],[-96.86732,32.82699],[-96.86872,32.82551],[-96.86787,32.82371],[-96.86563,32.82339]]]}},{"type":"Feature","properties":{"h3":"8926c839bd7ffff","mii":22,"trt":0.0,"glp1":0.0,"pharmacy":0.0,"gym":0.0,"n":0},"geometry":{"type":"Polygon","coordinates":[[[-96.67536,33.02964],[-96.67396,33.03112],[-96.67481,33.03292],[-96.67705,33.03324],[-96.67846,33.03176],[-96.67761,33.02997],[-96.67536,33.02964]]]}},{"type":"Feature","properties":{"h3":"8926c839bc3ffff","mii":22,"trt":0.0,"glp1":0.0,"pharmacy":0.0,"gym":0.0,"n":0},"geometry":{"type":"Polygon","coordinates":[[[-96.67902,33.02849],[-96.67761,33.02997],[-96.67846,33.03176],[-96.68071,33.03208],[-96.68211,33.03061],[-96.68126,33.02881],[-96.67902,33.02849]]]}},{"type":"Feature","properties":{"h3":"8926c839bcfffff","mii":22,"trt":0.0,"glp1":0.0,"pharmacy":0.0,"gym":0.0,"n":0},"geometry":{"type":"Polygon","coordinates":[[[-96.67957,33.02521],[-96.67817,33.02669],[-96.67902,33.02849],[-96.68126,33.02881],[-96.68267,33.02733],[-96.68182,33.02554],[-96.67957,33.02521]]]}},{"type":"Feature","properties":{"h3":"8926c839b1bffff","mii":22,"trt":0.0,"glp1":0.0,"pharmacy":0.0,"gym":0.0,"n":0},"geometry":{"type":"Polygon","coordinates":[[[-96.67648,33.0231],[-96.67508,33.02457],[-96.67592,33.02637],[-96.67817,33.02669],[-96.67957,33.02521],[-96.67873,33.02342],[-96.67648,33.0231]]]}},{"type":"Feature","properties":{"h3":"8926c839b13ffff","mii":22,"trt":0.0,"glp1":0.0,"pharmacy":0.0,"gym":0.0,"n":0},"geometry":{"type":"Polygon","coordinates":[[[-96.67283,33.02425],[-96.67143,33.02573],[-96.67227,33.02753],[-96.67452,33.02785],[-96.67592,33.02637],[-96.67508,33.02457],[-96.67283,33.02425]]]}},{"type":"Feature","properties":{"h3":"8926c839b8bffff","mii":22,"trt":0.0,"glp1":0.0,"pharmacy":0.0,"gym":0.0,"n":0},"geometry":{"type":"Polygon","coordinates":[[[-96.67227,33.02753],[-96.67087,33.029],[-96.67171,33.0308],[-96.67396,33.03112],[-96.67536,33.02964],[-96.67452,33.02785],[-96.67227,33.02753]]]}},{"type":"Feature","properties":{"h3":"8926c863587ffff","mii":22,"trt":0.0,"glp1":9.05,"pharmacy":0.0,"gym":0.0,"n":16},"geometry":{"type":"Polygon","coordinates":[[[-97.00022,33.05044],[-96.99882,33.05193],[-96.99967,33.05372],[-97.00192,33.05404],[-97.00332,33.05256],[-97.00247,33.05076],[-97.00022,33.05044]]]}},{"type":"Feature","properties":{"h3":"8926cb99b6fffff","mii":22,"trt":0.6,"glp1":1.1,"pharmacy":0.0,"gym":0.0,"n":3},"geometry":{"type":"Polygon","coordinates":[[[-96.9116,32.63162],[-96.91021,32.6331],[-96.91105,32.6349],[-96.9133,32.63522],[-96.91469,32.63373],[-96.91385,32.63193],[-96.9116,32.63162]]]}},{"type":"Feature","properties":{"h3":"8926c82500bffff","mii":22,"trt":0.0,"glp1":0.0,"pharmacy":0.0,"gym":0.0,"n":0},"geometry":{"type":"Polygon","coordinates":[[[-96.40996,32.88745],[-96.40856,32.88892],[-96.4094,32.89072],[-96.41164,32.89104],[-96.41304,32.88957],[-96.4122,32.88777],[-96.40996,32.88745]]]}},{"type":"Feature","properties":{"h3":"8926c825047ffff","mii":22,"trt":0.0,"glp1":0.0,"pharmacy":0.0,"gym":0.0,"n":0},"geometry":{"type":"Polygon","coordinates":[[[-96.4136,32.8863],[-96.4122,32.88777],[-96.41304,32.88957],[-96.41528,32.8899],[-96.41668,32.88842],[-96.41584,32.88662],[-96.4136,32.8863]]]}},{"type":"Feature","properties":{"h3":"8926c82507bffff","mii":22,"trt":0.0,"glp1":0.0,"pharmacy":0.0,"gym":0.0,"n":0},"geometry":{"type":"Polygon","coordinates":[[[-96.41417,32.88302],[-96.41276,32.8845],[-96.4136,32.8863],[-96.41584,32.88662],[-96.41725,32.88515],[-96.41641,32.88335],[-96.41417,32.88302]]]}},{"type":"Feature","properties":{"h3":"8926c825063ffff","mii":22,"trt":0.0,"glp1":0.0,"pharmacy":0.0,"gym":0.0,"n":0},"geometry":{"type":"Polygon","coordinates":[[[-96.41109,32.8809],[-96.40969,32.88237],[-96.41052,32.88417],[-96.41276,32.8845],[-96.41417,32.88302],[-96.41333,32.88122],[-96.41109,32.8809]]]}},{"type":"Feature","properties":{"h3":"8926c825077ffff","mii":22,"trt":0.0,"glp1":0.0,"pharmacy":0.0,"gym":0.0,"n":0},"geometry":{"type":"Polygon","coordinates":[[[-96.40744,32.88205],[-96.40604,32.88352],[-96.40688,32.88532],[-96.40912,32.88565],[-96.41052,32.88417],[-96.40969,32.88237],[-96.40744,32.88205]]]}},{"type":"Feature","properties":{"h3":"8926c82500fffff","mii":22,"trt":0.0,"glp1":0.0,"pharmacy":0.0,"gym":0.0,"n":0},"geometry":{"type":"Polygon","coordinates":[[[-96.40688,32.88532],[-96.40548,32.8868],[-96.40632,32.8886],[-96.40856,32.88892],[-96.40996,32.88745],[-96.40912,32.88565],[-96.40688,32.88532]]]}},{"type":"Feature","properties":{"h3":"8926c874b5bffff","mii":22,"trt":0.0,"glp1":8.55,"pharmacy":0.0,"gym":0.0,"n":15},"geometry":{"type":"Polygon","coordinates":[[[-96.79298,32.96754],[-96.79157,32.96902],[-96.79242,32.97082],[-96.79467,32.97114],[-96.79607,32.96966],[-96.79522,32.96786],[-96.79298,32.96754]]]}},{"type":"Feature","properties":{"h3":"8926cbca907ffff","mii":22,"trt":0.0,"glp1":0.0,"pharmacy":0.0,"gym":0.0,"n":0},"geometry":{"type":"Polygon","coordinates":[[[-97.30715,32.53181],[-97.30575,32.5333],[-97.30661,32.5351],[-97.30885,32.5354],[-97.31025,32.53391],[-97.30939,32.53211],[-97.30715,32.53181]]]}},{"type":"Feature","properties":{"h3":"8926cbca90fffff","mii":22,"trt":0.0,"glp1":0.0,"pharmacy":0.0,"gym":0.0,"n":0},"geometry":{"type":"Polygon","coordinates":[[[-97.31079,32.53062],[-97.30939,32.53211],[-97.31025,32.53391],[-97.3125,32.53422],[-97.31389,32.53273],[-97.31303,32.53093],[-97.31079,32.53062]]]}},{"type":"Feature","properties":{"h3":"8926cbca977ffff","mii":22,"trt":0.0,"glp1":0.0,"pharmacy":0.0,"gym":0.0,"n":0},"geometry":{"type":"Polygon","coordinates":[[[-97.31133,32.52733],[-97.30993,32.52882],[-97.31079,32.53062],[-97.31303,32.53093],[-97.31443,32.52944],[-97.31357,32.52764],[-97.31133,32.52733]]]}},{"type":"Feature","properties":{"h3":"8926cbca92bffff","mii":22,"trt":0.0,"glp1":0.0,"pharmacy":0.0,"gym":0.0,"n":0},"geometry":{"type":"Polygon","coordinates":[[[-97.30822,32.52522],[-97.30683,32.52671],[-97.30769,32.52851],[-97.30993,32.52882],[-97.31133,32.52733],[-97.31047,32.52553],[-97.30822,32.52522]]]}},{"type":"Feature","properties":{"h3":"8926cbca923ffff","mii":22,"trt":0.0,"glp1":0.0,"pharmacy":0.0,"gym":0.0,"n":0},"geometry":{"type":"Polygon","coordinates":[[[-97.30458,32.52641],[-97.30319,32.5279],[-97.30405,32.5297],[-97.30629,32.53001],[-97.30769,32.52851],[-97.30683,32.52671],[-97.30458,32.52641]]]}},{"type":"Feature","properties":{"h3":"8926cbca933ffff","mii":22,"trt":0.0,"glp1":0.0,"pharmacy":0.0,"gym":0.0,"n":0},"geometry":{"type":"Polygon","coordinates":[[[-97.30405,32.5297],[-97.30265,32.53119],[-97.30351,32.53299],[-97.30575,32.5333],[-97.30715,32.53181],[-97.30629,32.53001],[-97.30405,32.5297]]]}},{"type":"Feature","properties":{"h3":"8926cbd84cbffff","mii":22,"trt":0.0,"glp1":8.4,"pharmacy":0.0,"gym":0.0,"n":14},"geometry":{"type":"Polygon","coordinates":[[[-97.3839,32.73741],[-97.38251,32.7389],[-97.38337,32.7407],[-97.38562,32.74101],[-97.38701,32.73952],[-97.38616,32.73772],[-97.3839,32.73741]]]}},{"type":"Feature","properties":{"h3":"8926c86a857ffff","mii":21,"trt":0.0,"glp1":0.0,"pharmacy":0.0,"gym":0.0,"n":0},"geometry":{"type":"Polygon","coordinates":[[[-97.10688,32.92939],[-97.10549,32.93088],[-97.10634,32.93267],[-97.10859,32.93299],[-97.10999,32.9315],[-97.10914,32.9297],[-97.10688,32.92939]]]}},{"type":"Feature","properties":{"h3":"8926c86683bffff","mii":21,"trt":0.0,"glp1":0.0,"pharmacy":0.0,"gym":0.0,"n":0},"geometry":{"type":"Polygon","coordinates":[[[-96.76695,32.87658],[-96.76555,32.87806],[-96.76639,32.87986],[-96.76864,32.88018],[-96.77004,32.8787],[-96.76919,32.8769],[-96.76695,32.87658]]]}},{"type":"Feature","properties":{"h3":"8926cb9163bffff","mii":21,"trt":0.0,"glp1":0.0,"pharmacy":0.0,"gym":0.0,"n":0},"geometry":{"type":"Polygon","coordinates":[[[-96.78247,32.78476],[-96.78107,32.78624],[-96.78192,32.78804],[-96.78416,32.78836],[-96.78556,32.78688],[-96.78472,32.78508],[-96.78247,32.78476]]]}},{"type":"Feature","properties":{"h3":"8926cbd5403ffff","mii":21,"trt":0.0,"glp1":0.0,"pharmacy":0.0,"gym":0.0,"n":0},"geometry":{"type":"Polygon","coordinates":[[[-97.11661,32.68379],[-97.11521,32.68527],[-97.11606,32.68707],[-97.11831,32.68738],[-97.11971,32.6859],[-97.11885,32.6841],[-97.11661,32.68379]]]}},{"type":"Feature","properties":{"h3":"8926cbd54bbffff","mii":21,"trt":0.0,"glp1":0.0,"pharmacy":0.0,"gym":0.0,"n":0},"geometry":{"type":"Polygon","coordinates":[[[-97.10932,32.68614],[-97.10792,32.68762],[-97.10877,32.68942],[-97.11102,32.68973],[-97.11242,32.68825],[-97.11157,32.68645],[-97.10932,32.68614]]]}},{"type":"Feature","properties":{"h3":"8926cbda3abffff","mii":21,"trt":0.0,"glp1":0.0,"pharmacy":0.0,"gym":0.0,"n":0},"geometry":{"type":"Polygon","coordinates":[[[-97.34229,32.73844],[-97.34089,32.73993],[-97.34175,32.74173],[-97.344,32.74204],[-97.3454,32.74055],[-97.34454,32.73875],[-97.34229,32.73844]]]}},{"type":"Feature","properties":{"h3":"8926c864a7bffff","mii":21,"trt":0.0,"glp1":0.0,"pharmacy":0.0,"gym":0.0,"n":0},"geometry":{"type":"Polygon","coordinates":[[[-96.83613,32.81419],[-96.83473,32.81567],[-96.83558,32.81747],[-96.83782,32.81779],[-96.83922,32.8163],[-96.83838,32.81451],[-96.83613,32.81419]]]}},{"type":"Feature","properties":{"h3":"8926c845d23ffff","mii":21,"trt":0.95,"glp1":0.0,"pharmacy":0.0,"gym":0.0,"n":1},"geometry":{"type":"Polygon","coordinates":[[[-97.12147,33.19485],[-97.12007,33.19633],[-97.12093,33.19812],[-97.12318,33.19844],[-97.12459,33.19696],[-97.12373,33.19516],[-97.12147,33.19485]]]}},{"type":"Feature","properties":{"h3":"8926caa41d3ffff","mii":21,"trt":0.0,"glp1":0.0,"pharmacy":0.0,"gym":0.0,"n":0},"geometry":{"type":"Polygon","coordinates":[[[-97.3353,32.86521],[-97.33391,32.8667],[-97.33476,32.8685],[-97.33702,32.8688],[-97.33841,32.86732],[-97.33756,32.86552],[-97.3353,32.86521]]]}},{"type":"Feature","properties":{"h3":"8926caa41dbffff","mii":21,"trt":0.0,"glp1":0.0,"pharmacy":0.0,"gym":0.0,"n":0},"geometry":{"type":"Polygon","coordinates":[[[-97.33895,32.86403],[-97.33756,32.86552],[-97.33841,32.86732],[-97.34067,32.86762],[-97.34207,32.86614],[-97.34121,32.86434],[-97.33895,32.86403]]]}},{"type":"Feature","properties":{"h3":"8926caa41cbffff","mii":21,"trt":0.0,"glp1":0.0,"pharmacy":0.0,"gym":0.0,"n":0},"geometry":{"type":"Polygon","coordinates":[[[-97.33949,32.86074],[-97.3381,32.86223],[-97.33895,32.86403],[-97.34121,32.86434],[-97.34261,32.86285],[-97.34175,32.86105],[-97.33949,32.86074]]]}},{"type":"Feature","properties":{"h3":"8926caa41cfffff","mii":21,"trt":0.0,"glp1":0.0,"pharmacy":0.0,"gym":0.0,"n":0},"geometry":{"type":"Polygon","coordinates":[[[-97.33638,32.85864],[-97.33499,32.86013],[-97.33584,32.86192],[-97.3381,32.86223],[-97.33949,32.86074],[-97.33864,32.85895],[-97.33638,32.85864]]]}},{"type":"Feature","properties":{"h3":"8926caa41c7ffff","mii":21,"trt":0.0,"glp1":0.0,"pharmacy":0.0,"gym":0.0,"n":0},"geometry":{"type":"Polygon","coordinates":[[[-97.33273,32.85982],[-97.33133,32.8613],[-97.33219,32.8631],[-97.33445,32.86341],[-97.33584,32.86192],[-97.33499,32.86013],[-97.33273,32.85982]]]}},{"type":"Feature","properties":{"h3":"8926caa41d7ffff","mii":21,"trt":0.0,"glp1":0.0,"pharmacy":0.0,"gym":0.0,"n":0},"geometry":{"type":"Polygon","coordinates":[[[-97.33219,32.8631],[-97.33079,32.86459],[-97.33165,32.86639],[-97.33391,32.8667],[-97.3353,32.86521],[-97.33445,32.86341],[-97.33219,32.8631]]]}},{"type":"Feature","properties":{"h3":"8926cbd60afffff","mii":21,"trt":0.0,"glp1":0.0,"pharmacy":0.0,"gym":0.0,"n":0},"geometry":{"type":"Polygon","coordinates":[[[-97.00474,32.71358],[-97.00335,32.71507],[-97.0042,32.71686],[-97.00644,32.71718],[-97.00784,32.71569],[-97.00699,32.71389],[-97.00474,32.71358]]]}},{"type":"Feature","properties":{"h3":"8926cbd6033ffff","mii":21,"trt":0.0,"glp1":0.0,"pharmacy":0.0,"gym":0.0,"n":0},"geometry":{"type":"Polygon","coordinates":[[[-97.00839,32.71241],[-97.00699,32.71389],[-97.00784,32.71569],[-97.01009,32.71601],[-97.01148,32.71452],[-97.01063,32.71272],[-97.00839,32.71241]]]}},{"type":"Feature","properties":{"h3":"8926cbd6023ffff","mii":21,"trt":0.0,"glp1":0.0,"pharmacy":0.0,"gym":0.0,"n":0},"geometry":{"type":"Polygon","coordinates":[[[-97.00894,32.70912],[-97.00754,32.71061],[-97.00839,32.71241],[-97.01063,32.71272],[-97.01203,32.71124],[-97.01118,32.70944],[-97.00894,32.70912]]]}},{"type":"Feature","properties":{"h3":"8926cbd6027ffff","mii":21,"trt":0.0,"glp1":0.0,"pharmacy":0.0,"gym":0.0,"n":0},"geometry":{"type":"Polygon","coordinates":[[[-97.00584,32.70701],[-97.00444,32.7085],[-97.00529,32.7103],[-97.00754,32.71061],[-97.00894,32.70912],[-97.00809,32.70733],[-97.00584,32.70701]]]}},{"type":"Feature","properties":{"h3":"8926cbd61cbffff","mii":21,"trt":0.0,"glp1":0.0,"pharmacy":0.0,"gym":0.0,"n":0},"geometry":{"type":"Polygon","coordinates":[[[-97.0022,32.70818],[-97.0008,32.70967],[-97.00165,32.71147],[-97.00389,32.71178],[-97.00529,32.7103],[-97.00444,32.7085],[-97.0022,32.70818]]]}},{"type":"Feature","properties":{"h3":"8926cbd61dbffff","mii":21,"trt":0.0,"glp1":0.0,"pharmacy":0.0,"gym":0.0,"n":0},"geometry":{"type":"Polygon","coordinates":[[[-97.00165,32.71147],[-97.00025,32.71295],[-97.0011,32.71475],[-97.00335,32.71507],[-97.00474,32.71358],[-97.00389,32.71178],[-97.00165,32.71147]]]}},{"type":"Feature","properties":{"h3":"8926c829edbffff","mii":21,"trt":0.0,"glp1":8.2,"pharmacy":0.0,"gym":0.0,"n":14},"geometry":{"type":"Polygon","coordinates":[[[-96.72714,32.90785],[-96.72574,32.90933],[-96.72659,32.91113],[-96.72883,32.91145],[-96.73024,32.90997],[-96.72939,32.90817],[-96.72714,32.90785]]]}},{"type":"Feature","properties":{"h3":"8926cb9ac4bffff","mii":21,"trt":0.0,"glp1":7.45,"pharmacy":0.0,"gym":0.0,"n":13},"geometry":{"type":"Polygon","coordinates":[[[-96.80678,32.74286],[-96.80538,32.74434],[-96.80622,32.74614],[-96.80847,32.74646],[-96.80987,32.74497],[-96.80902,32.74317],[-96.80678,32.74286]]]}},{"type":"Feature","properties":{"h3":"8926cb136dbffff","mii":21,"trt":0.0,"glp1":7.55,"pharmacy":0.0,"gym":0.0,"n":13},"geometry":{"type":"Polygon","coordinates":[[[-96.99285,32.47484],[-96.99145,32.47633],[-96.9923,32.47813],[-96.99454,32.47844],[-96.99594,32.47695],[-96.99509,32.47515],[-96.99285,32.47484]]]}},{"type":"Feature","properties":{"h3":"8926caa65a3ffff","mii":21,"trt":0.0,"glp1":0.0,"pharmacy":0.0,"gym":0.0,"n":0},"geometry":{"type":"Polygon","coordinates":[[[-97.28282,32.93191],[-97.28142,32.93339],[-97.28228,32.93519],[-97.28453,32.9355],[-97.28593,32.93401],[-97.28508,32.93222],[-97.28282,32.93191]]]}},{"type":"Feature","properties":{"h3":"8926caa65abffff","mii":21,"trt":0.0,"glp1":0.0,"pharmacy":0.0,"gym":0.0,"n":0},"geometry":{"type":"Polygon","coordinates":[[[-97.28647,32.93073],[-97.28508,32.93222],[-97.28593,32.93401],[-97.28819,32.93432],[-97.28959,32.93284],[-97.28873,32.93104],[-97.28647,32.93073]]]}},{"type":"Feature","properties":{"h3":"8926caa6533ffff","mii":21,"trt":0.0,"glp1":0.0,"pharmacy":0.0,"gym":0.0,"n":0},"geometry":{"type":"Polygon","coordinates":[[[-97.28702,32.92744],[-97.28562,32.92893],[-97.28647,32.93073],[-97.28873,32.93104],[-97.29013,32.92955],[-97.28927,32.92776],[-97.28702,32.92744]]]}},{"type":"Feature","properties":{"h3":"8926caa6537ffff","mii":21,"trt":0.0,"glp1":0.0,"pharmacy":0.0,"gym":0.0,"n":0},"geometry":{"type":"Polygon","coordinates":[[[-97.2839,32.92534],[-97.28251,32.92682],[-97.28336,32.92862],[-97.28562,32.92893],[-97.28702,32.92744],[-97.28616,32.92565],[-97.2839,32.92534]]]}},{"type":"Feature","properties":{"h3":"8926c8692dbffff","mii":21,"trt":0.0,"glp1":0.0,"pharmacy":0.0,"gym":0.0,"n":0},"geometry":{"type":"Polygon","coordinates":[[[-97.28025,32.92651],[-97.27885,32.928],[-97.27971,32.9298],[-97.28197,32.93011],[-97.28336,32.92862],[-97.28251,32.92682],[-97.28025,32.92651]]]}},{"type":"Feature","properties":{"h3":"8926c8295bbffff","mii":20,"trt":0.0,"glp1":0.0,"pharmacy":0.0,"gym":0.0,"n":0},"geometry":{"type":"Polygon","coordinates":[[[-96.70334,32.94641],[-96.70194,32.94789],[-96.70278,32.94968],[-96.70503,32.95001],[-96.70643,32.94853],[-96.70559,32.94673],[-96.70334,32.94641]]]}},{"type":"Feature","properties":{"h3":"8926c8295afffff","mii":20,"trt":0.0,"glp1":0.0,"pharmacy":0.0,"gym":0.0,"n":0},"geometry":{"type":"Polygon","coordinates":[[[-96.70081,32.94101],[-96.6994,32.94249],[-96.70025,32.94429],[-96.7025,32.94461],[-96.7039,32.94313],[-96.70305,32.94133],[-96.70081,32.94101]]]}},{"type":"Feature","properties":{"h3":"8926c86598fffff","mii":20,"trt":0.6,"glp1":0.0,"pharmacy":0.0,"gym":0.0,"n":1},"geometry":{"type":"Polygon","coordinates":[[[-96.84961,32.81609],[-96.84821,32.81757],[-96.84905,32.81937],[-96.8513,32.81969],[-96.8527,32.81821],[-96.85185,32.81641],[-96.84961,32.81609]]]}},{"type":"Feature","properties":{"h3":"8926c874e93ffff","mii":20,"trt":0.0,"glp1":0.0,"pharmacy":0.0,"gym":0.0,"n":0},"geometry":{"type":"Polygon","coordinates":[[[-96.79196,33.01437],[-96.79055,33.01585],[-96.7914,33.01765],[-96.79365,33.01797],[-96.79505,33.01649],[-96.79421,33.01469],[-96.79196,33.01437]]]}},{"type":"Feature","properties":{"h3":"8926c874e87ffff","mii":20,"trt":0.0,"glp1":0.0,"pharmacy":0.0,"gym":0.0,"n":0},"geometry":{"type":"Polygon","coordinates":[[[-96.78941,33.00898],[-96.78801,33.01046],[-96.78886,33.01226],[-96.79111,33.01258],[-96.79251,33.0111],[-96.79166,33.0093],[-96.78941,33.00898]]]}},{"type":"Feature","properties":{"h3":"8926c8668abffff","mii":20,"trt":0.65,"glp1":0.0,"pharmacy":0.0,"gym":0.0,"n":1},"geometry":{"type":"Polygon","coordinates":[[[-96.76275,32.88102],[-96.76134,32.8825],[-96.76219,32.8843],[-96.76444,32.88462],[-96.76584,32.88314],[-96.76499,32.88134],[-96.76275,32.88102]]]}},{"type":"Feature","properties":{"h3":"8926c864c93ffff","mii":20,"trt":0.0,"glp1":0.0,"pharmacy":0.0,"gym":0.0,"n":0},"geometry":{"type":"Polygon","coordinates":[[[-96.79358,32.86189],[-96.79218,32.86337],[-96.79303,32.86517],[-96.79527,32.86549],[-96.79667,32.86401],[-96.79583,32.86221],[-96.79358,32.86189]]]}},{"type":"Feature","properties":{"h3":"8926c864c83ffff","mii":20,"trt":0.0,"glp1":0.0,"pharmacy":0.0,"gym":0.0,"n":0},"geometry":{"type":"Polygon","coordinates":[[[-96.79414,32.85862],[-96.79274,32.8601],[-96.79358,32.86189],[-96.79583,32.86221],[-96.79723,32.86073],[-96.79638,32.85893],[-96.79414,32.85862]]]}},{"type":"Feature","properties":{"h3":"8926c864c87ffff","mii":20,"trt":0.0,"glp1":0.0,"pharmacy":0.0,"gym":0.0,"n":0},"geometry":{"type":"Polygon","coordinates":[[[-96.79104,32.8565],[-96.78964,32.85798],[-96.79049,32.85978],[-96.79274,32.8601],[-96.79414,32.85862],[-96.79329,32.85682],[-96.79104,32.8565]]]}},{"type":"Feature","properties":{"h3":"8926c866b4bffff","mii":20,"trt":0.0,"glp1":0.0,"pharmacy":0.0,"gym":0.0,"n":0},"geometry":{"type":"Polygon","coordinates":[[[-96.7874,32.85766],[-96.786,32.85914],[-96.78684,32.86094],[-96.78909,32.86126],[-96.79049,32.85978],[-96.78964,32.85798],[-96.7874,32.85766]]]}},{"type":"Feature","properties":{"h3":"8926c864bd3ffff","mii":20,"trt":0.0,"glp1":0.0,"pharmacy":0.0,"gym":0.0,"n":0},"geometry":{"type":"Polygon","coordinates":[[[-96.81172,32.81577],[-96.81032,32.81725],[-96.81116,32.81905],[-96.81341,32.81937],[-96.81481,32.81789],[-96.81396,32.81609],[-96.81172,32.81577]]]}},{"type":"Feature","properties":{"h3":"8926c864bdbffff","mii":20,"trt":0.0,"glp1":0.0,"pharmacy":0.0,"gym":0.0,"n":0},"geometry":{"type":"Polygon","coordinates":[[[-96.81536,32.81461],[-96.81396,32.81609],[-96.81481,32.81789],[-96.81706,32.81821],[-96.81846,32.81673],[-96.81761,32.81493],[-96.81536,32.81461]]]}},{"type":"Feature","properties":{"h3":"8926c864bcbffff","mii":20,"trt":0.0,"glp1":0.0,"pharmacy":0.0,"gym":0.0,"n":0},"geometry":{"type":"Polygon","coordinates":[[[-96.81592,32.81133],[-96.81452,32.81281],[-96.81536,32.81461],[-96.81761,32.81493],[-96.81901,32.81345],[-96.81816,32.81165],[-96.81592,32.81133]]]}},{"type":"Feature","properties":{"h3":"8926c864bcfffff","mii":20,"trt":0.0,"glp1":0.0,"pharmacy":0.0,"gym":0.0,"n":0},"geometry":{"type":"Polygon","coordinates":[[[-96.81283,32.80921],[-96.81143,32.81069],[-96.81227,32.81249],[-96.81452,32.81281],[-96.81592,32.81133],[-96.81507,32.80953],[-96.81283,32.80921]]]}},{"type":"Feature","properties":{"h3":"8926c864bc7ffff","mii":20,"trt":0.0,"glp1":0.0,"pharmacy":0.0,"gym":0.0,"n":0},"geometry":{"type":"Polygon","coordinates":[[[-96.80918,32.81038],[-96.80778,32.81186],[-96.80863,32.81366],[-96.81087,32.81397],[-96.81227,32.81249],[-96.81143,32.81069],[-96.80918,32.81038]]]}},{"type":"Feature","properties":{"h3":"8926c864bd7ffff","mii":20,"trt":0.0,"glp1":0.0,"pharmacy":0.0,"gym":0.0,"n":0},"geometry":{"type":"Polygon","coordinates":[[[-96.80863,32.81366],[-96.80723,32.81514],[-96.80807,32.81694],[-96.81032,32.81725],[-96.81172,32.81577],[-96.81087,32.81397],[-96.80863,32.81366]]]}},{"type":"Feature","properties":{"h3":"8926cbdae03ffff","mii":20,"trt":0.0,"glp1":0.7,"pharmacy":0.0,"gym":0.0,"n":1},"geometry":{"type":"Polygon","coordinates":[[[-97.32729,32.72462],[-97.32589,32.72611],[-97.32675,32.72791],[-97.329,32.72822],[-97.33039,32.72673],[-97.32954,32.72493],[-97.32729,32.72462]]]}},{"type":"Feature","properties":{"h3":"8926c86deabffff","mii":20,"trt":0.9,"glp1":0.0,"pharmacy":0.0,"gym":0.0,"n":2},"geometry":{"type":"Polygon","coordinates":[[[-97.06907,32.78305],[-97.06767,32.78453],[-97.06852,32.78633],[-97.07077,32.78664],[-97.07217,32.78516],[-97.07132,32.78336],[-97.06907,32.78305]]]}},{"type":"Feature","properties":{"h3":"8926c820883ffff","mii":20,"trt":0.0,"glp1":7.05,"pharmacy":0.0,"gym":0.0,"n":12},"geometry":{"type":"Polygon","coordinates":[[[-96.44073,32.94894],[-96.43932,32.95041],[-96.44016,32.95221],[-96.44241,32.95253],[-96.44381,32.95106],[-96.44297,32.94926],[-96.44073,32.94894]]]}},{"type":"Feature","properties":{"h3":"8926c864977ffff","mii":20,"trt":0.0,"glp1":0.0,"pharmacy":0.0,"gym":0.0,"n":0},"geometry":{"type":"Polygon","coordinates":[[[-96.78224,32.80656],[-96.78084,32.80804],[-96.78168,32.80984],[-96.78393,32.81016],[-96.78533,32.80868],[-96.78448,32.80688],[-96.78224,32.80656]]]}},{"type":"Feature","properties":{"h3":"8926c864963ffff","mii":20,"trt":0.0,"glp1":0.0,"pharmacy":0.0,"gym":0.0,"n":0},"geometry":{"type":"Polygon","coordinates":[[[-96.78588,32.8054],[-96.78448,32.80688],[-96.78533,32.80868],[-96.78757,32.80899],[-96.78897,32.80751],[-96.78813,32.80571],[-96.78588,32.8054]]]}},{"type":"Feature","properties":{"h3":"8926c86496fffff","mii":20,"trt":0.0,"glp1":0.0,"pharmacy":0.0,"gym":0.0,"n":0},"geometry":{"type":"Polygon","coordinates":[[[-96.78644,32.80212],[-96.78504,32.8036],[-96.78588,32.8054],[-96.78813,32.80571],[-96.78953,32.80423],[-96.78868,32.80243],[-96.78644,32.80212]]]}},{"type":"Feature","properties":{"h3":"8926c86492bffff","mii":20,"trt":0.0,"glp1":0.0,"pharmacy":0.0,"gym":0.0,"n":0},"geometry":{"type":"Polygon","coordinates":[[[-96.77915,32.80444],[-96.77775,32.80592],[-96.77859,32.80772],[-96.78084,32.80804],[-96.78224,32.80656],[-96.78139,32.80476],[-96.77915,32.80444]]]}},{"type":"Feature","properties":{"h3":"8926cb981b3ffff","mii":20,"trt":0.0,"glp1":7.0,"pharmacy":0.0,"gym":0.0,"n":12},"geometry":{"type":"Polygon","coordinates":[[[-96.83669,32.70845],[-96.8353,32.70993],[-96.83614,32.71173],[-96.83839,32.71205],[-96.83978,32.71056],[-96.83894,32.70876],[-96.83669,32.70845]]]}},{"type":"Feature","properties":{"h3":"8926cbd286fffff","mii":20,"trt":0.0,"glp1":0.0,"pharmacy":0.0,"gym":0.0,"n":0},"geometry":{"type":"Polygon","coordinates":[[[-97.13215,32.75653],[-97.13075,32.75802],[-97.1316,32.75982],[-97.13385,32.76013],[-97.13525,32.75864],[-97.1344,32.75685],[-97.13215,32.75653]]]}},{"type":"Feature","properties":{"h3":"8926cbd2bd3ffff","mii":20,"trt":0.0,"glp1":0.0,"pharmacy":0.0,"gym":0.0,"n":0},"geometry":{"type":"Polygon","coordinates":[[[-97.13579,32.75536],[-97.1344,32.75685],[-97.13525,32.75864],[-97.1375,32.75896],[-97.13889,32.75747],[-97.13804,32.75567],[-97.13579,32.75536]]]}},{"type":"Feature","properties":{"h3":"8926cbd2bc3ffff","mii":20,"trt":0.0,"glp1":0.0,"pharmacy":0.0,"gym":0.0,"n":0},"geometry":{"type":"Polygon","coordinates":[[[-97.13634,32.75207],[-97.13494,32.75356],[-97.13579,32.75536],[-97.13804,32.75567],[-97.13944,32.75418],[-97.13859,32.75239],[-97.13634,32.75207]]]}},{"type":"Feature","properties":{"h3":"8926cbd2bc7ffff","mii":20,"trt":0.0,"glp1":0.0,"pharmacy":0.0,"gym":0.0,"n":0},"geometry":{"type":"Polygon","coordinates":[[[-97.13324,32.74996],[-97.13184,32.75145],[-97.13269,32.75325],[-97.13494,32.75356],[-97.13634,32.75207],[-97.13549,32.75027],[-97.13324,32.74996]]]}},{"type":"Feature","properties":{"h3":"8926cbd2b8bffff","mii":20,"trt":0.0,"glp1":0.0,"pharmacy":0.0,"gym":0.0,"n":0},"geometry":{"type":"Polygon","coordinates":[[[-97.12959,32.75114],[-97.12819,32.75262],[-97.12905,32.75442],[-97.13129,32.75473],[-97.13269,32.75325],[-97.13184,32.75145],[-97.12959,32.75114]]]}},{"type":"Feature","properties":{"h3":"8926cbd2b9bffff","mii":20,"trt":0.0,"glp1":0.0,"pharmacy":0.0,"gym":0.0,"n":0},"geometry":{"type":"Polygon","coordinates":[[[-97.12905,32.75442],[-97.12765,32.75591],[-97.1285,32.75771],[-97.13075,32.75802],[-97.13215,32.75653],[-97.13129,32.75473],[-97.12905,32.75442]]]}},{"type":"Feature","properties":{"h3":"8926cbd738fffff","mii":20,"trt":0.0,"glp1":0.0,"pharmacy":0.0,"gym":0.0,"n":0},"geometry":{"type":"Polygon","coordinates":[[[-97.08691,32.69647],[-97.08551,32.69795],[-97.08637,32.69975],[-97.08861,32.70007],[-97.09001,32.69858],[-97.08916,32.69678],[-97.08691,32.69647]]]}},{"type":"Feature","properties":{"h3":"8926cbd7313ffff","mii":20,"trt":0.0,"glp1":0.0,"pharmacy":0.0,"gym":0.0,"n":0},"geometry":{"type":"Polygon","coordinates":[[[-97.09055,32.69529],[-97.08916,32.69678],[-97.09001,32.69858],[-97.09226,32.69889],[-97.09365,32.69741],[-97.0928,32.69561],[-97.09055,32.69529]]]}},{"type":"Feature","properties":{"h3":"8926cbd7303ffff","mii":20,"trt":0.0,"glp1":0.0,"pharmacy":0.0,"gym":0.0,"n":0},"geometry":{"type":"Polygon","coordinates":[[[-97.0911,32.69201],[-97.0897,32.6935],[-97.09055,32.69529],[-97.0928,32.69561],[-97.0942,32.69412],[-97.09335,32.69232],[-97.0911,32.69201]]]}},{"type":"Feature","properties":{"h3":"8926cbd7307ffff","mii":20,"trt":0.0,"glp1":0.0,"pharmacy":0.0,"gym":0.0,"n":0},"geometry":{"type":"Polygon","coordinates":[[[-97.088,32.6899],[-97.08661,32.69138],[-97.08746,32.69318],[-97.0897,32.6935],[-97.0911,32.69201],[-97.09025,32.69021],[-97.088,32.6899]]]}},{"type":"Feature","properties":{"h3":"8926cbd73abffff","mii":20,"trt":0.0,"glp1":0.0,"pharmacy":0.0,"gym":0.0,"n":0},"geometry":{"type":"Polygon","coordinates":[[[-97.08436,32.69107],[-97.08296,32.69256],[-97.08381,32.69436],[-97.08606,32.69467],[-97.08746,32.69318],[-97.08661,32.69138],[-97.08436,32.69107]]]}},{"type":"Feature","properties":{"h3":"8926cbd73bbffff","mii":20,"trt":0.0,"glp1":0.0,"pharmacy":0.0,"gym":0.0,"n":0},"geometry":{"type":"Polygon","coordinates":[[[-97.08381,32.69436],[-97.08242,32.69584],[-97.08327,32.69764],[-97.08551,32.69795],[-97.08691,32.69647],[-97.08606,32.69467],[-97.08381,32.69436]]]}},{"type":"Feature","properties":{"h3":"8926caae897ffff","mii":20,"trt":0.0,"glp1":6.75,"pharmacy":0.0,"gym":0.0,"n":11},"geometry":{"type":"Polygon","coordinates":[[[-97.44957,32.82201],[-97.44817,32.8235],[-97.44903,32.8253],[-97.45129,32.8256],[-97.45268,32.82411],[-97.45182,32.82232],[-97.44957,32.82201]]]}},{"type":"Feature","properties":{"h3":"8926cb912a7ffff","mii":20,"trt":0.0,"glp1":0.0,"pharmacy":0.95,"gym":0.0,"n":1},"geometry":{"type":"Polygon","coordinates":[[[-96.77542,32.76529],[-96.77402,32.76677],[-96.77486,32.76857],[-96.77711,32.76889],[-96.77851,32.76741],[-96.77766,32.76561],[-96.77542,32.76529]]]}},{"type":"Feature","properties":{"h3":"8926cbc8ab7ffff","mii":19,"trt":0.0,"glp1":0.0,"pharmacy":0.0,"gym":0.45,"n":1},"geometry":{"type":"Polygon","coordinates":[[[-97.37644,32.48743],[-97.37504,32.48893],[-97.3759,32.49073],[-97.37815,32.49103],[-97.37954,32.48954],[-97.37868,32.48774],[-97.37644,32.48743]]]}},{"type":"Feature","properties":{"h3":"8926cbda5a7ffff","mii":19,"trt":0.0,"glp1":0.0,"pharmacy":0.0,"gym":0.45,"n":1},"geometry":{"type":"Polygon","coordinates":[[[-97.30622,32.7688],[-97.30482,32.77029],[-97.30568,32.77208],[-97.30793,32.77239],[-97.30933,32.7709],[-97.30847,32.76911],[-97.30622,32.7688]]]}},{"type":"Feature","properties":{"h3":"8926c8796b3ffff","mii":19,"trt":0.0,"glp1":0.0,"pharmacy":0.0,"gym":0.45,"n":1},"geometry":{"type":"Polygon","coordinates":[[[-97.23009,33.10424],[-97.22869,33.10573],[-97.22955,33.10752],[-97.23181,33.10783],[-97.23321,33.10635],[-97.23235,33.10455],[-97.23009,33.10424]]]}},{"type":"Feature","properties":{"h3":"8926cb9a4abffff","mii":19,"trt":0.0,"glp1":0.0,"pharmacy":0.0,"gym":0.45,"n":1},"geometry":{"type":"Polygon","coordinates":[[[-96.82542,32.79588],[-96.82402,32.79736],[-96.82487,32.79916],[-96.82711,32.79948],[-96.82851,32.798],[-96.82766,32.7962],[-96.82542,32.79588]]]}},{"type":"Feature","properties":{"h3":"8926c8771cbffff","mii":19,"trt":0.0,"glp1":0.0,"pharmacy":0.0,"gym":0.45,"n":1},"geometry":{"type":"Polygon","coordinates":[[[-96.84218,33.08523],[-96.84078,33.0867],[-96.84163,33.0885],[-96.84388,33.08882],[-96.84528,33.08734],[-96.84444,33.08554],[-96.84218,33.08523]]]}},{"type":"Feature","properties":{"h3":"8926c80cddbffff","mii":19,"trt":0.0,"glp1":0.0,"pharmacy":0.0,"gym":0.45,"n":1},"geometry":{"type":"Polygon","coordinates":[[[-96.73151,33.16675],[-96.73011,33.16823],[-96.73095,33.17002],[-96.73321,33.17035],[-96.73461,33.16887],[-96.73376,33.16707],[-96.73151,33.16675]]]}},{"type":"Feature","properties":{"h3":"8926c80c833ffff","mii":19,"trt":0.0,"glp1":0.0,"pharmacy":0.0,"gym":0.45,"n":1},"geometry":{"type":"Polygon","coordinates":[[[-96.74216,33.1448],[-96.74076,33.14628],[-96.74161,33.14808],[-96.74386,33.1484],[-96.74526,33.14692],[-96.74441,33.14512],[-96.74216,33.1448]]]}},{"type":"Feature","properties":{"h3":"8926c80de23ffff","mii":19,"trt":0.0,"glp1":0.0,"pharmacy":0.0,"gym":0.0,"n":0},"geometry":{"type":"Polygon","coordinates":[[[-96.8373,33.15496],[-96.8359,33.15643],[-96.83675,33.15823],[-96.839,33.15855],[-96.84041,33.15707],[-96.83956,33.15528],[-96.8373,33.15496]]]}},{"type":"Feature","properties":{"h3":"8926c80da93ffff","mii":19,"trt":0.0,"glp1":0.0,"pharmacy":0.0,"gym":0.0,"n":0},"geometry":{"type":"Polygon","coordinates":[[[-96.84151,33.15052],[-96.84011,33.152],[-96.84096,33.1538],[-96.84321,33.15412],[-96.84462,33.15264],[-96.84377,33.15084],[-96.84151,33.15052]]]}},{"type":"Feature","properties":{"h3":"8926c80da97ffff","mii":19,"trt":0.0,"glp1":0.0,"pharmacy":0.0,"gym":0.0,"n":0},"geometry":{"type":"Polygon","coordinates":[[[-96.83841,33.14841],[-96.83701,33.14989],[-96.83786,33.15168],[-96.84011,33.152],[-96.84151,33.15052],[-96.84066,33.14873],[-96.83841,33.14841]]]}},{"type":"Feature","properties":{"h3":"8926cbc881bffff","mii":19,"trt":0.0,"glp1":0.0,"pharmacy":0.0,"gym":0.45,"n":1},"geometry":{"type":"Polygon","coordinates":[[[-97.36808,32.49639],[-97.36669,32.49788],[-97.36754,32.49968],[-97.36979,32.49999],[-97.37118,32.4985],[-97.37033,32.4967],[-97.36808,32.49639]]]}},{"type":"Feature","properties":{"h3":"8926ca84cb3ffff","mii":19,"trt":0.0,"glp1":0.0,"pharmacy":0.0,"gym":0.45,"n":1},"geometry":{"type":"Polygon","coordinates":[[[-97.57678,33.21037],[-97.57538,33.21186],[-97.57625,33.21365],[-97.57851,33.21396],[-97.57991,33.21247],[-97.57905,33.21068],[-97.57678,33.21037]]]}},{"type":"Feature","properties":{"h3":"8926cb8b023ffff","mii":19,"trt":0.0,"glp1":0.0,"pharmacy":0.0,"gym":0.45,"n":1},"geometry":{"type":"Polygon","coordinates":[[[-96.93001,32.60394],[-96.92861,32.60543],[-96.92946,32.60723],[-96.9317,32.60754],[-96.9331,32.60606],[-96.93225,32.60426],[-96.93001,32.60394]]]}},{"type":"Feature","properties":{"h3":"8926cbd544bffff","mii":19,"trt":0.0,"glp1":0.0,"pharmacy":0.0,"gym":0.45,"n":1},"geometry":{"type":"Polygon","coordinates":[[[-97.13064,32.68237],[-97.12924,32.68386],[-97.13009,32.68566],[-97.13234,32.68597],[-97.13374,32.68448],[-97.13288,32.68268],[-97.13064,32.68237]]]}},{"type":"Feature","properties":{"h3":"8926cbd640bffff","mii":19,"trt":0.0,"glp1":0.0,"pharmacy":0.0,"gym":0.45,"n":1},"geometry":{"type":"Polygon","coordinates":[[[-97.01439,32.73845],[-97.01299,32.73994],[-97.01384,32.74174],[-97.01609,32.74205],[-97.01749,32.74057],[-97.01664,32.73877],[-97.01439,32.73845]]]}},{"type":"Feature","properties":{"h3":"8926c86d643ffff","mii":19,"trt":0.0,"glp1":0.0,"pharmacy":0.0,"gym":0.0,"n":0},"geometry":{"type":"Polygon","coordinates":[[[-97.12582,32.8363],[-97.12442,32.83778],[-97.12527,32.83958],[-97.12752,32.8399],[-97.12892,32.83841],[-97.12807,32.83661],[-97.12582,32.8363]]]}},{"type":"Feature","properties":{"h3":"8926c86d60bffff","mii":19,"trt":0.0,"glp1":0.0,"pharmacy":0.0,"gym":0.0,"n":0},"geometry":{"type":"Polygon","coordinates":[[[-97.11906,32.83536],[-97.11767,32.83685],[-97.11852,32.83865],[-97.12077,32.83896],[-97.12217,32.83747],[-97.12132,32.83567],[-97.11906,32.83536]]]}},{"type":"Feature","properties":{"h3":"8926c86898fffff","mii":19,"trt":0.0,"glp1":0.0,"pharmacy":0.0,"gym":0.45,"n":1},"geometry":{"type":"Polygon","coordinates":[[[-97.1074,32.86397],[-97.106,32.86546],[-97.10685,32.86726],[-97.10911,32.86757],[-97.1105,32.86608],[-97.10965,32.86429],[-97.1074,32.86397]]]}},{"type":"Feature","properties":{"h3":"8926c868983ffff","mii":19,"trt":0.0,"glp1":0.0,"pharmacy":0.0,"gym":0.0,"n":0},"geometry":{"type":"Polygon","coordinates":[[[-97.10685,32.86726],[-97.10546,32.86874],[-97.10631,32.87054],[-97.10856,32.87085],[-97.10996,32.86937],[-97.10911,32.86757],[-97.10685,32.86726]]]}},{"type":"Feature","properties":{"h3":"8926c868987ffff","mii":19,"trt":0.0,"glp1":0.0,"pharmacy":0.0,"gym":0.0,"n":0},"geometry":{"type":"Polygon","coordinates":[[[-97.10375,32.86515],[-97.10235,32.86663],[-97.10321,32.86843],[-97.10546,32.86874],[-97.10685,32.86726],[-97.106,32.86546],[-97.10375,32.86515]]]}},{"type":"Feature","properties":{"h3":"8926c86992fffff","mii":19,"trt":0.0,"glp1":0.0,"pharmacy":0.0,"gym":0.45,"n":1},"geometry":{"type":"Polygon","coordinates":[[[-97.1793,32.84707],[-97.1779,32.84856],[-97.17876,32.85036],[-97.18101,32.85067],[-97.18241,32.84918],[-97.18155,32.84739],[-97.1793,32.84707]]]}},{"type":"Feature","properties":{"h3":"8926cbd26a7ffff","mii":19,"trt":0.0,"glp1":0.0,"pharmacy":0.0,"gym":0.45,"n":1},"geometry":{"type":"Polygon","coordinates":[[[-97.17472,32.833],[-97.17332,32.83449],[-97.17418,32.83629],[-97.17643,32.8366],[-97.17783,32.83511],[-97.17697,32.83331],[-97.17472,32.833]]]}},{"type":"Feature","properties":{"h3":"8926c868d83ffff","mii":19,"trt":0.0,"glp1":0.0,"pharmacy":0.0,"gym":0.45,"n":1},"geometry":{"type":"Polygon","coordinates":[[[-97.10303,32.89024],[-97.10163,32.89172],[-97.10249,32.89352],[-97.10474,32.89383],[-97.10614,32.89235],[-97.10528,32.89055],[-97.10303,32.89024]]]}},{"type":"Feature","properties":{"h3":"8926c868997ffff","mii":19,"trt":0.0,"glp1":0.0,"pharmacy":0.0,"gym":0.45,"n":1},"geometry":{"type":"Polygon","coordinates":[[[-97.10321,32.86843],[-97.10181,32.86991],[-97.10266,32.87171],[-97.10491,32.87202],[-97.10631,32.87054],[-97.10546,32.86874],[-97.10321,32.86843]]]}},{"type":"Feature","properties":{"h3":"8926cbd3537ffff","mii":19,"trt":0.0,"glp1":0.0,"pharmacy":0.0,"gym":0.45,"n":1},"geometry":{"type":"Polygon","coordinates":[[[-97.20446,32.82032],[-97.20306,32.8218],[-97.20391,32.8236],[-97.20617,32.82391],[-97.20756,32.82242],[-97.20671,32.82063],[-97.20446,32.82032]]]}},{"type":"Feature","properties":{"h3":"8926c860b03ffff","mii":19,"trt":0.0,"glp1":0.0,"pharmacy":0.0,"gym":0.45,"n":1},"geometry":{"type":"Polygon","coordinates":[[[-96.95832,32.90863],[-96.95692,32.91011],[-96.95777,32.91191],[-96.96002,32.91223],[-96.96142,32.91075],[-96.96057,32.90895],[-96.95832,32.90863]]]}},{"type":"Feature","properties":{"h3":"8926c860c73ffff","mii":19,"trt":0.0,"glp1":0.0,"pharmacy":0.0,"gym":0.45,"n":1},"geometry":{"type":"Polygon","coordinates":[[[-96.95482,32.95011],[-96.95342,32.95159],[-96.95427,32.95338],[-96.95652,32.9537],[-96.95792,32.95222],[-96.95707,32.95042],[-96.95482,32.95011]]]}},{"type":"Feature","properties":{"h3":"8926c86aa13ffff","mii":19,"trt":0.0,"glp1":0.0,"pharmacy":0.0,"gym":0.45,"n":1},"geometry":{"type":"Polygon","coordinates":[[[-97.12514,32.92354],[-97.12374,32.92502],[-97.1246,32.92682],[-97.12685,32.92713],[-97.12825,32.92565],[-97.1274,32.92385],[-97.12514,32.92354]]]}},{"type":"Feature","properties":{"h3":"8926c86b43bffff","mii":19,"trt":0.0,"glp1":0.0,"pharmacy":0.0,"gym":0.45,"n":1},"geometry":{"type":"Polygon","coordinates":[[[-97.20634,32.99691],[-97.20494,32.99839],[-97.2058,33.00019],[-97.20805,33.0005],[-97.20945,32.99902],[-97.2086,32.99722],[-97.20634,32.99691]]]}},{"type":"Feature","properties":{"h3":"8926c86b51bffff","mii":19,"trt":0.0,"glp1":0.0,"pharmacy":0.0,"gym":0.45,"n":1},"geometry":{"type":"Polygon","coordinates":[[[-97.19025,32.98965],[-97.18885,32.99113],[-97.1897,32.99293],[-97.19196,32.99324],[-97.19336,32.99175],[-97.1925,32.98996],[-97.19025,32.98965]]]}},{"type":"Feature","properties":{"h3":"8926c8614c3ffff","mii":19,"trt":0.0,"glp1":0.0,"pharmacy":0.0,"gym":0.45,"n":1},"geometry":{"type":"Polygon","coordinates":[[[-97.06874,33.01304],[-97.06734,33.01452],[-97.06819,33.01632],[-97.07044,33.01664],[-97.07184,33.01515],[-97.07099,33.01336],[-97.06874,33.01304]]]}},{"type":"Feature","properties":{"h3":"8926c86337bffff","mii":19,"trt":0.0,"glp1":0.0,"pharmacy":0.0,"gym":0.45,"n":1},"geometry":{"type":"Polygon","coordinates":[[[-97.04535,33.0081],[-97.04395,33.00958],[-97.0448,33.01138],[-97.04706,33.01169],[-97.04846,33.01021],[-97.0476,33.00841],[-97.04535,33.0081]]]}},{"type":"Feature","properties":{"h3":"8926c84426fffff","mii":19,"trt":0.0,"glp1":0.0,"pharmacy":0.0,"gym":0.45,"n":1},"geometry":{"type":"Polygon","coordinates":[[[-97.15043,33.22905],[-97.14902,33.23053],[-97.14988,33.23233],[-97.15214,33.23264],[-97.15354,33.23116],[-97.15269,33.22937],[-97.15043,33.22905]]]}},{"type":"Feature","properties":{"h3":"8926c844c6bffff","mii":19,"trt":0.0,"glp1":0.0,"pharmacy":0.0,"gym":0.45,"n":1},"geometry":{"type":"Polygon","coordinates":[[[-97.08432,33.20979],[-97.08292,33.21127],[-97.08377,33.21307],[-97.08603,33.21338],[-97.08743,33.2119],[-97.08658,33.2101],[-97.08432,33.20979]]]}},{"type":"Feature","properties":{"h3":"8926c87a0a3ffff","mii":19,"trt":0.0,"glp1":0.0,"pharmacy":0.0,"gym":0.45,"n":1},"geometry":{"type":"Polygon","coordinates":[[[-97.1026,33.14191],[-97.10119,33.14339],[-97.10205,33.14519],[-97.10431,33.1455],[-97.10571,33.14402],[-97.10485,33.14222],[-97.1026,33.14191]]]}},{"type":"Feature","properties":{"h3":"8926cb9a143ffff","mii":19,"trt":0.0,"glp1":0.0,"pharmacy":0.0,"gym":0.45,"n":1},"geometry":{"type":"Polygon","coordinates":[[[-96.82476,32.75884],[-96.82337,32.76032],[-96.82421,32.76212],[-96.82646,32.76244],[-96.82786,32.76096],[-96.82701,32.75916],[-96.82476,32.75884]]]}},{"type":"Feature","properties":{"h3":"8926cb9069bffff","mii":19,"trt":0.0,"glp1":0.0,"pharmacy":0.0,"gym":0.45,"n":1},"geometry":{"type":"Polygon","coordinates":[[[-96.7107,32.80143],[-96.7093,32.80291],[-96.71015,32.80471],[-96.71239,32.80503],[-96.71379,32.80355],[-96.71295,32.80175],[-96.7107,32.80143]]]}},{"type":"Feature","properties":{"h3":"8926c829b1bffff","mii":19,"trt":0.0,"glp1":0.0,"pharmacy":0.0,"gym":0.45,"n":1},"geometry":{"type":"Polygon","coordinates":[[[-96.70378,32.86256],[-96.70238,32.86404],[-96.70322,32.86584],[-96.70547,32.86616],[-96.70687,32.86468],[-96.70603,32.86288],[-96.70378,32.86256]]]}},{"type":"Feature","properties":{"h3":"8926cb984d3ffff","mii":19,"trt":0.0,"glp1":0.0,"pharmacy":0.0,"gym":0.45,"n":1},"geometry":{"type":"Polygon","coordinates":[[[-96.87048,32.75353],[-96.86908,32.75502],[-96.86992,32.75682],[-96.87217,32.75713],[-96.87357,32.75565],[-96.87272,32.75385],[-96.87048,32.75353]]]}},{"type":"Feature","properties":{"h3":"8926c86592bffff","mii":19,"trt":0.0,"glp1":0.0,"pharmacy":0.0,"gym":0.45,"n":1},"geometry":{"type":"Polygon","coordinates":[[[-96.85182,32.80297],[-96.85042,32.80445],[-96.85126,32.80625],[-96.85351,32.80657],[-96.85491,32.80508],[-96.85406,32.80329],[-96.85182,32.80297]]]}},{"type":"Feature","properties":{"h3":"8926c82882fffff","mii":19,"trt":0.0,"glp1":0.0,"pharmacy":0.0,"gym":0.45,"n":1},"geometry":{"type":"Polygon","coordinates":[[[-96.61908,32.87396],[-96.61768,32.87544],[-96.61852,32.87724],[-96.62076,32.87756],[-96.62216,32.87608],[-96.62132,32.87428],[-96.61908,32.87396]]]}},{"type":"Feature","properties":{"h3":"8926cb92c33ffff","mii":19,"trt":0.0,"glp1":0.0,"pharmacy":0.0,"gym":0.45,"n":1},"geometry":{"type":"Polygon","coordinates":[[[-96.60809,32.79685],[-96.60669,32.79833],[-96.60754,32.80013],[-96.60978,32.80045],[-96.61118,32.79897],[-96.61034,32.79717],[-96.60809,32.79685]]]}},{"type":"Feature","properties":{"h3":"8926c874a8fffff","mii":19,"trt":0.0,"glp1":0.0,"pharmacy":0.0,"gym":0.0,"n":0},"geometry":{"type":"Polygon","coordinates":[[[-96.79695,32.98488],[-96.79555,32.98636],[-96.79639,32.98816],[-96.79864,32.98848],[-96.80004,32.987],[-96.7992,32.9852],[-96.79695,32.98488]]]}},{"type":"Feature","properties":{"h3":"8926c8663afffff","mii":19,"trt":0.0,"glp1":0.0,"pharmacy":0.0,"gym":0.45,"n":1},"geometry":{"type":"Polygon","coordinates":[[[-96.80295,32.90854],[-96.80155,32.91002],[-96.8024,32.91182],[-96.80465,32.91214],[-96.80605,32.91066],[-96.8052,32.90886],[-96.80295,32.90854]]]}},{"type":"Feature","properties":{"h3":"8926c82964bffff","mii":19,"trt":0.0,"glp1":0.0,"pharmacy":0.0,"gym":0.45,"n":1},"geometry":{"type":"Polygon","coordinates":[[[-96.77187,32.94945],[-96.77047,32.95093],[-96.77131,32.95272],[-96.77356,32.95304],[-96.77496,32.95156],[-96.77412,32.94977],[-96.77187,32.94945]]]}},{"type":"Feature","properties":{"h3":"8926c874607ffff","mii":19,"trt":0.0,"glp1":0.0,"pharmacy":0.0,"gym":0.45,"n":1},"geometry":{"type":"Polygon","coordinates":[[[-96.83366,33.05383],[-96.83226,33.05531],[-96.83311,33.05711],[-96.83536,33.05743],[-96.83676,33.05595],[-96.83591,33.05415],[-96.83366,33.05383]]]}},{"type":"Feature","properties":{"h3":"8926c8744dbffff","mii":19,"trt":0.0,"glp1":0.0,"pharmacy":0.0,"gym":0.45,"n":1},"geometry":{"type":"Polygon","coordinates":[[[-96.81993,33.07369],[-96.81853,33.07517],[-96.81938,33.07697],[-96.82163,33.07728],[-96.82303,33.07581],[-96.82218,33.07401],[-96.81993,33.07369]]]}},{"type":"Feature","properties":{"h3":"8926c874577ffff","mii":19,"trt":0.0,"glp1":0.0,"pharmacy":0.0,"gym":0.45,"n":1},"geometry":{"type":"Polygon","coordinates":[[[-96.79061,33.0427],[-96.78921,33.04418],[-96.79006,33.04597],[-96.79231,33.04629],[-96.79371,33.04482],[-96.79286,33.04302],[-96.79061,33.0427]]]}},{"type":"Feature","properties":{"h3":"8926c82b45bffff","mii":19,"trt":0.0,"glp1":0.0,"pharmacy":0.0,"gym":0.45,"n":1},"geometry":{"type":"Polygon","coordinates":[[[-96.71243,33.01481],[-96.71103,33.01628],[-96.71187,33.01808],[-96.71412,33.0184],[-96.71552,33.01693],[-96.71468,33.01513],[-96.71243,33.01481]]]}},{"type":"Feature","properties":{"h3":"8926c874557ffff","mii":19,"trt":0.0,"glp1":0.0,"pharmacy":0.0,"gym":0.45,"n":1},"geometry":{"type":"Polygon","coordinates":[[[-96.79625,33.05021],[-96.79485,33.05169],[-96.7957,33.05348],[-96.79795,33.0538],[-96.79935,33.05232],[-96.7985,33.05053],[-96.79625,33.05021]]]}},{"type":"Feature","properties":{"h3":"8926c87684fffff","mii":19,"trt":0.0,"glp1":0.0,"pharmacy":0.0,"gym":0.45,"n":1},"geometry":{"type":"Polygon","coordinates":[[[-96.75322,33.03906],[-96.75182,33.04054],[-96.75266,33.04234],[-96.75491,33.04266],[-96.75631,33.04118],[-96.75547,33.03938],[-96.75322,33.03906]]]}},{"type":"Feature","properties":{"h3":"8926c867593ffff","mii":19,"trt":0.0,"glp1":0.0,"pharmacy":0.35,"gym":0.0,"n":1},"geometry":{"type":"Polygon","coordinates":[[[-96.85082,32.95224],[-96.84942,32.95372],[-96.85027,32.95552],[-96.85252,32.95584],[-96.85392,32.95435],[-96.85307,32.95256],[-96.85082,32.95224]]]}},{"type":"Feature","properties":{"h3":"8926c8662b7ffff","mii":19,"trt":0.0,"glp1":0.0,"pharmacy":0.0,"gym":0.45,"n":1},"geometry":{"type":"Polygon","coordinates":[[[-96.82041,32.9278],[-96.81901,32.92928],[-96.81986,32.93108],[-96.82211,32.9314],[-96.82351,32.92992],[-96.82266,32.92812],[-96.82041,32.9278]]]}},{"type":"Feature","properties":{"h3":"8926c877553ffff","mii":19,"trt":0.0,"glp1":0.0,"pharmacy":0.0,"gym":0.45,"n":1},"geometry":{"type":"Polygon","coordinates":[[[-96.83886,33.10488],[-96.83746,33.10636],[-96.83831,33.10815],[-96.84056,33.10847],[-96.84196,33.10699],[-96.84111,33.1052],[-96.83886,33.10488]]]}},{"type":"Feature","properties":{"h3":"8926c80d96fffff","mii":19,"trt":0.0,"glp1":0.0,"pharmacy":0.0,"gym":0.45,"n":1},"geometry":{"type":"Polygon","coordinates":[[[-96.80486,33.12186],[-96.80345,33.12334],[-96.8043,33.12513],[-96.80655,33.12545],[-96.80796,33.12397],[-96.80711,33.12218],[-96.80486,33.12186]]]}},{"type":"Feature","properties":{"h3":"8926c82b01bffff","mii":19,"trt":0.0,"glp1":0.0,"pharmacy":0.0,"gym":0.45,"n":1},"geometry":{"type":"Polygon","coordinates":[[[-96.70593,32.99208],[-96.70453,32.99355],[-96.70538,32.99535],[-96.70762,32.99567],[-96.70903,32.99419],[-96.70818,32.9924],[-96.70593,32.99208]]]}},{"type":"Feature","properties":{"h3":"8926c82b3dbffff","mii":19,"trt":0.0,"glp1":0.0,"pharmacy":0.0,"gym":0.0,"n":0},"geometry":{"type":"Polygon","coordinates":[[[-96.71546,32.97666],[-96.71406,32.97814],[-96.7149,32.97993],[-96.71715,32.98025],[-96.71855,32.97878],[-96.71771,32.97698],[-96.71546,32.97666]]]}},{"type":"Feature","properties":{"h3":"8926c82b227ffff","mii":19,"trt":0.0,"glp1":0.0,"pharmacy":0.0,"gym":0.0,"n":0},"geometry":{"type":"Polygon","coordinates":[[[-96.71967,32.97222],[-96.71826,32.9737],[-96.71911,32.9755],[-96.72136,32.97582],[-96.72276,32.97434],[-96.72191,32.97254],[-96.71967,32.97222]]]}},{"type":"Feature","properties":{"h3":"8926c82b363ffff","mii":19,"trt":0.0,"glp1":0.0,"pharmacy":0.0,"gym":0.45,"n":1},"geometry":{"type":"Polygon","coordinates":[[[-96.7115,32.95932],[-96.7101,32.96079],[-96.71095,32.96259],[-96.71319,32.96291],[-96.71459,32.96144],[-96.71375,32.95964],[-96.7115,32.95932]]]}},{"type":"Feature","properties":{"h3":"8926c872d3bffff","mii":19,"trt":0.0,"glp1":0.0,"pharmacy":0.0,"gym":0.45,"n":1},"geometry":{"type":"Polygon","coordinates":[[[-96.866,33.14896],[-96.8646,33.15044],[-96.86545,33.15223],[-96.8677,33.15255],[-96.8691,33.15107],[-96.86825,33.14928],[-96.866,33.14896]]]}},{"type":"Feature","properties":{"h3":"8926c80db8bffff","mii":19,"trt":0.0,"glp1":0.0,"pharmacy":0.0,"gym":0.0,"n":0},"geometry":{"type":"Polygon","coordinates":[[[-96.82401,33.13128],[-96.82261,33.13276],[-96.82346,33.13456],[-96.82571,33.13487],[-96.82711,33.1334],[-96.82627,33.1316],[-96.82401,33.13128]]]}},{"type":"Feature","properties":{"h3":"8926c80dbc7ffff","mii":19,"trt":0.0,"glp1":0.0,"pharmacy":0.0,"gym":0.0,"n":0},"geometry":{"type":"Polygon","coordinates":[[[-96.82767,33.13012],[-96.82627,33.1316],[-96.82711,33.1334],[-96.82937,33.13372],[-96.83077,33.13224],[-96.82992,33.13044],[-96.82767,33.13012]]]}},{"type":"Feature","properties":{"h3":"8926c80db1bffff","mii":19,"trt":0.0,"glp1":0.0,"pharmacy":0.0,"gym":0.0,"n":0},"geometry":{"type":"Polygon","coordinates":[[[-96.82822,33.12685],[-96.82682,33.12832],[-96.82767,33.13012],[-96.82992,33.13044],[-96.83132,33.12896],[-96.83048,33.12717],[-96.82822,33.12685]]]}},{"type":"Feature","properties":{"h3":"8926c80db03ffff","mii":19,"trt":0.0,"glp1":0.0,"pharmacy":0.0,"gym":0.0,"n":0},"geometry":{"type":"Polygon","coordinates":[[[-96.82512,33.12473],[-96.82372,33.12621],[-96.82457,33.12801],[-96.82682,33.12832],[-96.82822,33.12685],[-96.82737,33.12505],[-96.82512,33.12473]]]}},{"type":"Feature","properties":{"h3":"8926c80db17ffff","mii":19,"trt":0.0,"glp1":0.0,"pharmacy":0.0,"gym":0.0,"n":0},"geometry":{"type":"Polygon","coordinates":[[[-96.82147,33.12589],[-96.82006,33.12737],[-96.82091,33.12916],[-96.82316,33.12948],[-96.82457,33.12801],[-96.82372,33.12621],[-96.82147,33.12589]]]}},{"type":"Feature","properties":{"h3":"8926c80db8fffff","mii":19,"trt":0.0,"glp1":0.0,"pharmacy":0.0,"gym":0.0,"n":0},"geometry":{"type":"Polygon","coordinates":[[[-96.82091,33.12916],[-96.81951,33.13064],[-96.82036,33.13244],[-96.82261,33.13276],[-96.82401,33.13128],[-96.82316,33.12948],[-96.82091,33.12916]]]}},{"type":"Feature","properties":{"h3":"8926c83b0c3ffff","mii":19,"trt":0.0,"glp1":0.0,"pharmacy":0.0,"gym":0.45,"n":1},"geometry":{"type":"Polygon","coordinates":[[[-96.68114,33.15789],[-96.67974,33.15936],[-96.68058,33.16116],[-96.68283,33.16148],[-96.68424,33.16001],[-96.68339,33.15821],[-96.68114,33.15789]]]}},{"type":"Feature","properties":{"h3":"8926c80f59bffff","mii":19,"trt":0.0,"glp1":0.0,"pharmacy":0.0,"gym":0.45,"n":1},"geometry":{"type":"Polygon","coordinates":[[[-96.80014,33.27203],[-96.79873,33.2735],[-96.79958,33.2753],[-96.80184,33.27562],[-96.80324,33.27414],[-96.80239,33.27235],[-96.80014,33.27203]]]}},{"type":"Feature","properties":{"h3":"8926c82e01bffff","mii":19,"trt":0.0,"glp1":0.0,"pharmacy":0.0,"gym":0.45,"n":1},"geometry":{"type":"Polygon","coordinates":[[[-96.48198,32.88948],[-96.48057,32.89096],[-96.48141,32.89275],[-96.48366,32.89308],[-96.48506,32.8916],[-96.48422,32.8898],[-96.48198,32.88948]]]}},{"type":"Feature","properties":{"h3":"8926c83596bffff","mii":19,"trt":0.0,"glp1":0.0,"pharmacy":0.0,"gym":0.45,"n":1},"geometry":{"type":"Polygon","coordinates":[[[-96.32633,32.97256],[-96.32492,32.97403],[-96.32576,32.97583],[-96.328,32.97616],[-96.32941,32.97468],[-96.32857,32.97289],[-96.32633,32.97256]]]}},{"type":"Feature","properties":{"h3":"8926c832ddbffff","mii":19,"trt":0.0,"glp1":0.0,"pharmacy":0.0,"gym":0.45,"n":1},"geometry":{"type":"Polygon","coordinates":[[[-96.3675,33.17296],[-96.36609,33.17443],[-96.36693,33.17623],[-96.36918,33.17656],[-96.37059,33.17509],[-96.36975,33.17329],[-96.3675,33.17296]]]}},{"type":"Feature","properties":{"h3":"8926cb9a4dbffff","mii":19,"trt":0.0,"glp1":0.0,"pharmacy":0.0,"gym":0.0,"n":0},"geometry":{"type":"Polygon","coordinates":[[[-96.84088,32.80646],[-96.83948,32.80794],[-96.84033,32.80974],[-96.84257,32.81006],[-96.84397,32.80858],[-96.84313,32.80678],[-96.84088,32.80646]]]}},{"type":"Feature","properties":{"h3":"8926cb9a4c3ffff","mii":19,"trt":0.0,"glp1":0.0,"pharmacy":0.0,"gym":0.0,"n":0},"geometry":{"type":"Polygon","coordinates":[[[-96.83779,32.80435],[-96.83639,32.80583],[-96.83723,32.80763],[-96.83948,32.80794],[-96.84088,32.80646],[-96.84003,32.80466],[-96.83779,32.80435]]]}},{"type":"Feature","properties":{"h3":"8926cb932a3ffff","mii":19,"trt":0.0,"glp1":0.0,"pharmacy":0.0,"gym":0.0,"n":0},"geometry":{"type":"Polygon","coordinates":[[[-96.74524,32.82146],[-96.74384,32.82294],[-96.74468,32.82473],[-96.74692,32.82505],[-96.74832,32.82357],[-96.74748,32.82177],[-96.74524,32.82146]]]}},{"type":"Feature","properties":{"h3":"8926c865983ffff","mii":19,"trt":0.0,"glp1":0.0,"pharmacy":0.0,"gym":0.0,"n":0},"geometry":{"type":"Polygon","coordinates":[[[-96.84905,32.81937],[-96.84765,32.82085],[-96.8485,32.82265],[-96.85075,32.82297],[-96.85215,32.82149],[-96.8513,32.81969],[-96.84905,32.81937]]]}},{"type":"Feature","properties":{"h3":"8926c866833ffff","mii":19,"trt":0.5,"glp1":0.0,"pharmacy":0.0,"gym":0.0,"n":1},"geometry":{"type":"Polygon","coordinates":[[[-96.7633,32.87774],[-96.7619,32.87922],[-96.76275,32.88102],[-96.76499,32.88134],[-96.76639,32.87986],[-96.76555,32.87806],[-96.7633,32.87774]]]}},{"type":"Feature","properties":{"h3":"8926cbda30fffff","mii":19,"trt":0.0,"glp1":0.0,"pharmacy":0.0,"gym":0.0,"n":0},"geometry":{"type":"Polygon","coordinates":[[[-97.34958,32.73608],[-97.34819,32.73757],[-97.34904,32.73937],[-97.35129,32.73968],[-97.35269,32.73819],[-97.35183,32.73639],[-97.34958,32.73608]]]}},{"type":"Feature","properties":{"h3":"8926cbda377ffff","mii":19,"trt":0.0,"glp1":0.0,"pharmacy":0.0,"gym":0.0,"n":0},"geometry":{"type":"Polygon","coordinates":[[[-97.35012,32.73279],[-97.34873,32.73428],[-97.34958,32.73608],[-97.35183,32.73639],[-97.35323,32.7349],[-97.35237,32.7331],[-97.35012,32.73279]]]}},{"type":"Feature","properties":{"h3":"8926c8699afffff","mii":19,"trt":0.0,"glp1":6.2,"pharmacy":0.0,"gym":0.0,"n":10},"geometry":{"type":"Polygon","coordinates":[[[-97.17456,32.85482],[-97.17317,32.8563],[-97.17402,32.8581],[-97.17627,32.85841],[-97.17767,32.85693],[-97.17682,32.85513],[-97.17456,32.85482]]]}},{"type":"Feature","properties":{"h3":"8926c806497ffff","mii":19,"trt":0.6,"glp1":0.55,"pharmacy":0.0,"gym":0.0,"n":2},"geometry":{"type":"Polygon","coordinates":[[[-96.5628,33.34359],[-96.5614,33.34506],[-96.56224,33.34686],[-96.56449,33.34719],[-96.5659,33.34571],[-96.56506,33.34392],[-96.5628,33.34359]]]}},{"type":"Feature","properties":{"h3":"8926c8772c7ffff","mii":19,"trt":0.0,"glp1":6.25,"pharmacy":0.0,"gym":0.0,"n":11},"geometry":{"type":"Polygon","coordinates":[[[-96.88272,33.09095],[-96.88131,33.09243],[-96.88216,33.09423],[-96.88442,33.09455],[-96.88582,33.09307],[-96.88497,33.09127],[-96.88272,33.09095]]]}},{"type":"Feature","properties":{"h3":"8926cb9a317ffff","mii":19,"trt":0.0,"glp1":0.0,"pharmacy":0.0,"gym":0.0,"n":0},"geometry":{"type":"Polygon","coordinates":[[[-96.83625,32.75206],[-96.83485,32.75354],[-96.8357,32.75534],[-96.83794,32.75566],[-96.83934,32.75418],[-96.83849,32.75238],[-96.83625,32.75206]]]}},{"type":"Feature","properties":{"h3":"8926cb9a303ffff","mii":19,"trt":0.0,"glp1":0.0,"pharmacy":0.0,"gym":0.0,"n":0},"geometry":{"type":"Polygon","coordinates":[[[-96.83989,32.7509],[-96.83849,32.75238],[-96.83934,32.75418],[-96.84158,32.7545],[-96.84298,32.75301],[-96.84214,32.75121],[-96.83989,32.7509]]]}},{"type":"Feature","properties":{"h3":"8926cb9a30fffff","mii":19,"trt":0.0,"glp1":0.0,"pharmacy":0.0,"gym":0.0,"n":0},"geometry":{"type":"Polygon","coordinates":[[[-96.84044,32.74762],[-96.83904,32.7491],[-96.83989,32.7509],[-96.84214,32.75121],[-96.84353,32.74973],[-96.84269,32.74793],[-96.84044,32.74762]]]}},{"type":"Feature","properties":{"h3":"8926cb9a33bffff","mii":19,"trt":0.0,"glp1":0.0,"pharmacy":0.0,"gym":0.0,"n":0},"geometry":{"type":"Polygon","coordinates":[[[-96.83735,32.7455],[-96.83595,32.74698],[-96.8368,32.74878],[-96.83904,32.7491],[-96.84044,32.74762],[-96.8396,32.74582],[-96.83735,32.7455]]]}},{"type":"Feature","properties":{"h3":"8926cb9a333ffff","mii":19,"trt":0.0,"glp1":0.0,"pharmacy":0.0,"gym":0.0,"n":0},"geometry":{"type":"Polygon","coordinates":[[[-96.83371,32.74666],[-96.83231,32.74815],[-96.83316,32.74995],[-96.8354,32.75026],[-96.8368,32.74878],[-96.83595,32.74698],[-96.83371,32.74666]]]}},{"type":"Feature","properties":{"h3":"8926cb9a3abffff","mii":19,"trt":0.0,"glp1":0.0,"pharmacy":0.0,"gym":0.0,"n":0},"geometry":{"type":"Polygon","coordinates":[[[-96.83316,32.74995],[-96.83176,32.75143],[-96.8326,32.75323],[-96.83485,32.75354],[-96.83625,32.75206],[-96.8354,32.75026],[-96.83316,32.74995]]]}},{"type":"Feature","properties":{"h3":"8926c866563ffff","mii":19,"trt":0.0,"glp1":6.45,"pharmacy":0.0,"gym":0.0,"n":11},"geometry":{"type":"Polygon","coordinates":[[[-96.78813,32.93497],[-96.78673,32.93645],[-96.78757,32.93825],[-96.78982,32.93857],[-96.79122,32.93709],[-96.79038,32.93529],[-96.78813,32.93497]]]}},{"type":"Feature","properties":{"h3":"8926c8672a7ffff","mii":19,"trt":0.0,"glp1":6.25,"pharmacy":0.0,"gym":0.0,"n":11},"geometry":{"type":"Polygon","coordinates":[[[-96.89373,32.92305],[-96.89233,32.92453],[-96.89318,32.92633],[-96.89543,32.92665],[-96.89683,32.92516],[-96.89598,32.92337],[-96.89373,32.92305]]]}},{"type":"Feature","properties":{"h3":"8926cbd0933ffff","mii":19,"trt":0.0,"glp1":0.0,"pharmacy":0.0,"gym":0.0,"n":0},"geometry":{"type":"Polygon","coordinates":[[[-97.1321,32.69434],[-97.13071,32.69583],[-97.13156,32.69763],[-97.13381,32.69794],[-97.1352,32.69645],[-97.13435,32.69465],[-97.1321,32.69434]]]}},{"type":"Feature","properties":{"h3":"8926cbd093bffff","mii":19,"trt":0.0,"glp1":0.0,"pharmacy":0.0,"gym":0.0,"n":0},"geometry":{"type":"Polygon","coordinates":[[[-97.13575,32.69317],[-97.13435,32.69465],[-97.1352,32.69645],[-97.13745,32.69676],[-97.13885,32.69528],[-97.138,32.69348],[-97.13575,32.69317]]]}},{"type":"Feature","properties":{"h3":"8926cbd092bffff","mii":19,"trt":0.0,"glp1":0.0,"pharmacy":0.0,"gym":0.0,"n":0},"geometry":{"type":"Polygon","coordinates":[[[-97.13629,32.68988],[-97.1349,32.69137],[-97.13575,32.69317],[-97.138,32.69348],[-97.13939,32.69199],[-97.13854,32.69019],[-97.13629,32.68988]]]}},{"type":"Feature","properties":{"h3":"8926cbd092fffff","mii":19,"trt":0.0,"glp1":0.0,"pharmacy":0.0,"gym":0.0,"n":0},"geometry":{"type":"Polygon","coordinates":[[[-97.13319,32.68777],[-97.1318,32.68926],[-97.13265,32.69106],[-97.1349,32.69137],[-97.13629,32.68988],[-97.13544,32.68808],[-97.13319,32.68777]]]}},{"type":"Feature","properties":{"h3":"8926cbd0927ffff","mii":19,"trt":0.0,"glp1":0.0,"pharmacy":0.0,"gym":0.0,"n":0},"geometry":{"type":"Polygon","coordinates":[[[-97.12955,32.68894],[-97.12815,32.69043],[-97.129,32.69223],[-97.13125,32.69254],[-97.13265,32.69106],[-97.1318,32.68926],[-97.12955,32.68894]]]}},{"type":"Feature","properties":{"h3":"8926cbd0937ffff","mii":19,"trt":0.0,"glp1":0.0,"pharmacy":0.0,"gym":0.0,"n":0},"geometry":{"type":"Polygon","coordinates":[[[-97.129,32.69223],[-97.12761,32.69372],[-97.12846,32.69552],[-97.13071,32.69583],[-97.1321,32.69434],[-97.13125,32.69254],[-97.129,32.69223]]]}},{"type":"Feature","properties":{"h3":"8926caa687bffff","mii":19,"trt":0.0,"glp1":6.55,"pharmacy":0.0,"gym":0.0,"n":11},"geometry":{"type":"Polygon","coordinates":[[[-97.28689,32.86528],[-97.28549,32.86677],[-97.28635,32.86857],[-97.2886,32.86888],[-97.29,32.86739],[-97.28914,32.86559],[-97.28689,32.86528]]]}},{"type":"Feature","properties":{"h3":"8926c874a1bffff","mii":18,"trt":0.0,"glp1":0.0,"pharmacy":0.0,"gym":0.0,"n":0},"geometry":{"type":"Polygon","coordinates":[[[-96.80425,32.98256],[-96.80285,32.98404],[-96.8037,32.98584],[-96.80594,32.98616],[-96.80735,32.98468],[-96.8065,32.98288],[-96.80425,32.98256]]]}},{"type":"Feature","properties":{"h3":"8926c874ad7ffff","mii":18,"trt":0.0,"glp1":0.0,"pharmacy":0.0,"gym":0.0,"n":0},"geometry":{"type":"Polygon","coordinates":[[[-96.80314,32.98912],[-96.80174,32.9906],[-96.80259,32.99239],[-96.80484,32.99271],[-96.80624,32.99123],[-96.80539,32.98944],[-96.80314,32.98912]]]}},{"type":"Feature","properties":{"h3":"8926c874e8fffff","mii":18,"trt":0.0,"glp1":0.0,"pharmacy":0.0,"gym":0.0,"n":0},"geometry":{"type":"Polygon","coordinates":[[[-96.79307,33.00782],[-96.79166,33.0093],[-96.79251,33.0111],[-96.79476,33.01142],[-96.79616,33.00994],[-96.79531,33.00814],[-96.79307,33.00782]]]}},{"type":"Feature","properties":{"h3":"8926cbdae0bffff","mii":18,"trt":0.65,"glp1":0.0,"pharmacy":0.0,"gym":0.0,"n":1},"geometry":{"type":"Polygon","coordinates":[[[-97.33093,32.72344],[-97.32954,32.72493],[-97.33039,32.72673],[-97.33265,32.72704],[-97.33404,32.72555],[-97.33319,32.72375],[-97.33093,32.72344]]]}},{"type":"Feature","properties":{"h3":"8926cbdae1bffff","mii":18,"trt":0.0,"glp1":0.0,"pharmacy":0.0,"gym":0.0,"n":0},"geometry":{"type":"Polygon","coordinates":[[[-97.33039,32.72673],[-97.329,32.72822],[-97.32986,32.73002],[-97.33211,32.73033],[-97.3335,32.72884],[-97.33265,32.72704],[-97.33039,32.72673]]]}},{"type":"Feature","properties":{"h3":"8926cbda3a3ffff","mii":18,"trt":0.0,"glp1":0.0,"pharmacy":0.0,"gym":0.0,"n":0},"geometry":{"type":"Polygon","coordinates":[[[-97.33864,32.73963],[-97.33724,32.74112],[-97.3381,32.74291],[-97.34035,32.74322],[-97.34175,32.74173],[-97.34089,32.73993],[-97.33864,32.73963]]]}},{"type":"Feature","properties":{"h3":"8926cbd865bffff","mii":18,"trt":0.8,"glp1":0.0,"pharmacy":0.0,"gym":0.0,"n":1},"geometry":{"type":"Polygon","coordinates":[[[-97.41362,32.72466],[-97.41223,32.72615],[-97.41309,32.72795],[-97.41534,32.72825],[-97.41673,32.72676],[-97.41588,32.72496],[-97.41362,32.72466]]]}},{"type":"Feature","properties":{"h3":"8926c8674d3ffff","mii":18,"trt":0.0,"glp1":0.0,"pharmacy":0.0,"gym":0.0,"n":0},"geometry":{"type":"Polygon","coordinates":[[[-96.8829,32.96684],[-96.8815,32.96832],[-96.88235,32.97012],[-96.8846,32.97043],[-96.886,32.96895],[-96.88515,32.96715],[-96.8829,32.96684]]]}},{"type":"Feature","properties":{"h3":"8926c8674dbffff","mii":18,"trt":0.0,"glp1":0.0,"pharmacy":0.0,"gym":0.0,"n":0},"geometry":{"type":"Polygon","coordinates":[[[-96.88655,32.96567],[-96.88515,32.96715],[-96.886,32.96895],[-96.88825,32.96927],[-96.88965,32.96779],[-96.8888,32.96599],[-96.88655,32.96567]]]}},{"type":"Feature","properties":{"h3":"8926c8674cbffff","mii":18,"trt":0.0,"glp1":0.0,"pharmacy":0.0,"gym":0.0,"n":0},"geometry":{"type":"Polygon","coordinates":[[[-96.88711,32.9624],[-96.88571,32.96388],[-96.88655,32.96567],[-96.8888,32.96599],[-96.8902,32.96451],[-96.88936,32.96271],[-96.88711,32.9624]]]}},{"type":"Feature","properties":{"h3":"8926c8674cfffff","mii":18,"trt":0.0,"glp1":0.0,"pharmacy":0.0,"gym":0.0,"n":0},"geometry":{"type":"Polygon","coordinates":[[[-96.88401,32.96028],[-96.88261,32.96176],[-96.88346,32.96356],[-96.88571,32.96388],[-96.88711,32.9624],[-96.88626,32.9606],[-96.88401,32.96028]]]}},{"type":"Feature","properties":{"h3":"8926c8674c7ffff","mii":18,"trt":0.0,"glp1":0.0,"pharmacy":0.0,"gym":0.0,"n":0},"geometry":{"type":"Polygon","coordinates":[[[-96.88036,32.96144],[-96.87896,32.96292],[-96.8798,32.96472],[-96.88205,32.96504],[-96.88346,32.96356],[-96.88261,32.96176],[-96.88036,32.96144]]]}},{"type":"Feature","properties":{"h3":"8926c8674d7ffff","mii":18,"trt":0.0,"glp1":0.0,"pharmacy":0.0,"gym":0.0,"n":0},"geometry":{"type":"Polygon","coordinates":[[[-96.8798,32.96472],[-96.8784,32.9662],[-96.87925,32.968],[-96.8815,32.96832],[-96.8829,32.96684],[-96.88205,32.96504],[-96.8798,32.96472]]]}},{"type":"Feature","properties":{"h3":"8926c862263ffff","mii":18,"trt":0.0,"glp1":0.0,"pharmacy":0.0,"gym":0.0,"n":0},"geometry":{"type":"Polygon","coordinates":[[[-96.9911,33.02232],[-96.9897,33.0238],[-96.99055,33.0256],[-96.9928,33.02592],[-96.9942,33.02443],[-96.99335,33.02264],[-96.9911,33.02232]]]}},{"type":"Feature","properties":{"h3":"8926c86226bffff","mii":18,"trt":0.0,"glp1":0.0,"pharmacy":0.0,"gym":0.0,"n":0},"geometry":{"type":"Polygon","coordinates":[[[-96.99475,33.02116],[-96.99335,33.02264],[-96.9942,33.02443],[-96.99645,33.02475],[-96.99785,33.02327],[-96.997,33.02147],[-96.99475,33.02116]]]}},{"type":"Feature","properties":{"h3":"8926c8604d3ffff","mii":18,"trt":0.0,"glp1":0.0,"pharmacy":0.0,"gym":0.0,"n":0},"geometry":{"type":"Polygon","coordinates":[[[-96.9953,33.01788],[-96.9939,33.01936],[-96.99475,33.02116],[-96.997,33.02147],[-96.9984,33.01999],[-96.99755,33.01819],[-96.9953,33.01788]]]}},{"type":"Feature","properties":{"h3":"8926c8604d7ffff","mii":18,"trt":0.0,"glp1":0.0,"pharmacy":0.0,"gym":0.0,"n":0},"geometry":{"type":"Polygon","coordinates":[[[-96.9922,33.01576],[-96.9908,33.01725],[-96.99165,33.01904],[-96.9939,33.01936],[-96.9953,33.01788],[-96.99445,33.01608],[-96.9922,33.01576]]]}},{"type":"Feature","properties":{"h3":"8926c86049bffff","mii":18,"trt":0.0,"glp1":0.0,"pharmacy":0.0,"gym":0.0,"n":0},"geometry":{"type":"Polygon","coordinates":[[[-96.98854,33.01693],[-96.98714,33.01841],[-96.98799,33.02021],[-96.99025,33.02052],[-96.99165,33.01904],[-96.9908,33.01725],[-96.98854,33.01693]]]}},{"type":"Feature","properties":{"h3":"8926c862267ffff","mii":18,"trt":0.0,"glp1":0.0,"pharmacy":0.0,"gym":0.0,"n":0},"geometry":{"type":"Polygon","coordinates":[[[-96.98799,33.02021],[-96.98659,33.02169],[-96.98744,33.02349],[-96.9897,33.0238],[-96.9911,33.02232],[-96.99025,33.02052],[-96.98799,33.02021]]]}},{"type":"Feature","properties":{"h3":"8926c87ab97ffff","mii":18,"trt":0.0,"glp1":5.45,"pharmacy":0.0,"gym":0.0,"n":9},"geometry":{"type":"Polygon","coordinates":[[[-97.06874,33.07513],[-97.06734,33.07661],[-97.0682,33.0784],[-97.07045,33.07872],[-97.07185,33.07724],[-97.071,33.07544],[-97.06874,33.07513]]]}},{"type":"Feature","properties":{"h3":"8926c82846fffff","mii":18,"trt":0.0,"glp1":5.7,"pharmacy":0.0,"gym":0.0,"n":10},"geometry":{"type":"Polygon","coordinates":[[[-96.66488,32.94931],[-96.66348,32.95079],[-96.66432,32.95258],[-96.66657,32.95291],[-96.66797,32.95143],[-96.66713,32.94963],[-96.66488,32.94931]]]}},{"type":"Feature","properties":{"h3":"8926c83922fffff","mii":18,"trt":0.0,"glp1":5.55,"pharmacy":0.0,"gym":0.0,"n":9},"geometry":{"type":"Polygon","coordinates":[[[-96.72939,33.0776],[-96.72799,33.07908],[-96.72884,33.08087],[-96.73109,33.08119],[-96.73249,33.07972],[-96.73164,33.07792],[-96.72939,33.0776]]]}},{"type":"Feature","properties":{"h3":"8926c821557ffff","mii":18,"trt":0.0,"glp1":5.15,"pharmacy":0.0,"gym":0.0,"n":9},"geometry":{"type":"Polygon","coordinates":[[[-96.5386,33.00164],[-96.5372,33.00312],[-96.53804,33.00492],[-96.54028,33.00524],[-96.54169,33.00376],[-96.54085,33.00197],[-96.5386,33.00164]]]}},{"type":"Feature","properties":{"h3":"8926c82f42bffff","mii":18,"trt":0.0,"glp1":5.7,"pharmacy":0.0,"gym":0.0,"n":10},"geometry":{"type":"Polygon","coordinates":[[[-96.54561,32.90033],[-96.54421,32.90181],[-96.54505,32.90361],[-96.5473,32.90393],[-96.5487,32.90245],[-96.54786,32.90065],[-96.54561,32.90033]]]}},{"type":"Feature","properties":{"h3":"8926c86eec7ffff","mii":18,"trt":0.0,"glp1":5.25,"pharmacy":0.0,"gym":0.0,"n":9},"geometry":{"type":"Polygon","coordinates":[[[-96.97241,32.84513],[-96.97101,32.84661],[-96.97186,32.84841],[-96.97411,32.84872],[-96.97551,32.84724],[-96.97466,32.84544],[-96.97241,32.84513]]]}},{"type":"Feature","properties":{"h3":"8926cb93587ffff","mii":18,"trt":0.0,"glp1":5.8,"pharmacy":0.0,"gym":0.0,"n":10},"geometry":{"type":"Polygon","coordinates":[[[-96.69674,32.84309],[-96.69534,32.84457],[-96.69618,32.84637],[-96.69843,32.84669],[-96.69983,32.84521],[-96.69898,32.84341],[-96.69674,32.84309]]]}},{"type":"Feature","properties":{"h3":"8926c864223ffff","mii":18,"trt":0.0,"glp1":5.7,"pharmacy":0.0,"gym":0.0,"n":10},"geometry":{"type":"Polygon","coordinates":[[[-96.86209,32.86487],[-96.86069,32.86635],[-96.86154,32.86815],[-96.86379,32.86847],[-96.86519,32.86698],[-96.86434,32.86519],[-96.86209,32.86487]]]}},{"type":"Feature","properties":{"h3":"8926cbca3bbffff","mii":18,"trt":0.0,"glp1":5.25,"pharmacy":0.0,"gym":0.0,"n":9},"geometry":{"type":"Polygon","coordinates":[[[-97.36813,32.58053],[-97.36674,32.58203],[-97.3676,32.58383],[-97.36984,32.58413],[-97.37124,32.58264],[-97.37038,32.58084],[-97.36813,32.58053]]]}},{"type":"Feature","properties":{"h3":"8926cbd5187ffff","mii":18,"trt":0.0,"glp1":5.5,"pharmacy":0.0,"gym":0.0,"n":10},"geometry":{"type":"Polygon","coordinates":[[[-97.0909,32.65164],[-97.08951,32.65312],[-97.09036,32.65492],[-97.09261,32.65524],[-97.094,32.65375],[-97.09315,32.65195],[-97.0909,32.65164]]]}},{"type":"Feature","properties":{"h3":"8926cbda1d7ffff","mii":18,"trt":0.0,"glp1":5.7,"pharmacy":0.0,"gym":0.0,"n":10},"geometry":{"type":"Polygon","coordinates":[[[-97.32554,32.75632],[-97.32414,32.75781],[-97.325,32.75961],[-97.32725,32.75992],[-97.32865,32.75843],[-97.32779,32.75663],[-97.32554,32.75632]]]}},{"type":"Feature","properties":{"h3":"8926ca34153ffff","mii":18,"trt":0.0,"glp1":5.65,"pharmacy":0.0,"gym":0.0,"n":9},"geometry":{"type":"Polygon","coordinates":[[[-97.54511,32.63824],[-97.54371,32.63973],[-97.54457,32.64153],[-97.54683,32.64183],[-97.54822,32.64034],[-97.54736,32.63854],[-97.54511,32.63824]]]}},{"type":"Feature","properties":{"h3":"8926cbd8067ffff","mii":18,"trt":0.0,"glp1":5.25,"pharmacy":0.0,"gym":0.0,"n":9},"geometry":{"type":"Polygon","coordinates":[[[-97.37996,32.6982],[-97.37856,32.69969],[-97.37942,32.70149],[-97.38167,32.7018],[-97.38307,32.70031],[-97.38221,32.69851],[-97.37996,32.6982]]]}},{"type":"Feature","properties":{"h3":"8926cbd9477ffff","mii":18,"trt":0.0,"glp1":5.15,"pharmacy":0.0,"gym":0.0,"n":9},"geometry":{"type":"Polygon","coordinates":[[[-97.44849,32.72268],[-97.4471,32.72417],[-97.44795,32.72597],[-97.45021,32.72628],[-97.4516,32.72479],[-97.45074,32.72299],[-97.44849,32.72268]]]}},{"type":"Feature","properties":{"h3":"8926ca8684bffff","mii":18,"trt":0.0,"glp1":0.0,"pharmacy":0.0,"gym":0.0,"n":0},"geometry":{"type":"Polygon","coordinates":[[[-97.5725,33.23663],[-97.5711,33.23812],[-97.57196,33.23991],[-97.57423,33.24022],[-97.57563,33.23873],[-97.57476,33.23694],[-97.5725,33.23663]]]}},{"type":"Feature","properties":{"h3":"8926ca86a87ffff","mii":18,"trt":0.0,"glp1":0.0,"pharmacy":0.0,"gym":0.0,"n":0},"geometry":{"type":"Polygon","coordinates":[[[-97.57616,33.23545],[-97.57476,33.23694],[-97.57563,33.23873],[-97.57789,33.23904],[-97.57929,33.23755],[-97.57843,33.23576],[-97.57616,33.23545]]]}},{"type":"Feature","properties":{"h3":"8926ca86abbffff","mii":18,"trt":0.0,"glp1":0.0,"pharmacy":0.0,"gym":0.0,"n":0},"geometry":{"type":"Polygon","coordinates":[[[-97.5767,33.23217],[-97.5753,33.23366],[-97.57616,33.23545],[-97.57843,33.23576],[-97.57983,33.23427],[-97.57896,33.23247],[-97.5767,33.23217]]]}},{"type":"Feature","properties":{"h3":"8926ca86aa3ffff","mii":18,"trt":0.0,"glp1":0.0,"pharmacy":0.0,"gym":0.0,"n":0},"geometry":{"type":"Polygon","coordinates":[[[-97.57357,33.23007],[-97.57217,33.23155],[-97.57303,33.23335],[-97.5753,33.23366],[-97.5767,33.23217],[-97.57583,33.23037],[-97.57357,33.23007]]]}},{"type":"Feature","properties":{"h3":"8926ca86ab7ffff","mii":18,"trt":0.0,"glp1":0.0,"pharmacy":0.0,"gym":0.0,"n":0},"geometry":{"type":"Polygon","coordinates":[[[-97.5699,33.23125],[-97.5685,33.23274],[-97.56937,33.23453],[-97.57163,33.23484],[-97.57303,33.23335],[-97.57217,33.23155],[-97.5699,33.23125]]]}},{"type":"Feature","properties":{"h3":"8926ca8684fffff","mii":18,"trt":0.0,"glp1":0.0,"pharmacy":0.0,"gym":0.0,"n":0},"geometry":{"type":"Polygon","coordinates":[[[-97.56937,33.23453],[-97.56797,33.23602],[-97.56883,33.23781],[-97.5711,33.23812],[-97.5725,33.23663],[-97.57163,33.23484],[-97.56937,33.23453]]]}},{"type":"Feature","properties":{"h3":"8926c86aa6fffff","mii":17,"trt":0.75,"glp1":0.0,"pharmacy":0.0,"gym":0.0,"n":1},"geometry":{"type":"Polygon","coordinates":[[[-97.13098,32.90923],[-97.12958,32.91072],[-97.13043,32.91252],[-97.13268,32.91283],[-97.13408,32.91134],[-97.13323,32.90955],[-97.13098,32.90923]]]}},{"type":"Feature","properties":{"h3":"8926c874133ffff","mii":17,"trt":0.75,"glp1":0.0,"pharmacy":0.0,"gym":0.0,"n":1},"geometry":{"type":"Polygon","coordinates":[[[-96.78719,33.02209],[-96.78579,33.02356],[-96.78664,33.02536],[-96.78889,33.02568],[-96.79029,33.0242],[-96.78944,33.0224],[-96.78719,33.02209]]]}},{"type":"Feature","properties":{"h3":"8926cbda327ffff","mii":17,"trt":0.0,"glp1":0.0,"pharmacy":0.0,"gym":0.0,"n":0},"geometry":{"type":"Polygon","coordinates":[[[-97.34026,32.72976],[-97.33886,32.73125],[-97.33972,32.73305],[-97.34197,32.73336],[-97.34337,32.73187],[-97.34251,32.73007],[-97.34026,32.72976]]]}},{"type":"Feature","properties":{"h3":"8926cbdae13ffff","mii":17,"trt":0.6,"glp1":0.0,"pharmacy":0.0,"gym":0.0,"n":1},"geometry":{"type":"Polygon","coordinates":[[[-97.32675,32.72791],[-97.32535,32.7294],[-97.32621,32.7312],[-97.32846,32.73151],[-97.32986,32.73002],[-97.329,32.72822],[-97.32675,32.72791]]]}},{"type":"Feature","properties":{"h3":"8926cbd13b7ffff","mii":17,"trt":0.0,"glp1":0.0,"pharmacy":0.0,"gym":0.0,"n":0},"geometry":{"type":"Polygon","coordinates":[[[-97.26218,32.74257],[-97.26079,32.74406],[-97.26164,32.74586],[-97.26389,32.74617],[-97.26529,32.74468],[-97.26443,32.74288],[-97.26218,32.74257]]]}},{"type":"Feature","properties":{"h3":"8926cbd116bffff","mii":17,"trt":0.0,"glp1":0.0,"pharmacy":0.0,"gym":0.0,"n":0},"geometry":{"type":"Polygon","coordinates":[[[-97.25908,32.74047],[-97.25768,32.74195],[-97.25854,32.74375],[-97.26079,32.74406],[-97.26218,32.74257],[-97.26133,32.74078],[-97.25908,32.74047]]]}},{"type":"Feature","properties":{"h3":"8926c828aa3ffff","mii":17,"trt":0.0,"glp1":4.6,"pharmacy":0.0,"gym":0.0,"n":8},"geometry":{"type":"Polygon","coordinates":[[[-96.63928,32.87685],[-96.63787,32.87833],[-96.63872,32.88013],[-96.64096,32.88045],[-96.64236,32.87897],[-96.64152,32.87717],[-96.63928,32.87685]]]}},{"type":"Feature","properties":{"h3":"8926c9596d7ffff","mii":17,"trt":0.0,"glp1":0.0,"pharmacy":0.0,"gym":0.0,"n":0},"geometry":{"type":"Polygon","coordinates":[[[-96.45741,32.75167],[-96.45601,32.75315],[-96.45685,32.75495],[-96.45909,32.75527],[-96.46049,32.75379],[-96.45965,32.75199],[-96.45741,32.75167]]]}},{"type":"Feature","properties":{"h3":"8926c9596c3ffff","mii":17,"trt":0.0,"glp1":0.0,"pharmacy":0.0,"gym":0.0,"n":0},"geometry":{"type":"Polygon","coordinates":[[[-96.46105,32.75052],[-96.45965,32.75199],[-96.46049,32.75379],[-96.46273,32.75412],[-96.46413,32.75264],[-96.46329,32.75084],[-96.46105,32.75052]]]}},{"type":"Feature","properties":{"h3":"8926c9596cfffff","mii":17,"trt":0.0,"glp1":0.0,"pharmacy":0.0,"gym":0.0,"n":0},"geometry":{"type":"Polygon","coordinates":[[[-96.46162,32.74724],[-96.46022,32.74872],[-96.46105,32.75052],[-96.46329,32.75084],[-96.46469,32.74936],[-96.46386,32.74756],[-96.46162,32.74724]]]}},{"type":"Feature","properties":{"h3":"8926c95961bffff","mii":17,"trt":0.0,"glp1":0.0,"pharmacy":0.0,"gym":0.0,"n":0},"geometry":{"type":"Polygon","coordinates":[[[-96.45854,32.74512],[-96.45714,32.74659],[-96.45798,32.74839],[-96.46022,32.74872],[-96.46162,32.74724],[-96.46078,32.74544],[-96.45854,32.74512]]]}},{"type":"Feature","properties":{"h3":"8926c959613ffff","mii":17,"trt":0.0,"glp1":0.0,"pharmacy":0.0,"gym":0.0,"n":0},"geometry":{"type":"Polygon","coordinates":[[[-96.4549,32.74627],[-96.4535,32.74775],[-96.45434,32.74955],[-96.45658,32.74987],[-96.45798,32.74839],[-96.45714,32.74659],[-96.4549,32.74627]]]}},{"type":"Feature","properties":{"h3":"8926c95968bffff","mii":17,"trt":0.0,"glp1":0.0,"pharmacy":0.0,"gym":0.0,"n":0},"geometry":{"type":"Polygon","coordinates":[[[-96.45434,32.74955],[-96.45294,32.75102],[-96.45378,32.75282],[-96.45601,32.75315],[-96.45741,32.75167],[-96.45658,32.74987],[-96.45434,32.74955]]]}},{"type":"Feature","properties":{"h3":"8926c8661b7ffff","mii":17,"trt":0.0,"glp1":0.0,"pharmacy":0.0,"gym":0.0,"n":0},"geometry":{"type":"Polygon","coordinates":[[[-96.77321,32.92111],[-96.77181,32.92259],[-96.77266,32.92439],[-96.77491,32.92471],[-96.77631,32.92323],[-96.77546,32.92143],[-96.77321,32.92111]]]}},{"type":"Feature","properties":{"h3":"8926c8661a3ffff","mii":17,"trt":0.0,"glp1":0.0,"pharmacy":0.0,"gym":0.0,"n":0},"geometry":{"type":"Polygon","coordinates":[[[-96.77686,32.91995],[-96.77546,32.92143],[-96.77631,32.92323],[-96.77855,32.92355],[-96.77996,32.92207],[-96.77911,32.92027],[-96.77686,32.91995]]]}},{"type":"Feature","properties":{"h3":"8926c8661afffff","mii":17,"trt":0.0,"glp1":0.0,"pharmacy":0.0,"gym":0.0,"n":0},"geometry":{"type":"Polygon","coordinates":[[[-96.77742,32.91667],[-96.77602,32.91815],[-96.77686,32.91995],[-96.77911,32.92027],[-96.78051,32.91879],[-96.77966,32.91699],[-96.77742,32.91667]]]}},{"type":"Feature","properties":{"h3":"8926c866cd3ffff","mii":17,"trt":0.0,"glp1":0.0,"pharmacy":0.0,"gym":0.0,"n":0},"geometry":{"type":"Polygon","coordinates":[[[-96.77068,32.91571],[-96.76927,32.91719],[-96.77012,32.91899],[-96.77237,32.91931],[-96.77377,32.91783],[-96.77292,32.91603],[-96.77068,32.91571]]]}},{"type":"Feature","properties":{"h3":"8926c82926bffff","mii":17,"trt":0.0,"glp1":0.0,"pharmacy":0.0,"gym":0.0,"n":0},"geometry":{"type":"Polygon","coordinates":[[[-96.77012,32.91899],[-96.76872,32.92047],[-96.76957,32.92227],[-96.77181,32.92259],[-96.77321,32.92111],[-96.77237,32.91931],[-96.77012,32.91899]]]}},{"type":"Feature","properties":{"h3":"8926caa1b8bffff","mii":17,"trt":0.0,"glp1":5.0,"pharmacy":0.0,"gym":0.0,"n":8},"geometry":{"type":"Polygon","coordinates":[[[-97.5404,32.90156],[-97.539,32.90305],[-97.53986,32.90485],[-97.54212,32.90515],[-97.54352,32.90366],[-97.54266,32.90186],[-97.5404,32.90156]]]}},{"type":"Feature","properties":{"h3":"8926cbda6b7ffff","mii":17,"trt":0.0,"glp1":4.7,"pharmacy":0.0,"gym":0.0,"n":8},"geometry":{"type":"Polygon","coordinates":[[[-97.35298,32.77857],[-97.35158,32.78006],[-97.35244,32.78186],[-97.35469,32.78217],[-97.35609,32.78068],[-97.35523,32.77888],[-97.35298,32.77857]]]}},{"type":"Feature","properties":{"h3":"8926c879a7bffff","mii":17,"trt":0.0,"glp1":5.05,"pharmacy":0.0,"gym":0.0,"n":9},"geometry":{"type":"Polygon","coordinates":[[[-97.21295,33.01964],[-97.21155,33.02113],[-97.21241,33.02293],[-97.21467,33.02324],[-97.21607,33.02175],[-97.21521,33.01996],[-97.21295,33.01964]]]}},{"type":"Feature","properties":{"h3":"8926c82e0b7ffff","mii":16,"trt":0.0,"glp1":0.0,"pharmacy":0.0,"gym":0.0,"n":0},"geometry":{"type":"Polygon","coordinates":[[[-96.46488,32.88869],[-96.46348,32.89016],[-96.46432,32.89196],[-96.46656,32.89229],[-96.46796,32.89081],[-96.46712,32.88901],[-96.46488,32.88869]]]}},{"type":"Feature","properties":{"h3":"8926c82e0a3ffff","mii":16,"trt":0.0,"glp1":0.0,"pharmacy":0.0,"gym":0.0,"n":0},"geometry":{"type":"Polygon","coordinates":[[[-96.46852,32.88754],[-96.46712,32.88901],[-96.46796,32.89081],[-96.4702,32.89113],[-96.47161,32.88966],[-96.47077,32.88786],[-96.46852,32.88754]]]}},{"type":"Feature","properties":{"h3":"8926c82e0afffff","mii":16,"trt":0.0,"glp1":0.0,"pharmacy":0.0,"gym":0.0,"n":0},"geometry":{"type":"Polygon","coordinates":[[[-96.46909,32.88426],[-96.46768,32.88574],[-96.46852,32.88754],[-96.47077,32.88786],[-96.47217,32.88639],[-96.47133,32.88459],[-96.46909,32.88426]]]}},{"type":"Feature","properties":{"h3":"8926c82e1dbffff","mii":16,"trt":0.0,"glp1":0.0,"pharmacy":0.0,"gym":0.0,"n":0},"geometry":{"type":"Polygon","coordinates":[[[-96.46601,32.88214],[-96.4646,32.88361],[-96.46544,32.88541],[-96.46768,32.88574],[-96.46909,32.88426],[-96.46825,32.88246],[-96.46601,32.88214]]]}},{"type":"Feature","properties":{"h3":"8926c82e1d3ffff","mii":16,"trt":0.0,"glp1":0.0,"pharmacy":0.0,"gym":0.0,"n":0},"geometry":{"type":"Polygon","coordinates":[[[-96.46236,32.88329],[-96.46096,32.88477],[-96.4618,32.88656],[-96.46404,32.88689],[-96.46544,32.88541],[-96.4646,32.88361],[-96.46236,32.88329]]]}},{"type":"Feature","properties":{"h3":"8926c82e56bffff","mii":16,"trt":0.0,"glp1":0.0,"pharmacy":0.0,"gym":0.0,"n":0},"geometry":{"type":"Polygon","coordinates":[[[-96.4618,32.88656],[-96.4604,32.88804],[-96.46124,32.88984],[-96.46348,32.89016],[-96.46488,32.88869],[-96.46404,32.88689],[-96.4618,32.88656]]]}},{"type":"Feature","properties":{"h3":"8926c82b5a3ffff","mii":16,"trt":0.7,"glp1":0.0,"pharmacy":0.0,"gym":0.0,"n":1},"geometry":{"type":"Polygon","coordinates":[[[-96.6669,32.99825],[-96.6655,32.99972],[-96.66634,33.00152],[-96.66859,33.00184],[-96.66999,33.00036],[-96.66915,32.99857],[-96.6669,32.99825]]]}},{"type":"Feature","properties":{"h3":"8926cb9a3b7ffff","mii":16,"trt":0.0,"glp1":0.0,"pharmacy":0.0,"gym":0.0,"n":0},"geometry":{"type":"Polygon","coordinates":[[[-96.82587,32.75228],[-96.82447,32.75376],[-96.82532,32.75556],[-96.82756,32.75587],[-96.82896,32.75439],[-96.82811,32.75259],[-96.82587,32.75228]]]}},{"type":"Feature","properties":{"h3":"8926cb9a16bffff","mii":16,"trt":0.0,"glp1":0.0,"pharmacy":0.0,"gym":0.0,"n":0},"geometry":{"type":"Polygon","coordinates":[[[-96.82278,32.75016],[-96.82138,32.75164],[-96.82223,32.75344],[-96.82447,32.75376],[-96.82587,32.75228],[-96.82502,32.75048],[-96.82278,32.75016]]]}},{"type":"Feature","properties":{"h3":"8926cb9a163ffff","mii":16,"trt":0.0,"glp1":0.0,"pharmacy":0.0,"gym":0.0,"n":0},"geometry":{"type":"Polygon","coordinates":[[[-96.81914,32.75132],[-96.81774,32.75281],[-96.81858,32.75461],[-96.82083,32.75492],[-96.82223,32.75344],[-96.82138,32.75164],[-96.81914,32.75132]]]}},{"type":"Feature","properties":{"h3":"8926cb9a173ffff","mii":16,"trt":0.0,"glp1":0.0,"pharmacy":0.0,"gym":0.0,"n":0},"geometry":{"type":"Polygon","coordinates":[[[-96.81858,32.75461],[-96.81719,32.75609],[-96.81803,32.75789],[-96.82028,32.7582],[-96.82167,32.75672],[-96.82083,32.75492],[-96.81858,32.75461]]]}},{"type":"Feature","properties":{"h3":"8926cb9a5a7ffff","mii":16,"trt":0.7,"glp1":0.0,"pharmacy":0.0,"gym":0.0,"n":1},"geometry":{"type":"Polygon","coordinates":[[[-96.79705,32.78011],[-96.79565,32.78159],[-96.79649,32.78339],[-96.79874,32.78371],[-96.80014,32.78223],[-96.79929,32.78043],[-96.79705,32.78011]]]}},{"type":"Feature","properties":{"h3":"8926cbda167ffff","mii":16,"trt":0.7,"glp1":0.0,"pharmacy":0.0,"gym":0.0,"n":1},"geometry":{"type":"Polygon","coordinates":[[[-97.32513,32.73777],[-97.32373,32.73926],[-97.32459,32.74106],[-97.32684,32.74137],[-97.32824,32.73988],[-97.32738,32.73808],[-97.32513,32.73777]]]}},{"type":"Feature","properties":{"h3":"8926c863243ffff","mii":16,"trt":0.0,"glp1":0.0,"pharmacy":0.0,"gym":0.0,"n":0},"geometry":{"type":"Polygon","coordinates":[[[-97.06965,33.02827],[-97.06825,33.02975],[-97.0691,33.03155],[-97.07136,33.03187],[-97.07276,33.03038],[-97.07191,33.02859],[-97.06965,33.02827]]]}},{"type":"Feature","properties":{"h3":"8926c863247ffff","mii":16,"trt":0.0,"glp1":0.0,"pharmacy":0.0,"gym":0.0,"n":0},"geometry":{"type":"Polygon","coordinates":[[[-97.06655,33.02616],[-97.06514,33.02764],[-97.066,33.02944],[-97.06825,33.02975],[-97.06965,33.02827],[-97.0688,33.02648],[-97.06655,33.02616]]]}},{"type":"Feature","properties":{"h3":"8926c86320bffff","mii":16,"trt":0.0,"glp1":0.0,"pharmacy":0.0,"gym":0.0,"n":0},"geometry":{"type":"Polygon","coordinates":[[[-97.06289,33.02733],[-97.06149,33.02881],[-97.06234,33.03061],[-97.0646,33.03092],[-97.066,33.02944],[-97.06514,33.02764],[-97.06289,33.02733]]]}},{"type":"Feature","properties":{"h3":"8926ca84cc3ffff","mii":16,"trt":0.0,"glp1":0.0,"pharmacy":0.0,"gym":0.0,"n":0},"geometry":{"type":"Polygon","coordinates":[[[-97.5935,33.21431],[-97.5921,33.2158],[-97.59297,33.21759],[-97.59523,33.2179],[-97.59663,33.21641],[-97.59577,33.21461],[-97.5935,33.21431]]]}},{"type":"Feature","properties":{"h3":"8926ca84ccbffff","mii":16,"trt":0.0,"glp1":0.0,"pharmacy":0.0,"gym":0.0,"n":0},"geometry":{"type":"Polygon","coordinates":[[[-97.59717,33.21313],[-97.59577,33.21461],[-97.59663,33.21641],[-97.5989,33.21672],[-97.6003,33.21523],[-97.59943,33.21343],[-97.59717,33.21313]]]}},{"type":"Feature","properties":{"h3":"8926ca84c53ffff","mii":16,"trt":0.0,"glp1":0.0,"pharmacy":0.0,"gym":0.0,"n":0},"geometry":{"type":"Polygon","coordinates":[[[-97.5977,33.20984],[-97.5963,33.21133],[-97.59717,33.21313],[-97.59943,33.21343],[-97.60083,33.21194],[-97.59997,33.21015],[-97.5977,33.20984]]]}},{"type":"Feature","properties":{"h3":"8926ca84c57ffff","mii":16,"trt":0.0,"glp1":0.0,"pharmacy":0.0,"gym":0.0,"n":0},"geometry":{"type":"Polygon","coordinates":[[[-97.59457,33.20774],[-97.59317,33.20923],[-97.59404,33.21103],[-97.5963,33.21133],[-97.5977,33.20984],[-97.59683,33.20805],[-97.59457,33.20774]]]}},{"type":"Feature","properties":{"h3":"8926ca84c1bffff","mii":16,"trt":0.0,"glp1":0.0,"pharmacy":0.0,"gym":0.0,"n":0},"geometry":{"type":"Polygon","coordinates":[[[-97.59091,33.20892],[-97.58951,33.21041],[-97.59037,33.21221],[-97.59264,33.21251],[-97.59404,33.21103],[-97.59317,33.20923],[-97.59091,33.20892]]]}},{"type":"Feature","properties":{"h3":"8926ca84cc7ffff","mii":16,"trt":0.0,"glp1":0.0,"pharmacy":0.0,"gym":0.0,"n":0},"geometry":{"type":"Polygon","coordinates":[[[-97.59037,33.21221],[-97.58897,33.2137],[-97.58984,33.21549],[-97.5921,33.2158],[-97.5935,33.21431],[-97.59264,33.21251],[-97.59037,33.21221]]]}},{"type":"Feature","properties":{"h3":"8926c86a8b7ffff","mii":16,"trt":0.7,"glp1":0.0,"pharmacy":0.0,"gym":0.0,"n":1},"geometry":{"type":"Polygon","coordinates":[[[-97.08607,32.92985],[-97.08467,32.93134],[-97.08552,32.93313],[-97.08777,32.93345],[-97.08917,32.93196],[-97.08832,32.93017],[-97.08607,32.92985]]]}},{"type":"Feature","properties":{"h3":"8926c86cac7ffff","mii":16,"trt":0.0,"glp1":0.0,"pharmacy":0.0,"gym":0.0,"n":0},"geometry":{"type":"Polygon","coordinates":[[[-97.00946,32.76801],[-97.00806,32.76949],[-97.00891,32.77129],[-97.01116,32.77161],[-97.01256,32.77012],[-97.01171,32.76832],[-97.00946,32.76801]]]}},{"type":"Feature","properties":{"h3":"8926c86cacfffff","mii":16,"trt":0.0,"glp1":0.0,"pharmacy":0.0,"gym":0.0,"n":0},"geometry":{"type":"Polygon","coordinates":[[[-97.0131,32.76684],[-97.01171,32.76832],[-97.01256,32.77012],[-97.0148,32.77044],[-97.0162,32.76895],[-97.01535,32.76715],[-97.0131,32.76684]]]}},{"type":"Feature","properties":{"h3":"8926c86ca57ffff","mii":16,"trt":0.0,"glp1":0.0,"pharmacy":0.0,"gym":0.0,"n":0},"geometry":{"type":"Polygon","coordinates":[[[-97.01365,32.76355],[-97.01225,32.76504],[-97.0131,32.76684],[-97.01535,32.76715],[-97.01675,32.76567],[-97.0159,32.76387],[-97.01365,32.76355]]]}},{"type":"Feature","properties":{"h3":"8926c86ca0bffff","mii":16,"trt":0.0,"glp1":0.0,"pharmacy":0.0,"gym":0.0,"n":0},"geometry":{"type":"Polygon","coordinates":[[[-97.01056,32.76144],[-97.00916,32.76293],[-97.01001,32.76472],[-97.01225,32.76504],[-97.01365,32.76355],[-97.0128,32.76175],[-97.01056,32.76144]]]}},{"type":"Feature","properties":{"h3":"8926c86ca03ffff","mii":16,"trt":0.0,"glp1":0.0,"pharmacy":0.0,"gym":0.0,"n":0},"geometry":{"type":"Polygon","coordinates":[[[-97.00691,32.76261],[-97.00551,32.7641],[-97.00636,32.76589],[-97.00861,32.76621],[-97.01001,32.76472],[-97.00916,32.76293],[-97.00691,32.76261]]]}},{"type":"Feature","properties":{"h3":"8926c86ca13ffff","mii":16,"trt":0.0,"glp1":0.0,"pharmacy":0.0,"gym":0.0,"n":0},"geometry":{"type":"Polygon","coordinates":[[[-97.00636,32.76589],[-97.00496,32.76738],[-97.00581,32.76918],[-97.00806,32.76949],[-97.00946,32.76801],[-97.00861,32.76621],[-97.00636,32.76589]]]}},{"type":"Feature","properties":{"h3":"8926c863597ffff","mii":16,"trt":0.0,"glp1":0.0,"pharmacy":0.0,"gym":0.0,"n":0},"geometry":{"type":"Polygon","coordinates":[[[-96.99967,33.05372],[-96.99827,33.0552],[-96.99912,33.057],[-97.00137,33.05732],[-97.00277,33.05584],[-97.00192,33.05404],[-96.99967,33.05372]]]}},{"type":"Feature","properties":{"h3":"8926c863583ffff","mii":16,"trt":0.0,"glp1":0.0,"pharmacy":0.0,"gym":0.0,"n":0},"geometry":{"type":"Polygon","coordinates":[[[-97.00332,33.05256],[-97.00192,33.05404],[-97.00277,33.05584],[-97.00503,33.05615],[-97.00643,33.05467],[-97.00557,33.05287],[-97.00332,33.05256]]]}},{"type":"Feature","properties":{"h3":"8926c86358fffff","mii":16,"trt":0.0,"glp1":0.0,"pharmacy":0.0,"gym":0.0,"n":0},"geometry":{"type":"Polygon","coordinates":[[[-97.00387,33.04928],[-97.00247,33.05076],[-97.00332,33.05256],[-97.00557,33.05287],[-97.00698,33.05139],[-97.00612,33.04959],[-97.00387,33.04928]]]}},{"type":"Feature","properties":{"h3":"8926c8635bbffff","mii":16,"trt":0.0,"glp1":0.0,"pharmacy":0.0,"gym":0.0,"n":0},"geometry":{"type":"Polygon","coordinates":[[[-97.00077,33.04717],[-96.99936,33.04865],[-97.00022,33.05044],[-97.00247,33.05076],[-97.00387,33.04928],[-97.00302,33.04748],[-97.00077,33.04717]]]}},{"type":"Feature","properties":{"h3":"8926c8635b3ffff","mii":16,"trt":0.0,"glp1":0.0,"pharmacy":0.0,"gym":0.0,"n":0},"geometry":{"type":"Polygon","coordinates":[[[-96.99711,33.04833],[-96.99571,33.04981],[-96.99656,33.05161],[-96.99882,33.05193],[-97.00022,33.05044],[-96.99936,33.04865],[-96.99711,33.04833]]]}},{"type":"Feature","properties":{"h3":"8926c86264bffff","mii":16,"trt":0.0,"glp1":0.0,"pharmacy":0.0,"gym":0.0,"n":0},"geometry":{"type":"Polygon","coordinates":[[[-96.99656,33.05161],[-96.99516,33.05309],[-96.99601,33.05489],[-96.99827,33.0552],[-96.99967,33.05372],[-96.99882,33.05193],[-96.99656,33.05161]]]}},{"type":"Feature","properties":{"h3":"8926c86d0c7ffff","mii":16,"trt":0.0,"glp1":0.0,"pharmacy":0.0,"gym":0.0,"n":0},"geometry":{"type":"Polygon","coordinates":[[[-97.09625,32.82715],[-97.09486,32.82864],[-97.09571,32.83043],[-97.09796,32.83075],[-97.09936,32.82926],[-97.0985,32.82746],[-97.09625,32.82715]]]}},{"type":"Feature","properties":{"h3":"8926c86d0cfffff","mii":16,"trt":0.0,"glp1":0.0,"pharmacy":0.0,"gym":0.0,"n":0},"geometry":{"type":"Polygon","coordinates":[[[-97.0999,32.82598],[-97.0985,32.82746],[-97.09936,32.82926],[-97.10161,32.82958],[-97.103,32.82809],[-97.10215,32.82629],[-97.0999,32.82598]]]}},{"type":"Feature","properties":{"h3":"8926c86d057ffff","mii":16,"trt":0.0,"glp1":0.0,"pharmacy":0.0,"gym":0.0,"n":0},"geometry":{"type":"Polygon","coordinates":[[[-97.10045,32.82269],[-97.09905,32.82418],[-97.0999,32.82598],[-97.10215,32.82629],[-97.10355,32.82481],[-97.1027,32.82301],[-97.10045,32.82269]]]}},{"type":"Feature","properties":{"h3":"8926c86d00bffff","mii":16,"trt":0.0,"glp1":0.0,"pharmacy":0.0,"gym":0.0,"n":0},"geometry":{"type":"Polygon","coordinates":[[[-97.09735,32.82058],[-97.09595,32.82207],[-97.0968,32.82387],[-97.09905,32.82418],[-97.10045,32.82269],[-97.0996,32.8209],[-97.09735,32.82058]]]}},{"type":"Feature","properties":{"h3":"8926c86d003ffff","mii":16,"trt":0.0,"glp1":0.0,"pharmacy":0.0,"gym":0.0,"n":0},"geometry":{"type":"Polygon","coordinates":[[[-97.0937,32.82176],[-97.0923,32.82324],[-97.09315,32.82504],[-97.0954,32.82535],[-97.0968,32.82387],[-97.09595,32.82207],[-97.0937,32.82176]]]}},{"type":"Feature","properties":{"h3":"8926c86d013ffff","mii":16,"trt":0.0,"glp1":0.0,"pharmacy":0.0,"gym":0.0,"n":0},"geometry":{"type":"Polygon","coordinates":[[[-97.09315,32.82504],[-97.09175,32.82652],[-97.09261,32.82832],[-97.09486,32.82864],[-97.09625,32.82715],[-97.0954,32.82535],[-97.09315,32.82504]]]}},{"type":"Feature","properties":{"h3":"8926cbd2047ffff","mii":16,"trt":0.45,"glp1":0.55,"pharmacy":0.0,"gym":0.0,"n":2},"geometry":{"type":"Polygon","coordinates":[[[-97.17379,32.81775],[-97.1724,32.81924],[-97.17325,32.82104],[-97.1755,32.82135],[-97.1769,32.81986],[-97.17604,32.81807],[-97.17379,32.81775]]]}},{"type":"Feature","properties":{"h3":"8926c82aa6bffff","mii":16,"trt":0.0,"glp1":4.05,"pharmacy":0.0,"gym":0.0,"n":7},"geometry":{"type":"Polygon","coordinates":[[[-96.62472,32.92175],[-96.62332,32.92323],[-96.62416,32.92503],[-96.62641,32.92535],[-96.62781,32.92387],[-96.62697,32.92207],[-96.62472,32.92175]]]}},{"type":"Feature","properties":{"h3":"8926c82d697ffff","mii":16,"trt":0.0,"glp1":4.15,"pharmacy":0.0,"gym":0.0,"n":7},"geometry":{"type":"Polygon","coordinates":[[[-96.59804,32.85584],[-96.59663,32.85732],[-96.59748,32.85912],[-96.59972,32.85944],[-96.60112,32.85796],[-96.60028,32.85616],[-96.59804,32.85584]]]}},{"type":"Feature","properties":{"h3":"8926c82ac5bffff","mii":16,"trt":0.0,"glp1":4.15,"pharmacy":0.0,"gym":0.0,"n":7},"geometry":{"type":"Polygon","coordinates":[[[-96.60034,32.96355],[-96.59893,32.96503],[-96.59978,32.96683],[-96.60202,32.96715],[-96.60342,32.96567],[-96.60258,32.96388],[-96.60034,32.96355]]]}},{"type":"Feature","properties":{"h3":"8926c82debbffff","mii":16,"trt":0.0,"glp1":4.05,"pharmacy":0.0,"gym":0.0,"n":7},"geometry":{"type":"Polygon","coordinates":[[[-96.5599,32.79665],[-96.5585,32.79813],[-96.55934,32.79993],[-96.56158,32.80025],[-96.56298,32.79877],[-96.56214,32.79697],[-96.5599,32.79665]]]}},{"type":"Feature","properties":{"h3":"8926cb8b30bffff","mii":16,"trt":0.0,"glp1":4.5,"pharmacy":0.0,"gym":0.0,"n":8},"geometry":{"type":"Polygon","coordinates":[[[-96.94312,32.58729],[-96.94173,32.58877],[-96.94257,32.59057],[-96.94482,32.59089],[-96.94621,32.5894],[-96.94537,32.5876],[-96.94312,32.58729]]]}},{"type":"Feature","properties":{"h3":"8926c874a27ffff","mii":16,"trt":0.0,"glp1":0.0,"pharmacy":0.0,"gym":0.0,"n":0},"geometry":{"type":"Polygon","coordinates":[[[-96.79242,32.97082],[-96.79102,32.9723],[-96.79187,32.9741],[-96.79411,32.97442],[-96.79552,32.97294],[-96.79467,32.97114],[-96.79242,32.97082]]]}},{"type":"Feature","properties":{"h3":"8926c874a2fffff","mii":16,"trt":0.0,"glp1":0.0,"pharmacy":0.0,"gym":0.0,"n":0},"geometry":{"type":"Polygon","coordinates":[[[-96.79607,32.96966],[-96.79467,32.97114],[-96.79552,32.97294],[-96.79777,32.97326],[-96.79917,32.97178],[-96.79832,32.96998],[-96.79607,32.96966]]]}},{"type":"Feature","properties":{"h3":"8926c866497ffff","mii":16,"trt":0.0,"glp1":0.0,"pharmacy":0.0,"gym":0.0,"n":0},"geometry":{"type":"Polygon","coordinates":[[[-96.79663,32.96638],[-96.79522,32.96786],[-96.79607,32.96966],[-96.79832,32.96998],[-96.79972,32.9685],[-96.79887,32.9667],[-96.79663,32.96638]]]}},{"type":"Feature","properties":{"h3":"8926c874b4bffff","mii":16,"trt":0.0,"glp1":0.0,"pharmacy":0.0,"gym":0.0,"n":0},"geometry":{"type":"Polygon","coordinates":[[[-96.79353,32.96427],[-96.79213,32.96574],[-96.79298,32.96754],[-96.79522,32.96786],[-96.79663,32.96638],[-96.79578,32.96458],[-96.79353,32.96427]]]}},{"type":"Feature","properties":{"h3":"8926c874b43ffff","mii":16,"trt":0.0,"glp1":0.0,"pharmacy":0.0,"gym":0.0,"n":0},"geometry":{"type":"Polygon","coordinates":[[[-96.78988,32.96543],[-96.78848,32.96691],[-96.78933,32.9687],[-96.79157,32.96902],[-96.79298,32.96754],[-96.79213,32.96574],[-96.78988,32.96543]]]}},{"type":"Feature","properties":{"h3":"8926c874b53ffff","mii":16,"trt":0.0,"glp1":0.0,"pharmacy":0.0,"gym":0.0,"n":0},"geometry":{"type":"Polygon","coordinates":[[[-96.78933,32.9687],[-96.78792,32.97018],[-96.78877,32.97198],[-96.79102,32.9723],[-96.79242,32.97082],[-96.79157,32.96902],[-96.78933,32.9687]]]}},{"type":"Feature","properties":{"h3":"8926c8293a7ffff","mii":16,"trt":0.0,"glp1":0.0,"pharmacy":0.0,"gym":0.0,"n":0},"geometry":{"type":"Polygon","coordinates":[[[-96.72659,32.91113],[-96.72519,32.9126],[-96.72603,32.9144],[-96.72828,32.91472],[-96.72968,32.91324],[-96.72883,32.91145],[-96.72659,32.91113]]]}},{"type":"Feature","properties":{"h3":"8926c8293afffff","mii":16,"trt":0.0,"glp1":0.0,"pharmacy":0.0,"gym":0.0,"n":0},"geometry":{"type":"Polygon","coordinates":[[[-96.73024,32.90997],[-96.72883,32.91145],[-96.72968,32.91324],[-96.73193,32.91356],[-96.73333,32.91208],[-96.73248,32.91029],[-96.73024,32.90997]]]}},{"type":"Feature","properties":{"h3":"8926c829337ffff","mii":16,"trt":0.0,"glp1":0.0,"pharmacy":0.0,"gym":0.0,"n":0},"geometry":{"type":"Polygon","coordinates":[[[-96.73079,32.90669],[-96.72939,32.90817],[-96.73024,32.90997],[-96.73248,32.91029],[-96.73388,32.90881],[-96.73304,32.90701],[-96.73079,32.90669]]]}},{"type":"Feature","properties":{"h3":"8926c829ecbffff","mii":16,"trt":0.0,"glp1":0.0,"pharmacy":0.0,"gym":0.0,"n":0},"geometry":{"type":"Polygon","coordinates":[[[-96.7277,32.90457],[-96.7263,32.90605],[-96.72714,32.90785],[-96.72939,32.90817],[-96.73079,32.90669],[-96.72995,32.90489],[-96.7277,32.90457]]]}},{"type":"Feature","properties":{"h3":"8926c829ec3ffff","mii":16,"trt":0.0,"glp1":0.0,"pharmacy":0.0,"gym":0.0,"n":0},"geometry":{"type":"Polygon","coordinates":[[[-96.72405,32.90573],[-96.72265,32.90721],[-96.7235,32.90901],[-96.72574,32.90933],[-96.72714,32.90785],[-96.7263,32.90605],[-96.72405,32.90573]]]}},{"type":"Feature","properties":{"h3":"8926c829ed3ffff","mii":16,"trt":0.0,"glp1":0.0,"pharmacy":0.0,"gym":0.0,"n":0},"geometry":{"type":"Polygon","coordinates":[[[-96.7235,32.90901],[-96.7221,32.91049],[-96.72294,32.91228],[-96.72519,32.9126],[-96.72659,32.91113],[-96.72574,32.90933],[-96.7235,32.90901]]]}},{"type":"Feature","properties":{"h3":"8926cbd84dbffff","mii":16,"trt":0.0,"glp1":0.0,"pharmacy":0.0,"gym":0.0,"n":0},"geometry":{"type":"Polygon","coordinates":[[[-97.38337,32.7407],[-97.38197,32.74219],[-97.38283,32.74399],[-97.38508,32.7443],[-97.38648,32.74281],[-97.38562,32.74101],[-97.38337,32.7407]]]}},{"type":"Feature","properties":{"h3":"8926cbdb137ffff","mii":16,"trt":0.0,"glp1":0.0,"pharmacy":0.0,"gym":0.0,"n":0},"geometry":{"type":"Polygon","coordinates":[[[-97.38701,32.73952],[-97.38562,32.74101],[-97.38648,32.74281],[-97.38873,32.74312],[-97.39012,32.74163],[-97.38927,32.73983],[-97.38701,32.73952]]]}},{"type":"Feature","properties":{"h3":"8926cbdb127ffff","mii":16,"trt":0.0,"glp1":0.0,"pharmacy":0.0,"gym":0.0,"n":0},"geometry":{"type":"Polygon","coordinates":[[[-97.38755,32.73623],[-97.38616,32.73772],[-97.38701,32.73952],[-97.38927,32.73983],[-97.39066,32.73834],[-97.3898,32.73654],[-97.38755,32.73623]]]}},{"type":"Feature","properties":{"h3":"8926cbd8453ffff","mii":16,"trt":0.0,"glp1":0.0,"pharmacy":0.0,"gym":0.0,"n":0},"geometry":{"type":"Polygon","coordinates":[[[-97.38444,32.73412],[-97.38305,32.73562],[-97.3839,32.73741],[-97.38616,32.73772],[-97.38755,32.73623],[-97.38669,32.73443],[-97.38444,32.73412]]]}},{"type":"Feature","properties":{"h3":"8926cbd84cfffff","mii":16,"trt":0.0,"glp1":0.0,"pharmacy":0.0,"gym":0.0,"n":0},"geometry":{"type":"Polygon","coordinates":[[[-97.38079,32.73531],[-97.3794,32.7368],[-97.38026,32.7386],[-97.38251,32.7389],[-97.3839,32.73741],[-97.38305,32.73562],[-97.38079,32.73531]]]}},{"type":"Feature","properties":{"h3":"8926cbd84c3ffff","mii":16,"trt":0.0,"glp1":0.0,"pharmacy":0.0,"gym":0.0,"n":0},"geometry":{"type":"Polygon","coordinates":[[[-97.38026,32.7386],[-97.37886,32.74009],[-97.37972,32.74188],[-97.38197,32.74219],[-97.38337,32.7407],[-97.38251,32.7389],[-97.38026,32.7386]]]}},{"type":"Feature","properties":{"h3":"8926cbd8a53ffff","mii":16,"trt":0.0,"glp1":4.45,"pharmacy":0.0,"gym":0.0,"n":7},"geometry":{"type":"Polygon","coordinates":[[[-97.37398,32.6503],[-97.37259,32.65179],[-97.37344,32.65359],[-97.37569,32.6539],[-97.37709,32.65241],[-97.37623,32.65061],[-97.37398,32.6503]]]}},{"type":"Feature","properties":{"h3":"8926c809117ffff","mii":16,"trt":0.0,"glp1":4.35,"pharmacy":0.0,"gym":0.0,"n":7},"geometry":{"type":"Polygon","coordinates":[[[-96.98766,33.29012],[-96.98625,33.2916],[-96.9871,33.2934],[-96.98936,33.29371],[-96.99077,33.29224],[-96.98991,33.29044],[-96.98766,33.29012]]]}},{"type":"Feature","properties":{"h3":"8926c875b2fffff","mii":15,"trt":0.0,"glp1":0.0,"pharmacy":0.0,"gym":0.0,"n":0},"geometry":{"type":"Polygon","coordinates":[[[-96.84717,32.9534],[-96.84577,32.95488],[-96.84662,32.95668],[-96.84887,32.957],[-96.85027,32.95552],[-96.84942,32.95372],[-96.84717,32.9534]]]}},{"type":"Feature","properties":{"h3":"8926c867583ffff","mii":15,"trt":0.0,"glp1":0.0,"pharmacy":0.0,"gym":0.0,"n":0},"geometry":{"type":"Polygon","coordinates":[[[-96.85137,32.94896],[-96.84997,32.95044],[-96.85082,32.95224],[-96.85307,32.95256],[-96.85447,32.95108],[-96.85362,32.94928],[-96.85137,32.94896]]]}},{"type":"Feature","properties":{"h3":"8926cb932a7ffff","mii":15,"trt":0.65,"glp1":0.0,"pharmacy":0.0,"gym":0.0,"n":1},"geometry":{"type":"Polygon","coordinates":[[[-96.74215,32.81934],[-96.74075,32.82082],[-96.74159,32.82262],[-96.74384,32.82294],[-96.74524,32.82146],[-96.74439,32.81966],[-96.74215,32.81934]]]}},{"type":"Feature","properties":{"h3":"8926c866a37ffff","mii":15,"trt":0.0,"glp1":0.0,"pharmacy":0.0,"gym":0.0,"n":0},"geometry":{"type":"Polygon","coordinates":[[[-96.78573,32.8675],[-96.78433,32.86898],[-96.78518,32.87078],[-96.78743,32.87109],[-96.78883,32.86961],[-96.78798,32.86782],[-96.78573,32.8675]]]}},{"type":"Feature","properties":{"h3":"8926c866a23ffff","mii":15,"trt":0.0,"glp1":0.0,"pharmacy":0.0,"gym":0.0,"n":0},"geometry":{"type":"Polygon","coordinates":[[[-96.78938,32.86634],[-96.78798,32.86782],[-96.78883,32.86961],[-96.79107,32.86993],[-96.79247,32.86845],[-96.79163,32.86665],[-96.78938,32.86634]]]}},{"type":"Feature","properties":{"h3":"8926c866b53ffff","mii":15,"trt":0.0,"glp1":0.0,"pharmacy":0.0,"gym":0.0,"n":0},"geometry":{"type":"Polygon","coordinates":[[[-96.7832,32.8621],[-96.7818,32.86358],[-96.78264,32.86538],[-96.78489,32.8657],[-96.78629,32.86422],[-96.78544,32.86242],[-96.7832,32.8621]]]}},{"type":"Feature","properties":{"h3":"8926c866bcbffff","mii":15,"trt":0.0,"glp1":0.0,"pharmacy":0.0,"gym":0.0,"n":0},"geometry":{"type":"Polygon","coordinates":[[[-96.78264,32.86538],[-96.78124,32.86686],[-96.78209,32.86866],[-96.78433,32.86898],[-96.78573,32.8675],[-96.78489,32.8657],[-96.78264,32.86538]]]}},{"type":"Feature","properties":{"h3":"8926cbd5413ffff","mii":15,"trt":0.0,"glp1":0.0,"pharmacy":0.0,"gym":0.0,"n":0},"geometry":{"type":"Polygon","coordinates":[[[-97.11606,32.68707],[-97.11467,32.68856],[-97.11552,32.69036],[-97.11776,32.69067],[-97.11916,32.68918],[-97.11831,32.68738],[-97.11606,32.68707]]]}},{"type":"Feature","properties":{"h3":"8926cbd294fffff","mii":15,"trt":0.65,"glp1":0.0,"pharmacy":0.0,"gym":0.0,"n":1},"geometry":{"type":"Polygon","coordinates":[[[-97.1161,32.74926],[-97.1147,32.75075],[-97.11555,32.75255],[-97.1178,32.75286],[-97.1192,32.75137],[-97.11835,32.74958],[-97.1161,32.74926]]]}},{"type":"Feature","properties":{"h3":"8926cb9996bffff","mii":15,"trt":0.0,"glp1":0.0,"pharmacy":0.0,"gym":0.0,"n":0},"geometry":{"type":"Polygon","coordinates":[[[-96.88921,32.64191],[-96.88781,32.6434],[-96.88866,32.6452],[-96.8909,32.64551],[-96.8923,32.64403],[-96.89145,32.64223],[-96.88921,32.64191]]]}},{"type":"Feature","properties":{"h3":"8926cb99ba7ffff","mii":15,"trt":0.0,"glp1":0.0,"pharmacy":0.0,"gym":0.0,"n":0},"geometry":{"type":"Polygon","coordinates":[[[-96.89285,32.64074],[-96.89145,32.64223],[-96.8923,32.64403],[-96.89454,32.64434],[-96.89594,32.64286],[-96.89509,32.64106],[-96.89285,32.64074]]]}},{"type":"Feature","properties":{"h3":"8926cb8a6dbffff","mii":15,"trt":0.0,"glp1":0.0,"pharmacy":0.0,"gym":0.0,"n":0},"geometry":{"type":"Polygon","coordinates":[[[-96.8934,32.63746],[-96.892,32.63894],[-96.89285,32.64074],[-96.89509,32.64106],[-96.89649,32.63958],[-96.89564,32.63778],[-96.8934,32.63746]]]}},{"type":"Feature","properties":{"h3":"8926cb8a6c3ffff","mii":15,"trt":0.0,"glp1":0.0,"pharmacy":0.0,"gym":0.0,"n":0},"geometry":{"type":"Polygon","coordinates":[[[-96.89031,32.63534],[-96.88891,32.63683],[-96.88976,32.63863],[-96.892,32.63894],[-96.8934,32.63746],[-96.89255,32.63566],[-96.89031,32.63534]]]}},{"type":"Feature","properties":{"h3":"8926cb8a6d7ffff","mii":15,"trt":0.0,"glp1":0.0,"pharmacy":0.0,"gym":0.0,"n":0},"geometry":{"type":"Polygon","coordinates":[[[-96.88667,32.63651],[-96.88527,32.638],[-96.88612,32.6398],[-96.88836,32.64011],[-96.88976,32.63863],[-96.88891,32.63683],[-96.88667,32.63651]]]}},{"type":"Feature","properties":{"h3":"8926cb9996fffff","mii":15,"trt":0.0,"glp1":0.0,"pharmacy":0.0,"gym":0.0,"n":0},"geometry":{"type":"Polygon","coordinates":[[[-96.88612,32.6398],[-96.88472,32.64128],[-96.88557,32.64308],[-96.88781,32.6434],[-96.88921,32.64191],[-96.88836,32.64011],[-96.88612,32.6398]]]}},{"type":"Feature","properties":{"h3":"8926cb9a5afffff","mii":15,"trt":0.0,"glp1":0.0,"pharmacy":0.0,"gym":0.0,"n":0},"geometry":{"type":"Polygon","coordinates":[[[-96.80069,32.77895],[-96.79929,32.78043],[-96.80014,32.78223],[-96.80238,32.78254],[-96.80378,32.78106],[-96.80293,32.77926],[-96.80069,32.77895]]]}},{"type":"Feature","properties":{"h3":"8926c864a67ffff","mii":15,"trt":0.0,"glp1":0.0,"pharmacy":0.0,"gym":0.0,"n":0},"geometry":{"type":"Polygon","coordinates":[[[-96.82994,32.80995],[-96.82854,32.81144],[-96.82939,32.81324],[-96.83164,32.81355],[-96.83304,32.81207],[-96.83219,32.81027],[-96.82994,32.80995]]]}},{"type":"Feature","properties":{"h3":"8926c8283bbffff","mii":15,"trt":0.65,"glp1":0.0,"pharmacy":0.0,"gym":0.0,"n":1},"geometry":{"type":"Polygon","coordinates":[[[-96.66008,32.91674],[-96.65867,32.91822],[-96.65952,32.92002],[-96.66176,32.92034],[-96.66316,32.91886],[-96.66232,32.91706],[-96.66008,32.91674]]]}},{"type":"Feature","properties":{"h3":"8926c87412fffff","mii":15,"trt":0.0,"glp1":0.0,"pharmacy":0.0,"gym":0.0,"n":0},"geometry":{"type":"Polygon","coordinates":[[[-96.7883,33.01553],[-96.7869,33.01701],[-96.78775,33.01881],[-96.79,33.01913],[-96.7914,33.01765],[-96.79055,33.01585],[-96.7883,33.01553]]]}},{"type":"Feature","properties":{"h3":"8926c874c4bffff","mii":15,"trt":0.0,"glp1":0.0,"pharmacy":0.0,"gym":0.0,"n":0},"geometry":{"type":"Polygon","coordinates":[[[-96.78576,33.01014],[-96.78436,33.01162],[-96.78521,33.01342],[-96.78746,33.01374],[-96.78886,33.01226],[-96.78801,33.01046],[-96.78576,33.01014]]]}},{"type":"Feature","properties":{"h3":"8926c874c5bffff","mii":15,"trt":0.0,"glp1":0.0,"pharmacy":0.0,"gym":0.0,"n":0},"geometry":{"type":"Polygon","coordinates":[[[-96.78521,33.01342],[-96.78381,33.01489],[-96.78465,33.01669],[-96.7869,33.01701],[-96.7883,33.01553],[-96.78746,33.01374],[-96.78521,33.01342]]]}},{"type":"Feature","properties":{"h3":"8926c876a67ffff","mii":15,"trt":0.0,"glp1":0.0,"pharmacy":0.0,"gym":0.0,"n":0},"geometry":{"type":"Polygon","coordinates":[[[-96.76949,33.0246],[-96.76809,33.02608],[-96.76894,33.02788],[-96.77119,33.0282],[-96.77259,33.02672],[-96.77174,33.02492],[-96.76949,33.0246]]]}},{"type":"Feature","properties":{"h3":"8926c876a6fffff","mii":15,"trt":0.0,"glp1":0.0,"pharmacy":0.0,"gym":0.0,"n":0},"geometry":{"type":"Polygon","coordinates":[[[-96.77314,33.02345],[-96.77174,33.02492],[-96.77259,33.02672],[-96.77484,33.02704],[-96.77624,33.02556],[-96.77539,33.02376],[-96.77314,33.02345]]]}},{"type":"Feature","properties":{"h3":"8926c874cd7ffff","mii":15,"trt":0.0,"glp1":0.0,"pharmacy":0.0,"gym":0.0,"n":0},"geometry":{"type":"Polygon","coordinates":[[[-96.7737,33.02017],[-96.7723,33.02165],[-96.77314,33.02345],[-96.77539,33.02376],[-96.77679,33.02229],[-96.77595,33.02049],[-96.7737,33.02017]]]}},{"type":"Feature","properties":{"h3":"8926c874c83ffff","mii":15,"trt":0.0,"glp1":0.0,"pharmacy":0.0,"gym":0.0,"n":0},"geometry":{"type":"Polygon","coordinates":[[[-96.76695,33.01921],[-96.76555,33.02069],[-96.7664,33.02249],[-96.76865,33.02281],[-96.77005,33.02133],[-96.7692,33.01953],[-96.76695,33.01921]]]}},{"type":"Feature","properties":{"h3":"8926c874c93ffff","mii":15,"trt":0.0,"glp1":0.0,"pharmacy":0.0,"gym":0.0,"n":0},"geometry":{"type":"Polygon","coordinates":[[[-96.7664,33.02249],[-96.76499,33.02397],[-96.76584,33.02576],[-96.76809,33.02608],[-96.76949,33.0246],[-96.76865,33.02281],[-96.7664,33.02249]]]}},{"type":"Feature","properties":{"h3":"8926c876ea7ffff","mii":15,"trt":0.65,"glp1":0.0,"pharmacy":0.0,"gym":0.0,"n":1},"geometry":{"type":"Polygon","coordinates":[[[-96.75044,33.05544],[-96.74903,33.05692],[-96.74988,33.05871],[-96.75213,33.05903],[-96.75353,33.05756],[-96.75269,33.05576],[-96.75044,33.05544]]]}},{"type":"Feature","properties":{"h3":"8926cbd5a3bffff","mii":15,"trt":0.65,"glp1":0.0,"pharmacy":0.0,"gym":0.0,"n":1},"geometry":{"type":"Polygon","coordinates":[[[-97.10381,32.59458],[-97.10242,32.59607],[-97.10327,32.59787],[-97.10551,32.59818],[-97.10691,32.59669],[-97.10606,32.59489],[-97.10381,32.59458]]]}},{"type":"Feature","properties":{"h3":"8926c865b93ffff","mii":15,"trt":0.0,"glp1":0.0,"pharmacy":0.0,"gym":0.0,"n":0},"geometry":{"type":"Polygon","coordinates":[[[-96.87402,32.8145],[-96.87262,32.81598],[-96.87347,32.81778],[-96.87572,32.8181],[-96.87712,32.81661],[-96.87627,32.81482],[-96.87402,32.8145]]]}},{"type":"Feature","properties":{"h3":"8926c86582fffff","mii":15,"trt":0.0,"glp1":0.0,"pharmacy":0.0,"gym":0.0,"n":0},"geometry":{"type":"Polygon","coordinates":[[[-96.87038,32.81566],[-96.86898,32.81715],[-96.86982,32.81894],[-96.87207,32.81926],[-96.87347,32.81778],[-96.87262,32.81598],[-96.87038,32.81566]]]}},{"type":"Feature","properties":{"h3":"8926cbd9eafffff","mii":15,"trt":0.0,"glp1":0.0,"pharmacy":0.0,"gym":0.0,"n":0},"geometry":{"type":"Polygon","coordinates":[[[-97.42329,32.66544],[-97.42189,32.66693],[-97.42275,32.66873],[-97.425,32.66903],[-97.4264,32.66754],[-97.42554,32.66574],[-97.42329,32.66544]]]}},{"type":"Feature","properties":{"h3":"8926cbd9e33ffff","mii":15,"trt":0.0,"glp1":0.0,"pharmacy":0.0,"gym":0.0,"n":0},"geometry":{"type":"Polygon","coordinates":[[[-97.42693,32.66425],[-97.42554,32.66574],[-97.4264,32.66754],[-97.42865,32.66785],[-97.43004,32.66636],[-97.42919,32.66456],[-97.42693,32.66425]]]}},{"type":"Feature","properties":{"h3":"8926cbd9e23ffff","mii":15,"trt":0.0,"glp1":0.0,"pharmacy":0.0,"gym":0.0,"n":0},"geometry":{"type":"Polygon","coordinates":[[[-97.42747,32.66096],[-97.42608,32.66245],[-97.42693,32.66425],[-97.42919,32.66456],[-97.43058,32.66307],[-97.42972,32.66127],[-97.42747,32.66096]]]}},{"type":"Feature","properties":{"h3":"8926cbd9e27ffff","mii":15,"trt":0.0,"glp1":0.0,"pharmacy":0.0,"gym":0.0,"n":0},"geometry":{"type":"Polygon","coordinates":[[[-97.42436,32.65886],[-97.42297,32.66035],[-97.42383,32.66215],[-97.42608,32.66245],[-97.42747,32.66096],[-97.42661,32.65916],[-97.42436,32.65886]]]}},{"type":"Feature","properties":{"h3":"8926cbd98cbffff","mii":15,"trt":0.0,"glp1":0.0,"pharmacy":0.0,"gym":0.0,"n":0},"geometry":{"type":"Polygon","coordinates":[[[-97.42072,32.66004],[-97.41932,32.66153],[-97.42018,32.66333],[-97.42243,32.66364],[-97.42383,32.66215],[-97.42297,32.66035],[-97.42072,32.66004]]]}},{"type":"Feature","properties":{"h3":"8926cbd98dbffff","mii":15,"trt":0.0,"glp1":0.0,"pharmacy":0.0,"gym":0.0,"n":0},"geometry":{"type":"Polygon","coordinates":[[[-97.42018,32.66333],[-97.41879,32.66482],[-97.41964,32.66662],[-97.42189,32.66693],[-97.42329,32.66544],[-97.42243,32.66364],[-97.42018,32.66333]]]}},{"type":"Feature","properties":{"h3":"8926cbcad53ffff","mii":15,"trt":0.65,"glp1":0.0,"pharmacy":0.0,"gym":0.0,"n":1},"geometry":{"type":"Polygon","coordinates":[[[-97.31632,32.55998],[-97.31493,32.56148],[-97.31578,32.56327],[-97.31803,32.56358],[-97.31942,32.56209],[-97.31857,32.56029],[-97.31632,32.55998]]]}},{"type":"Feature","properties":{"h3":"8926cbda3b3ffff","mii":15,"trt":0.65,"glp1":0.0,"pharmacy":0.0,"gym":0.0,"n":1},"geometry":{"type":"Polygon","coordinates":[[[-97.3381,32.74291],[-97.3367,32.7444],[-97.33756,32.7462],[-97.33981,32.74651],[-97.34121,32.74502],[-97.34035,32.74322],[-97.3381,32.74291]]]}},{"type":"Feature","properties":{"h3":"8926c86966bffff","mii":15,"trt":0.65,"glp1":0.0,"pharmacy":0.0,"gym":0.0,"n":1},"geometry":{"type":"Polygon","coordinates":[[[-97.27606,32.93097],[-97.27466,32.93246],[-97.27552,32.93426],[-97.27777,32.93457],[-97.27917,32.93308],[-97.27831,32.93129],[-97.27606,32.93097]]]}},{"type":"Feature","properties":{"h3":"8926cbda207ffff","mii":15,"trt":0.0,"glp1":0.0,"pharmacy":0.0,"gym":0.0,"n":0},"geometry":{"type":"Polygon","coordinates":[[[-97.3677,32.75201],[-97.3663,32.7535],[-97.36716,32.7553],[-97.36941,32.75561],[-97.37081,32.75412],[-97.36995,32.75232],[-97.3677,32.75201]]]}},{"type":"Feature","properties":{"h3":"8926cbda20fffff","mii":15,"trt":0.0,"glp1":0.0,"pharmacy":0.0,"gym":0.0,"n":0},"geometry":{"type":"Polygon","coordinates":[[[-97.37135,32.75083],[-97.36995,32.75232],[-97.37081,32.75412],[-97.37306,32.75442],[-97.37446,32.75293],[-97.3736,32.75113],[-97.37135,32.75083]]]}},{"type":"Feature","properties":{"h3":"8926cbda277ffff","mii":15,"trt":0.0,"glp1":0.0,"pharmacy":0.0,"gym":0.0,"n":0},"geometry":{"type":"Polygon","coordinates":[[[-97.37188,32.74754],[-97.37049,32.74903],[-97.37135,32.75083],[-97.3736,32.75113],[-97.37499,32.74964],[-97.37414,32.74785],[-97.37188,32.74754]]]}},{"type":"Feature","properties":{"h3":"8926cbda22bffff","mii":15,"trt":0.0,"glp1":0.0,"pharmacy":0.0,"gym":0.0,"n":0},"geometry":{"type":"Polygon","coordinates":[[[-97.36877,32.74543],[-97.36738,32.74692],[-97.36824,32.74872],[-97.37049,32.74903],[-97.37188,32.74754],[-97.37103,32.74574],[-97.36877,32.74543]]]}},{"type":"Feature","properties":{"h3":"8926cbda223ffff","mii":15,"trt":0.0,"glp1":0.0,"pharmacy":0.0,"gym":0.0,"n":0},"geometry":{"type":"Polygon","coordinates":[[[-97.36513,32.74661],[-97.36373,32.7481],[-97.36459,32.7499],[-97.36684,32.75021],[-97.36824,32.74872],[-97.36738,32.74692],[-97.36513,32.74661]]]}},{"type":"Feature","properties":{"h3":"8926cbda233ffff","mii":15,"trt":0.0,"glp1":0.0,"pharmacy":0.0,"gym":0.0,"n":0},"geometry":{"type":"Polygon","coordinates":[[[-97.36459,32.7499],[-97.36319,32.75139],[-97.36405,32.75319],[-97.3663,32.7535],[-97.3677,32.75201],[-97.36684,32.75021],[-97.36459,32.7499]]]}},{"type":"Feature","properties":{"h3":"8926cbd8c17ffff","mii":15,"trt":0.0,"glp1":0.0,"pharmacy":0.0,"gym":0.0,"n":0},"geometry":{"type":"Polygon","coordinates":[[[-97.33119,32.67976],[-97.3298,32.68125],[-97.33065,32.68305],[-97.3329,32.68336],[-97.3343,32.68187],[-97.33344,32.68007],[-97.33119,32.67976]]]}},{"type":"Feature","properties":{"h3":"8926cbd8c03ffff","mii":15,"trt":0.0,"glp1":0.0,"pharmacy":0.0,"gym":0.0,"n":0},"geometry":{"type":"Polygon","coordinates":[[[-97.33484,32.67858],[-97.33344,32.68007],[-97.3343,32.68187],[-97.33655,32.68218],[-97.33794,32.68069],[-97.33709,32.67889],[-97.33484,32.67858]]]}},{"type":"Feature","properties":{"h3":"8926cbd8c0fffff","mii":15,"trt":0.0,"glp1":0.0,"pharmacy":0.0,"gym":0.0,"n":0},"geometry":{"type":"Polygon","coordinates":[[[-97.33538,32.67529],[-97.33398,32.67678],[-97.33484,32.67858],[-97.33709,32.67889],[-97.33848,32.6774],[-97.33763,32.6756],[-97.33538,32.67529]]]}},{"type":"Feature","properties":{"h3":"8926cbd8c3bffff","mii":15,"trt":0.0,"glp1":0.0,"pharmacy":0.0,"gym":0.0,"n":0},"geometry":{"type":"Polygon","coordinates":[[[-97.33227,32.67318],[-97.33088,32.67467],[-97.33173,32.67647],[-97.33398,32.67678],[-97.33538,32.67529],[-97.33452,32.67349],[-97.33227,32.67318]]]}},{"type":"Feature","properties":{"h3":"8926cbd8c33ffff","mii":15,"trt":0.0,"glp1":0.0,"pharmacy":0.0,"gym":0.0,"n":0},"geometry":{"type":"Polygon","coordinates":[[[-97.32862,32.67436],[-97.32723,32.67585],[-97.32809,32.67765],[-97.33034,32.67796],[-97.33173,32.67647],[-97.33088,32.67467],[-97.32862,32.67436]]]}},{"type":"Feature","properties":{"h3":"8926cbd8cabffff","mii":15,"trt":0.0,"glp1":0.0,"pharmacy":0.0,"gym":0.0,"n":0},"geometry":{"type":"Polygon","coordinates":[[[-97.32809,32.67765],[-97.32669,32.67914],[-97.32755,32.68094],[-97.3298,32.68125],[-97.33119,32.67976],[-97.33034,32.67796],[-97.32809,32.67765]]]}},{"type":"Feature","properties":{"h3":"8926c839a63ffff","mii":15,"trt":0.65,"glp1":0.0,"pharmacy":0.0,"gym":0.0,"n":1},"geometry":{"type":"Polygon","coordinates":[[[-96.69981,33.0281],[-96.6984,33.02958],[-96.69925,33.03138],[-96.7015,33.0317],[-96.7029,33.03022],[-96.70205,33.02842],[-96.69981,33.0281]]]}},{"type":"Feature","properties":{"h3":"8926c80da87ffff","mii":15,"trt":0.65,"glp1":0.0,"pharmacy":0.0,"gym":0.0,"n":1},"geometry":{"type":"Polygon","coordinates":[[[-96.83897,33.14513],[-96.83756,33.14661],[-96.83841,33.14841],[-96.84066,33.14873],[-96.84207,33.14725],[-96.84122,33.14545],[-96.83897,33.14513]]]}},{"type":"Feature","properties":{"h3":"8926c820893ffff","mii":15,"trt":0.0,"glp1":0.0,"pharmacy":0.0,"gym":0.0,"n":0},"geometry":{"type":"Polygon","coordinates":[[[-96.44016,32.95221],[-96.43876,32.95368],[-96.4396,32.95548],[-96.44184,32.95581],[-96.44324,32.95433],[-96.44241,32.95253],[-96.44016,32.95221]]]}},{"type":"Feature","properties":{"h3":"8926c82089bffff","mii":15,"trt":0.0,"glp1":0.0,"pharmacy":0.0,"gym":0.0,"n":0},"geometry":{"type":"Polygon","coordinates":[[[-96.44381,32.95106],[-96.44241,32.95253],[-96.44324,32.95433],[-96.44549,32.95466],[-96.44689,32.95318],[-96.44605,32.95138],[-96.44381,32.95106]]]}},{"type":"Feature","properties":{"h3":"8926c82088bffff","mii":15,"trt":0.0,"glp1":0.0,"pharmacy":0.0,"gym":0.0,"n":0},"geometry":{"type":"Polygon","coordinates":[[[-96.44437,32.94779],[-96.44297,32.94926],[-96.44381,32.95106],[-96.44605,32.95138],[-96.44745,32.94991],[-96.44661,32.94811],[-96.44437,32.94779]]]}},{"type":"Feature","properties":{"h3":"8926c82088fffff","mii":15,"trt":0.0,"glp1":0.0,"pharmacy":0.0,"gym":0.0,"n":0},"geometry":{"type":"Polygon","coordinates":[[[-96.44129,32.94566],[-96.43989,32.94714],[-96.44073,32.94894],[-96.44297,32.94926],[-96.44437,32.94779],[-96.44353,32.94599],[-96.44129,32.94566]]]}},{"type":"Feature","properties":{"h3":"8926c820887ffff","mii":15,"trt":0.0,"glp1":0.0,"pharmacy":0.0,"gym":0.0,"n":0},"geometry":{"type":"Polygon","coordinates":[[[-96.43764,32.94681],[-96.43624,32.94829],[-96.43708,32.95008],[-96.43932,32.95041],[-96.44073,32.94894],[-96.43989,32.94714],[-96.43764,32.94681]]]}},{"type":"Feature","properties":{"h3":"8926c820897ffff","mii":15,"trt":0.0,"glp1":0.0,"pharmacy":0.0,"gym":0.0,"n":0},"geometry":{"type":"Polygon","coordinates":[[[-96.43708,32.95008],[-96.43568,32.95156],[-96.43652,32.95336],[-96.43876,32.95368],[-96.44016,32.95221],[-96.43932,32.95041],[-96.43708,32.95008]]]}},{"type":"Feature","properties":{"h3":"8926cb932bbffff","mii":15,"trt":0.0,"glp1":3.6,"pharmacy":0.0,"gym":0.0,"n":6},"geometry":{"type":"Polygon","coordinates":[[[-96.74832,32.82357],[-96.74692,32.82505],[-96.74777,32.82685],[-96.75001,32.82717],[-96.75141,32.82569],[-96.75057,32.82389],[-96.74832,32.82357]]]}},{"type":"Feature","properties":{"h3":"8926cb995b3ffff","mii":15,"trt":0.0,"glp1":3.6,"pharmacy":0.0,"gym":0.0,"n":6},"geometry":{"type":"Polygon","coordinates":[[[-96.90547,32.7299],[-96.90407,32.73139],[-96.90492,32.73319],[-96.90717,32.7335],[-96.90856,32.73202],[-96.90772,32.73022],[-96.90547,32.7299]]]}},{"type":"Feature","properties":{"h3":"8926cb9ac5bffff","mii":15,"trt":0.0,"glp1":0.0,"pharmacy":0.0,"gym":0.0,"n":0},"geometry":{"type":"Polygon","coordinates":[[[-96.80622,32.74614],[-96.80482,32.74762],[-96.80567,32.74942],[-96.80791,32.74974],[-96.80931,32.74825],[-96.80847,32.74646],[-96.80622,32.74614]]]}},{"type":"Feature","properties":{"h3":"8926cb9ae97ffff","mii":15,"trt":0.0,"glp1":0.0,"pharmacy":0.0,"gym":0.0,"n":0},"geometry":{"type":"Polygon","coordinates":[[[-96.80987,32.74497],[-96.80847,32.74646],[-96.80931,32.74825],[-96.81156,32.74857],[-96.81296,32.74709],[-96.81211,32.74529],[-96.80987,32.74497]]]}},{"type":"Feature","properties":{"h3":"8926cb9ae87ffff","mii":15,"trt":0.0,"glp1":0.0,"pharmacy":0.0,"gym":0.0,"n":0},"geometry":{"type":"Polygon","coordinates":[[[-96.81042,32.74169],[-96.80902,32.74317],[-96.80987,32.74497],[-96.81211,32.74529],[-96.81351,32.74381],[-96.81266,32.74201],[-96.81042,32.74169]]]}},{"type":"Feature","properties":{"h3":"8926cb9aeb3ffff","mii":15,"trt":0.0,"glp1":0.0,"pharmacy":0.0,"gym":0.0,"n":0},"geometry":{"type":"Polygon","coordinates":[[[-96.80733,32.73958],[-96.80593,32.74106],[-96.80678,32.74286],[-96.80902,32.74317],[-96.81042,32.74169],[-96.80957,32.73989],[-96.80733,32.73958]]]}},{"type":"Feature","properties":{"h3":"8926cb9ac4fffff","mii":15,"trt":0.0,"glp1":0.0,"pharmacy":0.0,"gym":0.0,"n":0},"geometry":{"type":"Polygon","coordinates":[[[-96.80369,32.74074],[-96.80229,32.74222],[-96.80313,32.74402],[-96.80538,32.74434],[-96.80678,32.74286],[-96.80593,32.74106],[-96.80369,32.74074]]]}},{"type":"Feature","properties":{"h3":"8926cb9ac43ffff","mii":15,"trt":0.0,"glp1":0.0,"pharmacy":0.0,"gym":0.0,"n":0},"geometry":{"type":"Polygon","coordinates":[[[-96.80313,32.74402],[-96.80174,32.7455],[-96.80258,32.7473],[-96.80482,32.74762],[-96.80622,32.74614],[-96.80538,32.74434],[-96.80313,32.74402]]]}},{"type":"Feature","properties":{"h3":"8926cbc6ba7ffff","mii":15,"trt":0.0,"glp1":0.0,"pharmacy":0.0,"gym":0.0,"n":0},"geometry":{"type":"Polygon","coordinates":[[[-96.9923,32.47813],[-96.99091,32.47961],[-96.99175,32.48141],[-96.99399,32.48173],[-96.99539,32.48024],[-96.99454,32.47844],[-96.9923,32.47813]]]}},{"type":"Feature","properties":{"h3":"8926cbc6bafffff","mii":15,"trt":0.0,"glp1":0.0,"pharmacy":0.0,"gym":0.0,"n":0},"geometry":{"type":"Polygon","coordinates":[[[-96.99594,32.47695],[-96.99454,32.47844],[-96.99539,32.48024],[-96.99763,32.48055],[-96.99903,32.47907],[-96.99818,32.47727],[-96.99594,32.47695]]]}},{"type":"Feature","properties":{"h3":"8926cbc6b37ffff","mii":15,"trt":0.0,"glp1":0.0,"pharmacy":0.0,"gym":0.0,"n":0},"geometry":{"type":"Polygon","coordinates":[[[-96.99648,32.47366],[-96.99509,32.47515],[-96.99594,32.47695],[-96.99818,32.47727],[-96.99957,32.47578],[-96.99872,32.47398],[-96.99648,32.47366]]]}},{"type":"Feature","properties":{"h3":"8926cb136cbffff","mii":15,"trt":0.0,"glp1":0.0,"pharmacy":0.0,"gym":0.0,"n":0},"geometry":{"type":"Polygon","coordinates":[[[-96.99339,32.47155],[-96.992,32.47304],[-96.99285,32.47484],[-96.99509,32.47515],[-96.99648,32.47366],[-96.99564,32.47186],[-96.99339,32.47155]]]}},{"type":"Feature","properties":{"h3":"8926cb136c3ffff","mii":15,"trt":0.0,"glp1":0.0,"pharmacy":0.0,"gym":0.0,"n":0},"geometry":{"type":"Polygon","coordinates":[[[-96.98976,32.47272],[-96.98836,32.47421],[-96.98921,32.47601],[-96.99145,32.47633],[-96.99285,32.47484],[-96.992,32.47304],[-96.98976,32.47272]]]}},{"type":"Feature","properties":{"h3":"8926cb136d3ffff","mii":15,"trt":0.0,"glp1":0.0,"pharmacy":0.0,"gym":0.0,"n":0},"geometry":{"type":"Polygon","coordinates":[[[-96.98921,32.47601],[-96.98782,32.4775],[-96.98866,32.4793],[-96.99091,32.47961],[-96.9923,32.47813],[-96.99145,32.47633],[-96.98921,32.47601]]]}},{"type":"Feature","properties":{"h3":"8926cbd8c27ffff","mii":14,"trt":0.0,"glp1":0.0,"pharmacy":0.0,"gym":0.0,"n":0},"geometry":{"type":"Polygon","coordinates":[[[-97.32606,32.66897],[-97.32466,32.67046],[-97.32552,32.67226],[-97.32777,32.67257],[-97.32916,32.67107],[-97.32831,32.66928],[-97.32606,32.66897]]]}},{"type":"Feature","properties":{"h3":"8926cbd8c2fffff","mii":14,"trt":0.0,"glp1":0.0,"pharmacy":0.0,"gym":0.0,"n":0},"geometry":{"type":"Polygon","coordinates":[[[-97.3297,32.66779],[-97.32831,32.66928],[-97.32916,32.67107],[-97.33141,32.67138],[-97.33281,32.66989],[-97.33195,32.66809],[-97.3297,32.66779]]]}},{"type":"Feature","properties":{"h3":"8926cbd8897ffff","mii":14,"trt":0.0,"glp1":0.0,"pharmacy":0.0,"gym":0.0,"n":0},"geometry":{"type":"Polygon","coordinates":[[[-97.33024,32.6645],[-97.32885,32.66599],[-97.3297,32.66779],[-97.33195,32.66809],[-97.33335,32.6666],[-97.33249,32.6648],[-97.33024,32.6645]]]}},{"type":"Feature","properties":{"h3":"8926cbd8d4bffff","mii":14,"trt":0.0,"glp1":0.0,"pharmacy":0.0,"gym":0.0,"n":0},"geometry":{"type":"Polygon","coordinates":[[[-97.32714,32.66239],[-97.32574,32.66388],[-97.3266,32.66568],[-97.32885,32.66599],[-97.33024,32.6645],[-97.32939,32.6627],[-97.32714,32.66239]]]}},{"type":"Feature","properties":{"h3":"8926cbd8d43ffff","mii":14,"trt":0.0,"glp1":0.0,"pharmacy":0.0,"gym":0.0,"n":0},"geometry":{"type":"Polygon","coordinates":[[[-97.32349,32.66357],[-97.3221,32.66506],[-97.32295,32.66686],[-97.3252,32.66717],[-97.3266,32.66568],[-97.32574,32.66388],[-97.32349,32.66357]]]}},{"type":"Feature","properties":{"h3":"8926cbd8d53ffff","mii":14,"trt":0.0,"glp1":0.0,"pharmacy":0.0,"gym":0.0,"n":0},"geometry":{"type":"Polygon","coordinates":[[[-97.32295,32.66686],[-97.32156,32.66835],[-97.32241,32.67015],[-97.32466,32.67046],[-97.32606,32.66897],[-97.3252,32.66717],[-97.32295,32.66686]]]}},{"type":"Feature","properties":{"h3":"8926cb9a407ffff","mii":14,"trt":0.0,"glp1":0.0,"pharmacy":0.0,"gym":0.0,"n":0},"geometry":{"type":"Polygon","coordinates":[[[-96.82906,32.79472],[-96.82766,32.7962],[-96.82851,32.798],[-96.83076,32.79831],[-96.83216,32.79683],[-96.83131,32.79503],[-96.82906,32.79472]]]}},{"type":"Feature","properties":{"h3":"8926cb9a433ffff","mii":14,"trt":0.0,"glp1":0.0,"pharmacy":0.0,"gym":0.0,"n":0},"geometry":{"type":"Polygon","coordinates":[[[-96.82597,32.7926],[-96.82457,32.79408],[-96.82542,32.79588],[-96.82766,32.7962],[-96.82906,32.79472],[-96.82822,32.79292],[-96.82597,32.7926]]]}},{"type":"Feature","properties":{"h3":"8926caa6027ffff","mii":14,"trt":0.0,"glp1":0.0,"pharmacy":0.0,"gym":0.0,"n":0},"geometry":{"type":"Polygon","coordinates":[[[-97.31002,32.91381],[-97.30862,32.9153],[-97.30948,32.9171],[-97.31173,32.91741],[-97.31313,32.91592],[-97.31227,32.91412],[-97.31002,32.91381]]]}},{"type":"Feature","properties":{"h3":"8926caa602fffff","mii":14,"trt":0.0,"glp1":0.0,"pharmacy":0.0,"gym":0.0,"n":0},"geometry":{"type":"Polygon","coordinates":[[[-97.31367,32.91263],[-97.31227,32.91412],[-97.31313,32.91592],[-97.31538,32.91623],[-97.31678,32.91474],[-97.31592,32.91294],[-97.31367,32.91263]]]}},{"type":"Feature","properties":{"h3":"8926caa6397ffff","mii":14,"trt":0.0,"glp1":0.0,"pharmacy":0.0,"gym":0.0,"n":0},"geometry":{"type":"Polygon","coordinates":[[[-97.31421,32.90935],[-97.31281,32.91084],[-97.31367,32.91263],[-97.31592,32.91294],[-97.31732,32.91146],[-97.31646,32.90966],[-97.31421,32.90935]]]}},{"type":"Feature","properties":{"h3":"8926caa614bffff","mii":14,"trt":0.0,"glp1":0.0,"pharmacy":0.0,"gym":0.0,"n":0},"geometry":{"type":"Polygon","coordinates":[[[-97.3111,32.90724],[-97.3097,32.90873],[-97.31056,32.91053],[-97.31281,32.91084],[-97.31421,32.90935],[-97.31335,32.90755],[-97.3111,32.90724]]]}},{"type":"Feature","properties":{"h3":"8926caa6143ffff","mii":14,"trt":0.0,"glp1":0.0,"pharmacy":0.0,"gym":0.0,"n":0},"geometry":{"type":"Polygon","coordinates":[[[-97.30745,32.90842],[-97.30605,32.90991],[-97.3069,32.9117],[-97.30916,32.91201],[-97.31056,32.91053],[-97.3097,32.90873],[-97.30745,32.90842]]]}},{"type":"Feature","properties":{"h3":"8926caa6153ffff","mii":14,"trt":0.0,"glp1":0.0,"pharmacy":0.0,"gym":0.0,"n":0},"geometry":{"type":"Polygon","coordinates":[[[-97.3069,32.9117],[-97.30551,32.91319],[-97.30636,32.91499],[-97.30862,32.9153],[-97.31002,32.91381],[-97.30916,32.91201],[-97.3069,32.9117]]]}},{"type":"Feature","properties":{"h3":"8926cbd2d2fffff","mii":14,"trt":0.0,"glp1":0.0,"pharmacy":0.0,"gym":0.0,"n":0},"geometry":{"type":"Polygon","coordinates":[[[-97.09623,32.76499],[-97.09483,32.76647],[-97.09568,32.76827],[-97.09793,32.76858],[-97.09933,32.7671],[-97.09848,32.7653],[-97.09623,32.76499]]]}},{"type":"Feature","properties":{"h3":"8926cbd2993ffff","mii":14,"trt":0.0,"glp1":0.0,"pharmacy":0.0,"gym":0.0,"n":0},"geometry":{"type":"Polygon","coordinates":[[[-97.09988,32.76381],[-97.09848,32.7653],[-97.09933,32.7671],[-97.10158,32.76741],[-97.10298,32.76592],[-97.10213,32.76413],[-97.09988,32.76381]]]}},{"type":"Feature","properties":{"h3":"8926c86da4bffff","mii":14,"trt":0.0,"glp1":0.0,"pharmacy":0.0,"gym":0.0,"n":0},"geometry":{"type":"Polygon","coordinates":[[[-97.09368,32.75959],[-97.09228,32.76108],[-97.09313,32.76287],[-97.09538,32.76319],[-97.09678,32.7617],[-97.09592,32.7599],[-97.09368,32.75959]]]}},{"type":"Feature","properties":{"h3":"8926c86da5bffff","mii":14,"trt":0.0,"glp1":0.0,"pharmacy":0.0,"gym":0.0,"n":0},"geometry":{"type":"Polygon","coordinates":[[[-97.09313,32.76287],[-97.09173,32.76436],[-97.09258,32.76616],[-97.09483,32.76647],[-97.09623,32.76499],[-97.09538,32.76319],[-97.09313,32.76287]]]}},{"type":"Feature","properties":{"h3":"8926cbd5423ffff","mii":14,"trt":0.0,"glp1":0.0,"pharmacy":0.0,"gym":0.0,"n":0},"geometry":{"type":"Polygon","coordinates":[[[-97.11095,32.67628],[-97.10956,32.67776],[-97.11041,32.67956],[-97.11266,32.67988],[-97.11405,32.67839],[-97.1132,32.67659],[-97.11095,32.67628]]]}},{"type":"Feature","properties":{"h3":"8926cbd5427ffff","mii":14,"trt":0.0,"glp1":0.0,"pharmacy":0.0,"gym":0.0,"n":0},"geometry":{"type":"Polygon","coordinates":[[[-97.10786,32.67417],[-97.10646,32.67565],[-97.10731,32.67745],[-97.10956,32.67776],[-97.11095,32.67628],[-97.1101,32.67448],[-97.10786,32.67417]]]}},{"type":"Feature","properties":{"h3":"8926cbd55cbffff","mii":14,"trt":0.0,"glp1":0.0,"pharmacy":0.0,"gym":0.0,"n":0},"geometry":{"type":"Polygon","coordinates":[[[-97.10421,32.67534],[-97.10282,32.67683],[-97.10367,32.67863],[-97.10591,32.67894],[-97.10731,32.67745],[-97.10646,32.67565],[-97.10421,32.67534]]]}},{"type":"Feature","properties":{"h3":"8926cbd55dbffff","mii":14,"trt":0.0,"glp1":0.0,"pharmacy":0.0,"gym":0.0,"n":0},"geometry":{"type":"Polygon","coordinates":[[[-97.10367,32.67863],[-97.10227,32.68011],[-97.10312,32.68191],[-97.10537,32.68223],[-97.10677,32.68074],[-97.10591,32.67894],[-97.10367,32.67863]]]}},{"type":"Feature","properties":{"h3":"8926c86002bffff","mii":14,"trt":0.0,"glp1":0.0,"pharmacy":0.0,"gym":0.0,"n":0},"geometry":{"type":"Polygon","coordinates":[[[-96.99204,32.97547],[-96.99063,32.97695],[-96.99149,32.97875],[-96.99374,32.97906],[-96.99514,32.97758],[-96.99429,32.97578],[-96.99204,32.97547]]]}},{"type":"Feature","properties":{"h3":"8926c860067ffff","mii":14,"trt":0.0,"glp1":0.0,"pharmacy":0.0,"gym":0.0,"n":0},"geometry":{"type":"Polygon","coordinates":[[[-96.99569,32.9743],[-96.99429,32.97578],[-96.99514,32.97758],[-96.99739,32.97789],[-96.99879,32.97641],[-96.99794,32.97462],[-96.99569,32.9743]]]}},{"type":"Feature","properties":{"h3":"8926c86039bffff","mii":14,"trt":0.0,"glp1":0.0,"pharmacy":0.0,"gym":0.0,"n":0},"geometry":{"type":"Polygon","coordinates":[[[-96.99624,32.97102],[-96.99484,32.9725],[-96.99569,32.9743],[-96.99794,32.97462],[-96.99934,32.97313],[-96.99849,32.97134],[-96.99624,32.97102]]]}},{"type":"Feature","properties":{"h3":"8926c860383ffff","mii":14,"trt":0.0,"glp1":0.0,"pharmacy":0.0,"gym":0.0,"n":0},"geometry":{"type":"Polygon","coordinates":[[[-96.99313,32.96891],[-96.99173,32.97039],[-96.99258,32.97219],[-96.99484,32.9725],[-96.99624,32.97102],[-96.99539,32.96922],[-96.99313,32.96891]]]}},{"type":"Feature","properties":{"h3":"8926c860397ffff","mii":14,"trt":0.0,"glp1":0.0,"pharmacy":0.0,"gym":0.0,"n":0},"geometry":{"type":"Polygon","coordinates":[[[-96.98948,32.97007],[-96.98808,32.97156],[-96.98893,32.97335],[-96.99118,32.97367],[-96.99258,32.97219],[-96.99173,32.97039],[-96.98948,32.97007]]]}},{"type":"Feature","properties":{"h3":"8926c86002fffff","mii":14,"trt":0.0,"glp1":0.0,"pharmacy":0.0,"gym":0.0,"n":0},"geometry":{"type":"Polygon","coordinates":[[[-96.98893,32.97335],[-96.98753,32.97484],[-96.98838,32.97663],[-96.99063,32.97695],[-96.99204,32.97547],[-96.99118,32.97367],[-96.98893,32.97335]]]}},{"type":"Feature","properties":{"h3":"8926c86a81bffff","mii":14,"trt":0.0,"glp1":0.0,"pharmacy":0.0,"gym":0.0,"n":0},"geometry":{"type":"Polygon","coordinates":[[[-97.10323,32.93056],[-97.10183,32.93205],[-97.10269,32.93384],[-97.10494,32.93416],[-97.10634,32.93267],[-97.10549,32.93088],[-97.10323,32.93056]]]}},{"type":"Feature","properties":{"h3":"8926c86680bffff","mii":14,"trt":0.0,"glp1":0.0,"pharmacy":0.0,"gym":0.0,"n":0},"geometry":{"type":"Polygon","coordinates":[[[-96.77313,32.88082],[-96.77173,32.8823],[-96.77258,32.88409],[-96.77482,32.88441],[-96.77622,32.88293],[-96.77538,32.88114],[-96.77313,32.88082]]]}},{"type":"Feature","properties":{"h3":"8926c866873ffff","mii":14,"trt":0.0,"glp1":0.0,"pharmacy":0.0,"gym":0.0,"n":0},"geometry":{"type":"Polygon","coordinates":[[[-96.77369,32.87754],[-96.77229,32.87902],[-96.77313,32.88082],[-96.77538,32.88114],[-96.77678,32.87966],[-96.77593,32.87786],[-96.77369,32.87754]]]}},{"type":"Feature","properties":{"h3":"8926c876213ffff","mii":14,"trt":0.0,"glp1":0.0,"pharmacy":0.0,"gym":0.0,"n":0},"geometry":{"type":"Polygon","coordinates":[[[-96.80675,33.09027],[-96.80535,33.09175],[-96.8062,33.09354],[-96.80845,33.09386],[-96.80985,33.09238],[-96.809,33.09059],[-96.80675,33.09027]]]}},{"type":"Feature","properties":{"h3":"8926c87621bffff","mii":14,"trt":0.0,"glp1":0.0,"pharmacy":0.0,"gym":0.0,"n":0},"geometry":{"type":"Polygon","coordinates":[[[-96.81041,33.08911],[-96.809,33.09059],[-96.80985,33.09238],[-96.8121,33.0927],[-96.8135,33.09123],[-96.81266,33.08943],[-96.81041,33.08911]]]}},{"type":"Feature","properties":{"h3":"8926c87620bffff","mii":14,"trt":0.0,"glp1":0.0,"pharmacy":0.0,"gym":0.0,"n":0},"geometry":{"type":"Polygon","coordinates":[[[-96.81096,33.08583],[-96.80956,33.08731],[-96.81041,33.08911],[-96.81266,33.08943],[-96.81406,33.08795],[-96.81321,33.08615],[-96.81096,33.08583]]]}},{"type":"Feature","properties":{"h3":"8926c87620fffff","mii":14,"trt":0.0,"glp1":0.0,"pharmacy":0.0,"gym":0.0,"n":0},"geometry":{"type":"Polygon","coordinates":[[[-96.80786,33.08372],[-96.80646,33.0852],[-96.80731,33.08699],[-96.80956,33.08731],[-96.81096,33.08583],[-96.81011,33.08404],[-96.80786,33.08372]]]}},{"type":"Feature","properties":{"h3":"8926c876207ffff","mii":14,"trt":0.0,"glp1":0.0,"pharmacy":0.0,"gym":0.0,"n":0},"geometry":{"type":"Polygon","coordinates":[[[-96.80421,33.08488],[-96.8028,33.08636],[-96.80365,33.08815],[-96.8059,33.08847],[-96.80731,33.08699],[-96.80646,33.0852],[-96.80421,33.08488]]]}},{"type":"Feature","properties":{"h3":"8926c876217ffff","mii":14,"trt":0.0,"glp1":0.0,"pharmacy":0.0,"gym":0.0,"n":0},"geometry":{"type":"Polygon","coordinates":[[[-96.80365,33.08815],[-96.80225,33.08963],[-96.8031,33.09143],[-96.80535,33.09175],[-96.80675,33.09027],[-96.8059,33.08847],[-96.80365,33.08815]]]}},{"type":"Feature","properties":{"h3":"8926c82b687ffff","mii":14,"trt":0.0,"glp1":0.0,"pharmacy":0.0,"gym":0.0,"n":0},"geometry":{"type":"Polygon","coordinates":[[[-96.71664,33.01037],[-96.71523,33.01185],[-96.71608,33.01365],[-96.71833,33.01397],[-96.71973,33.01249],[-96.71888,33.0107],[-96.71664,33.01037]]]}},{"type":"Feature","properties":{"h3":"8926c82b68fffff","mii":14,"trt":0.0,"glp1":0.0,"pharmacy":0.0,"gym":0.0,"n":0},"geometry":{"type":"Polygon","coordinates":[[[-96.72029,33.00922],[-96.71888,33.0107],[-96.71973,33.01249],[-96.72198,33.01281],[-96.72338,33.01134],[-96.72254,33.00954],[-96.72029,33.00922]]]}},{"type":"Feature","properties":{"h3":"8926c82b617ffff","mii":14,"trt":0.0,"glp1":0.0,"pharmacy":0.0,"gym":0.0,"n":0},"geometry":{"type":"Polygon","coordinates":[[[-96.72084,33.00594],[-96.71944,33.00742],[-96.72029,33.00922],[-96.72254,33.00954],[-96.72394,33.00806],[-96.72309,33.00626],[-96.72084,33.00594]]]}},{"type":"Feature","properties":{"h3":"8926c82b6abffff","mii":14,"trt":0.0,"glp1":0.0,"pharmacy":0.0,"gym":0.0,"n":0},"geometry":{"type":"Polygon","coordinates":[[[-96.71775,33.00382],[-96.71635,33.0053],[-96.71719,33.0071],[-96.71944,33.00742],[-96.72084,33.00594],[-96.72,33.00414],[-96.71775,33.00382]]]}},{"type":"Feature","properties":{"h3":"8926c82b6a3ffff","mii":14,"trt":0.0,"glp1":0.0,"pharmacy":0.0,"gym":0.0,"n":0},"geometry":{"type":"Polygon","coordinates":[[[-96.7141,33.00498],[-96.7127,33.00646],[-96.71354,33.00826],[-96.71579,33.00858],[-96.71719,33.0071],[-96.71635,33.0053],[-96.7141,33.00498]]]}},{"type":"Feature","properties":{"h3":"8926c82b6b3ffff","mii":14,"trt":0.0,"glp1":0.0,"pharmacy":0.0,"gym":0.0,"n":0},"geometry":{"type":"Polygon","coordinates":[[[-96.71354,33.00826],[-96.71214,33.00973],[-96.71299,33.01153],[-96.71523,33.01185],[-96.71664,33.01037],[-96.71579,33.00858],[-96.71354,33.00826]]]}},{"type":"Feature","properties":{"h3":"8926c828123ffff","mii":14,"trt":0.0,"glp1":0.0,"pharmacy":0.0,"gym":0.0,"n":0},"geometry":{"type":"Polygon","coordinates":[[[-96.63622,32.91501],[-96.63482,32.91649],[-96.63566,32.91829],[-96.63791,32.91861],[-96.63931,32.91713],[-96.63847,32.91533],[-96.63622,32.91501]]]}},{"type":"Feature","properties":{"h3":"8926c82812bffff","mii":14,"trt":0.0,"glp1":0.0,"pharmacy":0.0,"gym":0.0,"n":0},"geometry":{"type":"Polygon","coordinates":[[[-96.63987,32.91385],[-96.63847,32.91533],[-96.63931,32.91713],[-96.64156,32.91745],[-96.64296,32.91597],[-96.64211,32.91417],[-96.63987,32.91385]]]}},{"type":"Feature","properties":{"h3":"8926c828e93ffff","mii":14,"trt":0.0,"glp1":0.0,"pharmacy":0.0,"gym":0.0,"n":0},"geometry":{"type":"Polygon","coordinates":[[[-96.64043,32.91058],[-96.63903,32.91205],[-96.63987,32.91385],[-96.64211,32.91417],[-96.64352,32.9127],[-96.64267,32.9109],[-96.64043,32.91058]]]}},{"type":"Feature","properties":{"h3":"8926c828e97ffff","mii":14,"trt":0.0,"glp1":0.0,"pharmacy":0.0,"gym":0.0,"n":0},"geometry":{"type":"Polygon","coordinates":[[[-96.63734,32.90846],[-96.63594,32.90993],[-96.63678,32.91173],[-96.63903,32.91205],[-96.64043,32.91058],[-96.63958,32.90878],[-96.63734,32.90846]]]}},{"type":"Feature","properties":{"h3":"8926c828c5bffff","mii":14,"trt":0.0,"glp1":0.0,"pharmacy":0.0,"gym":0.0,"n":0},"geometry":{"type":"Polygon","coordinates":[[[-96.63369,32.90961],[-96.63229,32.91109],[-96.63313,32.91289],[-96.63538,32.91321],[-96.63678,32.91173],[-96.63594,32.90993],[-96.63369,32.90961]]]}},{"type":"Feature","properties":{"h3":"8926c828127ffff","mii":14,"trt":0.0,"glp1":0.0,"pharmacy":0.0,"gym":0.0,"n":0},"geometry":{"type":"Polygon","coordinates":[[[-96.63313,32.91289],[-96.63173,32.91437],[-96.63258,32.91617],[-96.63482,32.91649],[-96.63622,32.91501],[-96.63538,32.91321],[-96.63313,32.91289]]]}},{"type":"Feature","properties":{"h3":"8926c80ccb3ffff","mii":14,"trt":0.0,"glp1":0.0,"pharmacy":0.0,"gym":0.0,"n":0},"geometry":{"type":"Polygon","coordinates":[[[-96.7335,33.17541],[-96.73209,33.17689],[-96.73294,33.17869],[-96.73519,33.17901],[-96.73659,33.17753],[-96.73575,33.17574],[-96.7335,33.17541]]]}},{"type":"Feature","properties":{"h3":"8926c80ccbbffff","mii":14,"trt":0.0,"glp1":0.0,"pharmacy":0.0,"gym":0.0,"n":0},"geometry":{"type":"Polygon","coordinates":[[[-96.73715,33.17426],[-96.73575,33.17574],[-96.73659,33.17753],[-96.73885,33.17785],[-96.74025,33.17638],[-96.7394,33.17458],[-96.73715,33.17426]]]}},{"type":"Feature","properties":{"h3":"8926c80ccabffff","mii":14,"trt":0.0,"glp1":0.0,"pharmacy":0.0,"gym":0.0,"n":0},"geometry":{"type":"Polygon","coordinates":[[[-96.73771,33.17099],[-96.7363,33.17246],[-96.73715,33.17426],[-96.7394,33.17458],[-96.74081,33.1731],[-96.73996,33.17131],[-96.73771,33.17099]]]}},{"type":"Feature","properties":{"h3":"8926c80ccb7ffff","mii":14,"trt":0.0,"glp1":0.0,"pharmacy":0.0,"gym":0.0,"n":0},"geometry":{"type":"Polygon","coordinates":[[[-96.7304,33.1733],[-96.72899,33.17477],[-96.72984,33.17657],[-96.73209,33.17689],[-96.7335,33.17541],[-96.73265,33.17362],[-96.7304,33.1733]]]}},{"type":"Feature","properties":{"h3":"8926c83b38fffff","mii":14,"trt":0.0,"glp1":0.0,"pharmacy":0.0,"gym":0.0,"n":0},"geometry":{"type":"Polygon","coordinates":[[[-96.67521,33.1319],[-96.6738,33.13337],[-96.67465,33.13517],[-96.6769,33.13549],[-96.6783,33.13402],[-96.67746,33.13222],[-96.67521,33.1319]]]}},{"type":"Feature","properties":{"h3":"8926c83b313ffff","mii":14,"trt":0.0,"glp1":0.0,"pharmacy":0.0,"gym":0.0,"n":0},"geometry":{"type":"Polygon","coordinates":[[[-96.67886,33.13074],[-96.67746,33.13222],[-96.6783,33.13402],[-96.68055,33.13434],[-96.68196,33.13286],[-96.68111,33.13107],[-96.67886,33.13074]]]}},{"type":"Feature","properties":{"h3":"8926c83b303ffff","mii":14,"trt":0.0,"glp1":0.0,"pharmacy":0.0,"gym":0.0,"n":0},"geometry":{"type":"Polygon","coordinates":[[[-96.67942,33.12747],[-96.67801,33.12895],[-96.67886,33.13074],[-96.68111,33.13107],[-96.68251,33.12959],[-96.68167,33.12779],[-96.67942,33.12747]]]}},{"type":"Feature","properties":{"h3":"8926c83b307ffff","mii":14,"trt":0.0,"glp1":0.0,"pharmacy":0.0,"gym":0.0,"n":0},"geometry":{"type":"Polygon","coordinates":[[[-96.67632,33.12535],[-96.67492,33.12683],[-96.67576,33.12862],[-96.67801,33.12895],[-96.67942,33.12747],[-96.67857,33.12567],[-96.67632,33.12535]]]}},{"type":"Feature","properties":{"h3":"8926c83b3abffff","mii":14,"trt":0.0,"glp1":0.0,"pharmacy":0.0,"gym":0.0,"n":0},"geometry":{"type":"Polygon","coordinates":[[[-96.67267,33.12651],[-96.67126,33.12798],[-96.67211,33.12978],[-96.67436,33.1301],[-96.67576,33.12862],[-96.67492,33.12683],[-96.67267,33.12651]]]}},{"type":"Feature","properties":{"h3":"8926c83b3bbffff","mii":14,"trt":0.0,"glp1":0.0,"pharmacy":0.0,"gym":0.0,"n":0},"geometry":{"type":"Polygon","coordinates":[[[-96.67211,33.12978],[-96.67071,33.13125],[-96.67155,33.13305],[-96.6738,33.13337],[-96.67521,33.1319],[-96.67436,33.1301],[-96.67211,33.12978]]]}},{"type":"Feature","properties":{"h3":"8926c820b67ffff","mii":14,"trt":0.0,"glp1":0.0,"pharmacy":0.0,"gym":0.0,"n":0},"geometry":{"type":"Polygon","coordinates":[[[-96.45113,32.90851],[-96.44973,32.90998],[-96.45057,32.91178],[-96.45281,32.91211],[-96.45421,32.91063],[-96.45337,32.90883],[-96.45113,32.90851]]]}},{"type":"Feature","properties":{"h3":"8926c820b6fffff","mii":14,"trt":0.0,"glp1":0.0,"pharmacy":0.0,"gym":0.0,"n":0},"geometry":{"type":"Polygon","coordinates":[[[-96.45478,32.90736],[-96.45337,32.90883],[-96.45421,32.91063],[-96.45646,32.91096],[-96.45786,32.90948],[-96.45702,32.90768],[-96.45478,32.90736]]]}},{"type":"Feature","properties":{"h3":"8926c82e5d7ffff","mii":14,"trt":0.0,"glp1":0.0,"pharmacy":0.0,"gym":0.0,"n":0},"geometry":{"type":"Polygon","coordinates":[[[-96.45534,32.90408],[-96.45394,32.90556],[-96.45478,32.90736],[-96.45702,32.90768],[-96.45842,32.90621],[-96.45758,32.90441],[-96.45534,32.90408]]]}},{"type":"Feature","properties":{"h3":"8926c82e58bffff","mii":14,"trt":0.0,"glp1":0.0,"pharmacy":0.0,"gym":0.0,"n":0},"geometry":{"type":"Polygon","coordinates":[[[-96.45226,32.90196],[-96.45086,32.90344],[-96.4517,32.90523],[-96.45394,32.90556],[-96.45534,32.90408],[-96.4545,32.90229],[-96.45226,32.90196]]]}},{"type":"Feature","properties":{"h3":"8926c82e583ffff","mii":14,"trt":0.0,"glp1":0.0,"pharmacy":0.0,"gym":0.0,"n":0},"geometry":{"type":"Polygon","coordinates":[[[-96.44861,32.90311],[-96.44721,32.90459],[-96.44805,32.90638],[-96.45029,32.90671],[-96.4517,32.90523],[-96.45086,32.90344],[-96.44861,32.90311]]]}},{"type":"Feature","properties":{"h3":"8926c82e593ffff","mii":14,"trt":0.0,"glp1":0.0,"pharmacy":0.0,"gym":0.0,"n":0},"geometry":{"type":"Polygon","coordinates":[[[-96.44805,32.90638],[-96.44665,32.90786],[-96.44749,32.90966],[-96.44973,32.90998],[-96.45113,32.90851],[-96.45029,32.90671],[-96.44805,32.90638]]]}},{"type":"Feature","properties":{"h3":"8926c868937ffff","mii":14,"trt":0.0,"glp1":0.0,"pharmacy":0.0,"gym":0.0,"n":0},"geometry":{"type":"Polygon","coordinates":[[[-97.10229,32.85318],[-97.10089,32.85467],[-97.10174,32.85647],[-97.10399,32.85678],[-97.10539,32.8553],[-97.10454,32.8535],[-97.10229,32.85318]]]}},{"type":"Feature","properties":{"h3":"8926c868923ffff","mii":14,"trt":0.0,"glp1":0.0,"pharmacy":0.0,"gym":0.0,"n":0},"geometry":{"type":"Polygon","coordinates":[[[-97.10594,32.85201],[-97.10454,32.8535],[-97.10539,32.8553],[-97.10764,32.85561],[-97.10904,32.85412],[-97.10819,32.85233],[-97.10594,32.85201]]]}},{"type":"Feature","properties":{"h3":"8926c86892fffff","mii":14,"trt":0.0,"glp1":0.0,"pharmacy":0.0,"gym":0.0,"n":0},"geometry":{"type":"Polygon","coordinates":[[[-97.10648,32.84873],[-97.10508,32.85021],[-97.10594,32.85201],[-97.10819,32.85233],[-97.10958,32.85084],[-97.10873,32.84904],[-97.10648,32.84873]]]}},{"type":"Feature","properties":{"h3":"8926c86d45bffff","mii":14,"trt":0.0,"glp1":0.0,"pharmacy":0.0,"gym":0.0,"n":0},"geometry":{"type":"Polygon","coordinates":[[[-97.10338,32.84662],[-97.10198,32.8481],[-97.10283,32.8499],[-97.10508,32.85021],[-97.10648,32.84873],[-97.10563,32.84693],[-97.10338,32.84662]]]}},{"type":"Feature","properties":{"h3":"8926c86d453ffff","mii":14,"trt":0.0,"glp1":0.0,"pharmacy":0.0,"gym":0.0,"n":0},"geometry":{"type":"Polygon","coordinates":[[[-97.09973,32.84779],[-97.09833,32.84928],[-97.09918,32.85107],[-97.10143,32.85139],[-97.10283,32.8499],[-97.10198,32.8481],[-97.09973,32.84779]]]}},{"type":"Feature","properties":{"h3":"8926c86d4cbffff","mii":14,"trt":0.0,"glp1":0.0,"pharmacy":0.0,"gym":0.0,"n":0},"geometry":{"type":"Polygon","coordinates":[[[-97.09918,32.85107],[-97.09778,32.85256],[-97.09864,32.85436],[-97.10089,32.85467],[-97.10229,32.85318],[-97.10143,32.85139],[-97.09918,32.85107]]]}},{"type":"Feature","properties":{"h3":"8926c875277ffff","mii":14,"trt":0.0,"glp1":0.0,"pharmacy":0.0,"gym":0.0,"n":0},"geometry":{"type":"Polygon","coordinates":[[[-96.91458,33.02499],[-96.91318,33.02647],[-96.91403,33.02827],[-96.91628,33.02859],[-96.91768,33.02711],[-96.91683,33.02531],[-96.91458,33.02499]]]}},{"type":"Feature","properties":{"h3":"8926c875263ffff","mii":14,"trt":0.0,"glp1":0.0,"pharmacy":0.0,"gym":0.0,"n":0},"geometry":{"type":"Polygon","coordinates":[[[-96.91823,33.02383],[-96.91683,33.02531],[-96.91768,33.02711],[-96.91993,33.02743],[-96.92134,33.02595],[-96.92049,33.02415],[-96.91823,33.02383]]]}},{"type":"Feature","properties":{"h3":"8926c87526fffff","mii":14,"trt":0.0,"glp1":0.0,"pharmacy":0.0,"gym":0.0,"n":0},"geometry":{"type":"Polygon","coordinates":[[[-96.91879,33.02055],[-96.91738,33.02203],[-96.91823,33.02383],[-96.92049,33.02415],[-96.92189,33.02267],[-96.92104,33.02087],[-96.91879,33.02055]]]}},{"type":"Feature","properties":{"h3":"8926c862c9bffff","mii":14,"trt":0.0,"glp1":0.0,"pharmacy":0.0,"gym":0.0,"n":0},"geometry":{"type":"Polygon","coordinates":[[[-96.91568,33.01844],[-96.91428,33.01992],[-96.91513,33.02172],[-96.91738,33.02203],[-96.91879,33.02055],[-96.91794,33.01876],[-96.91568,33.01844]]]}},{"type":"Feature","properties":{"h3":"8926c862c93ffff","mii":14,"trt":0.0,"glp1":0.0,"pharmacy":0.0,"gym":0.0,"n":0},"geometry":{"type":"Polygon","coordinates":[[[-96.91203,33.0196],[-96.91063,33.02108],[-96.91148,33.02288],[-96.91373,33.0232],[-96.91513,33.02172],[-96.91428,33.01992],[-96.91203,33.0196]]]}},{"type":"Feature","properties":{"h3":"8926c87522bffff","mii":14,"trt":0.0,"glp1":0.0,"pharmacy":0.0,"gym":0.0,"n":0},"geometry":{"type":"Polygon","coordinates":[[[-96.91148,33.02288],[-96.91008,33.02436],[-96.91093,33.02616],[-96.91318,33.02647],[-96.91458,33.02499],[-96.91373,33.0232],[-96.91148,33.02288]]]}},{"type":"Feature","properties":{"h3":"8926c86a2d7ffff","mii":14,"trt":0.0,"glp1":0.0,"pharmacy":0.0,"gym":0.0,"n":0},"geometry":{"type":"Polygon","coordinates":[[[-97.16739,32.98144],[-97.16599,32.98293],[-97.16685,32.98473],[-97.1691,32.98504],[-97.1705,32.98355],[-97.16964,32.98176],[-97.16739,32.98144]]]}},{"type":"Feature","properties":{"h3":"8926c86a2c3ffff","mii":14,"trt":0.0,"glp1":0.0,"pharmacy":0.0,"gym":0.0,"n":0},"geometry":{"type":"Polygon","coordinates":[[[-97.17104,32.98027],[-97.16964,32.98176],[-97.1705,32.98355],[-97.17275,32.98387],[-97.17415,32.98238],[-97.1733,32.98058],[-97.17104,32.98027]]]}},{"type":"Feature","properties":{"h3":"8926c86a2cfffff","mii":14,"trt":0.0,"glp1":0.0,"pharmacy":0.0,"gym":0.0,"n":0},"geometry":{"type":"Polygon","coordinates":[[[-97.17159,32.97699],[-97.17019,32.97847],[-97.17104,32.98027],[-97.1733,32.98058],[-97.1747,32.9791],[-97.17384,32.9773],[-97.17159,32.97699]]]}},{"type":"Feature","properties":{"h3":"8926c86a21bffff","mii":14,"trt":0.0,"glp1":0.0,"pharmacy":0.0,"gym":0.0,"n":0},"geometry":{"type":"Polygon","coordinates":[[[-97.16848,32.97488],[-97.16708,32.97636],[-97.16794,32.97816],[-97.17019,32.97847],[-97.17159,32.97699],[-97.17073,32.97519],[-97.16848,32.97488]]]}},{"type":"Feature","properties":{"h3":"8926c86a213ffff","mii":14,"trt":0.0,"glp1":0.0,"pharmacy":0.0,"gym":0.0,"n":0},"geometry":{"type":"Polygon","coordinates":[[[-97.16483,32.97605],[-97.16343,32.97754],[-97.16428,32.97933],[-97.16654,32.97965],[-97.16794,32.97816],[-97.16708,32.97636],[-97.16483,32.97605]]]}},{"type":"Feature","properties":{"h3":"8926c86a28bffff","mii":14,"trt":0.0,"glp1":0.0,"pharmacy":0.0,"gym":0.0,"n":0},"geometry":{"type":"Polygon","coordinates":[[[-97.16428,32.97933],[-97.16288,32.98082],[-97.16374,32.98262],[-97.16599,32.98293],[-97.16739,32.98144],[-97.16654,32.97965],[-97.16428,32.97933]]]}},{"type":"Feature","properties":{"h3":"8926cb9168bffff","mii":14,"trt":0.0,"glp1":0.0,"pharmacy":0.0,"gym":0.0,"n":0},"geometry":{"type":"Polygon","coordinates":[[[-96.7839,32.79672],[-96.7825,32.7982],[-96.78334,32.8],[-96.78559,32.80032],[-96.78699,32.79884],[-96.78614,32.79704],[-96.7839,32.79672]]]}},{"type":"Feature","properties":{"h3":"8926cb9168fffff","mii":14,"trt":0.0,"glp1":0.0,"pharmacy":0.0,"gym":0.0,"n":0},"geometry":{"type":"Polygon","coordinates":[[[-96.78081,32.7946],[-96.77941,32.79608],[-96.78025,32.79788],[-96.7825,32.7982],[-96.7839,32.79672],[-96.78305,32.79492],[-96.78081,32.7946]]]}},{"type":"Feature","properties":{"h3":"8926cb91687ffff","mii":14,"trt":0.0,"glp1":0.0,"pharmacy":0.0,"gym":0.0,"n":0},"geometry":{"type":"Polygon","coordinates":[[[-96.77716,32.79576],[-96.77576,32.79725],[-96.77661,32.79904],[-96.77885,32.79936],[-96.78025,32.79788],[-96.77941,32.79608],[-96.77716,32.79576]]]}},{"type":"Feature","properties":{"h3":"8926cb91697ffff","mii":14,"trt":0.0,"glp1":0.0,"pharmacy":0.0,"gym":0.0,"n":0},"geometry":{"type":"Polygon","coordinates":[[[-96.77661,32.79904],[-96.77521,32.80053],[-96.77606,32.80232],[-96.7783,32.80264],[-96.7797,32.80116],[-96.77885,32.79936],[-96.77661,32.79904]]]}},{"type":"Feature","properties":{"h3":"8926c874e0fffff","mii":14,"trt":0.0,"glp1":0.0,"pharmacy":0.0,"gym":0.0,"n":0},"geometry":{"type":"Polygon","coordinates":[[[-96.79783,33.00011],[-96.79642,33.00159],[-96.79727,33.00338],[-96.79952,33.0037],[-96.80092,33.00222],[-96.80008,33.00043],[-96.79783,33.00011]]]}},{"type":"Feature","properties":{"h3":"8926c874ba7ffff","mii":14,"trt":0.0,"glp1":0.0,"pharmacy":0.0,"gym":0.0,"n":0},"geometry":{"type":"Polygon","coordinates":[[[-96.766,32.96371],[-96.7646,32.96519],[-96.76544,32.96699],[-96.76769,32.96731],[-96.76909,32.96583],[-96.76825,32.96403],[-96.766,32.96371]]]}},{"type":"Feature","properties":{"h3":"8926c874bafffff","mii":14,"trt":0.0,"glp1":0.0,"pharmacy":0.0,"gym":0.0,"n":0},"geometry":{"type":"Polygon","coordinates":[[[-96.76965,32.96255],[-96.76825,32.96403],[-96.76909,32.96583],[-96.77134,32.96615],[-96.77274,32.96467],[-96.7719,32.96287],[-96.76965,32.96255]]]}},{"type":"Feature","properties":{"h3":"8926c874b37ffff","mii":14,"trt":0.0,"glp1":0.0,"pharmacy":0.0,"gym":0.0,"n":0},"geometry":{"type":"Polygon","coordinates":[[[-96.7702,32.95928],[-96.7688,32.96076],[-96.76965,32.96255],[-96.7719,32.96287],[-96.7733,32.96139],[-96.77245,32.9596],[-96.7702,32.95928]]]}},{"type":"Feature","properties":{"h3":"8926c8296cbffff","mii":14,"trt":0.0,"glp1":0.0,"pharmacy":0.0,"gym":0.0,"n":0},"geometry":{"type":"Polygon","coordinates":[[[-96.76711,32.95716],[-96.76571,32.95864],[-96.76655,32.96044],[-96.7688,32.96076],[-96.7702,32.95928],[-96.76936,32.95748],[-96.76711,32.95716]]]}},{"type":"Feature","properties":{"h3":"8926c8296c3ffff","mii":14,"trt":0.0,"glp1":0.0,"pharmacy":0.0,"gym":0.0,"n":0},"geometry":{"type":"Polygon","coordinates":[[[-96.76346,32.95832],[-96.76206,32.9598],[-96.7629,32.9616],[-96.76515,32.96192],[-96.76655,32.96044],[-96.76571,32.95864],[-96.76346,32.95832]]]}},{"type":"Feature","properties":{"h3":"8926c8296d3ffff","mii":14,"trt":0.0,"glp1":0.0,"pharmacy":0.0,"gym":0.0,"n":0},"geometry":{"type":"Polygon","coordinates":[[[-96.7629,32.9616],[-96.7615,32.96308],[-96.76235,32.96487],[-96.7646,32.96519],[-96.766,32.96371],[-96.76515,32.96192],[-96.7629,32.9616]]]}},{"type":"Feature","properties":{"h3":"8926c80cd07ffff","mii":14,"trt":0.0,"glp1":0.0,"pharmacy":0.0,"gym":0.0,"n":0},"geometry":{"type":"Polygon","coordinates":[[[-96.71968,33.15501],[-96.71827,33.15648],[-96.71912,33.15828],[-96.72137,33.1586],[-96.72277,33.15713],[-96.72193,33.15533],[-96.71968,33.15501]]]}},{"type":"Feature","properties":{"h3":"8926c80cd0fffff","mii":14,"trt":0.0,"glp1":0.0,"pharmacy":0.0,"gym":0.0,"n":0},"geometry":{"type":"Polygon","coordinates":[[[-96.72333,33.15385],[-96.72193,33.15533],[-96.72277,33.15713],[-96.72502,33.15745],[-96.72643,33.15597],[-96.72558,33.15417],[-96.72333,33.15385]]]}},{"type":"Feature","properties":{"h3":"8926c80cd77ffff","mii":14,"trt":0.0,"glp1":0.0,"pharmacy":0.0,"gym":0.0,"n":0},"geometry":{"type":"Polygon","coordinates":[[[-96.72389,33.15058],[-96.72248,33.15206],[-96.72333,33.15385],[-96.72558,33.15417],[-96.72699,33.1527],[-96.72614,33.1509],[-96.72389,33.15058]]]}},{"type":"Feature","properties":{"h3":"8926c80cd2bffff","mii":14,"trt":0.0,"glp1":0.0,"pharmacy":0.0,"gym":0.0,"n":0},"geometry":{"type":"Polygon","coordinates":[[[-96.72079,33.14846],[-96.71939,33.14994],[-96.72023,33.15174],[-96.72248,33.15206],[-96.72389,33.15058],[-96.72304,33.14878],[-96.72079,33.14846]]]}},{"type":"Feature","properties":{"h3":"8926c80cd23ffff","mii":14,"trt":0.0,"glp1":0.0,"pharmacy":0.0,"gym":0.0,"n":0},"geometry":{"type":"Polygon","coordinates":[[[-96.71713,33.14962],[-96.71573,33.15109],[-96.71658,33.15289],[-96.71883,33.15321],[-96.72023,33.15174],[-96.71939,33.14994],[-96.71713,33.14962]]]}},{"type":"Feature","properties":{"h3":"8926c80cd33ffff","mii":14,"trt":0.0,"glp1":0.0,"pharmacy":0.0,"gym":0.0,"n":0},"geometry":{"type":"Polygon","coordinates":[[[-96.71658,33.15289],[-96.71517,33.15437],[-96.71602,33.15616],[-96.71827,33.15648],[-96.71968,33.15501],[-96.71883,33.15321],[-96.71658,33.15289]]]}},{"type":"Feature","properties":{"h3":"8926c80d8c7ffff","mii":14,"trt":0.0,"glp1":0.0,"pharmacy":0.0,"gym":0.0,"n":0},"geometry":{"type":"Polygon","coordinates":[[[-96.82379,33.15304],[-96.82238,33.15452],[-96.82323,33.15632],[-96.82548,33.15664],[-96.82689,33.15516],[-96.82604,33.15336],[-96.82379,33.15304]]]}},{"type":"Feature","properties":{"h3":"8926c80d8cfffff","mii":14,"trt":0.0,"glp1":0.0,"pharmacy":0.0,"gym":0.0,"n":0},"geometry":{"type":"Polygon","coordinates":[[[-96.82744,33.15188],[-96.82604,33.15336],[-96.82689,33.15516],[-96.82914,33.15548],[-96.83054,33.154],[-96.8297,33.1522],[-96.82744,33.15188]]]}},{"type":"Feature","properties":{"h3":"8926c80d857ffff","mii":14,"trt":0.0,"glp1":0.0,"pharmacy":0.0,"gym":0.0,"n":0},"geometry":{"type":"Polygon","coordinates":[[[-96.828,33.14861],[-96.82659,33.15009],[-96.82744,33.15188],[-96.8297,33.1522],[-96.8311,33.15073],[-96.83025,33.14893],[-96.828,33.14861]]]}},{"type":"Feature","properties":{"h3":"8926c94b647ffff","mii":14,"trt":0.0,"glp1":0.0,"pharmacy":0.0,"gym":0.0,"n":0},"geometry":{"type":"Polygon","coordinates":[[[-96.45694,32.63405],[-96.45554,32.63553],[-96.45638,32.63733],[-96.45862,32.63765],[-96.46002,32.63617],[-96.45918,32.63437],[-96.45694,32.63405]]]}},{"type":"Feature","properties":{"h3":"8926c94b64fffff","mii":14,"trt":0.0,"glp1":0.0,"pharmacy":0.0,"gym":0.0,"n":0},"geometry":{"type":"Polygon","coordinates":[[[-96.46058,32.6329],[-96.45918,32.63437],[-96.46002,32.63617],[-96.46225,32.6365],[-96.46365,32.63502],[-96.46282,32.63322],[-96.46058,32.6329]]]}},{"type":"Feature","properties":{"h3":"8926cb94db7ffff","mii":14,"trt":0.0,"glp1":0.0,"pharmacy":0.0,"gym":0.0,"n":0},"geometry":{"type":"Polygon","coordinates":[[[-96.46114,32.62962],[-96.45974,32.6311],[-96.46058,32.6329],[-96.46282,32.63322],[-96.46421,32.63174],[-96.46338,32.62994],[-96.46114,32.62962]]]}},{"type":"Feature","properties":{"h3":"8926c94b66bffff","mii":14,"trt":0.0,"glp1":0.0,"pharmacy":0.0,"gym":0.0,"n":0},"geometry":{"type":"Polygon","coordinates":[[[-96.45807,32.62749],[-96.45667,32.62897],[-96.4575,32.63077],[-96.45974,32.6311],[-96.46114,32.62962],[-96.4603,32.62782],[-96.45807,32.62749]]]}},{"type":"Feature","properties":{"h3":"8926c94b663ffff","mii":14,"trt":0.0,"glp1":0.0,"pharmacy":0.0,"gym":0.0,"n":0},"geometry":{"type":"Polygon","coordinates":[[[-96.45443,32.62865],[-96.45303,32.63013],[-96.45387,32.63193],[-96.4561,32.63225],[-96.4575,32.63077],[-96.45667,32.62897],[-96.45443,32.62865]]]}},{"type":"Feature","properties":{"h3":"8926c94b673ffff","mii":14,"trt":0.0,"glp1":0.0,"pharmacy":0.0,"gym":0.0,"n":0},"geometry":{"type":"Polygon","coordinates":[[[-96.45387,32.63193],[-96.45247,32.63341],[-96.45331,32.63521],[-96.45554,32.63553],[-96.45694,32.63405],[-96.4561,32.63225],[-96.45387,32.63193]]]}},{"type":"Feature","properties":{"h3":"8926c959237ffff","mii":14,"trt":0.0,"glp1":0.0,"pharmacy":0.0,"gym":0.0,"n":0},"geometry":{"type":"Polygon","coordinates":[[[-96.45017,32.71368],[-96.44877,32.71516],[-96.44961,32.71696],[-96.45184,32.71729],[-96.45324,32.71581],[-96.45241,32.71401],[-96.45017,32.71368]]]}},{"type":"Feature","properties":{"h3":"8926c959223ffff","mii":14,"trt":0.0,"glp1":0.0,"pharmacy":0.0,"gym":0.0,"n":0},"geometry":{"type":"Polygon","coordinates":[[[-96.45381,32.71253],[-96.45241,32.71401],[-96.45324,32.71581],[-96.45548,32.71613],[-96.45688,32.71465],[-96.45604,32.71285],[-96.45381,32.71253]]]}},{"type":"Feature","properties":{"h3":"8926c95922fffff","mii":14,"trt":0.0,"glp1":0.0,"pharmacy":0.0,"gym":0.0,"n":0},"geometry":{"type":"Polygon","coordinates":[[[-96.45437,32.70925],[-96.45297,32.71073],[-96.45381,32.71253],[-96.45604,32.71285],[-96.45744,32.71138],[-96.45661,32.70958],[-96.45437,32.70925]]]}},{"type":"Feature","properties":{"h3":"8926c95935bffff","mii":14,"trt":0.0,"glp1":0.0,"pharmacy":0.0,"gym":0.0,"n":0},"geometry":{"type":"Polygon","coordinates":[[[-96.45129,32.70713],[-96.44989,32.70861],[-96.45073,32.71041],[-96.45297,32.71073],[-96.45437,32.70925],[-96.45353,32.70745],[-96.45129,32.70713]]]}},{"type":"Feature","properties":{"h3":"8926c959353ffff","mii":14,"trt":0.0,"glp1":0.0,"pharmacy":0.0,"gym":0.0,"n":0},"geometry":{"type":"Polygon","coordinates":[[[-96.44765,32.70828],[-96.44625,32.70976],[-96.44709,32.71156],[-96.44933,32.71188],[-96.45073,32.71041],[-96.44989,32.70861],[-96.44765,32.70828]]]}},{"type":"Feature","properties":{"h3":"8926c9593cbffff","mii":14,"trt":0.0,"glp1":0.0,"pharmacy":0.0,"gym":0.0,"n":0},"geometry":{"type":"Polygon","coordinates":[[[-96.44709,32.71156],[-96.44569,32.71304],[-96.44653,32.71484],[-96.44877,32.71516],[-96.45017,32.71368],[-96.44933,32.71188],[-96.44709,32.71156]]]}},{"type":"Feature","properties":{"h3":"8926c874a93ffff","mii":14,"trt":0.0,"glp1":0.0,"pharmacy":0.0,"gym":0.0,"n":0},"geometry":{"type":"Polygon","coordinates":[[[-96.79584,32.99144],[-96.79444,32.99292],[-96.79528,32.99471],[-96.79753,32.99503],[-96.79894,32.99355],[-96.79809,32.99176],[-96.79584,32.99144]]]}},{"type":"Feature","properties":{"h3":"8926c874a87ffff","mii":14,"trt":0.0,"glp1":0.0,"pharmacy":0.0,"gym":0.0,"n":0},"geometry":{"type":"Polygon","coordinates":[[[-96.7933,32.98604],[-96.7919,32.98752],[-96.79274,32.98932],[-96.79499,32.98964],[-96.79639,32.98816],[-96.79555,32.98636],[-96.7933,32.98604]]]}},{"type":"Feature","properties":{"h3":"8926c87484bffff","mii":14,"trt":0.0,"glp1":0.0,"pharmacy":0.0,"gym":0.0,"n":0},"geometry":{"type":"Polygon","coordinates":[[[-96.78965,32.9872],[-96.78825,32.98868],[-96.78909,32.99048],[-96.79134,32.9908],[-96.79274,32.98932],[-96.7919,32.98752],[-96.78965,32.9872]]]}},{"type":"Feature","properties":{"h3":"8926c87485bffff","mii":14,"trt":0.0,"glp1":0.0,"pharmacy":0.0,"gym":0.0,"n":0},"geometry":{"type":"Polygon","coordinates":[[[-96.78909,32.99048],[-96.78769,32.99196],[-96.78854,32.99376],[-96.79079,32.99408],[-96.79219,32.9926],[-96.79134,32.9908],[-96.78909,32.99048]]]}},{"type":"Feature","properties":{"h3":"8926c8295cfffff","mii":14,"trt":0.0,"glp1":0.0,"pharmacy":0.0,"gym":0.0,"n":0},"geometry":{"type":"Polygon","coordinates":[[[-96.71682,32.94833],[-96.71542,32.94981],[-96.71626,32.95161],[-96.71851,32.95193],[-96.71991,32.95045],[-96.71907,32.94865],[-96.71682,32.94833]]]}},{"type":"Feature","properties":{"h3":"8926c829553ffff","mii":14,"trt":0.0,"glp1":0.0,"pharmacy":0.0,"gym":0.0,"n":0},"geometry":{"type":"Polygon","coordinates":[[[-96.72047,32.94717],[-96.71907,32.94865],[-96.71991,32.95045],[-96.72216,32.95077],[-96.72356,32.94929],[-96.72272,32.94749],[-96.72047,32.94717]]]}},{"type":"Feature","properties":{"h3":"8926c829543ffff","mii":14,"trt":0.0,"glp1":0.0,"pharmacy":0.0,"gym":0.0,"n":0},"geometry":{"type":"Polygon","coordinates":[[[-96.72103,32.94389],[-96.71962,32.94537],[-96.72047,32.94717],[-96.72272,32.94749],[-96.72412,32.94601],[-96.72327,32.94421],[-96.72103,32.94389]]]}},{"type":"Feature","properties":{"h3":"8926c829547ffff","mii":14,"trt":0.0,"glp1":0.0,"pharmacy":0.0,"gym":0.0,"n":0},"geometry":{"type":"Polygon","coordinates":[[[-96.71793,32.94178],[-96.71653,32.94325],[-96.71738,32.94505],[-96.71962,32.94537],[-96.72103,32.94389],[-96.72018,32.9421],[-96.71793,32.94178]]]}},{"type":"Feature","properties":{"h3":"8926c82950bffff","mii":14,"trt":0.0,"glp1":0.0,"pharmacy":0.0,"gym":0.0,"n":0},"geometry":{"type":"Polygon","coordinates":[[[-96.71429,32.94293],[-96.71288,32.94441],[-96.71373,32.94621],[-96.71598,32.94653],[-96.71738,32.94505],[-96.71653,32.94325],[-96.71429,32.94293]]]}},{"type":"Feature","properties":{"h3":"8926c82951bffff","mii":14,"trt":0.0,"glp1":0.0,"pharmacy":0.0,"gym":0.0,"n":0},"geometry":{"type":"Polygon","coordinates":[[[-96.71373,32.94621],[-96.71233,32.94769],[-96.71317,32.94949],[-96.71542,32.94981],[-96.71682,32.94833],[-96.71598,32.94653],[-96.71373,32.94621]]]}},{"type":"Feature","properties":{"h3":"8926cbd8173ffff","mii":14,"trt":0.0,"glp1":0.0,"pharmacy":0.0,"gym":0.0,"n":0},"geometry":{"type":"Polygon","coordinates":[[[-97.36077,32.68885],[-97.35938,32.69035],[-97.36023,32.69214],[-97.36248,32.69245],[-97.36388,32.69096],[-97.36302,32.68916],[-97.36077,32.68885]]]}},{"type":"Feature","properties":{"h3":"8926cbd817bffff","mii":14,"trt":0.0,"glp1":0.0,"pharmacy":0.0,"gym":0.0,"n":0},"geometry":{"type":"Polygon","coordinates":[[[-97.36442,32.68767],[-97.36302,32.68916],[-97.36388,32.69096],[-97.36613,32.69127],[-97.36752,32.68978],[-97.36667,32.68798],[-97.36442,32.68767]]]}},{"type":"Feature","properties":{"h3":"8926cbd816bffff","mii":14,"trt":0.0,"glp1":0.0,"pharmacy":0.0,"gym":0.0,"n":0},"geometry":{"type":"Polygon","coordinates":[[[-97.36495,32.68438],[-97.36356,32.68587],[-97.36442,32.68767],[-97.36667,32.68798],[-97.36806,32.68649],[-97.36721,32.68469],[-97.36495,32.68438]]]}},{"type":"Feature","properties":{"h3":"8926cbd816fffff","mii":14,"trt":0.0,"glp1":0.0,"pharmacy":0.0,"gym":0.0,"n":0},"geometry":{"type":"Polygon","coordinates":[[[-97.36185,32.68228],[-97.36045,32.68377],[-97.36131,32.68557],[-97.36356,32.68587],[-97.36495,32.68438],[-97.3641,32.68258],[-97.36185,32.68228]]]}},{"type":"Feature","properties":{"h3":"8926cbd8167ffff","mii":14,"trt":0.0,"glp1":0.0,"pharmacy":0.0,"gym":0.0,"n":0},"geometry":{"type":"Polygon","coordinates":[[[-97.3582,32.68346],[-97.35681,32.68495],[-97.35766,32.68675],[-97.35991,32.68706],[-97.36131,32.68557],[-97.36045,32.68377],[-97.3582,32.68346]]]}},{"type":"Feature","properties":{"h3":"8926cbd8177ffff","mii":14,"trt":0.0,"glp1":0.0,"pharmacy":0.0,"gym":0.0,"n":0},"geometry":{"type":"Polygon","coordinates":[[[-97.35766,32.68675],[-97.35627,32.68824],[-97.35712,32.69004],[-97.35938,32.69035],[-97.36077,32.68885],[-97.35991,32.68706],[-97.35766,32.68675]]]}},{"type":"Feature","properties":{"h3":"8926c82168fffff","mii":14,"trt":0.0,"glp1":0.0,"pharmacy":0.0,"gym":0.0,"n":0},"geometry":{"type":"Polygon","coordinates":[[[-96.57481,33.01188],[-96.57341,33.01336],[-96.57425,33.01516],[-96.5765,33.01548],[-96.5779,33.014],[-96.57706,33.01221],[-96.57481,33.01188]]]}},{"type":"Feature","properties":{"h3":"8926c821613ffff","mii":14,"trt":0.0,"glp1":0.0,"pharmacy":0.0,"gym":0.0,"n":0},"geometry":{"type":"Polygon","coordinates":[[[-96.57846,33.01073],[-96.57706,33.01221],[-96.5779,33.014],[-96.58015,33.01433],[-96.58155,33.01285],[-96.58071,33.01105],[-96.57846,33.01073]]]}},{"type":"Feature","properties":{"h3":"8926c821603ffff","mii":14,"trt":0.0,"glp1":0.0,"pharmacy":0.0,"gym":0.0,"n":0},"geometry":{"type":"Polygon","coordinates":[[[-96.57902,33.00746],[-96.57762,33.00893],[-96.57846,33.01073],[-96.58071,33.01105],[-96.58211,33.00958],[-96.58127,33.00778],[-96.57902,33.00746]]]}},{"type":"Feature","properties":{"h3":"8926c821607ffff","mii":14,"trt":0.0,"glp1":0.0,"pharmacy":0.0,"gym":0.0,"n":0},"geometry":{"type":"Polygon","coordinates":[[[-96.57593,33.00534],[-96.57453,33.00681],[-96.57537,33.00861],[-96.57762,33.00893],[-96.57902,33.00746],[-96.57818,33.00566],[-96.57593,33.00534]]]}},{"type":"Feature","properties":{"h3":"8926c8216abffff","mii":14,"trt":0.0,"glp1":0.0,"pharmacy":0.0,"gym":0.0,"n":0},"geometry":{"type":"Polygon","coordinates":[[[-96.57228,33.00649],[-96.57088,33.00796],[-96.57172,33.00976],[-96.57397,33.01008],[-96.57537,33.00861],[-96.57453,33.00681],[-96.57228,33.00649]]]}},{"type":"Feature","properties":{"h3":"8926c8216bbffff","mii":14,"trt":0.0,"glp1":0.0,"pharmacy":0.0,"gym":0.0,"n":0},"geometry":{"type":"Polygon","coordinates":[[[-96.57172,33.00976],[-96.57032,33.01124],[-96.57116,33.01304],[-96.57341,33.01336],[-96.57481,33.01188],[-96.57397,33.01008],[-96.57172,33.00976]]]}},{"type":"Feature","properties":{"h3":"8926c860923ffff","mii":14,"trt":0.6,"glp1":0.0,"pharmacy":0.0,"gym":0.0,"n":1},"geometry":{"type":"Polygon","coordinates":[[[-96.92713,32.90929],[-96.92573,32.91077],[-96.92657,32.91257],[-96.92882,32.91288],[-96.93022,32.9114],[-96.92937,32.9096],[-96.92713,32.90929]]]}},{"type":"Feature","properties":{"h3":"8926c866373ffff","mii":14,"trt":0.6,"glp1":0.0,"pharmacy":0.0,"gym":0.0,"n":1},"geometry":{"type":"Polygon","coordinates":[[[-96.81699,32.90718],[-96.81559,32.90866],[-96.81644,32.91045],[-96.81869,32.91077],[-96.82009,32.90929],[-96.81924,32.90749],[-96.81699,32.90718]]]}},{"type":"Feature","properties":{"h3":"8926c874b67ffff","mii":14,"trt":0.6,"glp1":0.0,"pharmacy":0.0,"gym":0.0,"n":1},"geometry":{"type":"Polygon","coordinates":[[[-96.78115,32.9558],[-96.77975,32.95728],[-96.7806,32.95908],[-96.78284,32.95939],[-96.78425,32.95791],[-96.7834,32.95612],[-96.78115,32.9558]]]}},{"type":"Feature","properties":{"h3":"8926cb9160bffff","mii":14,"trt":0.6,"glp1":0.0,"pharmacy":0.0,"gym":0.0,"n":1},"geometry":{"type":"Polygon","coordinates":[[[-96.78865,32.789],[-96.78725,32.79048],[-96.7881,32.79228],[-96.79034,32.79259],[-96.79174,32.79111],[-96.7909,32.78931],[-96.78865,32.789]]]}},{"type":"Feature","properties":{"h3":"8926c864827ffff","mii":14,"trt":0.6,"glp1":0.0,"pharmacy":0.0,"gym":0.0,"n":1},"geometry":{"type":"Polygon","coordinates":[[[-96.79405,32.81831],[-96.79265,32.81979],[-96.79349,32.82159],[-96.79574,32.82191],[-96.79714,32.82042],[-96.79629,32.81863],[-96.79405,32.81831]]]}},{"type":"Feature","properties":{"h3":"8926c86482fffff","mii":14,"trt":0.0,"glp1":0.0,"pharmacy":0.0,"gym":0.0,"n":0},"geometry":{"type":"Polygon","coordinates":[[[-96.79769,32.81715],[-96.79629,32.81863],[-96.79714,32.82042],[-96.79938,32.82074],[-96.80078,32.81926],[-96.79994,32.81746],[-96.79769,32.81715]]]}},{"type":"Feature","properties":{"h3":"8926c864953ffff","mii":14,"trt":0.0,"glp1":0.0,"pharmacy":0.0,"gym":0.0,"n":0},"geometry":{"type":"Polygon","coordinates":[[[-96.79096,32.81619],[-96.78956,32.81767],[-96.7904,32.81947],[-96.79265,32.81979],[-96.79405,32.81831],[-96.7932,32.81651],[-96.79096,32.81619]]]}},{"type":"Feature","properties":{"h3":"8926c8649cbffff","mii":14,"trt":0.0,"glp1":0.0,"pharmacy":0.0,"gym":0.0,"n":0},"geometry":{"type":"Polygon","coordinates":[[[-96.7904,32.81947],[-96.789,32.82095],[-96.78985,32.82275],[-96.79209,32.82307],[-96.79349,32.82159],[-96.79265,32.81979],[-96.7904,32.81947]]]}},{"type":"Feature","properties":{"h3":"8926c86682fffff","mii":14,"trt":0.0,"glp1":0.0,"pharmacy":0.0,"gym":0.0,"n":0},"geometry":{"type":"Polygon","coordinates":[[[-96.76441,32.87119],[-96.76301,32.87267],[-96.76386,32.87446],[-96.7661,32.87478],[-96.7675,32.8733],[-96.76666,32.8715],[-96.76441,32.87119]]]}},{"type":"Feature","properties":{"h3":"8926c8645b3ffff","mii":14,"trt":0.6,"glp1":0.0,"pharmacy":0.0,"gym":0.0,"n":1},"geometry":{"type":"Polygon","coordinates":[[[-96.80572,32.89215],[-96.80432,32.89363],[-96.80517,32.89543],[-96.80742,32.89575],[-96.80882,32.89427],[-96.80797,32.89247],[-96.80572,32.89215]]]}},{"type":"Feature","properties":{"h3":"8926c8649cfffff","mii":14,"trt":0.6,"glp1":0.0,"pharmacy":0.0,"gym":0.0,"n":1},"geometry":{"type":"Polygon","coordinates":[[[-96.78731,32.81735],[-96.78591,32.81883],[-96.78676,32.82063],[-96.789,32.82095],[-96.7904,32.81947],[-96.78956,32.81767],[-96.78731,32.81735]]]}},{"type":"Feature","properties":{"h3":"8926c8668afffff","mii":14,"trt":0.0,"glp1":0.0,"pharmacy":0.0,"gym":0.0,"n":0},"geometry":{"type":"Polygon","coordinates":[[[-96.75965,32.8789],[-96.75825,32.88038],[-96.7591,32.88218],[-96.76134,32.8825],[-96.76275,32.88102],[-96.7619,32.87922],[-96.75965,32.8789]]]}},{"type":"Feature","properties":{"h3":"8926c864b93ffff","mii":14,"trt":0.6,"glp1":0.0,"pharmacy":0.0,"gym":0.0,"n":1},"geometry":{"type":"Polygon","coordinates":[[[-96.80134,32.81598],[-96.79994,32.81746],[-96.80078,32.81926],[-96.80303,32.81958],[-96.80443,32.8181],[-96.80358,32.8163],[-96.80134,32.81598]]]}},{"type":"Feature","properties":{"h3":"8926cbd980fffff","mii":14,"trt":0.6,"glp1":0.0,"pharmacy":0.0,"gym":0.0,"n":1},"geometry":{"type":"Polygon","coordinates":[[[-97.41193,32.65043],[-97.41053,32.65193],[-97.41139,32.65372],[-97.41364,32.65403],[-97.41504,32.65254],[-97.41418,32.65074],[-97.41193,32.65043]]]}},{"type":"Feature","properties":{"h3":"8926cbd13a7ffff","mii":14,"trt":0.6,"glp1":0.0,"pharmacy":0.0,"gym":0.0,"n":1},"geometry":{"type":"Polygon","coordinates":[[[-97.26272,32.73929],[-97.26133,32.74078],[-97.26218,32.74257],[-97.26443,32.74288],[-97.26583,32.74139],[-97.26498,32.7396],[-97.26272,32.73929]]]}},{"type":"Feature","properties":{"h3":"8926cbd5493ffff","mii":14,"trt":0.0,"glp1":0.0,"pharmacy":0.0,"gym":0.0,"n":0},"geometry":{"type":"Polygon","coordinates":[[[-97.11133,32.69482],[-97.10993,32.69631],[-97.11078,32.69811],[-97.11303,32.69842],[-97.11443,32.69693],[-97.11358,32.69513],[-97.11133,32.69482]]]}},{"type":"Feature","properties":{"h3":"8926cbd549bffff","mii":14,"trt":0.0,"glp1":0.0,"pharmacy":0.0,"gym":0.0,"n":0},"geometry":{"type":"Polygon","coordinates":[[[-97.11497,32.69365],[-97.11358,32.69513],[-97.11443,32.69693],[-97.11667,32.69724],[-97.11807,32.69576],[-97.11722,32.69396],[-97.11497,32.69365]]]}},{"type":"Feature","properties":{"h3":"8926cbd548bffff","mii":14,"trt":0.0,"glp1":0.0,"pharmacy":0.0,"gym":0.0,"n":0},"geometry":{"type":"Polygon","coordinates":[[[-97.11552,32.69036],[-97.11412,32.69185],[-97.11497,32.69365],[-97.11722,32.69396],[-97.11862,32.69247],[-97.11776,32.69067],[-97.11552,32.69036]]]}},{"type":"Feature","properties":{"h3":"8926cbd5487ffff","mii":14,"trt":0.0,"glp1":0.0,"pharmacy":0.0,"gym":0.0,"n":0},"geometry":{"type":"Polygon","coordinates":[[[-97.10877,32.68942],[-97.10738,32.69091],[-97.10823,32.69271],[-97.11048,32.69302],[-97.11187,32.69153],[-97.11102,32.68973],[-97.10877,32.68942]]]}},{"type":"Feature","properties":{"h3":"8926cbd5497ffff","mii":14,"trt":0.0,"glp1":0.0,"pharmacy":0.0,"gym":0.0,"n":0},"geometry":{"type":"Polygon","coordinates":[[[-97.10823,32.69271],[-97.10683,32.6942],[-97.10768,32.69599],[-97.10993,32.69631],[-97.11133,32.69482],[-97.11048,32.69302],[-97.10823,32.69271]]]}},{"type":"Feature","properties":{"h3":"8926cbd5093ffff","mii":14,"trt":0.6,"glp1":0.0,"pharmacy":0.0,"gym":0.0,"n":1},"geometry":{"type":"Polygon","coordinates":[[[-97.11514,32.67182],[-97.11375,32.6733],[-97.1146,32.6751],[-97.11684,32.67541],[-97.11824,32.67393],[-97.11739,32.67213],[-97.11514,32.67182]]]}},{"type":"Feature","properties":{"h3":"8926cb13607ffff","mii":14,"trt":0.6,"glp1":0.0,"pharmacy":0.0,"gym":0.0,"n":1},"geometry":{"type":"Polygon","coordinates":[[[-96.98104,32.46309],[-96.97965,32.46458],[-96.98049,32.46638],[-96.98273,32.4667],[-96.98413,32.46521],[-96.98328,32.46341],[-96.98104,32.46309]]]}},{"type":"Feature","properties":{"h3":"8926c83924bffff","mii":14,"trt":0.6,"glp1":0.0,"pharmacy":0.0,"gym":0.0,"n":1},"geometry":{"type":"Polygon","coordinates":[[[-96.74853,33.08703],[-96.74712,33.08851],[-96.74797,33.0903],[-96.75022,33.09062],[-96.75162,33.08915],[-96.75078,33.08735],[-96.74853,33.08703]]]}},{"type":"Feature","properties":{"h3":"8926c8699a3ffff","mii":14,"trt":0.0,"glp1":0.0,"pharmacy":0.0,"gym":0.0,"n":0},"geometry":{"type":"Polygon","coordinates":[[[-97.17402,32.8581],[-97.17262,32.85959],[-97.17348,32.86139],[-97.17573,32.8617],[-97.17713,32.86021],[-97.17627,32.85841],[-97.17402,32.8581]]]}},{"type":"Feature","properties":{"h3":"8926c8699abffff","mii":14,"trt":0.0,"glp1":0.0,"pharmacy":0.0,"gym":0.0,"n":0},"geometry":{"type":"Polygon","coordinates":[[[-97.17767,32.85693],[-97.17627,32.85841],[-97.17713,32.86021],[-97.17938,32.86052],[-97.18078,32.85904],[-97.17992,32.85724],[-97.17767,32.85693]]]}},{"type":"Feature","properties":{"h3":"8926c869933ffff","mii":14,"trt":0.0,"glp1":0.0,"pharmacy":0.0,"gym":0.0,"n":0},"geometry":{"type":"Polygon","coordinates":[[[-97.17821,32.85364],[-97.17682,32.85513],[-97.17767,32.85693],[-97.17992,32.85724],[-97.18132,32.85575],[-97.18047,32.85396],[-97.17821,32.85364]]]}},{"type":"Feature","properties":{"h3":"8926c869937ffff","mii":14,"trt":0.0,"glp1":0.0,"pharmacy":0.0,"gym":0.0,"n":0},"geometry":{"type":"Polygon","coordinates":[[[-97.17511,32.85153],[-97.17371,32.85302],[-97.17456,32.85482],[-97.17682,32.85513],[-97.17821,32.85364],[-97.17736,32.85185],[-97.17511,32.85153]]]}},{"type":"Feature","properties":{"h3":"8926cbd24dbffff","mii":14,"trt":0.0,"glp1":0.0,"pharmacy":0.0,"gym":0.0,"n":0},"geometry":{"type":"Polygon","coordinates":[[[-97.17146,32.85271],[-97.17006,32.85419],[-97.17091,32.85599],[-97.17317,32.8563],[-97.17456,32.85482],[-97.17371,32.85302],[-97.17146,32.85271]]]}},{"type":"Feature","properties":{"h3":"8926c8699a7ffff","mii":14,"trt":0.0,"glp1":0.0,"pharmacy":0.0,"gym":0.0,"n":0},"geometry":{"type":"Polygon","coordinates":[[[-97.17091,32.85599],[-97.16952,32.85748],[-97.17037,32.85928],[-97.17262,32.85959],[-97.17402,32.8581],[-97.17317,32.8563],[-97.17091,32.85599]]]}},{"type":"Feature","properties":{"h3":"8926c870483ffff","mii":14,"trt":0.0,"glp1":3.15,"pharmacy":0.0,"gym":0.0,"n":5},"geometry":{"type":"Polygon","coordinates":[[[-96.95846,33.1754],[-96.95706,33.17688],[-96.95791,33.17868],[-96.96017,33.17899],[-96.96157,33.17751],[-96.96072,33.17572],[-96.95846,33.1754]]]}},{"type":"Feature","properties":{"h3":"8926c821a43ffff","mii":14,"trt":0.0,"glp1":3.4,"pharmacy":0.0,"gym":0.0,"n":6},"geometry":{"type":"Polygon","coordinates":[[[-96.55403,32.93174],[-96.55263,32.93322],[-96.55347,32.93501],[-96.55571,32.93534],[-96.55712,32.93386],[-96.55627,32.93206],[-96.55403,32.93174]]]}},{"type":"Feature","properties":{"h3":"8926c8772d7ffff","mii":14,"trt":0.0,"glp1":0.0,"pharmacy":0.0,"gym":0.0,"n":0},"geometry":{"type":"Polygon","coordinates":[[[-96.88216,33.09423],[-96.88076,33.09571],[-96.88161,33.09751],[-96.88386,33.09782],[-96.88527,33.09634],[-96.88442,33.09455],[-96.88216,33.09423]]]}},{"type":"Feature","properties":{"h3":"8926c8772c3ffff","mii":14,"trt":0.0,"glp1":0.0,"pharmacy":0.0,"gym":0.0,"n":0},"geometry":{"type":"Polygon","coordinates":[[[-96.88582,33.09307],[-96.88442,33.09455],[-96.88527,33.09634],[-96.88752,33.09666],[-96.88892,33.09518],[-96.88807,33.09339],[-96.88582,33.09307]]]}},{"type":"Feature","properties":{"h3":"8926c8772cfffff","mii":14,"trt":0.0,"glp1":0.0,"pharmacy":0.0,"gym":0.0,"n":0},"geometry":{"type":"Polygon","coordinates":[[[-96.88637,33.08979],[-96.88497,33.09127],[-96.88582,33.09307],[-96.88807,33.09339],[-96.88947,33.09191],[-96.88862,33.09011],[-96.88637,33.08979]]]}},{"type":"Feature","properties":{"h3":"8926c87721bffff","mii":14,"trt":0.0,"glp1":0.0,"pharmacy":0.0,"gym":0.0,"n":0},"geometry":{"type":"Polygon","coordinates":[[[-96.88327,33.08768],[-96.88187,33.08916],[-96.88272,33.09095],[-96.88497,33.09127],[-96.88637,33.08979],[-96.88552,33.08799],[-96.88327,33.08768]]]}},{"type":"Feature","properties":{"h3":"8926c877213ffff","mii":14,"trt":0.0,"glp1":0.0,"pharmacy":0.0,"gym":0.0,"n":0},"geometry":{"type":"Polygon","coordinates":[[[-96.87962,33.08884],[-96.87821,33.09032],[-96.87906,33.09211],[-96.88131,33.09243],[-96.88272,33.09095],[-96.88187,33.08916],[-96.87962,33.08884]]]}},{"type":"Feature","properties":{"h3":"8926c87728bffff","mii":14,"trt":0.0,"glp1":0.0,"pharmacy":0.0,"gym":0.0,"n":0},"geometry":{"type":"Polygon","coordinates":[[[-96.87906,33.09211],[-96.87766,33.09359],[-96.87851,33.09539],[-96.88076,33.09571],[-96.88216,33.09423],[-96.88131,33.09243],[-96.87906,33.09211]]]}},{"type":"Feature","properties":{"h3":"8926c801d2bffff","mii":14,"trt":0.0,"glp1":3.4,"pharmacy":0.0,"gym":0.0,"n":6},"geometry":{"type":"Polygon","coordinates":[[[-96.7664,33.30744],[-96.765,33.30891],[-96.76585,33.31071],[-96.7681,33.31103],[-96.76951,33.30955],[-96.76866,33.30776],[-96.7664,33.30744]]]}},{"type":"Feature","properties":{"h3":"8926c876893ffff","mii":14,"trt":0.0,"glp1":3.4,"pharmacy":0.0,"gym":0.0,"n":6},"geometry":{"type":"Polygon","coordinates":[[[-96.73694,33.05352],[-96.73554,33.055],[-96.73638,33.05679],[-96.73863,33.05711],[-96.74004,33.05564],[-96.73919,33.05384],[-96.73694,33.05352]]]}},{"type":"Feature","properties":{"h3":"8926c94f453ffff","mii":14,"trt":0.0,"glp1":3.4,"pharmacy":0.0,"gym":0.0,"n":6},"geometry":{"type":"Polygon","coordinates":[[[-96.28359,32.54338],[-96.28219,32.54486],[-96.28303,32.54666],[-96.28526,32.54698],[-96.28666,32.54551],[-96.28582,32.54371],[-96.28359,32.54338]]]}},{"type":"Feature","properties":{"h3":"8926c866573ffff","mii":14,"trt":0.0,"glp1":0.0,"pharmacy":0.0,"gym":0.0,"n":0},"geometry":{"type":"Polygon","coordinates":[[[-96.78757,32.93825],[-96.78617,32.93973],[-96.78702,32.94153],[-96.78927,32.94185],[-96.79067,32.94037],[-96.78982,32.93857],[-96.78757,32.93825]]]}},{"type":"Feature","properties":{"h3":"8926c86657bffff","mii":14,"trt":0.0,"glp1":0.0,"pharmacy":0.0,"gym":0.0,"n":0},"geometry":{"type":"Polygon","coordinates":[[[-96.79122,32.93709],[-96.78982,32.93857],[-96.79067,32.94037],[-96.79292,32.94069],[-96.79432,32.93921],[-96.79347,32.93741],[-96.79122,32.93709]]]}},{"type":"Feature","properties":{"h3":"8926c86656bffff","mii":14,"trt":0.0,"glp1":0.0,"pharmacy":0.0,"gym":0.0,"n":0},"geometry":{"type":"Polygon","coordinates":[[[-96.79178,32.93381],[-96.79038,32.93529],[-96.79122,32.93709],[-96.79347,32.93741],[-96.79487,32.93593],[-96.79402,32.93413],[-96.79178,32.93381]]]}},{"type":"Feature","properties":{"h3":"8926c86656fffff","mii":14,"trt":0.0,"glp1":0.0,"pharmacy":0.0,"gym":0.0,"n":0},"geometry":{"type":"Polygon","coordinates":[[[-96.78868,32.9317],[-96.78728,32.93317],[-96.78813,32.93497],[-96.79038,32.93529],[-96.79178,32.93381],[-96.79093,32.93201],[-96.78868,32.9317]]]}},{"type":"Feature","properties":{"h3":"8926c866567ffff","mii":14,"trt":0.0,"glp1":0.0,"pharmacy":0.0,"gym":0.0,"n":0},"geometry":{"type":"Polygon","coordinates":[[[-96.78503,32.93286],[-96.78363,32.93434],[-96.78448,32.93613],[-96.78673,32.93645],[-96.78813,32.93497],[-96.78728,32.93317],[-96.78503,32.93286]]]}},{"type":"Feature","properties":{"h3":"8926c866577ffff","mii":14,"trt":0.0,"glp1":0.0,"pharmacy":0.0,"gym":0.0,"n":0},"geometry":{"type":"Polygon","coordinates":[[[-96.78448,32.93613],[-96.78308,32.93761],[-96.78392,32.93941],[-96.78617,32.93973],[-96.78757,32.93825],[-96.78673,32.93645],[-96.78448,32.93613]]]}},{"type":"Feature","properties":{"h3":"8926c866213ffff","mii":14,"trt":0.0,"glp1":3.4,"pharmacy":0.0,"gym":0.0,"n":6},"geometry":{"type":"Polygon","coordinates":[[[-96.8339,32.92971],[-96.8325,32.93119],[-96.83335,32.93299],[-96.8356,32.9333],[-96.837,32.93182],[-96.83615,32.93003],[-96.8339,32.92971]]]}},{"type":"Feature","properties":{"h3":"8926cb9aa4bffff","mii":14,"trt":0.0,"glp1":0.0,"pharmacy":0.0,"gym":0.0,"n":0},"geometry":{"type":"Polygon","coordinates":[[[-96.83614,32.71173],[-96.83474,32.71321],[-96.83559,32.71501],[-96.83783,32.71533],[-96.83923,32.71385],[-96.83839,32.71205],[-96.83614,32.71173]]]}},{"type":"Feature","properties":{"h3":"8926cb98187ffff","mii":14,"trt":0.0,"glp1":0.0,"pharmacy":0.0,"gym":0.0,"n":0},"geometry":{"type":"Polygon","coordinates":[[[-96.83978,32.71056],[-96.83839,32.71205],[-96.83923,32.71385],[-96.84148,32.71416],[-96.84287,32.71268],[-96.84203,32.71088],[-96.83978,32.71056]]]}},{"type":"Feature","properties":{"h3":"8926cb981bbffff","mii":14,"trt":0.0,"glp1":0.0,"pharmacy":0.0,"gym":0.0,"n":0},"geometry":{"type":"Polygon","coordinates":[[[-96.84034,32.70728],[-96.83894,32.70876],[-96.83978,32.71056],[-96.84203,32.71088],[-96.84343,32.7094],[-96.84258,32.7076],[-96.84034,32.70728]]]}},{"type":"Feature","properties":{"h3":"8926cb981a3ffff","mii":14,"trt":0.0,"glp1":0.0,"pharmacy":0.0,"gym":0.0,"n":0},"geometry":{"type":"Polygon","coordinates":[[[-96.83725,32.70517],[-96.83585,32.70665],[-96.83669,32.70845],[-96.83894,32.70876],[-96.84034,32.70728],[-96.83949,32.70548],[-96.83725,32.70517]]]}},{"type":"Feature","properties":{"h3":"8926cb981b7ffff","mii":14,"trt":0.0,"glp1":0.0,"pharmacy":0.0,"gym":0.0,"n":0},"geometry":{"type":"Polygon","coordinates":[[[-96.83361,32.70633],[-96.83221,32.70781],[-96.83305,32.70961],[-96.8353,32.70993],[-96.83669,32.70845],[-96.83585,32.70665],[-96.83361,32.70633]]]}},{"type":"Feature","properties":{"h3":"8926cb9aa4fffff","mii":14,"trt":0.0,"glp1":0.0,"pharmacy":0.0,"gym":0.0,"n":0},"geometry":{"type":"Polygon","coordinates":[[[-96.83305,32.70961],[-96.83165,32.7111],[-96.8325,32.7129],[-96.83474,32.71321],[-96.83614,32.71173],[-96.8353,32.70993],[-96.83305,32.70961]]]}},{"type":"Feature","properties":{"h3":"8926c8672b7ffff","mii":14,"trt":0.0,"glp1":0.0,"pharmacy":0.0,"gym":0.0,"n":0},"geometry":{"type":"Polygon","coordinates":[[[-96.89318,32.92633],[-96.89178,32.92781],[-96.89263,32.92961],[-96.89488,32.92992],[-96.89628,32.92844],[-96.89543,32.92665],[-96.89318,32.92633]]]}},{"type":"Feature","properties":{"h3":"8926c8672a3ffff","mii":14,"trt":0.0,"glp1":0.0,"pharmacy":0.0,"gym":0.0,"n":0},"geometry":{"type":"Polygon","coordinates":[[[-96.89683,32.92516],[-96.89543,32.92665],[-96.89628,32.92844],[-96.89852,32.92876],[-96.89993,32.92728],[-96.89908,32.92548],[-96.89683,32.92516]]]}},{"type":"Feature","properties":{"h3":"8926c8672afffff","mii":14,"trt":0.0,"glp1":0.0,"pharmacy":0.0,"gym":0.0,"n":0},"geometry":{"type":"Polygon","coordinates":[[[-96.89738,32.92188],[-96.89598,32.92337],[-96.89683,32.92516],[-96.89908,32.92548],[-96.90048,32.924],[-96.89963,32.9222],[-96.89738,32.92188]]]}},{"type":"Feature","properties":{"h3":"8926c8673dbffff","mii":14,"trt":0.0,"glp1":0.0,"pharmacy":0.0,"gym":0.0,"n":0},"geometry":{"type":"Polygon","coordinates":[[[-96.89428,32.91977],[-96.89288,32.92125],[-96.89373,32.92305],[-96.89598,32.92337],[-96.89738,32.92188],[-96.89653,32.92009],[-96.89428,32.91977]]]}},{"type":"Feature","properties":{"h3":"8926c8673d3ffff","mii":14,"trt":0.0,"glp1":0.0,"pharmacy":0.0,"gym":0.0,"n":0},"geometry":{"type":"Polygon","coordinates":[[[-96.89063,32.92093],[-96.88923,32.92242],[-96.89008,32.92421],[-96.89233,32.92453],[-96.89373,32.92305],[-96.89288,32.92125],[-96.89063,32.92093]]]}},{"type":"Feature","properties":{"h3":"8926c86706bffff","mii":14,"trt":0.0,"glp1":0.0,"pharmacy":0.0,"gym":0.0,"n":0},"geometry":{"type":"Polygon","coordinates":[[[-96.89008,32.92421],[-96.88868,32.92569],[-96.88953,32.92749],[-96.89178,32.92781],[-96.89318,32.92633],[-96.89233,32.92453],[-96.89008,32.92421]]]}},{"type":"Feature","properties":{"h3":"8926c8666a7ffff","mii":14,"trt":0.0,"glp1":3.4,"pharmacy":0.0,"gym":0.0,"n":6},"geometry":{"type":"Polygon","coordinates":[[[-96.81709,32.94747],[-96.81569,32.94895],[-96.81654,32.95075],[-96.81879,32.95106],[-96.82019,32.94958],[-96.81934,32.94779],[-96.81709,32.94747]]]}},{"type":"Feature","properties":{"h3":"8926cb92217ffff","mii":14,"trt":0.0,"glp1":3.4,"pharmacy":0.0,"gym":0.0,"n":6},"geometry":{"type":"Polygon","coordinates":[[[-96.67933,32.82382],[-96.67793,32.8253],[-96.67877,32.8271],[-96.68101,32.82742],[-96.68241,32.82594],[-96.68157,32.82414],[-96.67933,32.82382]]]}},{"type":"Feature","properties":{"h3":"8926cbd525bffff","mii":14,"trt":0.0,"glp1":3.5,"pharmacy":0.0,"gym":0.0,"n":6},"geometry":{"type":"Polygon","coordinates":[[[-97.15941,32.65442],[-97.15801,32.6559],[-97.15886,32.6577],[-97.16111,32.65802],[-97.16251,32.65653],[-97.16165,32.65473],[-97.15941,32.65442]]]}},{"type":"Feature","properties":{"h3":"8926cbca407ffff","mii":14,"trt":0.0,"glp1":3.3,"pharmacy":0.0,"gym":0.0,"n":6},"geometry":{"type":"Polygon","coordinates":[[[-97.36478,32.62213],[-97.36339,32.62362],[-97.36425,32.62542],[-97.3665,32.62573],[-97.36789,32.62424],[-97.36703,32.62244],[-97.36478,32.62213]]]}},{"type":"Feature","properties":{"h3":"8926caaec2fffff","mii":14,"trt":0.0,"glp1":0.0,"pharmacy":0.0,"gym":0.0,"n":0},"geometry":{"type":"Polygon","coordinates":[[[-97.44903,32.8253],[-97.44764,32.82679],[-97.44849,32.82859],[-97.45075,32.82889],[-97.45215,32.8274],[-97.45129,32.8256],[-97.44903,32.8253]]]}},{"type":"Feature","properties":{"h3":"8926caae893ffff","mii":14,"trt":0.0,"glp1":0.0,"pharmacy":0.0,"gym":0.0,"n":0},"geometry":{"type":"Polygon","coordinates":[[[-97.45268,32.82411],[-97.45129,32.8256],[-97.45215,32.8274],[-97.4544,32.82771],[-97.4558,32.82622],[-97.45494,32.82442],[-97.45268,32.82411]]]}},{"type":"Feature","properties":{"h3":"8926caae883ffff","mii":14,"trt":0.0,"glp1":0.0,"pharmacy":0.0,"gym":0.0,"n":0},"geometry":{"type":"Polygon","coordinates":[[[-97.45322,32.82083],[-97.45182,32.82232],[-97.45268,32.82411],[-97.45494,32.82442],[-97.45633,32.82293],[-97.45547,32.82113],[-97.45322,32.82083]]]}},{"type":"Feature","properties":{"h3":"8926caae887ffff","mii":14,"trt":0.0,"glp1":0.0,"pharmacy":0.0,"gym":0.0,"n":0},"geometry":{"type":"Polygon","coordinates":[[[-97.45011,32.81872],[-97.44871,32.82021],[-97.44957,32.82201],[-97.45182,32.82232],[-97.45322,32.82083],[-97.45236,32.81903],[-97.45011,32.81872]]]}},{"type":"Feature","properties":{"h3":"8926caaed4bffff","mii":14,"trt":0.0,"glp1":0.0,"pharmacy":0.0,"gym":0.0,"n":0},"geometry":{"type":"Polygon","coordinates":[[[-97.44645,32.8199],[-97.44506,32.8214],[-97.44592,32.82319],[-97.44817,32.8235],[-97.44957,32.82201],[-97.44871,32.82021],[-97.44645,32.8199]]]}},{"type":"Feature","properties":{"h3":"8926caaed5bffff","mii":14,"trt":0.0,"glp1":0.0,"pharmacy":0.0,"gym":0.0,"n":0},"geometry":{"type":"Polygon","coordinates":[[[-97.44592,32.82319],[-97.44452,32.82468],[-97.44538,32.82648],[-97.44764,32.82679],[-97.44903,32.8253],[-97.44817,32.8235],[-97.44592,32.82319]]]}},{"type":"Feature","properties":{"h3":"8926caa6847ffff","mii":14,"trt":0.0,"glp1":0.0,"pharmacy":0.0,"gym":0.0,"n":0},"geometry":{"type":"Polygon","coordinates":[[[-97.28635,32.86857],[-97.28495,32.87005],[-97.2858,32.87185],[-97.28806,32.87216],[-97.28946,32.87067],[-97.2886,32.86888],[-97.28635,32.86857]]]}},{"type":"Feature","properties":{"h3":"8926caa684fffff","mii":14,"trt":0.0,"glp1":0.0,"pharmacy":0.0,"gym":0.0,"n":0},"geometry":{"type":"Polygon","coordinates":[[[-97.29,32.86739],[-97.2886,32.86888],[-97.28946,32.87067],[-97.29171,32.87098],[-97.29311,32.8695],[-97.29225,32.8677],[-97.29,32.86739]]]}},{"type":"Feature","properties":{"h3":"8926caa6ab7ffff","mii":14,"trt":0.0,"glp1":0.0,"pharmacy":0.0,"gym":0.0,"n":0},"geometry":{"type":"Polygon","coordinates":[[[-97.29054,32.8641],[-97.28914,32.86559],[-97.29,32.86739],[-97.29225,32.8677],[-97.29365,32.86621],[-97.29279,32.86441],[-97.29054,32.8641]]]}},{"type":"Feature","properties":{"h3":"8926caa686bffff","mii":14,"trt":0.0,"glp1":0.0,"pharmacy":0.0,"gym":0.0,"n":0},"geometry":{"type":"Polygon","coordinates":[[[-97.28743,32.86199],[-97.28603,32.86348],[-97.28689,32.86528],[-97.28914,32.86559],[-97.29054,32.8641],[-97.28968,32.8623],[-97.28743,32.86199]]]}},{"type":"Feature","properties":{"h3":"8926caa6863ffff","mii":14,"trt":0.0,"glp1":0.0,"pharmacy":0.0,"gym":0.0,"n":0},"geometry":{"type":"Polygon","coordinates":[[[-97.28378,32.86317],[-97.28238,32.86466],[-97.28324,32.86646],[-97.28549,32.86677],[-97.28689,32.86528],[-97.28603,32.86348],[-97.28378,32.86317]]]}},{"type":"Feature","properties":{"h3":"8926caa6873ffff","mii":14,"trt":0.0,"glp1":0.0,"pharmacy":0.0,"gym":0.0,"n":0},"geometry":{"type":"Polygon","coordinates":[[[-97.28324,32.86646],[-97.28184,32.86795],[-97.2827,32.86974],[-97.28495,32.87005],[-97.28635,32.86857],[-97.28549,32.86677],[-97.28324,32.86646]]]}},{"type":"Feature","properties":{"h3":"8926c86598bffff","mii":13,"trt":0.0,"glp1":0.0,"pharmacy":0.0,"gym":0.0,"n":0},"geometry":{"type":"Polygon","coordinates":[[[-96.8527,32.81821],[-96.8513,32.81969],[-96.85215,32.82149],[-96.85439,32.82181],[-96.85579,32.82032],[-96.85495,32.81852],[-96.8527,32.81821]]]}},{"type":"Feature","properties":{"h3":"8926c8658a3ffff","mii":13,"trt":0.0,"glp1":0.0,"pharmacy":0.0,"gym":0.0,"n":0},"geometry":{"type":"Polygon","coordinates":[[[-96.86507,32.82667],[-96.86367,32.82815],[-96.86452,32.82995],[-96.86677,32.83027],[-96.86817,32.82879],[-96.86732,32.82699],[-96.86507,32.82667]]]}},{"type":"Feature","properties":{"h3":"8926c8658abffff","mii":13,"trt":0.0,"glp1":0.0,"pharmacy":0.0,"gym":0.0,"n":0},"geometry":{"type":"Polygon","coordinates":[[[-96.86872,32.82551],[-96.86732,32.82699],[-96.86817,32.82879],[-96.87041,32.8291],[-96.87181,32.82762],[-96.87097,32.82582],[-96.86872,32.82551]]]}},{"type":"Feature","properties":{"h3":"8926c865833ffff","mii":13,"trt":0.0,"glp1":0.0,"pharmacy":0.0,"gym":0.0,"n":0},"geometry":{"type":"Polygon","coordinates":[[[-96.86927,32.82223],[-96.86787,32.82371],[-96.86872,32.82551],[-96.87097,32.82582],[-96.87237,32.82434],[-96.87152,32.82254],[-96.86927,32.82223]]]}},{"type":"Feature","properties":{"h3":"8926c865837ffff","mii":13,"trt":0.0,"glp1":0.0,"pharmacy":0.0,"gym":0.0,"n":0},"geometry":{"type":"Polygon","coordinates":[[[-96.86618,32.82011],[-96.86478,32.82159],[-96.86563,32.82339],[-96.86787,32.82371],[-96.86927,32.82223],[-96.86842,32.82043],[-96.86618,32.82011]]]}},{"type":"Feature","properties":{"h3":"8926c8659dbffff","mii":13,"trt":0.0,"glp1":0.0,"pharmacy":0.0,"gym":0.0,"n":0},"geometry":{"type":"Polygon","coordinates":[[[-96.86253,32.82127],[-96.86113,32.82276],[-96.86198,32.82456],[-96.86423,32.82487],[-96.86563,32.82339],[-96.86478,32.82159],[-96.86253,32.82127]]]}},{"type":"Feature","properties":{"h3":"8926c8658a7ffff","mii":13,"trt":0.0,"glp1":0.0,"pharmacy":0.0,"gym":0.0,"n":0},"geometry":{"type":"Polygon","coordinates":[[[-96.86198,32.82456],[-96.86058,32.82604],[-96.86143,32.82784],[-96.86367,32.82815],[-96.86507,32.82667],[-96.86423,32.82487],[-96.86198,32.82456]]]}},{"type":"Feature","properties":{"h3":"8926c86c3d3ffff","mii":13,"trt":0.55,"glp1":0.0,"pharmacy":0.0,"gym":0.0,"n":1},"geometry":{"type":"Polygon","coordinates":[[[-97.02986,32.81118],[-97.02847,32.81266],[-97.02932,32.81446],[-97.03157,32.81477],[-97.03296,32.81329],[-97.03211,32.81149],[-97.02986,32.81118]]]}},{"type":"Feature","properties":{"h3":"8926c878aa7ffff","mii":13,"trt":0.0,"glp1":2.85,"pharmacy":0.0,"gym":0.0,"n":5},"geometry":{"type":"Polygon","coordinates":[[[-97.11863,33.02503],[-97.11723,33.02651],[-97.11808,33.02831],[-97.12034,33.02862],[-97.12174,33.02714],[-97.12088,33.02534],[-97.11863,33.02503]]]}},{"type":"Feature","properties":{"h3":"8926c87a82fffff","mii":13,"trt":0.0,"glp1":0.0,"pharmacy":0.0,"gym":0.0,"n":0},"geometry":{"type":"Polygon","coordinates":[[[-97.0682,33.0784],[-97.0668,33.07989],[-97.06765,33.08168],[-97.0699,33.082],[-97.07131,33.08052],[-97.07045,33.07872],[-97.0682,33.0784]]]}},{"type":"Feature","properties":{"h3":"8926c87ab93ffff","mii":13,"trt":0.0,"glp1":0.0,"pharmacy":0.0,"gym":0.0,"n":0},"geometry":{"type":"Polygon","coordinates":[[[-97.07185,33.07724],[-97.07045,33.07872],[-97.07131,33.08052],[-97.07356,33.08083],[-97.07496,33.07935],[-97.07411,33.07755],[-97.07185,33.07724]]]}},{"type":"Feature","properties":{"h3":"8926c87ab83ffff","mii":13,"trt":0.0,"glp1":0.0,"pharmacy":0.0,"gym":0.0,"n":0},"geometry":{"type":"Polygon","coordinates":[[[-97.0724,33.07396],[-97.071,33.07544],[-97.07185,33.07724],[-97.07411,33.07755],[-97.07551,33.07607],[-97.07466,33.07427],[-97.0724,33.07396]]]}},{"type":"Feature","properties":{"h3":"8926c87ab87ffff","mii":13,"trt":0.0,"glp1":0.0,"pharmacy":0.0,"gym":0.0,"n":0},"geometry":{"type":"Polygon","coordinates":[[[-97.06929,33.07185],[-97.06789,33.07333],[-97.06874,33.07513],[-97.071,33.07544],[-97.0724,33.07396],[-97.07155,33.07216],[-97.06929,33.07185]]]}},{"type":"Feature","properties":{"h3":"8926c87a94bffff","mii":13,"trt":0.0,"glp1":0.0,"pharmacy":0.0,"gym":0.0,"n":0},"geometry":{"type":"Polygon","coordinates":[[[-97.06564,33.07301],[-97.06424,33.0745],[-97.06509,33.07629],[-97.06734,33.07661],[-97.06874,33.07513],[-97.06789,33.07333],[-97.06564,33.07301]]]}},{"type":"Feature","properties":{"h3":"8926c87a95bffff","mii":13,"trt":0.0,"glp1":0.0,"pharmacy":0.0,"gym":0.0,"n":0},"geometry":{"type":"Polygon","coordinates":[[[-97.06509,33.07629],[-97.06369,33.07778],[-97.06454,33.07957],[-97.0668,33.07989],[-97.0682,33.0784],[-97.06734,33.07661],[-97.06509,33.07629]]]}},{"type":"Feature","properties":{"h3":"8926c828463ffff","mii":13,"trt":0.0,"glp1":0.0,"pharmacy":0.0,"gym":0.0,"n":0},"geometry":{"type":"Polygon","coordinates":[[[-96.66432,32.95258],[-96.66292,32.95406],[-96.66377,32.95586],[-96.66601,32.95618],[-96.66741,32.9547],[-96.66657,32.95291],[-96.66432,32.95258]]]}},{"type":"Feature","properties":{"h3":"8926c82846bffff","mii":13,"trt":0.0,"glp1":0.0,"pharmacy":0.0,"gym":0.0,"n":0},"geometry":{"type":"Polygon","coordinates":[[[-96.66797,32.95143],[-96.66657,32.95291],[-96.66741,32.9547],[-96.66966,32.95502],[-96.67106,32.95355],[-96.67022,32.95175],[-96.66797,32.95143]]]}},{"type":"Feature","properties":{"h3":"8926c8280d3ffff","mii":13,"trt":0.0,"glp1":0.0,"pharmacy":0.0,"gym":0.0,"n":0},"geometry":{"type":"Polygon","coordinates":[[[-96.66853,32.94815],[-96.66713,32.94963],[-96.66797,32.95143],[-96.67022,32.95175],[-96.67162,32.95027],[-96.67078,32.94847],[-96.66853,32.94815]]]}},{"type":"Feature","properties":{"h3":"8926c8280d7ffff","mii":13,"trt":0.0,"glp1":0.0,"pharmacy":0.0,"gym":0.0,"n":0},"geometry":{"type":"Polygon","coordinates":[[[-96.66544,32.94603],[-96.66404,32.94751],[-96.66488,32.94931],[-96.66713,32.94963],[-96.66853,32.94815],[-96.66769,32.94635],[-96.66544,32.94603]]]}},{"type":"Feature","properties":{"h3":"8926c82809bffff","mii":13,"trt":0.0,"glp1":0.0,"pharmacy":0.0,"gym":0.0,"n":0},"geometry":{"type":"Polygon","coordinates":[[[-96.66179,32.94719],[-96.66039,32.94867],[-96.66123,32.95047],[-96.66348,32.95079],[-96.66488,32.94931],[-96.66404,32.94751],[-96.66179,32.94719]]]}},{"type":"Feature","properties":{"h3":"8926c828467ffff","mii":13,"trt":0.0,"glp1":0.0,"pharmacy":0.0,"gym":0.0,"n":0},"geometry":{"type":"Polygon","coordinates":[[[-96.66123,32.95047],[-96.65983,32.95194],[-96.66068,32.95374],[-96.66292,32.95406],[-96.66432,32.95258],[-96.66348,32.95079],[-96.66123,32.95047]]]}},{"type":"Feature","properties":{"h3":"8926c839223ffff","mii":13,"trt":0.0,"glp1":0.0,"pharmacy":0.0,"gym":0.0,"n":0},"geometry":{"type":"Polygon","coordinates":[[[-96.72884,33.08087],[-96.72743,33.08235],[-96.72828,33.08415],[-96.73053,33.08447],[-96.73193,33.08299],[-96.73109,33.08119],[-96.72884,33.08087]]]}},{"type":"Feature","properties":{"h3":"8926c83922bffff","mii":13,"trt":0.0,"glp1":0.0,"pharmacy":0.0,"gym":0.0,"n":0},"geometry":{"type":"Polygon","coordinates":[[[-96.73249,33.07972],[-96.73109,33.08119],[-96.73193,33.08299],[-96.73418,33.08331],[-96.73558,33.08183],[-96.73474,33.08004],[-96.73249,33.07972]]]}},{"type":"Feature","properties":{"h3":"8926c876c93ffff","mii":13,"trt":0.0,"glp1":0.0,"pharmacy":0.0,"gym":0.0,"n":0},"geometry":{"type":"Polygon","coordinates":[[[-96.73304,33.07644],[-96.73164,33.07792],[-96.73249,33.07972],[-96.73474,33.08004],[-96.73614,33.07856],[-96.73529,33.07676],[-96.73304,33.07644]]]}},{"type":"Feature","properties":{"h3":"8926c876c97ffff","mii":13,"trt":0.0,"glp1":0.0,"pharmacy":0.0,"gym":0.0,"n":0},"geometry":{"type":"Polygon","coordinates":[[[-96.72995,33.07432],[-96.72855,33.0758],[-96.72939,33.0776],[-96.73164,33.07792],[-96.73304,33.07644],[-96.7322,33.07464],[-96.72995,33.07432]]]}},{"type":"Feature","properties":{"h3":"8926c83935bffff","mii":13,"trt":0.0,"glp1":0.0,"pharmacy":0.0,"gym":0.0,"n":0},"geometry":{"type":"Polygon","coordinates":[[[-96.7263,33.07548],[-96.72489,33.07696],[-96.72574,33.07875],[-96.72799,33.07908],[-96.72939,33.0776],[-96.72855,33.0758],[-96.7263,33.07548]]]}},{"type":"Feature","properties":{"h3":"8926c839227ffff","mii":13,"trt":0.0,"glp1":0.0,"pharmacy":0.0,"gym":0.0,"n":0},"geometry":{"type":"Polygon","coordinates":[[[-96.72574,33.07875],[-96.72434,33.08023],[-96.72518,33.08203],[-96.72743,33.08235],[-96.72884,33.08087],[-96.72799,33.07908],[-96.72574,33.07875]]]}},{"type":"Feature","properties":{"h3":"8926c82a4abffff","mii":13,"trt":0.0,"glp1":3.05,"pharmacy":0.0,"gym":0.0,"n":5},"geometry":{"type":"Polygon","coordinates":[[[-96.61946,33.01326],[-96.61805,33.01473],[-96.6189,33.01653],[-96.62114,33.01685],[-96.62255,33.01538],[-96.6217,33.01358],[-96.61946,33.01326]]]}},{"type":"Feature","properties":{"h3":"8926c82f43bffff","mii":13,"trt":0.0,"glp1":0.0,"pharmacy":0.0,"gym":0.0,"n":0},"geometry":{"type":"Polygon","coordinates":[[[-96.54505,32.90361],[-96.54365,32.90508],[-96.54449,32.90688],[-96.54674,32.9072],[-96.54814,32.90573],[-96.5473,32.90393],[-96.54505,32.90361]]]}},{"type":"Feature","properties":{"h3":"8926c82f477ffff","mii":13,"trt":0.0,"glp1":0.0,"pharmacy":0.0,"gym":0.0,"n":0},"geometry":{"type":"Polygon","coordinates":[[[-96.5487,32.90245],[-96.5473,32.90393],[-96.54814,32.90573],[-96.55038,32.90605],[-96.55178,32.90457],[-96.55094,32.90277],[-96.5487,32.90245]]]}},{"type":"Feature","properties":{"h3":"8926c82f467ffff","mii":13,"trt":0.0,"glp1":0.0,"pharmacy":0.0,"gym":0.0,"n":0},"geometry":{"type":"Polygon","coordinates":[[[-96.54926,32.89918],[-96.54786,32.90065],[-96.5487,32.90245],[-96.55094,32.90277],[-96.55234,32.9013],[-96.5515,32.8995],[-96.54926,32.89918]]]}},{"type":"Feature","properties":{"h3":"8926c82f093ffff","mii":13,"trt":0.0,"glp1":0.0,"pharmacy":0.0,"gym":0.0,"n":0},"geometry":{"type":"Polygon","coordinates":[[[-96.54617,32.89706],[-96.54477,32.89853],[-96.54561,32.90033],[-96.54786,32.90065],[-96.54926,32.89918],[-96.54842,32.89738],[-96.54617,32.89706]]]}},{"type":"Feature","properties":{"h3":"8926c82f42fffff","mii":13,"trt":0.0,"glp1":0.0,"pharmacy":0.0,"gym":0.0,"n":0},"geometry":{"type":"Polygon","coordinates":[[[-96.54253,32.89821],[-96.54113,32.89968],[-96.54197,32.90148],[-96.54421,32.90181],[-96.54561,32.90033],[-96.54477,32.89853],[-96.54253,32.89821]]]}},{"type":"Feature","properties":{"h3":"8926c82f423ffff","mii":13,"trt":0.0,"glp1":0.0,"pharmacy":0.0,"gym":0.0,"n":0},"geometry":{"type":"Polygon","coordinates":[[[-96.54197,32.90148],[-96.54057,32.90296],[-96.54141,32.90476],[-96.54365,32.90508],[-96.54505,32.90361],[-96.54421,32.90181],[-96.54197,32.90148]]]}},{"type":"Feature","properties":{"h3":"8926c83807bffff","mii":13,"trt":0.0,"glp1":2.85,"pharmacy":0.0,"gym":0.0,"n":5},"geometry":{"type":"Polygon","coordinates":[[[-96.64396,33.09222],[-96.64256,33.0937],[-96.6434,33.0955],[-96.64565,33.09582],[-96.64705,33.09434],[-96.64621,33.09255],[-96.64396,33.09222]]]}},{"type":"Feature","properties":{"h3":"8926cb93597ffff","mii":13,"trt":0.0,"glp1":0.0,"pharmacy":0.0,"gym":0.0,"n":0},"geometry":{"type":"Polygon","coordinates":[[[-96.69618,32.84637],[-96.69478,32.84785],[-96.69563,32.84965],[-96.69787,32.84997],[-96.69927,32.84849],[-96.69843,32.84669],[-96.69618,32.84637]]]}},{"type":"Feature","properties":{"h3":"8926cb93583ffff","mii":13,"trt":0.0,"glp1":0.0,"pharmacy":0.0,"gym":0.0,"n":0},"geometry":{"type":"Polygon","coordinates":[[[-96.69983,32.84521],[-96.69843,32.84669],[-96.69927,32.84849],[-96.70152,32.84881],[-96.70292,32.84733],[-96.70207,32.84553],[-96.69983,32.84521]]]}},{"type":"Feature","properties":{"h3":"8926cb9358fffff","mii":13,"trt":0.0,"glp1":0.0,"pharmacy":0.0,"gym":0.0,"n":0},"geometry":{"type":"Polygon","coordinates":[[[-96.70039,32.84193],[-96.69898,32.84341],[-96.69983,32.84521],[-96.70207,32.84553],[-96.70347,32.84405],[-96.70263,32.84225],[-96.70039,32.84193]]]}},{"type":"Feature","properties":{"h3":"8926cb935bbffff","mii":13,"trt":0.0,"glp1":0.0,"pharmacy":0.0,"gym":0.0,"n":0},"geometry":{"type":"Polygon","coordinates":[[[-96.6973,32.83982],[-96.6959,32.8413],[-96.69674,32.84309],[-96.69898,32.84341],[-96.70039,32.84193],[-96.69954,32.84014],[-96.6973,32.83982]]]}},{"type":"Feature","properties":{"h3":"8926cb935b3ffff","mii":13,"trt":0.0,"glp1":0.0,"pharmacy":0.0,"gym":0.0,"n":0},"geometry":{"type":"Polygon","coordinates":[[[-96.69365,32.84098],[-96.69225,32.84245],[-96.6931,32.84425],[-96.69534,32.84457],[-96.69674,32.84309],[-96.6959,32.8413],[-96.69365,32.84098]]]}},{"type":"Feature","properties":{"h3":"8926cb9264bffff","mii":13,"trt":0.0,"glp1":0.0,"pharmacy":0.0,"gym":0.0,"n":0},"geometry":{"type":"Polygon","coordinates":[[[-96.6931,32.84425],[-96.69169,32.84573],[-96.69254,32.84753],[-96.69478,32.84785],[-96.69618,32.84637],[-96.69534,32.84457],[-96.6931,32.84425]]]}},{"type":"Feature","properties":{"h3":"8926c864233ffff","mii":13,"trt":0.0,"glp1":0.0,"pharmacy":0.0,"gym":0.0,"n":0},"geometry":{"type":"Polygon","coordinates":[[[-96.86154,32.86815],[-96.86014,32.86963],[-96.86099,32.87143],[-96.86324,32.87175],[-96.86464,32.87026],[-96.86379,32.86847],[-96.86154,32.86815]]]}},{"type":"Feature","properties":{"h3":"8926c86423bffff","mii":13,"trt":0.0,"glp1":0.0,"pharmacy":0.0,"gym":0.0,"n":0},"geometry":{"type":"Polygon","coordinates":[[[-96.86519,32.86698],[-96.86379,32.86847],[-96.86464,32.87026],[-96.86688,32.87058],[-96.86828,32.8691],[-96.86744,32.8673],[-96.86519,32.86698]]]}},{"type":"Feature","properties":{"h3":"8926c86422bffff","mii":13,"trt":0.0,"glp1":0.0,"pharmacy":0.0,"gym":0.0,"n":0},"geometry":{"type":"Polygon","coordinates":[[[-96.86574,32.8637],[-96.86434,32.86519],[-96.86519,32.86698],[-96.86744,32.8673],[-96.86884,32.86582],[-96.86799,32.86402],[-96.86574,32.8637]]]}},{"type":"Feature","properties":{"h3":"8926c86422fffff","mii":13,"trt":0.0,"glp1":0.0,"pharmacy":0.0,"gym":0.0,"n":0},"geometry":{"type":"Polygon","coordinates":[[[-96.86265,32.86159],[-96.86125,32.86307],[-96.86209,32.86487],[-96.86434,32.86519],[-96.86574,32.8637],[-96.86489,32.86191],[-96.86265,32.86159]]]}},{"type":"Feature","properties":{"h3":"8926c864227ffff","mii":13,"trt":0.0,"glp1":0.0,"pharmacy":0.0,"gym":0.0,"n":0},"geometry":{"type":"Polygon","coordinates":[[[-96.859,32.86275],[-96.8576,32.86423],[-96.85845,32.86603],[-96.86069,32.86635],[-96.86209,32.86487],[-96.86125,32.86307],[-96.859,32.86275]]]}},{"type":"Feature","properties":{"h3":"8926c864237ffff","mii":13,"trt":0.0,"glp1":0.0,"pharmacy":0.0,"gym":0.0,"n":0},"geometry":{"type":"Polygon","coordinates":[[[-96.85845,32.86603],[-96.85705,32.86751],[-96.85789,32.86931],[-96.86014,32.86963],[-96.86154,32.86815],[-96.86069,32.86635],[-96.85845,32.86603]]]}},{"type":"Feature","properties":{"h3":"8926c8646abffff","mii":13,"trt":0.0,"glp1":2.85,"pharmacy":0.0,"gym":0.0,"n":5},"geometry":{"type":"Polygon","coordinates":[[[-96.85712,32.89439],[-96.85572,32.89587],[-96.85657,32.89766],[-96.85882,32.89798],[-96.86022,32.8965],[-96.85937,32.8947],[-96.85712,32.89439]]]}},{"type":"Feature","properties":{"h3":"8926cb90a8bffff","mii":13,"trt":0.0,"glp1":2.85,"pharmacy":0.0,"gym":0.0,"n":5},"geometry":{"type":"Polygon","coordinates":[[[-96.67584,32.72257],[-96.67444,32.72405],[-96.67528,32.72585],[-96.67753,32.72617],[-96.67893,32.72469],[-96.67808,32.72289],[-96.67584,32.72257]]]}},{"type":"Feature","properties":{"h3":"8926c874e23ffff","mii":13,"trt":0.0,"glp1":2.95,"pharmacy":0.0,"gym":0.0,"n":5},"geometry":{"type":"Polygon","coordinates":[[[-96.79163,32.99587],[-96.79023,32.99735],[-96.79108,32.99915],[-96.79333,32.99947],[-96.79473,32.99799],[-96.79388,32.99619],[-96.79163,32.99587]]]}},{"type":"Feature","properties":{"h3":"8926c865b97ffff","mii":13,"trt":0.0,"glp1":2.85,"pharmacy":0.0,"gym":0.0,"n":5},"geometry":{"type":"Polygon","coordinates":[[[-96.87093,32.81238],[-96.86953,32.81387],[-96.87038,32.81566],[-96.87262,32.81598],[-96.87402,32.8145],[-96.87317,32.8127],[-96.87093,32.81238]]]}},{"type":"Feature","properties":{"h3":"8926cbd708fffff","mii":13,"trt":0.0,"glp1":2.95,"pharmacy":0.0,"gym":0.0,"n":5},"geometry":{"type":"Polygon","coordinates":[[[-97.08309,32.71947],[-97.08169,32.72095],[-97.08254,32.72275],[-97.08479,32.72306],[-97.08619,32.72158],[-97.08534,32.71978],[-97.08309,32.71947]]]}},{"type":"Feature","properties":{"h3":"8926cbd5197ffff","mii":13,"trt":0.0,"glp1":0.0,"pharmacy":0.0,"gym":0.0,"n":0},"geometry":{"type":"Polygon","coordinates":[[[-97.09036,32.65492],[-97.08896,32.65641],[-97.08981,32.65821],[-97.09206,32.65852],[-97.09346,32.65704],[-97.09261,32.65524],[-97.09036,32.65492]]]}},{"type":"Feature","properties":{"h3":"8926cbd5183ffff","mii":13,"trt":0.0,"glp1":0.0,"pharmacy":0.0,"gym":0.0,"n":0},"geometry":{"type":"Polygon","coordinates":[[[-97.094,32.65375],[-97.09261,32.65524],[-97.09346,32.65704],[-97.0957,32.65735],[-97.0971,32.65586],[-97.09625,32.65406],[-97.094,32.65375]]]}},{"type":"Feature","properties":{"h3":"8926cbd518fffff","mii":13,"trt":0.0,"glp1":0.0,"pharmacy":0.0,"gym":0.0,"n":0},"geometry":{"type":"Polygon","coordinates":[[[-97.09455,32.65046],[-97.09315,32.65195],[-97.094,32.65375],[-97.09625,32.65406],[-97.09764,32.65257],[-97.09679,32.65077],[-97.09455,32.65046]]]}},{"type":"Feature","properties":{"h3":"8926cbd51bbffff","mii":13,"trt":0.0,"glp1":0.0,"pharmacy":0.0,"gym":0.0,"n":0},"geometry":{"type":"Polygon","coordinates":[[[-97.09145,32.64835],[-97.09005,32.64984],[-97.0909,32.65164],[-97.09315,32.65195],[-97.09455,32.65046],[-97.0937,32.64866],[-97.09145,32.64835]]]}},{"type":"Feature","properties":{"h3":"8926cbd51b3ffff","mii":13,"trt":0.0,"glp1":0.0,"pharmacy":0.0,"gym":0.0,"n":0},"geometry":{"type":"Polygon","coordinates":[[[-97.08781,32.64953],[-97.08641,32.65101],[-97.08726,32.65281],[-97.08951,32.65312],[-97.0909,32.65164],[-97.09005,32.64984],[-97.08781,32.64953]]]}},{"type":"Feature","properties":{"h3":"8926cbd424bffff","mii":13,"trt":0.0,"glp1":0.0,"pharmacy":0.0,"gym":0.0,"n":0},"geometry":{"type":"Polygon","coordinates":[[[-97.08726,32.65281],[-97.08587,32.6543],[-97.08672,32.6561],[-97.08896,32.65641],[-97.09036,32.65492],[-97.08951,32.65312],[-97.08726,32.65281]]]}},{"type":"Feature","properties":{"h3":"8926cbd298fffff","mii":13,"trt":0.0,"glp1":2.75,"pharmacy":0.0,"gym":0.0,"n":5},"geometry":{"type":"Polygon","coordinates":[[[-97.10097,32.75724],[-97.09957,32.75873],[-97.10042,32.76053],[-97.10267,32.76084],[-97.10407,32.75935],[-97.10322,32.75756],[-97.10097,32.75724]]]}},{"type":"Feature","properties":{"h3":"8926cbd0d47ffff","mii":13,"trt":0.0,"glp1":2.95,"pharmacy":0.0,"gym":0.0,"n":5},"geometry":{"type":"Polygon","coordinates":[[[-97.14178,32.71922],[-97.14039,32.7207],[-97.14124,32.7225],[-97.14349,32.72281],[-97.14488,32.72133],[-97.14403,32.71953],[-97.14178,32.71922]]]}},{"type":"Feature","properties":{"h3":"8926cbc2413ffff","mii":13,"trt":0.0,"glp1":2.75,"pharmacy":0.0,"gym":0.0,"n":5},"geometry":{"type":"Polygon","coordinates":[[[-97.18878,32.68538],[-97.18739,32.68687],[-97.18824,32.68867],[-97.19049,32.68898],[-97.19188,32.68749],[-97.19103,32.68569],[-97.18878,32.68538]]]}},{"type":"Feature","properties":{"h3":"8926cbda56fffff","mii":13,"trt":0.0,"glp1":0.0,"pharmacy":0.0,"gym":0.0,"n":0},"geometry":{"type":"Polygon","coordinates":[[[-97.325,32.75961],[-97.3236,32.7611],[-97.32446,32.7629],[-97.32671,32.76321],[-97.32811,32.76172],[-97.32725,32.75992],[-97.325,32.75961]]]}},{"type":"Feature","properties":{"h3":"8926cbda1d3ffff","mii":13,"trt":0.0,"glp1":0.0,"pharmacy":0.0,"gym":0.0,"n":0},"geometry":{"type":"Polygon","coordinates":[[[-97.32865,32.75843],[-97.32725,32.75992],[-97.32811,32.76172],[-97.33036,32.76202],[-97.33176,32.76054],[-97.3309,32.75874],[-97.32865,32.75843]]]}},{"type":"Feature","properties":{"h3":"8926cbda1c3ffff","mii":13,"trt":0.0,"glp1":0.0,"pharmacy":0.0,"gym":0.0,"n":0},"geometry":{"type":"Polygon","coordinates":[[[-97.32919,32.75514],[-97.32779,32.75663],[-97.32865,32.75843],[-97.3309,32.75874],[-97.33229,32.75725],[-97.33144,32.75545],[-97.32919,32.75514]]]}},{"type":"Feature","properties":{"h3":"8926cbda1c7ffff","mii":13,"trt":0.0,"glp1":0.0,"pharmacy":0.0,"gym":0.0,"n":0},"geometry":{"type":"Polygon","coordinates":[[[-97.32608,32.75303],[-97.32468,32.75452],[-97.32554,32.75632],[-97.32779,32.75663],[-97.32919,32.75514],[-97.32833,32.75334],[-97.32608,32.75303]]]}},{"type":"Feature","properties":{"h3":"8926cbda18bffff","mii":13,"trt":0.0,"glp1":0.0,"pharmacy":0.0,"gym":0.0,"n":0},"geometry":{"type":"Polygon","coordinates":[[[-97.32243,32.75421],[-97.32103,32.7557],[-97.32189,32.7575],[-97.32414,32.75781],[-97.32554,32.75632],[-97.32468,32.75452],[-97.32243,32.75421]]]}},{"type":"Feature","properties":{"h3":"8926cbda19bffff","mii":13,"trt":0.0,"glp1":0.0,"pharmacy":0.0,"gym":0.0,"n":0},"geometry":{"type":"Polygon","coordinates":[[[-97.32189,32.7575],[-97.32049,32.75899],[-97.32135,32.76079],[-97.3236,32.7611],[-97.325,32.75961],[-97.32414,32.75781],[-97.32189,32.7575]]]}},{"type":"Feature","properties":{"h3":"8926ca341cbffff","mii":13,"trt":0.0,"glp1":0.0,"pharmacy":0.0,"gym":0.0,"n":0},"geometry":{"type":"Polygon","coordinates":[[[-97.54457,32.64153],[-97.54318,32.64302],[-97.54404,32.64482],[-97.54629,32.64512],[-97.54769,32.64363],[-97.54683,32.64183],[-97.54457,32.64153]]]}},{"type":"Feature","properties":{"h3":"8926ca34027ffff","mii":13,"trt":0.0,"glp1":0.0,"pharmacy":0.0,"gym":0.0,"n":0},"geometry":{"type":"Polygon","coordinates":[[[-97.54822,32.64034],[-97.54683,32.64183],[-97.54769,32.64363],[-97.54994,32.64394],[-97.55133,32.64244],[-97.55047,32.64064],[-97.54822,32.64034]]]}},{"type":"Feature","properties":{"h3":"8926ca3415bffff","mii":13,"trt":0.0,"glp1":0.0,"pharmacy":0.0,"gym":0.0,"n":0},"geometry":{"type":"Polygon","coordinates":[[[-97.54875,32.63705],[-97.54736,32.63854],[-97.54822,32.64034],[-97.55047,32.64064],[-97.55187,32.63915],[-97.55101,32.63735],[-97.54875,32.63705]]]}},{"type":"Feature","properties":{"h3":"8926ca34143ffff","mii":13,"trt":0.0,"glp1":0.0,"pharmacy":0.0,"gym":0.0,"n":0},"geometry":{"type":"Polygon","coordinates":[[[-97.54564,32.63494],[-97.54425,32.63644],[-97.54511,32.63824],[-97.54736,32.63854],[-97.54875,32.63705],[-97.54789,32.63525],[-97.54564,32.63494]]]}},{"type":"Feature","properties":{"h3":"8926ca34157ffff","mii":13,"trt":0.0,"glp1":0.0,"pharmacy":0.0,"gym":0.0,"n":0},"geometry":{"type":"Polygon","coordinates":[[[-97.542,32.63613],[-97.5406,32.63763],[-97.54146,32.63942],[-97.54371,32.63973],[-97.54511,32.63824],[-97.54425,32.63644],[-97.542,32.63613]]]}},{"type":"Feature","properties":{"h3":"8926ca341cfffff","mii":13,"trt":0.0,"glp1":0.0,"pharmacy":0.0,"gym":0.0,"n":0},"geometry":{"type":"Polygon","coordinates":[[[-97.54146,32.63942],[-97.54007,32.64092],[-97.54093,32.64272],[-97.54318,32.64302],[-97.54457,32.64153],[-97.54371,32.63973],[-97.54146,32.63942]]]}},{"type":"Feature","properties":{"h3":"8926cbd117bffff","mii":13,"trt":0.0,"glp1":2.85,"pharmacy":0.0,"gym":0.0,"n":5},"geometry":{"type":"Polygon","coordinates":[[[-97.25854,32.74375],[-97.25714,32.74524],[-97.25799,32.74704],[-97.26025,32.74735],[-97.26164,32.74586],[-97.26079,32.74406],[-97.25854,32.74375]]]}},{"type":"Feature","properties":{"h3":"8926c845983ffff","mii":13,"trt":0.0,"glp1":3.05,"pharmacy":0.0,"gym":0.0,"n":5},"geometry":{"type":"Polygon","coordinates":[[[-97.12623,33.18712],[-97.12483,33.18861],[-97.12568,33.1904],[-97.12794,33.19072],[-97.12934,33.18923],[-97.12849,33.18744],[-97.12623,33.18712]]]}},{"type":"Feature","properties":{"h3":"8926c8786bbffff","mii":13,"trt":0.0,"glp1":3.05,"pharmacy":0.0,"gym":0.0,"n":5},"geometry":{"type":"Polygon","coordinates":[[[-97.16075,33.1047],[-97.15935,33.10619],[-97.1602,33.10798],[-97.16246,33.1083],[-97.16386,33.10681],[-97.163,33.10502],[-97.16075,33.1047]]]}},{"type":"Feature","properties":{"h3":"8926cb916a7ffff","mii":12,"trt":0.0,"glp1":0.0,"pharmacy":0.0,"gym":0.0,"n":0},"geometry":{"type":"Polygon","coordinates":[[[-96.77154,32.78825],[-96.77014,32.78973],[-96.77098,32.79153],[-96.77323,32.79185],[-96.77463,32.79037],[-96.77378,32.78857],[-96.77154,32.78825]]]}},{"type":"Feature","properties":{"h3":"8926c845d33ffff","mii":12,"trt":0.0,"glp1":0.0,"pharmacy":0.0,"gym":0.0,"n":0},"geometry":{"type":"Polygon","coordinates":[[[-97.12093,33.19812],[-97.11952,33.19961],[-97.12038,33.2014],[-97.12264,33.20172],[-97.12404,33.20023],[-97.12318,33.19844],[-97.12093,33.19812]]]}},{"type":"Feature","properties":{"h3":"8926c845d3bffff","mii":12,"trt":0.0,"glp1":0.0,"pharmacy":0.0,"gym":0.0,"n":0},"geometry":{"type":"Polygon","coordinates":[[[-97.12459,33.19696],[-97.12318,33.19844],[-97.12404,33.20023],[-97.1263,33.20055],[-97.1277,33.19907],[-97.12684,33.19727],[-97.12459,33.19696]]]}},{"type":"Feature","properties":{"h3":"8926c845d2bffff","mii":12,"trt":0.0,"glp1":0.0,"pharmacy":0.0,"gym":0.0,"n":0},"geometry":{"type":"Polygon","coordinates":[[[-97.12513,33.19368],[-97.12373,33.19516],[-97.12459,33.19696],[-97.12684,33.19727],[-97.12825,33.19579],[-97.12739,33.19399],[-97.12513,33.19368]]]}},{"type":"Feature","properties":{"h3":"8926c845d2fffff","mii":12,"trt":0.0,"glp1":0.0,"pharmacy":0.0,"gym":0.0,"n":0},"geometry":{"type":"Polygon","coordinates":[[[-97.12202,33.19157],[-97.12062,33.19305],[-97.12147,33.19485],[-97.12373,33.19516],[-97.12513,33.19368],[-97.12428,33.19188],[-97.12202,33.19157]]]}},{"type":"Feature","properties":{"h3":"8926c845d27ffff","mii":12,"trt":0.0,"glp1":0.0,"pharmacy":0.0,"gym":0.0,"n":0},"geometry":{"type":"Polygon","coordinates":[[[-97.11836,33.19274],[-97.11696,33.19422],[-97.11781,33.19601],[-97.12007,33.19633],[-97.12147,33.19485],[-97.12062,33.19305],[-97.11836,33.19274]]]}},{"type":"Feature","properties":{"h3":"8926c845d37ffff","mii":12,"trt":0.0,"glp1":0.0,"pharmacy":0.0,"gym":0.0,"n":0},"geometry":{"type":"Polygon","coordinates":[[[-97.11781,33.19601],[-97.11641,33.1975],[-97.11727,33.19929],[-97.11952,33.19961],[-97.12093,33.19812],[-97.12007,33.19633],[-97.11781,33.19601]]]}},{"type":"Feature","properties":{"h3":"8926cbd7593ffff","mii":12,"trt":0.5,"glp1":0.0,"pharmacy":0.0,"gym":0.0,"n":1},"geometry":{"type":"Polygon","coordinates":[[[-97.05649,32.73425],[-97.05509,32.73573],[-97.05594,32.73753],[-97.05819,32.73785],[-97.05958,32.73636],[-97.05873,32.73456],[-97.05649,32.73425]]]}},{"type":"Feature","properties":{"h3":"8926c828337ffff","mii":12,"trt":0.5,"glp1":0.0,"pharmacy":0.0,"gym":0.0,"n":1},"geometry":{"type":"Polygon","coordinates":[[[-96.6581,32.90807],[-96.6567,32.90955],[-96.65754,32.91135],[-96.65979,32.91167],[-96.66119,32.91019],[-96.66035,32.90839],[-96.6581,32.90807]]]}},{"type":"Feature","properties":{"h3":"8926c82b47bffff","mii":12,"trt":0.5,"glp1":0.0,"pharmacy":0.0,"gym":0.0,"n":1},"geometry":{"type":"Polygon","coordinates":[[[-96.7068,33.0073],[-96.7054,33.00877],[-96.70624,33.01057],[-96.70849,33.01089],[-96.70989,33.00941],[-96.70905,33.00762],[-96.7068,33.0073]]]}},{"type":"Feature","properties":{"h3":"8926c86582bffff","mii":12,"trt":0.5,"glp1":0.0,"pharmacy":0.0,"gym":0.0,"n":1},"geometry":{"type":"Polygon","coordinates":[[[-96.87347,32.81778],[-96.87207,32.81926],[-96.87292,32.82106],[-96.87516,32.82138],[-96.87656,32.8199],[-96.87572,32.8181],[-96.87347,32.81778]]]}},{"type":"Feature","properties":{"h3":"8926cbdae0fffff","mii":12,"trt":0.0,"glp1":0.0,"pharmacy":0.0,"gym":0.0,"n":0},"geometry":{"type":"Polygon","coordinates":[[[-97.32783,32.72133],[-97.32643,32.72282],[-97.32729,32.72462],[-97.32954,32.72493],[-97.33093,32.72344],[-97.33008,32.72164],[-97.32783,32.72133]]]}},{"type":"Feature","properties":{"h3":"8926c86c2d7ffff","mii":12,"trt":0.5,"glp1":0.0,"pharmacy":0.0,"gym":0.0,"n":1},"geometry":{"type":"Polygon","coordinates":[[[-97.04846,32.82385],[-97.04707,32.82534],[-97.04792,32.82713],[-97.05017,32.82745],[-97.05156,32.82596],[-97.05071,32.82417],[-97.04846,32.82385]]]}},{"type":"Feature","properties":{"h3":"8926cbda373ffff","mii":12,"trt":0.5,"glp1":0.0,"pharmacy":0.0,"gym":0.0,"n":1},"geometry":{"type":"Polygon","coordinates":[[[-97.35323,32.7349],[-97.35183,32.73639],[-97.35269,32.73819],[-97.35494,32.7385],[-97.35634,32.73701],[-97.35548,32.73521],[-97.35323,32.7349]]]}},{"type":"Feature","properties":{"h3":"8926cbd882fffff","mii":12,"trt":0.5,"glp1":0.0,"pharmacy":0.0,"gym":0.0,"n":1},"geometry":{"type":"Polygon","coordinates":[[[-97.33348,32.64476],[-97.33208,32.64625],[-97.33294,32.64805],[-97.33519,32.64836],[-97.33658,32.64687],[-97.33573,32.64507],[-97.33348,32.64476]]]}},{"type":"Feature","properties":{"h3":"8926cbc7093ffff","mii":12,"trt":0.5,"glp1":0.0,"pharmacy":0.0,"gym":0.0,"n":1},"geometry":{"type":"Polygon","coordinates":[[[-97.10871,32.56499],[-97.10732,32.56648],[-97.10817,32.56828],[-97.11041,32.56859],[-97.11181,32.5671],[-97.11096,32.5653],[-97.10871,32.56499]]]}},{"type":"Feature","properties":{"h3":"8926c86f22fffff","mii":12,"trt":0.5,"glp1":0.0,"pharmacy":0.0,"gym":0.0,"n":1},"geometry":{"type":"Polygon","coordinates":[[[-97.08094,32.85693],[-97.07954,32.85842],[-97.08039,32.86021],[-97.08264,32.86053],[-97.08404,32.85904],[-97.08319,32.85725],[-97.08094,32.85693]]]}},{"type":"Feature","properties":{"h3":"8926cb99b63ffff","mii":12,"trt":0.0,"glp1":0.0,"pharmacy":0.0,"gym":0.0,"n":0},"geometry":{"type":"Polygon","coordinates":[[[-96.91105,32.6349],[-96.90966,32.63638],[-96.9105,32.63818],[-96.91275,32.6385],[-96.91414,32.63701],[-96.9133,32.63522],[-96.91105,32.6349]]]}},{"type":"Feature","properties":{"h3":"8926cb99b6bffff","mii":12,"trt":0.0,"glp1":0.0,"pharmacy":0.0,"gym":0.0,"n":0},"geometry":{"type":"Polygon","coordinates":[[[-96.91469,32.63373],[-96.9133,32.63522],[-96.91414,32.63701],[-96.91639,32.63733],[-96.91778,32.63585],[-96.91694,32.63405],[-96.91469,32.63373]]]}},{"type":"Feature","properties":{"h3":"8926cb8b5d3ffff","mii":12,"trt":0.0,"glp1":0.0,"pharmacy":0.0,"gym":0.0,"n":0},"geometry":{"type":"Polygon","coordinates":[[[-96.91524,32.63045],[-96.91385,32.63193],[-96.91469,32.63373],[-96.91694,32.63405],[-96.91833,32.63256],[-96.91749,32.63076],[-96.91524,32.63045]]]}},{"type":"Feature","properties":{"h3":"8926cb8b5d7ffff","mii":12,"trt":0.0,"glp1":0.0,"pharmacy":0.0,"gym":0.0,"n":0},"geometry":{"type":"Polygon","coordinates":[[[-96.91215,32.62833],[-96.91076,32.62982],[-96.9116,32.63162],[-96.91385,32.63193],[-96.91524,32.63045],[-96.9144,32.62865],[-96.91215,32.62833]]]}},{"type":"Feature","properties":{"h3":"8926cb8b59bffff","mii":12,"trt":0.0,"glp1":0.0,"pharmacy":0.0,"gym":0.0,"n":0},"geometry":{"type":"Polygon","coordinates":[[[-96.90851,32.6295],[-96.90712,32.63098],[-96.90796,32.63278],[-96.91021,32.6331],[-96.9116,32.63162],[-96.91076,32.62982],[-96.90851,32.6295]]]}},{"type":"Feature","properties":{"h3":"8926cb99b67ffff","mii":12,"trt":0.0,"glp1":0.0,"pharmacy":0.0,"gym":0.0,"n":0},"geometry":{"type":"Polygon","coordinates":[[[-96.90796,32.63278],[-96.90657,32.63427],[-96.90741,32.63607],[-96.90966,32.63638],[-96.91105,32.6349],[-96.91021,32.6331],[-96.90796,32.63278]]]}},{"type":"Feature","properties":{"h3":"8926c828ab3ffff","mii":12,"trt":0.0,"glp1":0.0,"pharmacy":0.0,"gym":0.0,"n":0},"geometry":{"type":"Polygon","coordinates":[[[-96.63872,32.88013],[-96.63732,32.8816],[-96.63816,32.8834],[-96.6404,32.88372],[-96.6418,32.88225],[-96.64096,32.88045],[-96.63872,32.88013]]]}},{"type":"Feature","properties":{"h3":"8926c828abbffff","mii":12,"trt":0.0,"glp1":0.0,"pharmacy":0.0,"gym":0.0,"n":0},"geometry":{"type":"Polygon","coordinates":[[[-96.64236,32.87897],[-96.64096,32.88045],[-96.6418,32.88225],[-96.64405,32.88257],[-96.64545,32.88109],[-96.64461,32.87929],[-96.64236,32.87897]]]}},{"type":"Feature","properties":{"h3":"8926c828aabffff","mii":12,"trt":0.0,"glp1":0.0,"pharmacy":0.0,"gym":0.0,"n":0},"geometry":{"type":"Polygon","coordinates":[[[-96.64292,32.87569],[-96.64152,32.87717],[-96.64236,32.87897],[-96.64461,32.87929],[-96.64601,32.87781],[-96.64517,32.87601],[-96.64292,32.87569]]]}},{"type":"Feature","properties":{"h3":"8926c828aafffff","mii":12,"trt":0.0,"glp1":0.0,"pharmacy":0.0,"gym":0.0,"n":0},"geometry":{"type":"Polygon","coordinates":[[[-96.63983,32.87357],[-96.63843,32.87505],[-96.63928,32.87685],[-96.64152,32.87717],[-96.64292,32.87569],[-96.64208,32.87389],[-96.63983,32.87357]]]}},{"type":"Feature","properties":{"h3":"8926c828aa7ffff","mii":12,"trt":0.0,"glp1":0.0,"pharmacy":0.0,"gym":0.0,"n":0},"geometry":{"type":"Polygon","coordinates":[[[-96.63619,32.87473],[-96.63479,32.87621],[-96.63563,32.87801],[-96.63787,32.87833],[-96.63928,32.87685],[-96.63843,32.87505],[-96.63619,32.87473]]]}},{"type":"Feature","properties":{"h3":"8926c828ab7ffff","mii":12,"trt":0.0,"glp1":0.0,"pharmacy":0.0,"gym":0.0,"n":0},"geometry":{"type":"Polygon","coordinates":[[[-96.63563,32.87801],[-96.63423,32.87948],[-96.63507,32.88128],[-96.63732,32.8816],[-96.63872,32.88013],[-96.63787,32.87833],[-96.63563,32.87801]]]}},{"type":"Feature","properties":{"h3":"8926c8215cfffff","mii":12,"trt":0.0,"glp1":0.0,"pharmacy":0.0,"gym":0.0,"n":0},"geometry":{"type":"Polygon","coordinates":[[[-96.53804,33.00492],[-96.53664,33.00639],[-96.53748,33.00819],[-96.53972,33.00851],[-96.54113,33.00704],[-96.54028,33.00524],[-96.53804,33.00492]]]}},{"type":"Feature","properties":{"h3":"8926c821553ffff","mii":12,"trt":0.0,"glp1":0.0,"pharmacy":0.0,"gym":0.0,"n":0},"geometry":{"type":"Polygon","coordinates":[[[-96.54169,33.00376],[-96.54028,33.00524],[-96.54113,33.00704],[-96.54337,33.00736],[-96.54478,33.00589],[-96.54393,33.00409],[-96.54169,33.00376]]]}},{"type":"Feature","properties":{"h3":"8926c821543ffff","mii":12,"trt":0.0,"glp1":0.0,"pharmacy":0.0,"gym":0.0,"n":0},"geometry":{"type":"Polygon","coordinates":[[[-96.54225,33.00049],[-96.54085,33.00197],[-96.54169,33.00376],[-96.54393,33.00409],[-96.54534,33.00261],[-96.54449,33.00081],[-96.54225,33.00049]]]}},{"type":"Feature","properties":{"h3":"8926c821547ffff","mii":12,"trt":0.0,"glp1":0.0,"pharmacy":0.0,"gym":0.0,"n":0},"geometry":{"type":"Polygon","coordinates":[[[-96.53916,32.99837],[-96.53776,32.99984],[-96.5386,33.00164],[-96.54085,33.00197],[-96.54225,33.00049],[-96.54141,32.99869],[-96.53916,32.99837]]]}},{"type":"Feature","properties":{"h3":"8926c82150bffff","mii":12,"trt":0.0,"glp1":0.0,"pharmacy":0.0,"gym":0.0,"n":0},"geometry":{"type":"Polygon","coordinates":[[[-96.53551,32.99952],[-96.53411,33.001],[-96.53495,33.00279],[-96.5372,33.00312],[-96.5386,33.00164],[-96.53776,32.99984],[-96.53551,32.99952]]]}},{"type":"Feature","properties":{"h3":"8926c82151bffff","mii":12,"trt":0.0,"glp1":0.0,"pharmacy":0.0,"gym":0.0,"n":0},"geometry":{"type":"Polygon","coordinates":[[[-96.53495,33.00279],[-96.53355,33.00427],[-96.53439,33.00607],[-96.53664,33.00639],[-96.53804,33.00492],[-96.5372,33.00312],[-96.53495,33.00279]]]}},{"type":"Feature","properties":{"h3":"8926c86eed7ffff","mii":12,"trt":0.0,"glp1":0.0,"pharmacy":0.0,"gym":0.0,"n":0},"geometry":{"type":"Polygon","coordinates":[[[-96.97186,32.84841],[-96.97046,32.84989],[-96.97131,32.85169],[-96.97356,32.852],[-96.97496,32.85052],[-96.97411,32.84872],[-96.97186,32.84841]]]}},{"type":"Feature","properties":{"h3":"8926c86eec3ffff","mii":12,"trt":0.0,"glp1":0.0,"pharmacy":0.0,"gym":0.0,"n":0},"geometry":{"type":"Polygon","coordinates":[[[-96.97551,32.84724],[-96.97411,32.84872],[-96.97496,32.85052],[-96.97721,32.85084],[-96.97861,32.84935],[-96.97776,32.84755],[-96.97551,32.84724]]]}},{"type":"Feature","properties":{"h3":"8926c86eecfffff","mii":12,"trt":0.0,"glp1":0.0,"pharmacy":0.0,"gym":0.0,"n":0},"geometry":{"type":"Polygon","coordinates":[[[-96.97606,32.84396],[-96.97466,32.84544],[-96.97551,32.84724],[-96.97776,32.84755],[-96.97916,32.84607],[-96.97831,32.84427],[-96.97606,32.84396]]]}},{"type":"Feature","properties":{"h3":"8926c86ee1bffff","mii":12,"trt":0.0,"glp1":0.0,"pharmacy":0.0,"gym":0.0,"n":0},"geometry":{"type":"Polygon","coordinates":[[[-96.97296,32.84184],[-96.97156,32.84333],[-96.97241,32.84513],[-96.97466,32.84544],[-96.97606,32.84396],[-96.97521,32.84216],[-96.97296,32.84184]]]}},{"type":"Feature","properties":{"h3":"8926c86ee13ffff","mii":12,"trt":0.0,"glp1":0.0,"pharmacy":0.0,"gym":0.0,"n":0},"geometry":{"type":"Polygon","coordinates":[[[-96.96931,32.84301],[-96.96791,32.8445],[-96.96876,32.84629],[-96.97101,32.84661],[-96.97241,32.84513],[-96.97156,32.84333],[-96.96931,32.84301]]]}},{"type":"Feature","properties":{"h3":"8926c86ee8bffff","mii":12,"trt":0.0,"glp1":0.0,"pharmacy":0.0,"gym":0.0,"n":0},"geometry":{"type":"Polygon","coordinates":[[[-96.96876,32.84629],[-96.96736,32.84778],[-96.96821,32.84958],[-96.97046,32.84989],[-96.97186,32.84841],[-96.97101,32.84661],[-96.96876,32.84629]]]}},{"type":"Feature","properties":{"h3":"8926c864d37ffff","mii":12,"trt":0.0,"glp1":2.3,"pharmacy":0.0,"gym":0.0,"n":4},"geometry":{"type":"Polygon","coordinates":[[[-96.76798,32.82972],[-96.76658,32.8312],[-96.76742,32.833],[-96.76967,32.83332],[-96.77107,32.83184],[-96.77022,32.83004],[-96.76798,32.82972]]]}},{"type":"Feature","properties":{"h3":"8926c806323ffff","mii":12,"trt":0.0,"glp1":2.3,"pharmacy":0.0,"gym":0.0,"n":4},"geometry":{"type":"Polygon","coordinates":[[[-96.57349,33.2815],[-96.57208,33.28298],[-96.57292,33.28477],[-96.57518,33.2851],[-96.57658,33.28362],[-96.57574,33.28183],[-96.57349,33.2815]]]}},{"type":"Feature","properties":{"h3":"8926cbd5c77ffff","mii":12,"trt":0.0,"glp1":2.3,"pharmacy":0.0,"gym":0.0,"n":4},"geometry":{"type":"Polygon","coordinates":[[[-97.07815,32.62464],[-97.07675,32.62613],[-97.0776,32.62793],[-97.07985,32.62824],[-97.08124,32.62676],[-97.08039,32.62496],[-97.07815,32.62464]]]}},{"type":"Feature","properties":{"h3":"8926cbca387ffff","mii":12,"trt":0.0,"glp1":0.0,"pharmacy":0.0,"gym":0.0,"n":0},"geometry":{"type":"Polygon","coordinates":[[[-97.3676,32.58383],[-97.3662,32.58532],[-97.36706,32.58712],[-97.36931,32.58742],[-97.3707,32.58593],[-97.36984,32.58413],[-97.3676,32.58383]]]}},{"type":"Feature","properties":{"h3":"8926cbca38fffff","mii":12,"trt":0.0,"glp1":0.0,"pharmacy":0.0,"gym":0.0,"n":0},"geometry":{"type":"Polygon","coordinates":[[[-97.37124,32.58264],[-97.36984,32.58413],[-97.3707,32.58593],[-97.37295,32.58624],[-97.37434,32.58475],[-97.37349,32.58295],[-97.37124,32.58264]]]}},{"type":"Feature","properties":{"h3":"8926cbca317ffff","mii":12,"trt":0.0,"glp1":0.0,"pharmacy":0.0,"gym":0.0,"n":0},"geometry":{"type":"Polygon","coordinates":[[[-97.37178,32.57935],[-97.37038,32.58084],[-97.37124,32.58264],[-97.37349,32.58295],[-97.37488,32.58146],[-97.37402,32.57966],[-97.37178,32.57935]]]}},{"type":"Feature","properties":{"h3":"8926cbca3abffff","mii":12,"trt":0.0,"glp1":0.0,"pharmacy":0.0,"gym":0.0,"n":0},"geometry":{"type":"Polygon","coordinates":[[[-97.36867,32.57724],[-97.36728,32.57873],[-97.36813,32.58053],[-97.37038,32.58084],[-97.37178,32.57935],[-97.37092,32.57755],[-97.36867,32.57724]]]}},{"type":"Feature","properties":{"h3":"8926cbca3a3ffff","mii":12,"trt":0.0,"glp1":0.0,"pharmacy":0.0,"gym":0.0,"n":0},"geometry":{"type":"Polygon","coordinates":[[[-97.36503,32.57843],[-97.36363,32.57992],[-97.36449,32.58172],[-97.36674,32.58203],[-97.36813,32.58053],[-97.36728,32.57873],[-97.36503,32.57843]]]}},{"type":"Feature","properties":{"h3":"8926cbca3b3ffff","mii":12,"trt":0.0,"glp1":0.0,"pharmacy":0.0,"gym":0.0,"n":0},"geometry":{"type":"Polygon","coordinates":[[[-97.36449,32.58172],[-97.3631,32.58321],[-97.36395,32.58501],[-97.3662,32.58532],[-97.3676,32.58383],[-97.36674,32.58203],[-97.36449,32.58172]]]}},{"type":"Feature","properties":{"h3":"8926caa1b9bffff","mii":12,"trt":0.0,"glp1":0.0,"pharmacy":0.0,"gym":0.0,"n":0},"geometry":{"type":"Polygon","coordinates":[[[-97.53986,32.90485],[-97.53847,32.90634],[-97.53933,32.90813],[-97.54159,32.90844],[-97.54298,32.90695],[-97.54212,32.90515],[-97.53986,32.90485]]]}},{"type":"Feature","properties":{"h3":"8926caa1bd7ffff","mii":12,"trt":0.0,"glp1":0.0,"pharmacy":0.0,"gym":0.0,"n":0},"geometry":{"type":"Polygon","coordinates":[[[-97.54352,32.90366],[-97.54212,32.90515],[-97.54298,32.90695],[-97.54524,32.90725],[-97.54664,32.90576],[-97.54578,32.90397],[-97.54352,32.90366]]]}},{"type":"Feature","properties":{"h3":"8926caa1bc7ffff","mii":12,"trt":0.0,"glp1":0.0,"pharmacy":0.0,"gym":0.0,"n":0},"geometry":{"type":"Polygon","coordinates":[[[-97.54405,32.90037],[-97.54266,32.90186],[-97.54352,32.90366],[-97.54578,32.90397],[-97.54717,32.90247],[-97.54631,32.90068],[-97.54405,32.90037]]]}},{"type":"Feature","properties":{"h3":"8926caa1b13ffff","mii":12,"trt":0.0,"glp1":0.0,"pharmacy":0.0,"gym":0.0,"n":0},"geometry":{"type":"Polygon","coordinates":[[[-97.54093,32.89827],[-97.53954,32.89976],[-97.5404,32.90156],[-97.54266,32.90186],[-97.54405,32.90037],[-97.54319,32.89858],[-97.54093,32.89827]]]}},{"type":"Feature","properties":{"h3":"8926caa1b8fffff","mii":12,"trt":0.0,"glp1":0.0,"pharmacy":0.0,"gym":0.0,"n":0},"geometry":{"type":"Polygon","coordinates":[[[-97.53728,32.89946],[-97.53588,32.90095],[-97.53674,32.90274],[-97.539,32.90305],[-97.5404,32.90156],[-97.53954,32.89976],[-97.53728,32.89946]]]}},{"type":"Feature","properties":{"h3":"8926caa1b83ffff","mii":12,"trt":0.0,"glp1":0.0,"pharmacy":0.0,"gym":0.0,"n":0},"geometry":{"type":"Polygon","coordinates":[[[-97.53674,32.90274],[-97.53535,32.90423],[-97.53621,32.90603],[-97.53847,32.90634],[-97.53986,32.90485],[-97.539,32.90305],[-97.53674,32.90274]]]}},{"type":"Feature","properties":{"h3":"8926cbda44fffff","mii":12,"trt":0.0,"glp1":0.0,"pharmacy":0.0,"gym":0.0,"n":0},"geometry":{"type":"Polygon","coordinates":[[[-97.35244,32.78186],[-97.35104,32.78335],[-97.3519,32.78515],[-97.35415,32.78545],[-97.35555,32.78396],[-97.35469,32.78217],[-97.35244,32.78186]]]}},{"type":"Feature","properties":{"h3":"8926cbda6b3ffff","mii":12,"trt":0.0,"glp1":0.0,"pharmacy":0.0,"gym":0.0,"n":0},"geometry":{"type":"Polygon","coordinates":[[[-97.35609,32.78068],[-97.35469,32.78217],[-97.35555,32.78396],[-97.3578,32.78427],[-97.3592,32.78278],[-97.35834,32.78099],[-97.35609,32.78068]]]}},{"type":"Feature","properties":{"h3":"8926cbda6a3ffff","mii":12,"trt":0.0,"glp1":0.0,"pharmacy":0.0,"gym":0.0,"n":0},"geometry":{"type":"Polygon","coordinates":[[[-97.35663,32.77739],[-97.35523,32.77888],[-97.35609,32.78068],[-97.35834,32.78099],[-97.35974,32.7795],[-97.35888,32.7777],[-97.35663,32.77739]]]}},{"type":"Feature","properties":{"h3":"8926cbda6a7ffff","mii":12,"trt":0.0,"glp1":0.0,"pharmacy":0.0,"gym":0.0,"n":0},"geometry":{"type":"Polygon","coordinates":[[[-97.35352,32.77528],[-97.35212,32.77677],[-97.35298,32.77857],[-97.35523,32.77888],[-97.35663,32.77739],[-97.35577,32.77559],[-97.35352,32.77528]]]}},{"type":"Feature","properties":{"h3":"8926cbda46bffff","mii":12,"trt":0.0,"glp1":0.0,"pharmacy":0.0,"gym":0.0,"n":0},"geometry":{"type":"Polygon","coordinates":[[[-97.34987,32.77646],[-97.34847,32.77795],[-97.34933,32.77975],[-97.35158,32.78006],[-97.35298,32.77857],[-97.35212,32.77677],[-97.34987,32.77646]]]}},{"type":"Feature","properties":{"h3":"8926cbda47bffff","mii":12,"trt":0.0,"glp1":0.0,"pharmacy":0.0,"gym":0.0,"n":0},"geometry":{"type":"Polygon","coordinates":[[[-97.34933,32.77975],[-97.34794,32.78124],[-97.34879,32.78304],[-97.35104,32.78335],[-97.35244,32.78186],[-97.35158,32.78006],[-97.34933,32.77975]]]}},{"type":"Feature","properties":{"h3":"8926cbdaacfffff","mii":12,"trt":0.0,"glp1":2.3,"pharmacy":0.0,"gym":0.0,"n":4},"geometry":{"type":"Polygon","coordinates":[[[-97.33728,32.70582],[-97.33588,32.70731],[-97.33674,32.7091],[-97.33899,32.70941],[-97.34038,32.70792],[-97.33953,32.70612],[-97.33728,32.70582]]]}},{"type":"Feature","properties":{"h3":"8926cbd8077ffff","mii":12,"trt":0.0,"glp1":0.0,"pharmacy":0.0,"gym":0.0,"n":0},"geometry":{"type":"Polygon","coordinates":[[[-97.37942,32.70149],[-97.37802,32.70298],[-97.37888,32.70478],[-97.38113,32.70509],[-97.38253,32.7036],[-97.38167,32.7018],[-97.37942,32.70149]]]}},{"type":"Feature","properties":{"h3":"8926cbd8063ffff","mii":12,"trt":0.0,"glp1":0.0,"pharmacy":0.0,"gym":0.0,"n":0},"geometry":{"type":"Polygon","coordinates":[[[-97.38307,32.70031],[-97.38167,32.7018],[-97.38253,32.7036],[-97.38478,32.70391],[-97.38617,32.70242],[-97.38532,32.70062],[-97.38307,32.70031]]]}},{"type":"Feature","properties":{"h3":"8926cbd806fffff","mii":12,"trt":0.0,"glp1":0.0,"pharmacy":0.0,"gym":0.0,"n":0},"geometry":{"type":"Polygon","coordinates":[[[-97.3836,32.69702],[-97.38221,32.69851],[-97.38307,32.70031],[-97.38532,32.70062],[-97.38671,32.69913],[-97.38586,32.69733],[-97.3836,32.69702]]]}},{"type":"Feature","properties":{"h3":"8926cbd839bffff","mii":12,"trt":0.0,"glp1":0.0,"pharmacy":0.0,"gym":0.0,"n":0},"geometry":{"type":"Polygon","coordinates":[[[-97.38049,32.69491],[-97.3791,32.6964],[-97.37996,32.6982],[-97.38221,32.69851],[-97.3836,32.69702],[-97.38275,32.69522],[-97.38049,32.69491]]]}},{"type":"Feature","properties":{"h3":"8926cbd8393ffff","mii":12,"trt":0.0,"glp1":0.0,"pharmacy":0.0,"gym":0.0,"n":0},"geometry":{"type":"Polygon","coordinates":[[[-97.37685,32.6961],[-97.37545,32.69759],[-97.37631,32.69939],[-97.37856,32.69969],[-97.37996,32.6982],[-97.3791,32.6964],[-97.37685,32.6961]]]}},{"type":"Feature","properties":{"h3":"8926cbd802bffff","mii":12,"trt":0.0,"glp1":0.0,"pharmacy":0.0,"gym":0.0,"n":0},"geometry":{"type":"Polygon","coordinates":[[[-97.37631,32.69939],[-97.37492,32.70088],[-97.37577,32.70268],[-97.37802,32.70298],[-97.37942,32.70149],[-97.37856,32.69969],[-97.37631,32.69939]]]}},{"type":"Feature","properties":{"h3":"8926cbd940fffff","mii":12,"trt":0.0,"glp1":0.0,"pharmacy":0.0,"gym":0.0,"n":0},"geometry":{"type":"Polygon","coordinates":[[[-97.44795,32.72597],[-97.44656,32.72746],[-97.44742,32.72926],[-97.44967,32.72957],[-97.45107,32.72808],[-97.45021,32.72628],[-97.44795,32.72597]]]}},{"type":"Feature","properties":{"h3":"8926cbd9473ffff","mii":12,"trt":0.0,"glp1":0.0,"pharmacy":0.0,"gym":0.0,"n":0},"geometry":{"type":"Polygon","coordinates":[[[-97.4516,32.72479],[-97.45021,32.72628],[-97.45107,32.72808],[-97.45332,32.72838],[-97.45471,32.72689],[-97.45386,32.72509],[-97.4516,32.72479]]]}},{"type":"Feature","properties":{"h3":"8926cbd9463ffff","mii":12,"trt":0.0,"glp1":0.0,"pharmacy":0.0,"gym":0.0,"n":0},"geometry":{"type":"Polygon","coordinates":[[[-97.45214,32.7215],[-97.45074,32.72299],[-97.4516,32.72479],[-97.45386,32.72509],[-97.45525,32.7236],[-97.45439,32.7218],[-97.45214,32.7215]]]}},{"type":"Feature","properties":{"h3":"8926cbd9467ffff","mii":12,"trt":0.0,"glp1":0.0,"pharmacy":0.0,"gym":0.0,"n":0},"geometry":{"type":"Polygon","coordinates":[[[-97.44903,32.71939],[-97.44763,32.72088],[-97.44849,32.72268],[-97.45074,32.72299],[-97.45214,32.7215],[-97.45128,32.7197],[-97.44903,32.71939]]]}},{"type":"Feature","properties":{"h3":"8926cbd942bffff","mii":12,"trt":0.0,"glp1":0.0,"pharmacy":0.0,"gym":0.0,"n":0},"geometry":{"type":"Polygon","coordinates":[[[-97.44538,32.72058],[-97.44398,32.72207],[-97.44484,32.72387],[-97.4471,32.72417],[-97.44849,32.72268],[-97.44763,32.72088],[-97.44538,32.72058]]]}},{"type":"Feature","properties":{"h3":"8926cbd943bffff","mii":12,"trt":0.0,"glp1":0.0,"pharmacy":0.0,"gym":0.0,"n":0},"geometry":{"type":"Polygon","coordinates":[[[-97.44484,32.72387],[-97.44345,32.72536],[-97.44431,32.72716],[-97.44656,32.72746],[-97.44795,32.72597],[-97.4471,32.72417],[-97.44484,32.72387]]]}},{"type":"Feature","properties":{"h3":"8926c879a47ffff","mii":12,"trt":0.0,"glp1":0.0,"pharmacy":0.0,"gym":0.0,"n":0},"geometry":{"type":"Polygon","coordinates":[[[-97.21241,33.02293],[-97.21101,33.02441],[-97.21187,33.02621],[-97.21412,33.02652],[-97.21552,33.02503],[-97.21467,33.02324],[-97.21241,33.02293]]]}},{"type":"Feature","properties":{"h3":"8926c879a4fffff","mii":12,"trt":0.0,"glp1":0.0,"pharmacy":0.0,"gym":0.0,"n":0},"geometry":{"type":"Polygon","coordinates":[[[-97.21607,33.02175],[-97.21467,33.02324],[-97.21552,33.02503],[-97.21778,33.02535],[-97.21918,33.02386],[-97.21832,33.02206],[-97.21607,33.02175]]]}},{"type":"Feature","properties":{"h3":"8926cab69b7ffff","mii":12,"trt":0.0,"glp1":0.0,"pharmacy":0.0,"gym":0.0,"n":0},"geometry":{"type":"Polygon","coordinates":[[[-97.21661,33.01847],[-97.21521,33.01996],[-97.21607,33.02175],[-97.21832,33.02206],[-97.21972,33.02058],[-97.21887,33.01878],[-97.21661,33.01847]]]}},{"type":"Feature","properties":{"h3":"8926c879a6bffff","mii":12,"trt":0.0,"glp1":0.0,"pharmacy":0.0,"gym":0.0,"n":0},"geometry":{"type":"Polygon","coordinates":[[[-97.2135,33.01636],[-97.2121,33.01785],[-97.21295,33.01964],[-97.21521,33.01996],[-97.21661,33.01847],[-97.21575,33.01667],[-97.2135,33.01636]]]}},{"type":"Feature","properties":{"h3":"8926c879a63ffff","mii":12,"trt":0.0,"glp1":0.0,"pharmacy":0.0,"gym":0.0,"n":0},"geometry":{"type":"Polygon","coordinates":[[[-97.20984,33.01754],[-97.20844,33.01902],[-97.2093,33.02082],[-97.21155,33.02113],[-97.21295,33.01964],[-97.2121,33.01785],[-97.20984,33.01754]]]}},{"type":"Feature","properties":{"h3":"8926c879a73ffff","mii":12,"trt":0.0,"glp1":0.0,"pharmacy":0.0,"gym":0.0,"n":0},"geometry":{"type":"Polygon","coordinates":[[[-97.2093,33.02082],[-97.2079,33.0223],[-97.20876,33.0241],[-97.21101,33.02441],[-97.21241,33.02293],[-97.21155,33.02113],[-97.2093,33.02082]]]}},{"type":"Feature","properties":{"h3":"8926cb912b7ffff","mii":12,"trt":0.0,"glp1":0.0,"pharmacy":0.0,"gym":0.0,"n":0},"geometry":{"type":"Polygon","coordinates":[[[-96.77486,32.76857],[-96.77346,32.77005],[-96.77431,32.77185],[-96.77655,32.77217],[-96.77795,32.77069],[-96.77711,32.76889],[-96.77486,32.76857]]]}},{"type":"Feature","properties":{"h3":"8926cb912a3ffff","mii":12,"trt":0.0,"glp1":0.0,"pharmacy":0.0,"gym":0.0,"n":0},"geometry":{"type":"Polygon","coordinates":[[[-96.77851,32.76741],[-96.77711,32.76889],[-96.77795,32.77069],[-96.7802,32.771],[-96.7816,32.76952],[-96.78075,32.76772],[-96.77851,32.76741]]]}},{"type":"Feature","properties":{"h3":"8926cb912afffff","mii":12,"trt":0.0,"glp1":0.0,"pharmacy":0.0,"gym":0.0,"n":0},"geometry":{"type":"Polygon","coordinates":[[[-96.77906,32.76413],[-96.77766,32.76561],[-96.77851,32.76741],[-96.78075,32.76772],[-96.78215,32.76624],[-96.78131,32.76444],[-96.77906,32.76413]]]}},{"type":"Feature","properties":{"h3":"8926cb913dbffff","mii":12,"trt":0.0,"glp1":0.0,"pharmacy":0.0,"gym":0.0,"n":0},"geometry":{"type":"Polygon","coordinates":[[[-96.77597,32.76201],[-96.77457,32.76349],[-96.77542,32.76529],[-96.77766,32.76561],[-96.77906,32.76413],[-96.77822,32.76233],[-96.77597,32.76201]]]}},{"type":"Feature","properties":{"h3":"8926cb913d3ffff","mii":12,"trt":0.0,"glp1":0.0,"pharmacy":0.0,"gym":0.0,"n":0},"geometry":{"type":"Polygon","coordinates":[[[-96.77233,32.76317],[-96.77093,32.76465],[-96.77177,32.76645],[-96.77402,32.76677],[-96.77542,32.76529],[-96.77457,32.76349],[-96.77233,32.76317]]]}},{"type":"Feature","properties":{"h3":"8926cb9106bffff","mii":12,"trt":0.0,"glp1":0.0,"pharmacy":0.0,"gym":0.0,"n":0},"geometry":{"type":"Polygon","coordinates":[[[-96.77177,32.76645],[-96.77038,32.76793],[-96.77122,32.76973],[-96.77346,32.77005],[-96.77486,32.76857],[-96.77402,32.76677],[-96.77177,32.76645]]]}},{"type":"Feature","properties":{"h3":"8926c866863ffff","mii":11,"trt":0.0,"glp1":0.0,"pharmacy":0.0,"gym":0.0,"n":0},"geometry":{"type":"Polygon","coordinates":[[[-96.77424,32.87426],[-96.77284,32.87574],[-96.77369,32.87754],[-96.77593,32.87786],[-96.77733,32.87638],[-96.77649,32.87458],[-96.77424,32.87426]]]}},{"type":"Feature","properties":{"h3":"8926c86686fffff","mii":11,"trt":0.0,"glp1":0.0,"pharmacy":0.0,"gym":0.0,"n":0},"geometry":{"type":"Polygon","coordinates":[[[-96.7748,32.87098],[-96.77339,32.87246],[-96.77424,32.87426],[-96.77649,32.87458],[-96.77789,32.8731],[-96.77704,32.8713],[-96.7748,32.87098]]]}},{"type":"Feature","properties":{"h3":"8926c875da7ffff","mii":11,"trt":0.45,"glp1":0.0,"pharmacy":0.0,"gym":0.0,"n":1},"geometry":{"type":"Polygon","coordinates":[[[-96.80933,32.99335],[-96.80793,32.99483],[-96.80878,32.99663],[-96.81103,32.99695],[-96.81243,32.99547],[-96.81158,32.99367],[-96.80933,32.99335]]]}},{"type":"Feature","properties":{"h3":"8926c8298c7ffff","mii":11,"trt":0.45,"glp1":0.0,"pharmacy":0.0,"gym":0.0,"n":1},"geometry":{"type":"Polygon","coordinates":[[[-96.69933,32.88878],[-96.69793,32.89026],[-96.69877,32.89206],[-96.70102,32.89238],[-96.70242,32.8909],[-96.70157,32.8891],[-96.69933,32.88878]]]}},{"type":"Feature","properties":{"h3":"8926c86599bffff","mii":11,"trt":0.45,"glp1":0.0,"pharmacy":0.0,"gym":0.0,"n":1},"geometry":{"type":"Polygon","coordinates":[[[-96.85215,32.82149],[-96.85075,32.82297],[-96.85159,32.82477],[-96.85384,32.82509],[-96.85524,32.8236],[-96.85439,32.82181],[-96.85215,32.82149]]]}},{"type":"Feature","properties":{"h3":"8926c82a5c3ffff","mii":11,"trt":0.45,"glp1":0.0,"pharmacy":0.0,"gym":0.0,"n":1},"geometry":{"type":"Polygon","coordinates":[[[-96.61019,33.0069],[-96.60878,33.00837],[-96.60963,33.01017],[-96.61187,33.01049],[-96.61328,33.00902],[-96.61243,33.00722],[-96.61019,33.0069]]]}},{"type":"Feature","properties":{"h3":"8926c864937ffff","mii":11,"trt":0.45,"glp1":0.0,"pharmacy":0.0,"gym":0.0,"n":1},"geometry":{"type":"Polygon","coordinates":[[[-96.77186,32.80677],[-96.77046,32.80825],[-96.7713,32.81005],[-96.77355,32.81036],[-96.77495,32.80888],[-96.7741,32.80708],[-96.77186,32.80677]]]}},{"type":"Feature","properties":{"h3":"8926c8649afffff","mii":11,"trt":0.0,"glp1":0.0,"pharmacy":0.0,"gym":0.0,"n":0},"geometry":{"type":"Polygon","coordinates":[[[-96.7713,32.81005],[-96.7699,32.81153],[-96.77075,32.81333],[-96.77299,32.81364],[-96.77439,32.81216],[-96.77355,32.81036],[-96.7713,32.81005]]]}},{"type":"Feature","properties":{"h3":"8926c86600bffff","mii":11,"trt":0.45,"glp1":0.0,"pharmacy":0.0,"gym":0.0,"n":1},"geometry":{"type":"Polygon","coordinates":[[[-96.81256,32.9334],[-96.81116,32.93488],[-96.81201,32.93668],[-96.81426,32.937],[-96.81566,32.93552],[-96.81481,32.93372],[-96.81256,32.9334]]]}},{"type":"Feature","properties":{"h3":"8926cbdae17ffff","mii":11,"trt":0.0,"glp1":0.0,"pharmacy":0.0,"gym":0.0,"n":0},"geometry":{"type":"Polygon","coordinates":[[[-97.32364,32.7258],[-97.32224,32.72729],[-97.3231,32.72909],[-97.32535,32.7294],[-97.32675,32.72791],[-97.32589,32.72611],[-97.32364,32.7258]]]}},{"type":"Feature","properties":{"h3":"8926cbdaedbffff","mii":11,"trt":0.0,"glp1":0.0,"pharmacy":0.0,"gym":0.0,"n":0},"geometry":{"type":"Polygon","coordinates":[[[-97.33607,32.73423],[-97.33468,32.73572],[-97.33553,32.73752],[-97.33778,32.73783],[-97.33918,32.73634],[-97.33832,32.73454],[-97.33607,32.73423]]]}},{"type":"Feature","properties":{"h3":"8926cbda3a7ffff","mii":11,"trt":0.0,"glp1":0.0,"pharmacy":0.0,"gym":0.0,"n":0},"geometry":{"type":"Polygon","coordinates":[[[-97.33553,32.73752],[-97.33414,32.73901],[-97.33499,32.74081],[-97.33724,32.74112],[-97.33864,32.73963],[-97.33778,32.73783],[-97.33553,32.73752]]]}},{"type":"Feature","properties":{"h3":"8926caa4ca7ffff","mii":11,"trt":0.45,"glp1":0.0,"pharmacy":0.0,"gym":0.0,"n":1},"geometry":{"type":"Polygon","coordinates":[[[-97.29487,32.83782],[-97.29347,32.8393],[-97.29433,32.8411],[-97.29658,32.84141],[-97.29798,32.83992],[-97.29712,32.83813],[-97.29487,32.83782]]]}},{"type":"Feature","properties":{"h3":"8926cbd02abffff","mii":11,"trt":0.45,"glp1":0.0,"pharmacy":0.0,"gym":0.0,"n":1},"geometry":{"type":"Polygon","coordinates":[[[-97.21842,32.75671],[-97.21702,32.7582],[-97.21788,32.76],[-97.22013,32.76031],[-97.22152,32.75882],[-97.22067,32.75702],[-97.21842,32.75671]]]}},{"type":"Feature","properties":{"h3":"8926cbd8dd3ffff","mii":11,"trt":0.45,"glp1":0.0,"pharmacy":0.0,"gym":0.0,"n":1},"geometry":{"type":"Polygon","coordinates":[[[-97.31823,32.67462],[-97.31683,32.67611],[-97.31769,32.67791],[-97.31994,32.67822],[-97.32133,32.67673],[-97.32048,32.67493],[-97.31823,32.67462]]]}},{"type":"Feature","properties":{"h3":"8926cbc144bffff","mii":11,"trt":0.45,"glp1":0.0,"pharmacy":0.0,"gym":0.0,"n":1},"geometry":{"type":"Polygon","coordinates":[[[-97.30918,32.62461],[-97.30778,32.6261],[-97.30864,32.6279],[-97.31089,32.62821],[-97.31228,32.62672],[-97.31143,32.62492],[-97.30918,32.62461]]]}},{"type":"Feature","properties":{"h3":"8926cbd0e0fffff","mii":11,"trt":0.45,"glp1":0.0,"pharmacy":0.0,"gym":0.0,"n":1},"geometry":{"type":"Polygon","coordinates":[[[-97.18226,32.72482],[-97.18087,32.72631],[-97.18172,32.72811],[-97.18397,32.72842],[-97.18537,32.72693],[-97.18451,32.72513],[-97.18226,32.72482]]]}},{"type":"Feature","properties":{"h3":"8926c86debbffff","mii":11,"trt":0.0,"glp1":0.0,"pharmacy":0.0,"gym":0.0,"n":0},"geometry":{"type":"Polygon","coordinates":[[[-97.06852,32.78633],[-97.06712,32.78782],[-97.06797,32.78962],[-97.07022,32.78993],[-97.07162,32.78844],[-97.07077,32.78664],[-97.06852,32.78633]]]}},{"type":"Feature","properties":{"h3":"8926c86de17ffff","mii":11,"trt":0.0,"glp1":0.0,"pharmacy":0.0,"gym":0.0,"n":0},"geometry":{"type":"Polygon","coordinates":[[[-97.07217,32.78516],[-97.07077,32.78664],[-97.07162,32.78844],[-97.07387,32.78876],[-97.07527,32.78727],[-97.07442,32.78547],[-97.07217,32.78516]]]}},{"type":"Feature","properties":{"h3":"8926c86de07ffff","mii":11,"trt":0.0,"glp1":0.0,"pharmacy":0.0,"gym":0.0,"n":0},"geometry":{"type":"Polygon","coordinates":[[[-97.07271,32.78188],[-97.07132,32.78336],[-97.07217,32.78516],[-97.07442,32.78547],[-97.07581,32.78399],[-97.07496,32.78219],[-97.07271,32.78188]]]}},{"type":"Feature","properties":{"h3":"8926c86de33ffff","mii":11,"trt":0.0,"glp1":0.0,"pharmacy":0.0,"gym":0.0,"n":0},"geometry":{"type":"Polygon","coordinates":[[[-97.06961,32.77976],[-97.06822,32.78125],[-97.06907,32.78305],[-97.07132,32.78336],[-97.07271,32.78188],[-97.07186,32.78008],[-97.06961,32.77976]]]}},{"type":"Feature","properties":{"h3":"8926c86deafffff","mii":11,"trt":0.0,"glp1":0.0,"pharmacy":0.0,"gym":0.0,"n":0},"geometry":{"type":"Polygon","coordinates":[[[-97.06597,32.78094],[-97.06457,32.78242],[-97.06542,32.78422],[-97.06767,32.78453],[-97.06907,32.78305],[-97.06822,32.78125],[-97.06597,32.78094]]]}},{"type":"Feature","properties":{"h3":"8926c86dea3ffff","mii":11,"trt":0.0,"glp1":0.0,"pharmacy":0.0,"gym":0.0,"n":0},"geometry":{"type":"Polygon","coordinates":[[[-97.06542,32.78422],[-97.06402,32.7857],[-97.06487,32.7875],[-97.06712,32.78782],[-97.06852,32.78633],[-97.06767,32.78453],[-97.06542,32.78422]]]}},{"type":"Feature","properties":{"h3":"8926cbd75d3ffff","mii":11,"trt":0.45,"glp1":0.0,"pharmacy":0.0,"gym":0.0,"n":1},"geometry":{"type":"Polygon","coordinates":[[[-97.06687,32.73401],[-97.06548,32.7355],[-97.06633,32.7373],[-97.06857,32.73761],[-97.06997,32.73613],[-97.06912,32.73433],[-97.06687,32.73401]]]}},{"type":"Feature","properties":{"h3":"8926cbd7497ffff","mii":11,"trt":0.45,"glp1":0.0,"pharmacy":0.0,"gym":0.0,"n":1},"geometry":{"type":"Polygon","coordinates":[[[-97.07508,32.74692],[-97.07368,32.74841],[-97.07453,32.7502],[-97.07678,32.75052],[-97.07818,32.74903],[-97.07733,32.74723],[-97.07508,32.74692]]]}},{"type":"Feature","properties":{"h3":"8926c82aa7bffff","mii":11,"trt":0.0,"glp1":0.0,"pharmacy":0.0,"gym":0.0,"n":0},"geometry":{"type":"Polygon","coordinates":[[[-96.62416,32.92503],[-96.62276,32.92651],[-96.62361,32.9283],[-96.62585,32.92863],[-96.62725,32.92715],[-96.62641,32.92535],[-96.62416,32.92503]]]}},{"type":"Feature","properties":{"h3":"8926c8281b7ffff","mii":11,"trt":0.0,"glp1":0.0,"pharmacy":0.0,"gym":0.0,"n":0},"geometry":{"type":"Polygon","coordinates":[[[-96.62781,32.92387],[-96.62641,32.92535],[-96.62725,32.92715],[-96.6295,32.92747],[-96.6309,32.92599],[-96.63006,32.92419],[-96.62781,32.92387]]]}},{"type":"Feature","properties":{"h3":"8926c8281a7ffff","mii":11,"trt":0.0,"glp1":0.0,"pharmacy":0.0,"gym":0.0,"n":0},"geometry":{"type":"Polygon","coordinates":[[[-96.62837,32.9206],[-96.62697,32.92207],[-96.62781,32.92387],[-96.63006,32.92419],[-96.63146,32.92272],[-96.63061,32.92092],[-96.62837,32.9206]]]}},{"type":"Feature","properties":{"h3":"8926c828cd3ffff","mii":11,"trt":0.0,"glp1":0.0,"pharmacy":0.0,"gym":0.0,"n":0},"geometry":{"type":"Polygon","coordinates":[[[-96.62528,32.91848],[-96.62388,32.91995],[-96.62472,32.92175],[-96.62697,32.92207],[-96.62837,32.9206],[-96.62753,32.9188],[-96.62528,32.91848]]]}},{"type":"Feature","properties":{"h3":"8926c82aa6fffff","mii":11,"trt":0.0,"glp1":0.0,"pharmacy":0.0,"gym":0.0,"n":0},"geometry":{"type":"Polygon","coordinates":[[[-96.62164,32.91963],[-96.62023,32.92111],[-96.62108,32.92291],[-96.62332,32.92323],[-96.62472,32.92175],[-96.62388,32.91995],[-96.62164,32.91963]]]}},{"type":"Feature","properties":{"h3":"8926c82aa63ffff","mii":11,"trt":0.0,"glp1":0.0,"pharmacy":0.0,"gym":0.0,"n":0},"geometry":{"type":"Polygon","coordinates":[[[-96.62108,32.92291],[-96.61967,32.92439],[-96.62052,32.92618],[-96.62276,32.92651],[-96.62416,32.92503],[-96.62332,32.92323],[-96.62108,32.92291]]]}},{"type":"Feature","properties":{"h3":"8926c86eb47ffff","mii":11,"trt":0.0,"glp1":2.2,"pharmacy":0.0,"gym":0.0,"n":4},"geometry":{"type":"Polygon","coordinates":[[[-96.95932,32.79962],[-96.95792,32.80111],[-96.95877,32.80291],[-96.96102,32.80322],[-96.96242,32.80174],[-96.96157,32.79994],[-96.95932,32.79962]]]}},{"type":"Feature","properties":{"h3":"8926c82892fffff","mii":11,"trt":0.0,"glp1":0.0,"pharmacy":0.0,"gym":0.0,"n":0},"geometry":{"type":"Polygon","coordinates":[[[-96.59748,32.85912],[-96.59608,32.86059],[-96.59692,32.86239],[-96.59916,32.86271],[-96.60056,32.86124],[-96.59972,32.85944],[-96.59748,32.85912]]]}},{"type":"Feature","properties":{"h3":"8926c82d693ffff","mii":11,"trt":0.0,"glp1":0.0,"pharmacy":0.0,"gym":0.0,"n":0},"geometry":{"type":"Polygon","coordinates":[[[-96.60112,32.85796],[-96.59972,32.85944],[-96.60056,32.86124],[-96.60281,32.86156],[-96.60421,32.86008],[-96.60336,32.85828],[-96.60112,32.85796]]]}},{"type":"Feature","properties":{"h3":"8926c82d683ffff","mii":11,"trt":0.0,"glp1":0.0,"pharmacy":0.0,"gym":0.0,"n":0},"geometry":{"type":"Polygon","coordinates":[[[-96.60168,32.85468],[-96.60028,32.85616],[-96.60112,32.85796],[-96.60336,32.85828],[-96.60477,32.8568],[-96.60392,32.855],[-96.60168,32.85468]]]}},{"type":"Feature","properties":{"h3":"8926c82d687ffff","mii":11,"trt":0.0,"glp1":0.0,"pharmacy":0.0,"gym":0.0,"n":0},"geometry":{"type":"Polygon","coordinates":[[[-96.59859,32.85256],[-96.59719,32.85404],[-96.59804,32.85584],[-96.60028,32.85616],[-96.60168,32.85468],[-96.60084,32.85288],[-96.59859,32.85256]]]}},{"type":"Feature","properties":{"h3":"8926c82d44bffff","mii":11,"trt":0.0,"glp1":0.0,"pharmacy":0.0,"gym":0.0,"n":0},"geometry":{"type":"Polygon","coordinates":[[[-96.59495,32.85372],[-96.59355,32.8552],[-96.59439,32.85699],[-96.59663,32.85732],[-96.59804,32.85584],[-96.59719,32.85404],[-96.59495,32.85372]]]}},{"type":"Feature","properties":{"h3":"8926c82d45bffff","mii":11,"trt":0.0,"glp1":0.0,"pharmacy":0.0,"gym":0.0,"n":0},"geometry":{"type":"Polygon","coordinates":[[[-96.59439,32.85699],[-96.59299,32.85847],[-96.59383,32.86027],[-96.59608,32.86059],[-96.59748,32.85912],[-96.59663,32.85732],[-96.59439,32.85699]]]}},{"type":"Feature","properties":{"h3":"8926c82a127ffff","mii":11,"trt":0.0,"glp1":0.0,"pharmacy":0.0,"gym":0.0,"n":0},"geometry":{"type":"Polygon","coordinates":[[[-96.59978,32.96683],[-96.59837,32.9683],[-96.59922,32.9701],[-96.60146,32.97042],[-96.60286,32.96895],[-96.60202,32.96715],[-96.59978,32.96683]]]}},{"type":"Feature","properties":{"h3":"8926c82a12fffff","mii":11,"trt":0.0,"glp1":0.0,"pharmacy":0.0,"gym":0.0,"n":0},"geometry":{"type":"Polygon","coordinates":[[[-96.60342,32.96567],[-96.60202,32.96715],[-96.60286,32.96895],[-96.60511,32.96927],[-96.60651,32.96779],[-96.60567,32.966],[-96.60342,32.96567]]]}},{"type":"Feature","properties":{"h3":"8926c82ae97ffff","mii":11,"trt":0.0,"glp1":0.0,"pharmacy":0.0,"gym":0.0,"n":0},"geometry":{"type":"Polygon","coordinates":[[[-96.60398,32.9624],[-96.60258,32.96388],[-96.60342,32.96567],[-96.60567,32.966],[-96.60707,32.96452],[-96.60623,32.96272],[-96.60398,32.9624]]]}},{"type":"Feature","properties":{"h3":"8926c82ac4bffff","mii":11,"trt":0.0,"glp1":0.0,"pharmacy":0.0,"gym":0.0,"n":0},"geometry":{"type":"Polygon","coordinates":[[[-96.60089,32.96028],[-96.59949,32.96176],[-96.60034,32.96355],[-96.60258,32.96388],[-96.60398,32.9624],[-96.60314,32.9606],[-96.60089,32.96028]]]}},{"type":"Feature","properties":{"h3":"8926c82ac43ffff","mii":11,"trt":0.0,"glp1":0.0,"pharmacy":0.0,"gym":0.0,"n":0},"geometry":{"type":"Polygon","coordinates":[[[-96.59725,32.96143],[-96.59584,32.96291],[-96.59669,32.96471],[-96.59893,32.96503],[-96.60034,32.96355],[-96.59949,32.96176],[-96.59725,32.96143]]]}},{"type":"Feature","properties":{"h3":"8926c82ac53ffff","mii":11,"trt":0.0,"glp1":0.0,"pharmacy":0.0,"gym":0.0,"n":0},"geometry":{"type":"Polygon","coordinates":[[[-96.59669,32.96471],[-96.59528,32.96618],[-96.59613,32.96798],[-96.59837,32.9683],[-96.59978,32.96683],[-96.59893,32.96503],[-96.59669,32.96471]]]}},{"type":"Feature","properties":{"h3":"8926c82de87ffff","mii":11,"trt":0.0,"glp1":0.0,"pharmacy":0.0,"gym":0.0,"n":0},"geometry":{"type":"Polygon","coordinates":[[[-96.55934,32.79993],[-96.55794,32.80141],[-96.55878,32.80321],[-96.56102,32.80353],[-96.56242,32.80205],[-96.56158,32.80025],[-96.55934,32.79993]]]}},{"type":"Feature","properties":{"h3":"8926c82de8fffff","mii":11,"trt":0.0,"glp1":0.0,"pharmacy":0.0,"gym":0.0,"n":0},"geometry":{"type":"Polygon","coordinates":[[[-96.56298,32.79877],[-96.56158,32.80025],[-96.56242,32.80205],[-96.56466,32.80237],[-96.56606,32.8009],[-96.56522,32.7991],[-96.56298,32.79877]]]}},{"type":"Feature","properties":{"h3":"8926c82de17ffff","mii":11,"trt":0.0,"glp1":0.0,"pharmacy":0.0,"gym":0.0,"n":0},"geometry":{"type":"Polygon","coordinates":[[[-96.56354,32.7955],[-96.56214,32.79697],[-96.56298,32.79877],[-96.56522,32.7991],[-96.56662,32.79762],[-96.56578,32.79582],[-96.56354,32.7955]]]}},{"type":"Feature","properties":{"h3":"8926c82deabffff","mii":11,"trt":0.0,"glp1":0.0,"pharmacy":0.0,"gym":0.0,"n":0},"geometry":{"type":"Polygon","coordinates":[[[-96.56046,32.79338],[-96.55906,32.79485],[-96.5599,32.79665],[-96.56214,32.79697],[-96.56354,32.7955],[-96.5627,32.7937],[-96.56046,32.79338]]]}},{"type":"Feature","properties":{"h3":"8926c82dea3ffff","mii":11,"trt":0.0,"glp1":0.0,"pharmacy":0.0,"gym":0.0,"n":0},"geometry":{"type":"Polygon","coordinates":[[[-96.55682,32.79453],[-96.55541,32.79601],[-96.55626,32.79781],[-96.5585,32.79813],[-96.5599,32.79665],[-96.55906,32.79485],[-96.55682,32.79453]]]}},{"type":"Feature","properties":{"h3":"8926c82deb3ffff","mii":11,"trt":0.0,"glp1":0.0,"pharmacy":0.0,"gym":0.0,"n":0},"geometry":{"type":"Polygon","coordinates":[[[-96.55626,32.79781],[-96.55485,32.79929],[-96.5557,32.80109],[-96.55794,32.80141],[-96.55934,32.79993],[-96.5585,32.79813],[-96.55626,32.79781]]]}},{"type":"Feature","properties":{"h3":"8926cb8f677ffff","mii":11,"trt":0.0,"glp1":2.2,"pharmacy":0.0,"gym":0.0,"n":4},"geometry":{"type":"Polygon","coordinates":[[[-96.80709,32.51601],[-96.80569,32.51749],[-96.80653,32.5193],[-96.80877,32.51961],[-96.81017,32.51813],[-96.80933,32.51633],[-96.80709,32.51601]]]}},{"type":"Feature","properties":{"h3":"8926cb8b31bffff","mii":11,"trt":0.0,"glp1":0.0,"pharmacy":0.0,"gym":0.0,"n":0},"geometry":{"type":"Polygon","coordinates":[[[-96.94257,32.59057],[-96.94118,32.59206],[-96.94203,32.59386],[-96.94427,32.59417],[-96.94566,32.59269],[-96.94482,32.59089],[-96.94257,32.59057]]]}},{"type":"Feature","properties":{"h3":"8926cb8b357ffff","mii":11,"trt":0.0,"glp1":0.0,"pharmacy":0.0,"gym":0.0,"n":0},"geometry":{"type":"Polygon","coordinates":[[[-96.94621,32.5894],[-96.94482,32.59089],[-96.94566,32.59269],[-96.94791,32.593],[-96.9493,32.59152],[-96.94846,32.58972],[-96.94621,32.5894]]]}},{"type":"Feature","properties":{"h3":"8926cb8b347ffff","mii":11,"trt":0.0,"glp1":0.0,"pharmacy":0.0,"gym":0.0,"n":0},"geometry":{"type":"Polygon","coordinates":[[[-96.94676,32.58612],[-96.94537,32.5876],[-96.94621,32.5894],[-96.94846,32.58972],[-96.94985,32.58823],[-96.94901,32.58643],[-96.94676,32.58612]]]}},{"type":"Feature","properties":{"h3":"8926cb8b373ffff","mii":11,"trt":0.0,"glp1":0.0,"pharmacy":0.0,"gym":0.0,"n":0},"geometry":{"type":"Polygon","coordinates":[[[-96.94367,32.584],[-96.94228,32.58549],[-96.94312,32.58729],[-96.94537,32.5876],[-96.94676,32.58612],[-96.94592,32.58432],[-96.94367,32.584]]]}},{"type":"Feature","properties":{"h3":"8926cb8b30fffff","mii":11,"trt":0.0,"glp1":0.0,"pharmacy":0.0,"gym":0.0,"n":0},"geometry":{"type":"Polygon","coordinates":[[[-96.94003,32.58517],[-96.93864,32.58666],[-96.93948,32.58846],[-96.94173,32.58877],[-96.94312,32.58729],[-96.94228,32.58549],[-96.94003,32.58517]]]}},{"type":"Feature","properties":{"h3":"8926cb8b303ffff","mii":11,"trt":0.0,"glp1":0.0,"pharmacy":0.0,"gym":0.0,"n":0},"geometry":{"type":"Polygon","coordinates":[[[-96.93948,32.58846],[-96.93809,32.58994],[-96.93894,32.59174],[-96.94118,32.59206],[-96.94257,32.59057],[-96.94173,32.58877],[-96.93948,32.58846]]]}},{"type":"Feature","properties":{"h3":"8926c864d6fffff","mii":11,"trt":0.0,"glp1":2.2,"pharmacy":0.0,"gym":0.0,"n":4},"geometry":{"type":"Polygon","coordinates":[[[-96.78256,32.82507],[-96.78116,32.82656],[-96.782,32.82835],[-96.78425,32.82867],[-96.78565,32.82719],[-96.7848,32.82539],[-96.78256,32.82507]]]}},{"type":"Feature","properties":{"h3":"8926cb9138fffff","mii":11,"trt":0.0,"glp1":2.2,"pharmacy":0.0,"gym":0.0,"n":4},"geometry":{"type":"Polygon","coordinates":[[[-96.76306,32.75682],[-96.76166,32.7583],[-96.76251,32.7601],[-96.76475,32.76042],[-96.76615,32.75894],[-96.76531,32.75714],[-96.76306,32.75682]]]}},{"type":"Feature","properties":{"h3":"8926cbc2c0fffff","mii":11,"trt":0.0,"glp1":2.2,"pharmacy":0.0,"gym":0.0,"n":4},"geometry":{"type":"Polygon","coordinates":[[[-97.15027,32.62625],[-97.14888,32.62774],[-97.14973,32.62954],[-97.15197,32.62985],[-97.15337,32.62836],[-97.15252,32.62656],[-97.15027,32.62625]]]}},{"type":"Feature","properties":{"h3":"8926cbd8acbffff","mii":11,"trt":0.0,"glp1":0.0,"pharmacy":0.0,"gym":0.0,"n":0},"geometry":{"type":"Polygon","coordinates":[[[-97.37344,32.65359],[-97.37205,32.65508],[-97.37291,32.65688],[-97.37516,32.65719],[-97.37655,32.6557],[-97.37569,32.6539],[-97.37344,32.65359]]]}},{"type":"Feature","properties":{"h3":"8926cbd9d27ffff","mii":11,"trt":0.0,"glp1":0.0,"pharmacy":0.0,"gym":0.0,"n":0},"geometry":{"type":"Polygon","coordinates":[[[-97.37709,32.65241],[-97.37569,32.6539],[-97.37655,32.6557],[-97.3788,32.656],[-97.3802,32.65451],[-97.37934,32.65271],[-97.37709,32.65241]]]}},{"type":"Feature","properties":{"h3":"8926cbd8a5bffff","mii":11,"trt":0.0,"glp1":0.0,"pharmacy":0.0,"gym":0.0,"n":0},"geometry":{"type":"Polygon","coordinates":[[[-97.37763,32.64912],[-97.37623,32.65061],[-97.37709,32.65241],[-97.37934,32.65271],[-97.38073,32.65122],[-97.37988,32.64942],[-97.37763,32.64912]]]}},{"type":"Feature","properties":{"h3":"8926cbd8a43ffff","mii":11,"trt":0.0,"glp1":0.0,"pharmacy":0.0,"gym":0.0,"n":0},"geometry":{"type":"Polygon","coordinates":[[[-97.37452,32.64701],[-97.37313,32.6485],[-97.37398,32.6503],[-97.37623,32.65061],[-97.37763,32.64912],[-97.37677,32.64732],[-97.37452,32.64701]]]}},{"type":"Feature","properties":{"h3":"8926cbd8a57ffff","mii":11,"trt":0.0,"glp1":0.0,"pharmacy":0.0,"gym":0.0,"n":0},"geometry":{"type":"Polygon","coordinates":[[[-97.37087,32.64819],[-97.36948,32.64969],[-97.37034,32.65148],[-97.37259,32.65179],[-97.37398,32.6503],[-97.37313,32.6485],[-97.37087,32.64819]]]}},{"type":"Feature","properties":{"h3":"8926cbd8acfffff","mii":11,"trt":0.0,"glp1":0.0,"pharmacy":0.0,"gym":0.0,"n":0},"geometry":{"type":"Polygon","coordinates":[[[-97.37034,32.65148],[-97.36894,32.65298],[-97.3698,32.65477],[-97.37205,32.65508],[-97.37344,32.65359],[-97.37259,32.65179],[-97.37034,32.65148]]]}},{"type":"Feature","properties":{"h3":"8926c80918fffff","mii":11,"trt":0.0,"glp1":0.0,"pharmacy":0.0,"gym":0.0,"n":0},"geometry":{"type":"Polygon","coordinates":[[[-96.9871,33.2934],[-96.9857,33.29488],[-96.98655,33.29667],[-96.98881,33.29699],[-96.99022,33.29551],[-96.98936,33.29371],[-96.9871,33.2934]]]}},{"type":"Feature","properties":{"h3":"8926c809113ffff","mii":11,"trt":0.0,"glp1":0.0,"pharmacy":0.0,"gym":0.0,"n":0},"geometry":{"type":"Polygon","coordinates":[[[-96.99077,33.29224],[-96.98936,33.29371],[-96.99022,33.29551],[-96.99247,33.29583],[-96.99388,33.29435],[-96.99302,33.29255],[-96.99077,33.29224]]]}},{"type":"Feature","properties":{"h3":"8926c809103ffff","mii":11,"trt":0.0,"glp1":0.0,"pharmacy":0.0,"gym":0.0,"n":0},"geometry":{"type":"Polygon","coordinates":[[[-96.99132,33.28896],[-96.98991,33.29044],[-96.99077,33.29224],[-96.99302,33.29255],[-96.99443,33.29107],[-96.99358,33.28928],[-96.99132,33.28896]]]}},{"type":"Feature","properties":{"h3":"8926c809107ffff","mii":11,"trt":0.0,"glp1":0.0,"pharmacy":0.0,"gym":0.0,"n":0},"geometry":{"type":"Polygon","coordinates":[[[-96.98821,33.28685],[-96.9868,33.28833],[-96.98766,33.29012],[-96.98991,33.29044],[-96.99132,33.28896],[-96.99046,33.28717],[-96.98821,33.28685]]]}},{"type":"Feature","properties":{"h3":"8926c8091abffff","mii":11,"trt":0.0,"glp1":0.0,"pharmacy":0.0,"gym":0.0,"n":0},"geometry":{"type":"Polygon","coordinates":[[[-96.98454,33.28801],[-96.98314,33.28949],[-96.98399,33.29128],[-96.98625,33.2916],[-96.98766,33.29012],[-96.9868,33.28833],[-96.98454,33.28801]]]}},{"type":"Feature","properties":{"h3":"8926c8091bbffff","mii":11,"trt":0.0,"glp1":0.0,"pharmacy":0.0,"gym":0.0,"n":0},"geometry":{"type":"Polygon","coordinates":[[[-96.98399,33.29128],[-96.98259,33.29276],[-96.98344,33.29456],[-96.9857,33.29488],[-96.9871,33.2934],[-96.98625,33.2916],[-96.98399,33.29128]]]}},{"type":"Feature","properties":{"h3":"8926cbc884fffff","mii":10,"trt":0.0,"glp1":0.0,"pharmacy":0.0,"gym":0.0,"n":0},"geometry":{"type":"Polygon","coordinates":[[[-97.3759,32.49073],[-97.37451,32.49222],[-97.37536,32.49402],[-97.37761,32.49432],[-97.379,32.49283],[-97.37815,32.49103],[-97.3759,32.49073]]]}},{"type":"Feature","properties":{"h3":"8926cbc8ab3ffff","mii":10,"trt":0.0,"glp1":0.0,"pharmacy":0.0,"gym":0.0,"n":0},"geometry":{"type":"Polygon","coordinates":[[[-97.37954,32.48954],[-97.37815,32.49103],[-97.379,32.49283],[-97.38125,32.49314],[-97.38264,32.49165],[-97.38179,32.48985],[-97.37954,32.48954]]]}},{"type":"Feature","properties":{"h3":"8926cbc8aa3ffff","mii":10,"trt":0.0,"glp1":0.0,"pharmacy":0.0,"gym":0.0,"n":0},"geometry":{"type":"Polygon","coordinates":[[[-97.38008,32.48625],[-97.37868,32.48774],[-97.37954,32.48954],[-97.38179,32.48985],[-97.38318,32.48835],[-97.38232,32.48655],[-97.38008,32.48625]]]}},{"type":"Feature","properties":{"h3":"8926cbc8aa7ffff","mii":10,"trt":0.0,"glp1":0.0,"pharmacy":0.0,"gym":0.0,"n":0},"geometry":{"type":"Polygon","coordinates":[[[-97.37697,32.48414],[-97.37558,32.48563],[-97.37644,32.48743],[-97.37868,32.48774],[-97.38008,32.48625],[-97.37922,32.48445],[-97.37697,32.48414]]]}},{"type":"Feature","properties":{"h3":"8926cbc886bffff","mii":10,"trt":0.0,"glp1":0.0,"pharmacy":0.0,"gym":0.0,"n":0},"geometry":{"type":"Polygon","coordinates":[[[-97.37333,32.48533],[-97.37194,32.48682],[-97.3728,32.48862],[-97.37504,32.48893],[-97.37644,32.48743],[-97.37558,32.48563],[-97.37333,32.48533]]]}},{"type":"Feature","properties":{"h3":"8926cbc887bffff","mii":10,"trt":0.0,"glp1":0.0,"pharmacy":0.0,"gym":0.0,"n":0},"geometry":{"type":"Polygon","coordinates":[[[-97.3728,32.48862],[-97.3714,32.49011],[-97.37226,32.49191],[-97.37451,32.49222],[-97.3759,32.49073],[-97.37504,32.48893],[-97.3728,32.48862]]]}},{"type":"Feature","properties":{"h3":"8926cbda5b7ffff","mii":10,"trt":0.0,"glp1":0.0,"pharmacy":0.0,"gym":0.0,"n":0},"geometry":{"type":"Polygon","coordinates":[[[-97.30568,32.77208],[-97.30428,32.77357],[-97.30514,32.77537],[-97.30739,32.77568],[-97.30879,32.77419],[-97.30793,32.77239],[-97.30568,32.77208]]]}},{"type":"Feature","properties":{"h3":"8926cbda5a3ffff","mii":10,"trt":0.0,"glp1":0.0,"pharmacy":0.0,"gym":0.0,"n":0},"geometry":{"type":"Polygon","coordinates":[[[-97.30933,32.7709],[-97.30793,32.77239],[-97.30879,32.77419],[-97.31104,32.7745],[-97.31243,32.77301],[-97.31158,32.77121],[-97.30933,32.7709]]]}},{"type":"Feature","properties":{"h3":"8926cbda5afffff","mii":10,"trt":0.0,"glp1":0.0,"pharmacy":0.0,"gym":0.0,"n":0},"geometry":{"type":"Polygon","coordinates":[[[-97.30987,32.76762],[-97.30847,32.76911],[-97.30933,32.7709],[-97.31158,32.77121],[-97.31297,32.76972],[-97.31212,32.76793],[-97.30987,32.76762]]]}},{"type":"Feature","properties":{"h3":"8926cbd12dbffff","mii":10,"trt":0.0,"glp1":0.0,"pharmacy":0.0,"gym":0.0,"n":0},"geometry":{"type":"Polygon","coordinates":[[[-97.30676,32.76551],[-97.30536,32.767],[-97.30622,32.7688],[-97.30847,32.76911],[-97.30987,32.76762],[-97.30901,32.76582],[-97.30676,32.76551]]]}},{"type":"Feature","properties":{"h3":"8926cbd12d3ffff","mii":10,"trt":0.0,"glp1":0.0,"pharmacy":0.0,"gym":0.0,"n":0},"geometry":{"type":"Polygon","coordinates":[[[-97.30311,32.76669],[-97.30171,32.76818],[-97.30257,32.76998],[-97.30482,32.77029],[-97.30622,32.7688],[-97.30536,32.767],[-97.30311,32.76669]]]}},{"type":"Feature","properties":{"h3":"8926cbd166bffff","mii":10,"trt":0.0,"glp1":0.0,"pharmacy":0.0,"gym":0.0,"n":0},"geometry":{"type":"Polygon","coordinates":[[[-97.30257,32.76998],[-97.30117,32.77147],[-97.30203,32.77326],[-97.30428,32.77357],[-97.30568,32.77208],[-97.30482,32.77029],[-97.30257,32.76998]]]}},{"type":"Feature","properties":{"h3":"8926c87944bffff","mii":10,"trt":0.0,"glp1":0.0,"pharmacy":0.0,"gym":0.0,"n":0},"geometry":{"type":"Polygon","coordinates":[[[-97.22955,33.10752],[-97.22815,33.10901],[-97.22901,33.1108],[-97.23126,33.11111],[-97.23266,33.10963],[-97.23181,33.10783],[-97.22955,33.10752]]]}},{"type":"Feature","properties":{"h3":"8926c879687ffff","mii":10,"trt":0.0,"glp1":0.0,"pharmacy":0.0,"gym":0.0,"n":0},"geometry":{"type":"Polygon","coordinates":[[[-97.23321,33.10635],[-97.23181,33.10783],[-97.23266,33.10963],[-97.23492,33.10994],[-97.23632,33.10846],[-97.23547,33.10666],[-97.23321,33.10635]]]}},{"type":"Feature","properties":{"h3":"8926c8796bbffff","mii":10,"trt":0.0,"glp1":0.0,"pharmacy":0.0,"gym":0.0,"n":0},"geometry":{"type":"Polygon","coordinates":[[[-97.23375,33.10307],[-97.23235,33.10455],[-97.23321,33.10635],[-97.23547,33.10666],[-97.23687,33.10518],[-97.23601,33.10338],[-97.23375,33.10307]]]}},{"type":"Feature","properties":{"h3":"8926c8796a3ffff","mii":10,"trt":0.0,"glp1":0.0,"pharmacy":0.0,"gym":0.0,"n":0},"geometry":{"type":"Polygon","coordinates":[[[-97.23064,33.10096],[-97.22924,33.10245],[-97.23009,33.10424],[-97.23235,33.10455],[-97.23375,33.10307],[-97.2329,33.10127],[-97.23064,33.10096]]]}},{"type":"Feature","properties":{"h3":"8926c8796b7ffff","mii":10,"trt":0.0,"glp1":0.0,"pharmacy":0.0,"gym":0.0,"n":0},"geometry":{"type":"Polygon","coordinates":[[[-97.22698,33.10213],[-97.22558,33.10362],[-97.22644,33.10541],[-97.22869,33.10573],[-97.23009,33.10424],[-97.22924,33.10245],[-97.22698,33.10213]]]}},{"type":"Feature","properties":{"h3":"8926c87944fffff","mii":10,"trt":0.0,"glp1":0.0,"pharmacy":0.0,"gym":0.0,"n":0},"geometry":{"type":"Polygon","coordinates":[[[-97.22644,33.10541],[-97.22503,33.1069],[-97.22589,33.10869],[-97.22815,33.10901],[-97.22955,33.10752],[-97.22869,33.10573],[-97.22644,33.10541]]]}},{"type":"Feature","properties":{"h3":"8926cb9a4bbffff","mii":10,"trt":0.0,"glp1":0.0,"pharmacy":0.0,"gym":0.0,"n":0},"geometry":{"type":"Polygon","coordinates":[[[-96.82487,32.79916],[-96.82347,32.80064],[-96.82431,32.80244],[-96.82656,32.80276],[-96.82796,32.80128],[-96.82711,32.79948],[-96.82487,32.79916]]]}},{"type":"Feature","properties":{"h3":"8926cb9a417ffff","mii":10,"trt":0.0,"glp1":0.0,"pharmacy":0.0,"gym":0.0,"n":0},"geometry":{"type":"Polygon","coordinates":[[[-96.82851,32.798],[-96.82711,32.79948],[-96.82796,32.80128],[-96.8302,32.8016],[-96.8316,32.80011],[-96.83076,32.79831],[-96.82851,32.798]]]}},{"type":"Feature","properties":{"h3":"8926cb9a4afffff","mii":10,"trt":0.0,"glp1":0.0,"pharmacy":0.0,"gym":0.0,"n":0},"geometry":{"type":"Polygon","coordinates":[[[-96.82233,32.79376],[-96.82093,32.79525],[-96.82177,32.79704],[-96.82402,32.79736],[-96.82542,32.79588],[-96.82457,32.79408],[-96.82233,32.79376]]]}},{"type":"Feature","properties":{"h3":"8926cb9a4a3ffff","mii":10,"trt":0.0,"glp1":0.0,"pharmacy":0.0,"gym":0.0,"n":0},"geometry":{"type":"Polygon","coordinates":[[[-96.82177,32.79704],[-96.82037,32.79853],[-96.82122,32.80032],[-96.82347,32.80064],[-96.82487,32.79916],[-96.82402,32.79736],[-96.82177,32.79704]]]}},{"type":"Feature","properties":{"h3":"8926c8771dbffff","mii":10,"trt":0.0,"glp1":0.0,"pharmacy":0.0,"gym":0.0,"n":0},"geometry":{"type":"Polygon","coordinates":[[[-96.84163,33.0885],[-96.84023,33.08998],[-96.84108,33.09178],[-96.84333,33.0921],[-96.84473,33.09062],[-96.84388,33.08882],[-96.84163,33.0885]]]}},{"type":"Feature","properties":{"h3":"8926c877037ffff","mii":10,"trt":0.0,"glp1":0.0,"pharmacy":0.0,"gym":0.0,"n":0},"geometry":{"type":"Polygon","coordinates":[[[-96.84528,33.08734],[-96.84388,33.08882],[-96.84473,33.09062],[-96.84698,33.09094],[-96.84838,33.08946],[-96.84754,33.08766],[-96.84528,33.08734]]]}},{"type":"Feature","properties":{"h3":"8926c877027ffff","mii":10,"trt":0.0,"glp1":0.0,"pharmacy":0.0,"gym":0.0,"n":0},"geometry":{"type":"Polygon","coordinates":[[[-96.84584,33.08407],[-96.84444,33.08554],[-96.84528,33.08734],[-96.84754,33.08766],[-96.84894,33.08618],[-96.84809,33.08438],[-96.84584,33.08407]]]}},{"type":"Feature","properties":{"h3":"8926c877153ffff","mii":10,"trt":0.0,"glp1":0.0,"pharmacy":0.0,"gym":0.0,"n":0},"geometry":{"type":"Polygon","coordinates":[[[-96.84274,33.08195],[-96.84133,33.08343],[-96.84218,33.08523],[-96.84444,33.08554],[-96.84584,33.08407],[-96.84499,33.08227],[-96.84274,33.08195]]]}},{"type":"Feature","properties":{"h3":"8926c8771cfffff","mii":10,"trt":0.0,"glp1":0.0,"pharmacy":0.0,"gym":0.0,"n":0},"geometry":{"type":"Polygon","coordinates":[[[-96.83908,33.08311],[-96.83768,33.08459],[-96.83853,33.08639],[-96.84078,33.0867],[-96.84218,33.08523],[-96.84133,33.08343],[-96.83908,33.08311]]]}},{"type":"Feature","properties":{"h3":"8926c8771c3ffff","mii":10,"trt":0.0,"glp1":0.0,"pharmacy":0.0,"gym":0.0,"n":0},"geometry":{"type":"Polygon","coordinates":[[[-96.83853,33.08639],[-96.83713,33.08786],[-96.83798,33.08966],[-96.84023,33.08998],[-96.84163,33.0885],[-96.84078,33.0867],[-96.83853,33.08639]]]}},{"type":"Feature","properties":{"h3":"8926c80cc37ffff","mii":10,"trt":0.0,"glp1":0.0,"pharmacy":0.0,"gym":0.0,"n":0},"geometry":{"type":"Polygon","coordinates":[[[-96.73517,33.1656],[-96.73376,33.16707],[-96.73461,33.16887],[-96.73686,33.16919],[-96.73827,33.16771],[-96.73742,33.16592],[-96.73517,33.1656]]]}},{"type":"Feature","properties":{"h3":"8926c80cdcbffff","mii":10,"trt":0.0,"glp1":0.0,"pharmacy":0.0,"gym":0.0,"n":0},"geometry":{"type":"Polygon","coordinates":[[[-96.73207,33.16348],[-96.73066,33.16495],[-96.73151,33.16675],[-96.73376,33.16707],[-96.73517,33.1656],[-96.73432,33.1638],[-96.73207,33.16348]]]}},{"type":"Feature","properties":{"h3":"8926c80cdc3ffff","mii":10,"trt":0.0,"glp1":0.0,"pharmacy":0.0,"gym":0.0,"n":0},"geometry":{"type":"Polygon","coordinates":[[[-96.72841,33.16463],[-96.72701,33.16611],[-96.72785,33.16791],[-96.73011,33.16823],[-96.73151,33.16675],[-96.73066,33.16495],[-96.72841,33.16463]]]}},{"type":"Feature","properties":{"h3":"8926c80cdd3ffff","mii":10,"trt":0.0,"glp1":0.0,"pharmacy":0.0,"gym":0.0,"n":0},"geometry":{"type":"Polygon","coordinates":[[[-96.72785,33.16791],[-96.72645,33.16938],[-96.7273,33.17118],[-96.72955,33.1715],[-96.73095,33.17002],[-96.73011,33.16823],[-96.72785,33.16791]]]}},{"type":"Feature","properties":{"h3":"8926c80c8abffff","mii":10,"trt":0.0,"glp1":0.0,"pharmacy":0.0,"gym":0.0,"n":0},"geometry":{"type":"Polygon","coordinates":[[[-96.74161,33.14808],[-96.7402,33.14955],[-96.74105,33.15135],[-96.7433,33.15167],[-96.74471,33.15019],[-96.74386,33.1484],[-96.74161,33.14808]]]}},{"type":"Feature","properties":{"h3":"8926c80c807ffff","mii":10,"trt":0.0,"glp1":0.0,"pharmacy":0.0,"gym":0.0,"n":0},"geometry":{"type":"Polygon","coordinates":[[[-96.74526,33.14692],[-96.74386,33.1484],[-96.74471,33.15019],[-96.74696,33.15051],[-96.74836,33.14904],[-96.74751,33.14724],[-96.74526,33.14692]]]}},{"type":"Feature","properties":{"h3":"8926c80c83bffff","mii":10,"trt":0.0,"glp1":0.0,"pharmacy":0.0,"gym":0.0,"n":0},"geometry":{"type":"Polygon","coordinates":[[[-96.74582,33.14365],[-96.74441,33.14512],[-96.74526,33.14692],[-96.74751,33.14724],[-96.74892,33.14576],[-96.74807,33.14397],[-96.74582,33.14365]]]}},{"type":"Feature","properties":{"h3":"8926c80c823ffff","mii":10,"trt":0.0,"glp1":0.0,"pharmacy":0.0,"gym":0.0,"n":0},"geometry":{"type":"Polygon","coordinates":[[[-96.74272,33.14153],[-96.74132,33.14301],[-96.74216,33.1448],[-96.74441,33.14512],[-96.74582,33.14365],[-96.74497,33.14185],[-96.74272,33.14153]]]}},{"type":"Feature","properties":{"h3":"8926c80c837ffff","mii":10,"trt":0.0,"glp1":0.0,"pharmacy":0.0,"gym":0.0,"n":0},"geometry":{"type":"Polygon","coordinates":[[[-96.73907,33.14268],[-96.73766,33.14416],[-96.73851,33.14596],[-96.74076,33.14628],[-96.74216,33.1448],[-96.74132,33.14301],[-96.73907,33.14268]]]}},{"type":"Feature","properties":{"h3":"8926c80c8afffff","mii":10,"trt":0.0,"glp1":0.0,"pharmacy":0.0,"gym":0.0,"n":0},"geometry":{"type":"Polygon","coordinates":[[[-96.73851,33.14596],[-96.7371,33.14743],[-96.73795,33.14923],[-96.7402,33.14955],[-96.74161,33.14808],[-96.74076,33.14628],[-96.73851,33.14596]]]}},{"type":"Feature","properties":{"h3":"8926c80d85bffff","mii":10,"trt":0.0,"glp1":0.0,"pharmacy":0.0,"gym":0.0,"n":0},"geometry":{"type":"Polygon","coordinates":[[[-96.83476,33.14957],[-96.83335,33.15104],[-96.8342,33.15284],[-96.83645,33.15316],[-96.83786,33.15168],[-96.83701,33.14989],[-96.83476,33.14957]]]}},{"type":"Feature","properties":{"h3":"8926c80de27ffff","mii":10,"trt":0.0,"glp1":0.0,"pharmacy":0.0,"gym":0.0,"n":0},"geometry":{"type":"Polygon","coordinates":[[[-96.8342,33.15284],[-96.8328,33.15432],[-96.83365,33.15612],[-96.8359,33.15643],[-96.8373,33.15496],[-96.83645,33.15316],[-96.8342,33.15284]]]}},{"type":"Feature","properties":{"h3":"8926cbc88c7ffff","mii":10,"trt":0.0,"glp1":0.0,"pharmacy":0.0,"gym":0.0,"n":0},"geometry":{"type":"Polygon","coordinates":[[[-97.36754,32.49968],[-97.36615,32.50118],[-97.36701,32.50298],[-97.36925,32.50328],[-97.37065,32.50179],[-97.36979,32.49999],[-97.36754,32.49968]]]}},{"type":"Feature","properties":{"h3":"8926cbc88cfffff","mii":10,"trt":0.0,"glp1":0.0,"pharmacy":0.0,"gym":0.0,"n":0},"geometry":{"type":"Polygon","coordinates":[[[-97.37118,32.4985],[-97.36979,32.49999],[-97.37065,32.50179],[-97.37289,32.5021],[-97.37429,32.5006],[-97.37343,32.4988],[-97.37118,32.4985]]]}},{"type":"Feature","properties":{"h3":"8926cbc8857ffff","mii":10,"trt":0.0,"glp1":0.0,"pharmacy":0.0,"gym":0.0,"n":0},"geometry":{"type":"Polygon","coordinates":[[[-97.37172,32.4952],[-97.37033,32.4967],[-97.37118,32.4985],[-97.37343,32.4988],[-97.37482,32.49731],[-97.37397,32.49551],[-97.37172,32.4952]]]}},{"type":"Feature","properties":{"h3":"8926cbc880bffff","mii":10,"trt":0.0,"glp1":0.0,"pharmacy":0.0,"gym":0.0,"n":0},"geometry":{"type":"Polygon","coordinates":[[[-97.36862,32.4931],[-97.36723,32.49459],[-97.36808,32.49639],[-97.37033,32.4967],[-97.37172,32.4952],[-97.37087,32.4934],[-97.36862,32.4931]]]}},{"type":"Feature","properties":{"h3":"8926cbc8803ffff","mii":10,"trt":0.0,"glp1":0.0,"pharmacy":0.0,"gym":0.0,"n":0},"geometry":{"type":"Polygon","coordinates":[[[-97.36498,32.49428],[-97.36359,32.49578],[-97.36444,32.49758],[-97.36669,32.49788],[-97.36808,32.49639],[-97.36723,32.49459],[-97.36498,32.49428]]]}},{"type":"Feature","properties":{"h3":"8926cbc8813ffff","mii":10,"trt":0.0,"glp1":0.0,"pharmacy":0.0,"gym":0.0,"n":0},"geometry":{"type":"Polygon","coordinates":[[[-97.36444,32.49758],[-97.36305,32.49907],[-97.3639,32.50087],[-97.36615,32.50118],[-97.36754,32.49968],[-97.36669,32.49788],[-97.36444,32.49758]]]}},{"type":"Feature","properties":{"h3":"8926ca86b4bffff","mii":10,"trt":0.0,"glp1":0.0,"pharmacy":0.0,"gym":0.0,"n":0},"geometry":{"type":"Polygon","coordinates":[[[-97.57625,33.21365],[-97.57485,33.21514],[-97.57571,33.21694],[-97.57798,33.21724],[-97.57938,33.21575],[-97.57851,33.21396],[-97.57625,33.21365]]]}},{"type":"Feature","properties":{"h3":"8926ca84c87ffff","mii":10,"trt":0.0,"glp1":0.0,"pharmacy":0.0,"gym":0.0,"n":0},"geometry":{"type":"Polygon","coordinates":[[[-97.57991,33.21247],[-97.57851,33.21396],[-97.57938,33.21575],[-97.58164,33.21606],[-97.58304,33.21457],[-97.58218,33.21278],[-97.57991,33.21247]]]}},{"type":"Feature","properties":{"h3":"8926ca84cbbffff","mii":10,"trt":0.0,"glp1":0.0,"pharmacy":0.0,"gym":0.0,"n":0},"geometry":{"type":"Polygon","coordinates":[[[-97.58045,33.20919],[-97.57905,33.21068],[-97.57991,33.21247],[-97.58218,33.21278],[-97.58358,33.21129],[-97.58271,33.20949],[-97.58045,33.20919]]]}},{"type":"Feature","properties":{"h3":"8926ca84ca3ffff","mii":10,"trt":0.0,"glp1":0.0,"pharmacy":0.0,"gym":0.0,"n":0},"geometry":{"type":"Polygon","coordinates":[[[-97.57732,33.20709],[-97.57592,33.20858],[-97.57678,33.21037],[-97.57905,33.21068],[-97.58045,33.20919],[-97.57958,33.20739],[-97.57732,33.20709]]]}},{"type":"Feature","properties":{"h3":"8926ca84cb7ffff","mii":10,"trt":0.0,"glp1":0.0,"pharmacy":0.0,"gym":0.0,"n":0},"geometry":{"type":"Polygon","coordinates":[[[-97.57365,33.20827],[-97.57225,33.20976],[-97.57312,33.21155],[-97.57538,33.21186],[-97.57678,33.21037],[-97.57592,33.20858],[-97.57365,33.20827]]]}},{"type":"Feature","properties":{"h3":"8926ca86b4fffff","mii":10,"trt":0.0,"glp1":0.0,"pharmacy":0.0,"gym":0.0,"n":0},"geometry":{"type":"Polygon","coordinates":[[[-97.57312,33.21155],[-97.57172,33.21304],[-97.57258,33.21483],[-97.57485,33.21514],[-97.57625,33.21365],[-97.57538,33.21186],[-97.57312,33.21155]]]}},{"type":"Feature","properties":{"h3":"8926cb8b033ffff","mii":10,"trt":0.0,"glp1":0.0,"pharmacy":0.0,"gym":0.0,"n":0},"geometry":{"type":"Polygon","coordinates":[[[-96.92946,32.60723],[-96.92806,32.60871],[-96.92891,32.61051],[-96.93115,32.61083],[-96.93255,32.60934],[-96.9317,32.60754],[-96.92946,32.60723]]]}},{"type":"Feature","properties":{"h3":"8926cb8b03bffff","mii":10,"trt":0.0,"glp1":0.0,"pharmacy":0.0,"gym":0.0,"n":0},"geometry":{"type":"Polygon","coordinates":[[[-96.9331,32.60606],[-96.9317,32.60754],[-96.93255,32.60934],[-96.93479,32.60966],[-96.93619,32.60817],[-96.93534,32.60637],[-96.9331,32.60606]]]}},{"type":"Feature","properties":{"h3":"8926cb8b02bffff","mii":10,"trt":0.0,"glp1":0.0,"pharmacy":0.0,"gym":0.0,"n":0},"geometry":{"type":"Polygon","coordinates":[[[-96.93365,32.60277],[-96.93225,32.60426],[-96.9331,32.60606],[-96.93534,32.60637],[-96.93674,32.60489],[-96.93589,32.60309],[-96.93365,32.60277]]]}},{"type":"Feature","properties":{"h3":"8926cb8b02fffff","mii":10,"trt":0.0,"glp1":0.0,"pharmacy":0.0,"gym":0.0,"n":0},"geometry":{"type":"Polygon","coordinates":[[[-96.93056,32.60066],[-96.92916,32.60214],[-96.93001,32.60394],[-96.93225,32.60426],[-96.93365,32.60277],[-96.9328,32.60097],[-96.93056,32.60066]]]}},{"type":"Feature","properties":{"h3":"8926cb8b027ffff","mii":10,"trt":0.0,"glp1":0.0,"pharmacy":0.0,"gym":0.0,"n":0},"geometry":{"type":"Polygon","coordinates":[[[-96.92692,32.60183],[-96.92552,32.60331],[-96.92637,32.60511],[-96.92861,32.60543],[-96.93001,32.60394],[-96.92916,32.60214],[-96.92692,32.60183]]]}},{"type":"Feature","properties":{"h3":"8926cb8b037ffff","mii":10,"trt":0.0,"glp1":0.0,"pharmacy":0.0,"gym":0.0,"n":0},"geometry":{"type":"Polygon","coordinates":[[[-96.92637,32.60511],[-96.92497,32.6066],[-96.92582,32.6084],[-96.92806,32.60871],[-96.92946,32.60723],[-96.92861,32.60543],[-96.92637,32.60511]]]}},{"type":"Feature","properties":{"h3":"8926cbd545bffff","mii":10,"trt":0.0,"glp1":0.0,"pharmacy":0.0,"gym":0.0,"n":0},"geometry":{"type":"Polygon","coordinates":[[[-97.13009,32.68566],[-97.1287,32.68715],[-97.12955,32.68894],[-97.1318,32.68926],[-97.13319,32.68777],[-97.13234,32.68597],[-97.13009,32.68566]]]}},{"type":"Feature","properties":{"h3":"8926cbd5697ffff","mii":10,"trt":0.0,"glp1":0.0,"pharmacy":0.0,"gym":0.0,"n":0},"geometry":{"type":"Polygon","coordinates":[[[-97.13374,32.68448],[-97.13234,32.68597],[-97.13319,32.68777],[-97.13544,32.68808],[-97.13684,32.68659],[-97.13598,32.68479],[-97.13374,32.68448]]]}},{"type":"Feature","properties":{"h3":"8926cbd5687ffff","mii":10,"trt":0.0,"glp1":0.0,"pharmacy":0.0,"gym":0.0,"n":0},"geometry":{"type":"Polygon","coordinates":[[[-97.13428,32.6812],[-97.13288,32.68268],[-97.13374,32.68448],[-97.13598,32.68479],[-97.13738,32.68331],[-97.13653,32.68151],[-97.13428,32.6812]]]}},{"type":"Feature","properties":{"h3":"8926cbd56b3ffff","mii":10,"trt":0.0,"glp1":0.0,"pharmacy":0.0,"gym":0.0,"n":0},"geometry":{"type":"Polygon","coordinates":[[[-97.13118,32.67909],[-97.12979,32.68057],[-97.13064,32.68237],[-97.13288,32.68268],[-97.13428,32.6812],[-97.13343,32.6794],[-97.13118,32.67909]]]}},{"type":"Feature","properties":{"h3":"8926cbd544fffff","mii":10,"trt":0.0,"glp1":0.0,"pharmacy":0.0,"gym":0.0,"n":0},"geometry":{"type":"Polygon","coordinates":[[[-97.12754,32.68026],[-97.12614,32.68175],[-97.12699,32.68355],[-97.12924,32.68386],[-97.13064,32.68237],[-97.12979,32.68057],[-97.12754,32.68026]]]}},{"type":"Feature","properties":{"h3":"8926cbd5443ffff","mii":10,"trt":0.0,"glp1":0.0,"pharmacy":0.0,"gym":0.0,"n":0},"geometry":{"type":"Polygon","coordinates":[[[-97.12699,32.68355],[-97.1256,32.68503],[-97.12645,32.68683],[-97.1287,32.68715],[-97.13009,32.68566],[-97.12924,32.68386],[-97.12699,32.68355]]]}},{"type":"Feature","properties":{"h3":"8926cbd641bffff","mii":10,"trt":0.0,"glp1":0.0,"pharmacy":0.0,"gym":0.0,"n":0},"geometry":{"type":"Polygon","coordinates":[[[-97.01384,32.74174],[-97.01244,32.74322],[-97.01329,32.74502],[-97.01554,32.74534],[-97.01694,32.74385],[-97.01609,32.74205],[-97.01384,32.74174]]]}},{"type":"Feature","properties":{"h3":"8926cbd6457ffff","mii":10,"trt":0.0,"glp1":0.0,"pharmacy":0.0,"gym":0.0,"n":0},"geometry":{"type":"Polygon","coordinates":[[[-97.01749,32.74057],[-97.01609,32.74205],[-97.01694,32.74385],[-97.01919,32.74417],[-97.02058,32.74268],[-97.01973,32.74088],[-97.01749,32.74057]]]}},{"type":"Feature","properties":{"h3":"8926cbd6447ffff","mii":10,"trt":0.0,"glp1":0.0,"pharmacy":0.0,"gym":0.0,"n":0},"geometry":{"type":"Polygon","coordinates":[[[-97.01803,32.73728],[-97.01664,32.73877],[-97.01749,32.74057],[-97.01973,32.74088],[-97.02113,32.7394],[-97.02028,32.7376],[-97.01803,32.73728]]]}},{"type":"Feature","properties":{"h3":"8926cbd6473ffff","mii":10,"trt":0.0,"glp1":0.0,"pharmacy":0.0,"gym":0.0,"n":0},"geometry":{"type":"Polygon","coordinates":[[[-97.01494,32.73517],[-97.01354,32.73665],[-97.01439,32.73845],[-97.01664,32.73877],[-97.01803,32.73728],[-97.01718,32.73548],[-97.01494,32.73517]]]}},{"type":"Feature","properties":{"h3":"8926cbd640fffff","mii":10,"trt":0.0,"glp1":0.0,"pharmacy":0.0,"gym":0.0,"n":0},"geometry":{"type":"Polygon","coordinates":[[[-97.01129,32.73634],[-97.0099,32.73783],[-97.01075,32.73962],[-97.01299,32.73994],[-97.01439,32.73845],[-97.01354,32.73665],[-97.01129,32.73634]]]}},{"type":"Feature","properties":{"h3":"8926cbd6403ffff","mii":10,"trt":0.0,"glp1":0.0,"pharmacy":0.0,"gym":0.0,"n":0},"geometry":{"type":"Polygon","coordinates":[[[-97.01075,32.73962],[-97.00935,32.74111],[-97.0102,32.74291],[-97.01244,32.74322],[-97.01384,32.74174],[-97.01299,32.73994],[-97.01075,32.73962]]]}},{"type":"Feature","properties":{"h3":"8926c86d64fffff","mii":10,"trt":0.0,"glp1":0.0,"pharmacy":0.0,"gym":0.0,"n":0},"geometry":{"type":"Polygon","coordinates":[[[-97.12636,32.83302],[-97.12496,32.8345],[-97.12582,32.8363],[-97.12807,32.83661],[-97.12947,32.83513],[-97.12861,32.83333],[-97.12636,32.83302]]]}},{"type":"Feature","properties":{"h3":"8926c86d67bffff","mii":10,"trt":0.0,"glp1":0.0,"pharmacy":0.0,"gym":0.0,"n":0},"geometry":{"type":"Polygon","coordinates":[[[-97.12326,32.8309],[-97.12186,32.83239],[-97.12271,32.83419],[-97.12496,32.8345],[-97.12636,32.83302],[-97.12551,32.83122],[-97.12326,32.8309]]]}},{"type":"Feature","properties":{"h3":"8926c86d673ffff","mii":10,"trt":0.0,"glp1":0.0,"pharmacy":0.0,"gym":0.0,"n":0},"geometry":{"type":"Polygon","coordinates":[[[-97.11961,32.83208],[-97.11821,32.83356],[-97.11906,32.83536],[-97.12132,32.83567],[-97.12271,32.83419],[-97.12186,32.83239],[-97.11961,32.83208]]]}},{"type":"Feature","properties":{"h3":"8926c86d6cfffff","mii":10,"trt":0.0,"glp1":0.0,"pharmacy":0.0,"gym":0.0,"n":0},"geometry":{"type":"Polygon","coordinates":[[[-97.12162,32.84076],[-97.12022,32.84224],[-97.12108,32.84404],[-97.12333,32.84435],[-97.12473,32.84287],[-97.12387,32.84107],[-97.12162,32.84076]]]}},{"type":"Feature","properties":{"h3":"8926c86d653ffff","mii":10,"trt":0.0,"glp1":0.0,"pharmacy":0.0,"gym":0.0,"n":0},"geometry":{"type":"Polygon","coordinates":[[[-97.12527,32.83958],[-97.12387,32.84107],[-97.12473,32.84287],[-97.12698,32.84318],[-97.12837,32.84169],[-97.12752,32.8399],[-97.12527,32.83958]]]}},{"type":"Feature","properties":{"h3":"8926c86d61bffff","mii":10,"trt":0.0,"glp1":0.0,"pharmacy":0.0,"gym":0.0,"n":0},"geometry":{"type":"Polygon","coordinates":[[[-97.11852,32.83865],[-97.11712,32.84013],[-97.11797,32.84193],[-97.12022,32.84224],[-97.12162,32.84076],[-97.12077,32.83896],[-97.11852,32.83865]]]}},{"type":"Feature","properties":{"h3":"8926c86898bffff","mii":10,"trt":0.0,"glp1":0.0,"pharmacy":0.0,"gym":0.0,"n":0},"geometry":{"type":"Polygon","coordinates":[[[-97.1105,32.86608],[-97.10911,32.86757],[-97.10996,32.86937],[-97.11221,32.86968],[-97.11361,32.8682],[-97.11276,32.8664],[-97.1105,32.86608]]]}},{"type":"Feature","properties":{"h3":"8926c868913ffff","mii":10,"trt":0.0,"glp1":0.0,"pharmacy":0.0,"gym":0.0,"n":0},"geometry":{"type":"Polygon","coordinates":[[[-97.11105,32.8628],[-97.10965,32.86429],[-97.1105,32.86608],[-97.11276,32.8664],[-97.11415,32.86491],[-97.1133,32.86311],[-97.11105,32.8628]]]}},{"type":"Feature","properties":{"h3":"8926c868917ffff","mii":10,"trt":0.0,"glp1":0.0,"pharmacy":0.0,"gym":0.0,"n":0},"geometry":{"type":"Polygon","coordinates":[[[-97.10795,32.86069],[-97.10655,32.86218],[-97.1074,32.86397],[-97.10965,32.86429],[-97.11105,32.8628],[-97.1102,32.861],[-97.10795,32.86069]]]}},{"type":"Feature","properties":{"h3":"8926c8689bbffff","mii":10,"trt":0.0,"glp1":0.0,"pharmacy":0.0,"gym":0.0,"n":0},"geometry":{"type":"Polygon","coordinates":[[[-97.1043,32.86186],[-97.1029,32.86335],[-97.10375,32.86515],[-97.106,32.86546],[-97.1074,32.86397],[-97.10655,32.86218],[-97.1043,32.86186]]]}},{"type":"Feature","properties":{"h3":"8926c869923ffff","mii":10,"trt":0.0,"glp1":0.0,"pharmacy":0.0,"gym":0.0,"n":0},"geometry":{"type":"Polygon","coordinates":[[[-97.17876,32.85036],[-97.17736,32.85185],[-97.17821,32.85364],[-97.18047,32.85396],[-97.18186,32.85247],[-97.18101,32.85067],[-97.17876,32.85036]]]}},{"type":"Feature","properties":{"h3":"8926c86992bffff","mii":10,"trt":0.0,"glp1":0.0,"pharmacy":0.0,"gym":0.0,"n":0},"geometry":{"type":"Polygon","coordinates":[[[-97.18241,32.84918],[-97.18101,32.85067],[-97.18186,32.85247],[-97.18411,32.85278],[-97.18551,32.85129],[-97.18466,32.8495],[-97.18241,32.84918]]]}},{"type":"Feature","properties":{"h3":"8926cbd2693ffff","mii":10,"trt":0.0,"glp1":0.0,"pharmacy":0.0,"gym":0.0,"n":0},"geometry":{"type":"Polygon","coordinates":[[[-97.18295,32.8459],[-97.18155,32.84739],[-97.18241,32.84918],[-97.18466,32.8495],[-97.18606,32.84801],[-97.1852,32.84621],[-97.18295,32.8459]]]}},{"type":"Feature","properties":{"h3":"8926cbd2697ffff","mii":10,"trt":0.0,"glp1":0.0,"pharmacy":0.0,"gym":0.0,"n":0},"geometry":{"type":"Polygon","coordinates":[[[-97.17985,32.84379],[-97.17845,32.84528],[-97.1793,32.84707],[-97.18155,32.84739],[-97.18295,32.8459],[-97.1821,32.8441],[-97.17985,32.84379]]]}},{"type":"Feature","properties":{"h3":"8926cbd245bffff","mii":10,"trt":0.0,"glp1":0.0,"pharmacy":0.0,"gym":0.0,"n":0},"geometry":{"type":"Polygon","coordinates":[[[-97.1762,32.84497],[-97.1748,32.84645],[-97.17565,32.84825],[-97.1779,32.84856],[-97.1793,32.84707],[-97.17845,32.84528],[-97.1762,32.84497]]]}},{"type":"Feature","properties":{"h3":"8926c869927ffff","mii":10,"trt":0.0,"glp1":0.0,"pharmacy":0.0,"gym":0.0,"n":0},"geometry":{"type":"Polygon","coordinates":[[[-97.17565,32.84825],[-97.17425,32.84974],[-97.17511,32.85153],[-97.17736,32.85185],[-97.17876,32.85036],[-97.1779,32.84856],[-97.17565,32.84825]]]}},{"type":"Feature","properties":{"h3":"8926cbd26b7ffff","mii":10,"trt":0.0,"glp1":0.0,"pharmacy":0.0,"gym":0.0,"n":0},"geometry":{"type":"Polygon","coordinates":[[[-97.17418,32.83629],[-97.17278,32.83777],[-97.17363,32.83957],[-97.17589,32.83988],[-97.17728,32.8384],[-97.17643,32.8366],[-97.17418,32.83629]]]}},{"type":"Feature","properties":{"h3":"8926cbd26a3ffff","mii":10,"trt":0.0,"glp1":0.0,"pharmacy":0.0,"gym":0.0,"n":0},"geometry":{"type":"Polygon","coordinates":[[[-97.17783,32.83511],[-97.17643,32.8366],[-97.17728,32.8384],[-97.17954,32.83871],[-97.18093,32.83722],[-97.18008,32.83542],[-97.17783,32.83511]]]}},{"type":"Feature","properties":{"h3":"8926cbd26afffff","mii":10,"trt":0.0,"glp1":0.0,"pharmacy":0.0,"gym":0.0,"n":0},"geometry":{"type":"Polygon","coordinates":[[[-97.17837,32.83183],[-97.17697,32.83331],[-97.17783,32.83511],[-97.18008,32.83542],[-97.18148,32.83394],[-97.18062,32.83214],[-97.17837,32.83183]]]}},{"type":"Feature","properties":{"h3":"8926cbd20dbffff","mii":10,"trt":0.0,"glp1":0.0,"pharmacy":0.0,"gym":0.0,"n":0},"geometry":{"type":"Polygon","coordinates":[[[-97.17527,32.82972],[-97.17387,32.8312],[-97.17472,32.833],[-97.17697,32.83331],[-97.17837,32.83183],[-97.17752,32.83003],[-97.17527,32.82972]]]}},{"type":"Feature","properties":{"h3":"8926cbd20d3ffff","mii":10,"trt":0.0,"glp1":0.0,"pharmacy":0.0,"gym":0.0,"n":0},"geometry":{"type":"Polygon","coordinates":[[[-97.17162,32.83089],[-97.17022,32.83238],[-97.17107,32.83418],[-97.17332,32.83449],[-97.17472,32.833],[-97.17387,32.8312],[-97.17162,32.83089]]]}},{"type":"Feature","properties":{"h3":"8926cbd246bffff","mii":10,"trt":0.0,"glp1":0.0,"pharmacy":0.0,"gym":0.0,"n":0},"geometry":{"type":"Polygon","coordinates":[[[-97.17107,32.83418],[-97.16968,32.83566],[-97.17053,32.83746],[-97.17278,32.83777],[-97.17418,32.83629],[-97.17332,32.83449],[-97.17107,32.83418]]]}},{"type":"Feature","properties":{"h3":"8926c868d93ffff","mii":10,"trt":0.0,"glp1":0.0,"pharmacy":0.0,"gym":0.0,"n":0},"geometry":{"type":"Polygon","coordinates":[[[-97.10249,32.89352],[-97.10109,32.895],[-97.10194,32.8968],[-97.10419,32.89711],[-97.10559,32.89563],[-97.10474,32.89383],[-97.10249,32.89352]]]}},{"type":"Feature","properties":{"h3":"8926c868d9bffff","mii":10,"trt":0.0,"glp1":0.0,"pharmacy":0.0,"gym":0.0,"n":0},"geometry":{"type":"Polygon","coordinates":[[[-97.10614,32.89235],[-97.10474,32.89383],[-97.10559,32.89563],[-97.10784,32.89594],[-97.10924,32.89446],[-97.10839,32.89266],[-97.10614,32.89235]]]}},{"type":"Feature","properties":{"h3":"8926c868d8bffff","mii":10,"trt":0.0,"glp1":0.0,"pharmacy":0.0,"gym":0.0,"n":0},"geometry":{"type":"Polygon","coordinates":[[[-97.10668,32.88906],[-97.10528,32.89055],[-97.10614,32.89235],[-97.10839,32.89266],[-97.10979,32.89118],[-97.10893,32.88938],[-97.10668,32.88906]]]}},{"type":"Feature","properties":{"h3":"8926c868d8fffff","mii":10,"trt":0.0,"glp1":0.0,"pharmacy":0.0,"gym":0.0,"n":0},"geometry":{"type":"Polygon","coordinates":[[[-97.10358,32.88695],[-97.10218,32.88844],[-97.10303,32.89024],[-97.10528,32.89055],[-97.10668,32.88906],[-97.10583,32.88727],[-97.10358,32.88695]]]}},{"type":"Feature","properties":{"h3":"8926c868d87ffff","mii":10,"trt":0.0,"glp1":0.0,"pharmacy":0.0,"gym":0.0,"n":0},"geometry":{"type":"Polygon","coordinates":[[[-97.09993,32.88812],[-97.09853,32.88961],[-97.09938,32.89141],[-97.10163,32.89172],[-97.10303,32.89024],[-97.10218,32.88844],[-97.09993,32.88812]]]}},{"type":"Feature","properties":{"h3":"8926c868d97ffff","mii":10,"trt":0.0,"glp1":0.0,"pharmacy":0.0,"gym":0.0,"n":0},"geometry":{"type":"Polygon","coordinates":[[[-97.09938,32.89141],[-97.09798,32.89289],[-97.09884,32.89469],[-97.10109,32.895],[-97.10249,32.89352],[-97.10163,32.89172],[-97.09938,32.89141]]]}},{"type":"Feature","properties":{"h3":"8926c868d2fffff","mii":10,"trt":0.0,"glp1":0.0,"pharmacy":0.0,"gym":0.0,"n":0},"geometry":{"type":"Polygon","coordinates":[[[-97.10266,32.87171],[-97.10126,32.8732],[-97.10211,32.87499],[-97.10436,32.87531],[-97.10576,32.87382],[-97.10491,32.87202],[-97.10266,32.87171]]]}},{"type":"Feature","properties":{"h3":"8926c868993ffff","mii":10,"trt":0.0,"glp1":0.0,"pharmacy":0.0,"gym":0.0,"n":0},"geometry":{"type":"Polygon","coordinates":[[[-97.10631,32.87054],[-97.10491,32.87202],[-97.10576,32.87382],[-97.10801,32.87414],[-97.10941,32.87265],[-97.10856,32.87085],[-97.10631,32.87054]]]}},{"type":"Feature","properties":{"h3":"8926c86f24bffff","mii":10,"trt":0.0,"glp1":0.0,"pharmacy":0.0,"gym":0.0,"n":0},"geometry":{"type":"Polygon","coordinates":[[[-97.1001,32.86632],[-97.0987,32.8678],[-97.09956,32.8696],[-97.10181,32.86991],[-97.10321,32.86843],[-97.10235,32.86663],[-97.1001,32.86632]]]}},{"type":"Feature","properties":{"h3":"8926c86f25bffff","mii":10,"trt":0.0,"glp1":0.0,"pharmacy":0.0,"gym":0.0,"n":0},"geometry":{"type":"Polygon","coordinates":[[[-97.09956,32.8696],[-97.09816,32.87109],[-97.09901,32.87288],[-97.10126,32.8732],[-97.10266,32.87171],[-97.10181,32.86991],[-97.09956,32.8696]]]}},{"type":"Feature","properties":{"h3":"8926cbd35afffff","mii":10,"trt":0.0,"glp1":0.0,"pharmacy":0.0,"gym":0.0,"n":0},"geometry":{"type":"Polygon","coordinates":[[[-97.20391,32.8236],[-97.20252,32.82509],[-97.20337,32.82689],[-97.20562,32.8272],[-97.20702,32.82571],[-97.20617,32.82391],[-97.20391,32.8236]]]}},{"type":"Feature","properties":{"h3":"8926cbd3533ffff","mii":10,"trt":0.0,"glp1":0.0,"pharmacy":0.0,"gym":0.0,"n":0},"geometry":{"type":"Polygon","coordinates":[[[-97.20756,32.82242],[-97.20617,32.82391],[-97.20702,32.82571],[-97.20927,32.82602],[-97.21067,32.82453],[-97.20982,32.82274],[-97.20756,32.82242]]]}},{"type":"Feature","properties":{"h3":"8926cbd3523ffff","mii":10,"trt":0.0,"glp1":0.0,"pharmacy":0.0,"gym":0.0,"n":0},"geometry":{"type":"Polygon","coordinates":[[[-97.20811,32.81914],[-97.20671,32.82063],[-97.20756,32.82242],[-97.20982,32.82274],[-97.21121,32.82125],[-97.21036,32.81945],[-97.20811,32.81914]]]}},{"type":"Feature","properties":{"h3":"8926cbd3527ffff","mii":10,"trt":0.0,"glp1":0.0,"pharmacy":0.0,"gym":0.0,"n":0},"geometry":{"type":"Polygon","coordinates":[[[-97.205,32.81703],[-97.2036,32.81852],[-97.20446,32.82032],[-97.20671,32.82063],[-97.20811,32.81914],[-97.20725,32.81734],[-97.205,32.81703]]]}},{"type":"Feature","properties":{"h3":"8926cbd22cbffff","mii":10,"trt":0.0,"glp1":0.0,"pharmacy":0.0,"gym":0.0,"n":0},"geometry":{"type":"Polygon","coordinates":[[[-97.20135,32.81821],[-97.19996,32.81969],[-97.20081,32.82149],[-97.20306,32.8218],[-97.20446,32.82032],[-97.2036,32.81852],[-97.20135,32.81821]]]}},{"type":"Feature","properties":{"h3":"8926cbd22dbffff","mii":10,"trt":0.0,"glp1":0.0,"pharmacy":0.0,"gym":0.0,"n":0},"geometry":{"type":"Polygon","coordinates":[[[-97.20081,32.82149],[-97.19941,32.82298],[-97.20027,32.82478],[-97.20252,32.82509],[-97.20391,32.8236],[-97.20306,32.8218],[-97.20081,32.82149]]]}},{"type":"Feature","properties":{"h3":"8926c860b13ffff","mii":10,"trt":0.0,"glp1":0.0,"pharmacy":0.0,"gym":0.0,"n":0},"geometry":{"type":"Polygon","coordinates":[[[-96.95777,32.91191],[-96.95637,32.91339],[-96.95722,32.91519],[-96.95947,32.91551],[-96.96087,32.91403],[-96.96002,32.91223],[-96.95777,32.91191]]]}},{"type":"Feature","properties":{"h3":"8926c860b1bffff","mii":10,"trt":0.0,"glp1":0.0,"pharmacy":0.0,"gym":0.0,"n":0},"geometry":{"type":"Polygon","coordinates":[[[-96.96142,32.91075],[-96.96002,32.91223],[-96.96087,32.91403],[-96.96312,32.91434],[-96.96452,32.91286],[-96.96367,32.91106],[-96.96142,32.91075]]]}},{"type":"Feature","properties":{"h3":"8926c860b0bffff","mii":10,"trt":0.0,"glp1":0.0,"pharmacy":0.0,"gym":0.0,"n":0},"geometry":{"type":"Polygon","coordinates":[[[-96.96197,32.90747],[-96.96057,32.90895],[-96.96142,32.91075],[-96.96367,32.91106],[-96.96507,32.90958],[-96.96422,32.90778],[-96.96197,32.90747]]]}},{"type":"Feature","properties":{"h3":"8926c860b0fffff","mii":10,"trt":0.0,"glp1":0.0,"pharmacy":0.0,"gym":0.0,"n":0},"geometry":{"type":"Polygon","coordinates":[[[-96.95887,32.90535],[-96.95747,32.90683],[-96.95832,32.90863],[-96.96057,32.90895],[-96.96197,32.90747],[-96.96112,32.90567],[-96.95887,32.90535]]]}},{"type":"Feature","properties":{"h3":"8926c860b07ffff","mii":10,"trt":0.0,"glp1":0.0,"pharmacy":0.0,"gym":0.0,"n":0},"geometry":{"type":"Polygon","coordinates":[[[-96.95522,32.90652],[-96.95382,32.908],[-96.95467,32.9098],[-96.95692,32.91011],[-96.95832,32.90863],[-96.95747,32.90683],[-96.95522,32.90652]]]}},{"type":"Feature","properties":{"h3":"8926c860b17ffff","mii":10,"trt":0.0,"glp1":0.0,"pharmacy":0.0,"gym":0.0,"n":0},"geometry":{"type":"Polygon","coordinates":[[[-96.95467,32.9098],[-96.95327,32.91128],[-96.95412,32.91308],[-96.95637,32.91339],[-96.95777,32.91191],[-96.95692,32.91011],[-96.95467,32.9098]]]}},{"type":"Feature","properties":{"h3":"8926c860c0bffff","mii":10,"trt":0.0,"glp1":0.0,"pharmacy":0.0,"gym":0.0,"n":0},"geometry":{"type":"Polygon","coordinates":[[[-96.95427,32.95338],[-96.95287,32.95487],[-96.95372,32.95666],[-96.95597,32.95698],[-96.95737,32.9555],[-96.95652,32.9537],[-96.95427,32.95338]]]}},{"type":"Feature","properties":{"h3":"8926c860c47ffff","mii":10,"trt":0.0,"glp1":0.0,"pharmacy":0.0,"gym":0.0,"n":0},"geometry":{"type":"Polygon","coordinates":[[[-96.95792,32.95222],[-96.95652,32.9537],[-96.95737,32.9555],[-96.95962,32.95581],[-96.96102,32.95433],[-96.96017,32.95254],[-96.95792,32.95222]]]}},{"type":"Feature","properties":{"h3":"8926c860c7bffff","mii":10,"trt":0.0,"glp1":0.0,"pharmacy":0.0,"gym":0.0,"n":0},"geometry":{"type":"Polygon","coordinates":[[[-96.95847,32.94894],[-96.95707,32.95042],[-96.95792,32.95222],[-96.96017,32.95254],[-96.96157,32.95105],[-96.96072,32.94926],[-96.95847,32.94894]]]}},{"type":"Feature","properties":{"h3":"8926c860c63ffff","mii":10,"trt":0.0,"glp1":0.0,"pharmacy":0.0,"gym":0.0,"n":0},"geometry":{"type":"Polygon","coordinates":[[[-96.95537,32.94683],[-96.95397,32.94831],[-96.95482,32.95011],[-96.95707,32.95042],[-96.95847,32.94894],[-96.95762,32.94714],[-96.95537,32.94683]]]}},{"type":"Feature","properties":{"h3":"8926c860c77ffff","mii":10,"trt":0.0,"glp1":0.0,"pharmacy":0.0,"gym":0.0,"n":0},"geometry":{"type":"Polygon","coordinates":[[[-96.95172,32.94799],[-96.95032,32.94947],[-96.95117,32.95127],[-96.95342,32.95159],[-96.95482,32.95011],[-96.95397,32.94831],[-96.95172,32.94799]]]}},{"type":"Feature","properties":{"h3":"8926c860c0fffff","mii":10,"trt":0.0,"glp1":0.0,"pharmacy":0.0,"gym":0.0,"n":0},"geometry":{"type":"Polygon","coordinates":[[[-96.95117,32.95127],[-96.94977,32.95275],[-96.95062,32.95455],[-96.95287,32.95487],[-96.95427,32.95338],[-96.95342,32.95159],[-96.95117,32.95127]]]}},{"type":"Feature","properties":{"h3":"8926c86aa8bffff","mii":10,"trt":0.0,"glp1":0.0,"pharmacy":0.0,"gym":0.0,"n":0},"geometry":{"type":"Polygon","coordinates":[[[-97.1246,32.92682],[-97.1232,32.9283],[-97.12405,32.9301],[-97.1263,32.93041],[-97.1277,32.92893],[-97.12685,32.92713],[-97.1246,32.92682]]]}},{"type":"Feature","properties":{"h3":"8926c86aac7ffff","mii":10,"trt":0.0,"glp1":0.0,"pharmacy":0.0,"gym":0.0,"n":0},"geometry":{"type":"Polygon","coordinates":[[[-97.12825,32.92565],[-97.12685,32.92713],[-97.1277,32.92893],[-97.12996,32.92924],[-97.13135,32.92776],[-97.1305,32.92596],[-97.12825,32.92565]]]}},{"type":"Feature","properties":{"h3":"8926c86aa1bffff","mii":10,"trt":0.0,"glp1":0.0,"pharmacy":0.0,"gym":0.0,"n":0},"geometry":{"type":"Polygon","coordinates":[[[-97.12879,32.92236],[-97.1274,32.92385],[-97.12825,32.92565],[-97.1305,32.92596],[-97.1319,32.92447],[-97.13105,32.92268],[-97.12879,32.92236]]]}},{"type":"Feature","properties":{"h3":"8926c86aa03ffff","mii":10,"trt":0.0,"glp1":0.0,"pharmacy":0.0,"gym":0.0,"n":0},"geometry":{"type":"Polygon","coordinates":[[[-97.12569,32.92025],[-97.12429,32.92174],[-97.12514,32.92354],[-97.1274,32.92385],[-97.12879,32.92236],[-97.12794,32.92057],[-97.12569,32.92025]]]}},{"type":"Feature","properties":{"h3":"8926c86aa17ffff","mii":10,"trt":0.0,"glp1":0.0,"pharmacy":0.0,"gym":0.0,"n":0},"geometry":{"type":"Polygon","coordinates":[[[-97.12204,32.92142],[-97.12064,32.92291],[-97.12149,32.92471],[-97.12374,32.92502],[-97.12514,32.92354],[-97.12429,32.92174],[-97.12204,32.92142]]]}},{"type":"Feature","properties":{"h3":"8926c86aa8fffff","mii":10,"trt":0.0,"glp1":0.0,"pharmacy":0.0,"gym":0.0,"n":0},"geometry":{"type":"Polygon","coordinates":[[[-97.12149,32.92471],[-97.12009,32.92619],[-97.12095,32.92799],[-97.1232,32.9283],[-97.1246,32.92682],[-97.12374,32.92502],[-97.12149,32.92471]]]}},{"type":"Feature","properties":{"h3":"8926c86b407ffff","mii":10,"trt":0.0,"glp1":0.0,"pharmacy":0.0,"gym":0.0,"n":0},"geometry":{"type":"Polygon","coordinates":[[[-97.2058,33.00019],[-97.2044,33.00168],[-97.20525,33.00347],[-97.20751,33.00378],[-97.20891,33.0023],[-97.20805,33.0005],[-97.2058,33.00019]]]}},{"type":"Feature","properties":{"h3":"8926c86b40fffff","mii":10,"trt":0.0,"glp1":0.0,"pharmacy":0.0,"gym":0.0,"n":0},"geometry":{"type":"Polygon","coordinates":[[[-97.20945,32.99902],[-97.20805,33.0005],[-97.20891,33.0023],[-97.21116,33.00261],[-97.21256,33.00113],[-97.21171,32.99933],[-97.20945,32.99902]]]}},{"type":"Feature","properties":{"h3":"8926c86b477ffff","mii":10,"trt":0.0,"glp1":0.0,"pharmacy":0.0,"gym":0.0,"n":0},"geometry":{"type":"Polygon","coordinates":[[[-97.21,32.99574],[-97.2086,32.99722],[-97.20945,32.99902],[-97.21171,32.99933],[-97.21311,32.99784],[-97.21225,32.99605],[-97.21,32.99574]]]}},{"type":"Feature","properties":{"h3":"8926c86b42bffff","mii":10,"trt":0.0,"glp1":0.0,"pharmacy":0.0,"gym":0.0,"n":0},"geometry":{"type":"Polygon","coordinates":[[[-97.20688,32.99363],[-97.20549,32.99511],[-97.20634,32.99691],[-97.2086,32.99722],[-97.21,32.99574],[-97.20914,32.99394],[-97.20688,32.99363]]]}},{"type":"Feature","properties":{"h3":"8926c86b423ffff","mii":10,"trt":0.0,"glp1":0.0,"pharmacy":0.0,"gym":0.0,"n":0},"geometry":{"type":"Polygon","coordinates":[[[-97.20323,32.9948],[-97.20183,32.99628],[-97.20269,32.99808],[-97.20494,32.99839],[-97.20634,32.99691],[-97.20549,32.99511],[-97.20323,32.9948]]]}},{"type":"Feature","properties":{"h3":"8926c86b433ffff","mii":10,"trt":0.0,"glp1":0.0,"pharmacy":0.0,"gym":0.0,"n":0},"geometry":{"type":"Polygon","coordinates":[[[-97.20269,32.99808],[-97.20129,32.99957],[-97.20214,33.00136],[-97.2044,33.00168],[-97.2058,33.00019],[-97.20494,32.99839],[-97.20269,32.99808]]]}},{"type":"Feature","properties":{"h3":"8926c86b5c7ffff","mii":10,"trt":0.0,"glp1":0.0,"pharmacy":0.0,"gym":0.0,"n":0},"geometry":{"type":"Polygon","coordinates":[[[-97.1897,32.99293],[-97.1883,32.99441],[-97.18916,32.99621],[-97.19141,32.99652],[-97.19281,32.99504],[-97.19196,32.99324],[-97.1897,32.99293]]]}},{"type":"Feature","properties":{"h3":"8926c86b5cfffff","mii":10,"trt":0.0,"glp1":0.0,"pharmacy":0.0,"gym":0.0,"n":0},"geometry":{"type":"Polygon","coordinates":[[[-97.19336,32.99175],[-97.19196,32.99324],[-97.19281,32.99504],[-97.19507,32.99535],[-97.19647,32.99386],[-97.19561,32.99207],[-97.19336,32.99175]]]}},{"type":"Feature","properties":{"h3":"8926c86b557ffff","mii":10,"trt":0.0,"glp1":0.0,"pharmacy":0.0,"gym":0.0,"n":0},"geometry":{"type":"Polygon","coordinates":[[[-97.1939,32.98847],[-97.1925,32.98996],[-97.19336,32.99175],[-97.19561,32.99207],[-97.19701,32.99058],[-97.19615,32.98878],[-97.1939,32.98847]]]}},{"type":"Feature","properties":{"h3":"8926c86b50bffff","mii":10,"trt":0.0,"glp1":0.0,"pharmacy":0.0,"gym":0.0,"n":0},"geometry":{"type":"Polygon","coordinates":[[[-97.19079,32.98636],[-97.18939,32.98785],[-97.19025,32.98965],[-97.1925,32.98996],[-97.1939,32.98847],[-97.19304,32.98668],[-97.19079,32.98636]]]}},{"type":"Feature","properties":{"h3":"8926c86b503ffff","mii":10,"trt":0.0,"glp1":0.0,"pharmacy":0.0,"gym":0.0,"n":0},"geometry":{"type":"Polygon","coordinates":[[[-97.18714,32.98754],[-97.18574,32.98902],[-97.18659,32.99082],[-97.18885,32.99113],[-97.19025,32.98965],[-97.18939,32.98785],[-97.18714,32.98754]]]}},{"type":"Feature","properties":{"h3":"8926c86b513ffff","mii":10,"trt":0.0,"glp1":0.0,"pharmacy":0.0,"gym":0.0,"n":0},"geometry":{"type":"Polygon","coordinates":[[[-97.18659,32.99082],[-97.18519,32.9923],[-97.18605,32.9941],[-97.1883,32.99441],[-97.1897,32.99293],[-97.18885,32.99113],[-97.18659,32.99082]]]}},{"type":"Feature","properties":{"h3":"8926c8632c3ffff","mii":10,"trt":0.0,"glp1":0.0,"pharmacy":0.0,"gym":0.0,"n":0},"geometry":{"type":"Polygon","coordinates":[[[-97.0649,33.036],[-97.0635,33.03748],[-97.06435,33.03928],[-97.06661,33.03959],[-97.06801,33.03811],[-97.06716,33.03631],[-97.0649,33.036]]]}},{"type":"Feature","properties":{"h3":"8926c8632cbffff","mii":10,"trt":0.0,"glp1":0.0,"pharmacy":0.0,"gym":0.0,"n":0},"geometry":{"type":"Polygon","coordinates":[[[-97.06856,33.03483],[-97.06716,33.03631],[-97.06801,33.03811],[-97.07026,33.03843],[-97.07166,33.03694],[-97.07081,33.03515],[-97.06856,33.03483]]]}},{"type":"Feature","properties":{"h3":"8926c8632c7ffff","mii":10,"trt":0.0,"glp1":0.0,"pharmacy":0.0,"gym":0.0,"n":0},"geometry":{"type":"Polygon","coordinates":[[[-97.06179,33.03389],[-97.06039,33.03537],[-97.06125,33.03717],[-97.0635,33.03748],[-97.0649,33.036],[-97.06405,33.0342],[-97.06179,33.03389]]]}},{"type":"Feature","properties":{"h3":"8926c8614d3ffff","mii":10,"trt":0.0,"glp1":0.0,"pharmacy":0.0,"gym":0.0,"n":0},"geometry":{"type":"Polygon","coordinates":[[[-97.06819,33.01632],[-97.06679,33.0178],[-97.06764,33.0196],[-97.06989,33.01992],[-97.07129,33.01843],[-97.07044,33.01664],[-97.06819,33.01632]]]}},{"type":"Feature","properties":{"h3":"8926c8614dbffff","mii":10,"trt":0.0,"glp1":0.0,"pharmacy":0.0,"gym":0.0,"n":0},"geometry":{"type":"Polygon","coordinates":[[[-97.07184,33.01515],[-97.07044,33.01664],[-97.07129,33.01843],[-97.07355,33.01875],[-97.07495,33.01726],[-97.0741,33.01547],[-97.07184,33.01515]]]}},{"type":"Feature","properties":{"h3":"8926c8614cbffff","mii":10,"trt":0.0,"glp1":0.0,"pharmacy":0.0,"gym":0.0,"n":0},"geometry":{"type":"Polygon","coordinates":[[[-97.07239,33.01187],[-97.07099,33.01336],[-97.07184,33.01515],[-97.0741,33.01547],[-97.0755,33.01398],[-97.07464,33.01219],[-97.07239,33.01187]]]}},{"type":"Feature","properties":{"h3":"8926c8614cfffff","mii":10,"trt":0.0,"glp1":0.0,"pharmacy":0.0,"gym":0.0,"n":0},"geometry":{"type":"Polygon","coordinates":[[[-97.06928,33.00976],[-97.06788,33.01124],[-97.06874,33.01304],[-97.07099,33.01336],[-97.07239,33.01187],[-97.07154,33.01008],[-97.06928,33.00976]]]}},{"type":"Feature","properties":{"h3":"8926c8614c7ffff","mii":10,"trt":0.0,"glp1":0.0,"pharmacy":0.0,"gym":0.0,"n":0},"geometry":{"type":"Polygon","coordinates":[[[-97.06563,33.01093],[-97.06423,33.01241],[-97.06508,33.01421],[-97.06734,33.01452],[-97.06874,33.01304],[-97.06788,33.01124],[-97.06563,33.01093]]]}},{"type":"Feature","properties":{"h3":"8926c8614d7ffff","mii":10,"trt":0.0,"glp1":0.0,"pharmacy":0.0,"gym":0.0,"n":0},"geometry":{"type":"Polygon","coordinates":[[[-97.06508,33.01421],[-97.06368,33.01569],[-97.06453,33.01749],[-97.06679,33.0178],[-97.06819,33.01632],[-97.06734,33.01452],[-97.06508,33.01421]]]}},{"type":"Feature","properties":{"h3":"8926c863347ffff","mii":10,"trt":0.0,"glp1":0.0,"pharmacy":0.0,"gym":0.0,"n":0},"geometry":{"type":"Polygon","coordinates":[[[-97.0448,33.01138],[-97.0434,33.01286],[-97.04425,33.01466],[-97.04651,33.01497],[-97.04791,33.01349],[-97.04706,33.01169],[-97.0448,33.01138]]]}},{"type":"Feature","properties":{"h3":"8926c86334fffff","mii":10,"trt":0.0,"glp1":0.0,"pharmacy":0.0,"gym":0.0,"n":0},"geometry":{"type":"Polygon","coordinates":[[[-97.04846,33.01021],[-97.04706,33.01169],[-97.04791,33.01349],[-97.05016,33.01381],[-97.05156,33.01232],[-97.05071,33.01053],[-97.04846,33.01021]]]}},{"type":"Feature","properties":{"h3":"8926c8614b7ffff","mii":10,"trt":0.0,"glp1":0.0,"pharmacy":0.0,"gym":0.0,"n":0},"geometry":{"type":"Polygon","coordinates":[[[-97.049,33.00693],[-97.0476,33.00841],[-97.04846,33.01021],[-97.05071,33.01053],[-97.05211,33.00904],[-97.05126,33.00725],[-97.049,33.00693]]]}},{"type":"Feature","properties":{"h3":"8926c86336bffff","mii":10,"trt":0.0,"glp1":0.0,"pharmacy":0.0,"gym":0.0,"n":0},"geometry":{"type":"Polygon","coordinates":[[[-97.0459,33.00482],[-97.0445,33.0063],[-97.04535,33.0081],[-97.0476,33.00841],[-97.049,33.00693],[-97.04815,33.00513],[-97.0459,33.00482]]]}},{"type":"Feature","properties":{"h3":"8926c863363ffff","mii":10,"trt":0.0,"glp1":0.0,"pharmacy":0.0,"gym":0.0,"n":0},"geometry":{"type":"Polygon","coordinates":[[[-97.04225,33.00599],[-97.04085,33.00747],[-97.0417,33.00927],[-97.04395,33.00958],[-97.04535,33.0081],[-97.0445,33.0063],[-97.04225,33.00599]]]}},{"type":"Feature","properties":{"h3":"8926c863373ffff","mii":10,"trt":0.0,"glp1":0.0,"pharmacy":0.0,"gym":0.0,"n":0},"geometry":{"type":"Polygon","coordinates":[[[-97.0417,33.00927],[-97.0403,33.01075],[-97.04115,33.01255],[-97.0434,33.01286],[-97.0448,33.01138],[-97.04395,33.00958],[-97.0417,33.00927]]]}},{"type":"Feature","properties":{"h3":"8926c8443c7ffff","mii":10,"trt":0.0,"glp1":0.0,"pharmacy":0.0,"gym":0.0,"n":0},"geometry":{"type":"Polygon","coordinates":[[[-97.12589,33.23067],[-97.12449,33.23215],[-97.12534,33.23395],[-97.1276,33.23426],[-97.129,33.23278],[-97.12815,33.23098],[-97.12589,33.23067]]]}},{"type":"Feature","properties":{"h3":"8926c844303ffff","mii":10,"trt":0.0,"glp1":0.0,"pharmacy":0.0,"gym":0.0,"n":0},"geometry":{"type":"Polygon","coordinates":[[[-97.12332,33.22528],[-97.12192,33.22676],[-97.12278,33.22856],[-97.12503,33.22887],[-97.12644,33.22739],[-97.12558,33.2256],[-97.12332,33.22528]]]}},{"type":"Feature","properties":{"h3":"8926c844313ffff","mii":10,"trt":0.0,"glp1":0.0,"pharmacy":0.0,"gym":0.0,"n":0},"geometry":{"type":"Polygon","coordinates":[[[-97.12278,33.22856],[-97.12137,33.23004],[-97.12223,33.23184],[-97.12449,33.23215],[-97.12589,33.23067],[-97.12503,33.22887],[-97.12278,33.22856]]]}},{"type":"Feature","properties":{"h3":"8926c844263ffff","mii":10,"trt":0.0,"glp1":0.0,"pharmacy":0.0,"gym":0.0,"n":0},"geometry":{"type":"Polygon","coordinates":[[[-97.14988,33.23233],[-97.14848,33.23381],[-97.14933,33.23561],[-97.15159,33.23592],[-97.153,33.23444],[-97.15214,33.23264],[-97.14988,33.23233]]]}},{"type":"Feature","properties":{"h3":"8926c84426bffff","mii":10,"trt":0.0,"glp1":0.0,"pharmacy":0.0,"gym":0.0,"n":0},"geometry":{"type":"Polygon","coordinates":[[[-97.15354,33.23116],[-97.15214,33.23264],[-97.153,33.23444],[-97.15526,33.23475],[-97.15666,33.23327],[-97.1558,33.23148],[-97.15354,33.23116]]]}},{"type":"Feature","properties":{"h3":"8926c845cd3ffff","mii":10,"trt":0.0,"glp1":0.0,"pharmacy":0.0,"gym":0.0,"n":0},"geometry":{"type":"Polygon","coordinates":[[[-97.15409,33.22788],[-97.15269,33.22937],[-97.15354,33.23116],[-97.1558,33.23148],[-97.1572,33.22999],[-97.15635,33.2282],[-97.15409,33.22788]]]}},{"type":"Feature","properties":{"h3":"8926c845cd7ffff","mii":10,"trt":0.0,"glp1":0.0,"pharmacy":0.0,"gym":0.0,"n":0},"geometry":{"type":"Polygon","coordinates":[[[-97.15097,33.22578],[-97.14957,33.22726],[-97.15043,33.22905],[-97.15269,33.22937],[-97.15409,33.22788],[-97.15323,33.22609],[-97.15097,33.22578]]]}},{"type":"Feature","properties":{"h3":"8926c845c9bffff","mii":10,"trt":0.0,"glp1":0.0,"pharmacy":0.0,"gym":0.0,"n":0},"geometry":{"type":"Polygon","coordinates":[[[-97.14731,33.22694],[-97.14591,33.22842],[-97.14677,33.23022],[-97.14902,33.23053],[-97.15043,33.22905],[-97.14957,33.22726],[-97.14731,33.22694]]]}},{"type":"Feature","properties":{"h3":"8926c844267ffff","mii":10,"trt":0.0,"glp1":0.0,"pharmacy":0.0,"gym":0.0,"n":0},"geometry":{"type":"Polygon","coordinates":[[[-97.14677,33.23022],[-97.14536,33.2317],[-97.14622,33.2335],[-97.14848,33.23381],[-97.14988,33.23233],[-97.14902,33.23053],[-97.14677,33.23022]]]}},{"type":"Feature","properties":{"h3":"8926c844c7bffff","mii":10,"trt":0.0,"glp1":0.0,"pharmacy":0.0,"gym":0.0,"n":0},"geometry":{"type":"Polygon","coordinates":[[[-97.08377,33.21307],[-97.08237,33.21455],[-97.08323,33.21634],[-97.08548,33.21666],[-97.08689,33.21518],[-97.08603,33.21338],[-97.08377,33.21307]]]}},{"type":"Feature","properties":{"h3":"8926c844eb7ffff","mii":10,"trt":0.0,"glp1":0.0,"pharmacy":0.0,"gym":0.0,"n":0},"geometry":{"type":"Polygon","coordinates":[[[-97.08743,33.2119],[-97.08603,33.21338],[-97.08689,33.21518],[-97.08914,33.21549],[-97.09055,33.21401],[-97.08969,33.21222],[-97.08743,33.2119]]]}},{"type":"Feature","properties":{"h3":"8926c844ea7ffff","mii":10,"trt":0.0,"glp1":0.0,"pharmacy":0.0,"gym":0.0,"n":0},"geometry":{"type":"Polygon","coordinates":[[[-97.08798,33.20862],[-97.08658,33.2101],[-97.08743,33.2119],[-97.08969,33.21222],[-97.09109,33.21073],[-97.09024,33.20894],[-97.08798,33.20862]]]}},{"type":"Feature","properties":{"h3":"8926c8448d3ffff","mii":10,"trt":0.0,"glp1":0.0,"pharmacy":0.0,"gym":0.0,"n":0},"geometry":{"type":"Polygon","coordinates":[[[-97.08487,33.20651],[-97.08347,33.20799],[-97.08432,33.20979],[-97.08658,33.2101],[-97.08798,33.20862],[-97.08713,33.20683],[-97.08487,33.20651]]]}},{"type":"Feature","properties":{"h3":"8926c844c6fffff","mii":10,"trt":0.0,"glp1":0.0,"pharmacy":0.0,"gym":0.0,"n":0},"geometry":{"type":"Polygon","coordinates":[[[-97.08121,33.20768],[-97.07981,33.20916],[-97.08066,33.21096],[-97.08292,33.21127],[-97.08432,33.20979],[-97.08347,33.20799],[-97.08121,33.20768]]]}},{"type":"Feature","properties":{"h3":"8926c844c63ffff","mii":10,"trt":0.0,"glp1":0.0,"pharmacy":0.0,"gym":0.0,"n":0},"geometry":{"type":"Polygon","coordinates":[[[-97.08066,33.21096],[-97.07926,33.21244],[-97.08011,33.21423],[-97.08237,33.21455],[-97.08377,33.21307],[-97.08292,33.21127],[-97.08066,33.21096]]]}},{"type":"Feature","properties":{"h3":"8926c87a0b3ffff","mii":10,"trt":0.0,"glp1":0.0,"pharmacy":0.0,"gym":0.0,"n":0},"geometry":{"type":"Polygon","coordinates":[[[-97.10205,33.14519],[-97.10065,33.14667],[-97.1015,33.14847],[-97.10376,33.14878],[-97.10516,33.1473],[-97.10431,33.1455],[-97.10205,33.14519]]]}},{"type":"Feature","properties":{"h3":"8926c87a0bbffff","mii":10,"trt":0.0,"glp1":0.0,"pharmacy":0.0,"gym":0.0,"n":0},"geometry":{"type":"Polygon","coordinates":[[[-97.10571,33.14402],[-97.10431,33.1455],[-97.10516,33.1473],[-97.10742,33.14761],[-97.10882,33.14613],[-97.10796,33.14433],[-97.10571,33.14402]]]}},{"type":"Feature","properties":{"h3":"8926c87a0abffff","mii":10,"trt":0.0,"glp1":0.0,"pharmacy":0.0,"gym":0.0,"n":0},"geometry":{"type":"Polygon","coordinates":[[[-97.10626,33.14074],[-97.10485,33.14222],[-97.10571,33.14402],[-97.10796,33.14433],[-97.10937,33.14285],[-97.10851,33.14106],[-97.10626,33.14074]]]}},{"type":"Feature","properties":{"h3":"8926c87a0afffff","mii":10,"trt":0.0,"glp1":0.0,"pharmacy":0.0,"gym":0.0,"n":0},"geometry":{"type":"Polygon","coordinates":[[[-97.10314,33.13863],[-97.10174,33.14011],[-97.1026,33.14191],[-97.10485,33.14222],[-97.10626,33.14074],[-97.1054,33.13895],[-97.10314,33.13863]]]}},{"type":"Feature","properties":{"h3":"8926c87a0a7ffff","mii":10,"trt":0.0,"glp1":0.0,"pharmacy":0.0,"gym":0.0,"n":0},"geometry":{"type":"Polygon","coordinates":[[[-97.09949,33.1398],[-97.09808,33.14128],[-97.09894,33.14308],[-97.10119,33.14339],[-97.1026,33.14191],[-97.10174,33.14011],[-97.09949,33.1398]]]}},{"type":"Feature","properties":{"h3":"8926c87a0b7ffff","mii":10,"trt":0.0,"glp1":0.0,"pharmacy":0.0,"gym":0.0,"n":0},"geometry":{"type":"Polygon","coordinates":[[[-97.09894,33.14308],[-97.09754,33.14456],[-97.09839,33.14635],[-97.10065,33.14667],[-97.10205,33.14519],[-97.10119,33.14339],[-97.09894,33.14308]]]}},{"type":"Feature","properties":{"h3":"8926cb9a153ffff","mii":10,"trt":0.0,"glp1":0.0,"pharmacy":0.0,"gym":0.0,"n":0},"geometry":{"type":"Polygon","coordinates":[[[-96.82421,32.76212],[-96.82281,32.7636],[-96.82366,32.7654],[-96.8259,32.76572],[-96.8273,32.76424],[-96.82646,32.76244],[-96.82421,32.76212]]]}},{"type":"Feature","properties":{"h3":"8926cb9a15bffff","mii":10,"trt":0.0,"glp1":0.0,"pharmacy":0.0,"gym":0.0,"n":0},"geometry":{"type":"Polygon","coordinates":[[[-96.82786,32.76096],[-96.82646,32.76244],[-96.8273,32.76424],[-96.82955,32.76455],[-96.83095,32.76307],[-96.8301,32.76127],[-96.82786,32.76096]]]}},{"type":"Feature","properties":{"h3":"8926cb9a14bffff","mii":10,"trt":0.0,"glp1":0.0,"pharmacy":0.0,"gym":0.0,"n":0},"geometry":{"type":"Polygon","coordinates":[[[-96.82841,32.75767],[-96.82701,32.75916],[-96.82786,32.76096],[-96.8301,32.76127],[-96.8315,32.75979],[-96.83065,32.75799],[-96.82841,32.75767]]]}},{"type":"Feature","properties":{"h3":"8926cb9a157ffff","mii":10,"trt":0.0,"glp1":0.0,"pharmacy":0.0,"gym":0.0,"n":0},"geometry":{"type":"Polygon","coordinates":[[[-96.82112,32.76],[-96.81972,32.76148],[-96.82057,32.76328],[-96.82281,32.7636],[-96.82421,32.76212],[-96.82337,32.76032],[-96.82112,32.76]]]}},{"type":"Feature","properties":{"h3":"8926cb93167ffff","mii":10,"trt":0.0,"glp1":0.0,"pharmacy":0.0,"gym":0.0,"n":0},"geometry":{"type":"Polygon","coordinates":[[[-96.71015,32.80471],[-96.70875,32.80619],[-96.70959,32.80799],[-96.71184,32.80831],[-96.71324,32.80683],[-96.71239,32.80503],[-96.71015,32.80471]]]}},{"type":"Feature","properties":{"h3":"8926cb9316fffff","mii":10,"trt":0.0,"glp1":0.0,"pharmacy":0.0,"gym":0.0,"n":0},"geometry":{"type":"Polygon","coordinates":[[[-96.71379,32.80355],[-96.71239,32.80503],[-96.71324,32.80683],[-96.71548,32.80715],[-96.71688,32.80567],[-96.71604,32.80387],[-96.71379,32.80355]]]}},{"type":"Feature","properties":{"h3":"8926cb906d7ffff","mii":10,"trt":0.0,"glp1":0.0,"pharmacy":0.0,"gym":0.0,"n":0},"geometry":{"type":"Polygon","coordinates":[[[-96.71435,32.80027],[-96.71295,32.80175],[-96.71379,32.80355],[-96.71604,32.80387],[-96.71744,32.80239],[-96.71659,32.80059],[-96.71435,32.80027]]]}},{"type":"Feature","properties":{"h3":"8926cb9068bffff","mii":10,"trt":0.0,"glp1":0.0,"pharmacy":0.0,"gym":0.0,"n":0},"geometry":{"type":"Polygon","coordinates":[[[-96.71126,32.79815],[-96.70986,32.79963],[-96.7107,32.80143],[-96.71295,32.80175],[-96.71435,32.80027],[-96.7135,32.79847],[-96.71126,32.79815]]]}},{"type":"Feature","properties":{"h3":"8926cb90683ffff","mii":10,"trt":0.0,"glp1":0.0,"pharmacy":0.0,"gym":0.0,"n":0},"geometry":{"type":"Polygon","coordinates":[[[-96.70762,32.79931],[-96.70622,32.80079],[-96.70706,32.80259],[-96.7093,32.80291],[-96.7107,32.80143],[-96.70986,32.79963],[-96.70762,32.79931]]]}},{"type":"Feature","properties":{"h3":"8926cb90693ffff","mii":10,"trt":0.0,"glp1":0.0,"pharmacy":0.0,"gym":0.0,"n":0},"geometry":{"type":"Polygon","coordinates":[[[-96.70706,32.80259],[-96.70566,32.80407],[-96.7065,32.80587],[-96.70875,32.80619],[-96.71015,32.80471],[-96.7093,32.80291],[-96.70706,32.80259]]]}},{"type":"Feature","properties":{"h3":"8926c829bc7ffff","mii":10,"trt":0.0,"glp1":0.0,"pharmacy":0.0,"gym":0.0,"n":0},"geometry":{"type":"Polygon","coordinates":[[[-96.70322,32.86584],[-96.70182,32.86732],[-96.70267,32.86912],[-96.70491,32.86944],[-96.70631,32.86796],[-96.70547,32.86616],[-96.70322,32.86584]]]}},{"type":"Feature","properties":{"h3":"8926c829bcfffff","mii":10,"trt":0.0,"glp1":0.0,"pharmacy":0.0,"gym":0.0,"n":0},"geometry":{"type":"Polygon","coordinates":[[[-96.70687,32.86468],[-96.70547,32.86616],[-96.70631,32.86796],[-96.70856,32.86828],[-96.70996,32.8668],[-96.70912,32.865],[-96.70687,32.86468]]]}},{"type":"Feature","properties":{"h3":"8926c829b57ffff","mii":10,"trt":0.0,"glp1":0.0,"pharmacy":0.0,"gym":0.0,"n":0},"geometry":{"type":"Polygon","coordinates":[[[-96.70743,32.8614],[-96.70603,32.86288],[-96.70687,32.86468],[-96.70912,32.865],[-96.71052,32.86352],[-96.70967,32.86172],[-96.70743,32.8614]]]}},{"type":"Feature","properties":{"h3":"8926c829b0bffff","mii":10,"trt":0.0,"glp1":0.0,"pharmacy":0.0,"gym":0.0,"n":0},"geometry":{"type":"Polygon","coordinates":[[[-96.70434,32.85928],[-96.70294,32.86076],[-96.70378,32.86256],[-96.70603,32.86288],[-96.70743,32.8614],[-96.70658,32.8596],[-96.70434,32.85928]]]}},{"type":"Feature","properties":{"h3":"8926c829b03ffff","mii":10,"trt":0.0,"glp1":0.0,"pharmacy":0.0,"gym":0.0,"n":0},"geometry":{"type":"Polygon","coordinates":[[[-96.70069,32.86044],[-96.69929,32.86192],[-96.70014,32.86372],[-96.70238,32.86404],[-96.70378,32.86256],[-96.70294,32.86076],[-96.70069,32.86044]]]}},{"type":"Feature","properties":{"h3":"8926c829b13ffff","mii":10,"trt":0.0,"glp1":0.0,"pharmacy":0.0,"gym":0.0,"n":0},"geometry":{"type":"Polygon","coordinates":[[[-96.70014,32.86372],[-96.69873,32.8652],[-96.69958,32.867],[-96.70182,32.86732],[-96.70322,32.86584],[-96.70238,32.86404],[-96.70014,32.86372]]]}},{"type":"Feature","properties":{"h3":"8926cb9a26bffff","mii":10,"trt":0.0,"glp1":0.0,"pharmacy":0.0,"gym":0.0,"n":0},"geometry":{"type":"Polygon","coordinates":[[[-96.86992,32.75682],[-96.86853,32.7583],[-96.86937,32.7601],[-96.87162,32.76041],[-96.87302,32.75893],[-96.87217,32.75713],[-96.86992,32.75682]]]}},{"type":"Feature","properties":{"h3":"8926cb9b1a7ffff","mii":10,"trt":0.0,"glp1":0.0,"pharmacy":0.0,"gym":0.0,"n":0},"geometry":{"type":"Polygon","coordinates":[[[-96.87357,32.75565],[-96.87217,32.75713],[-96.87302,32.75893],[-96.87526,32.75925],[-96.87666,32.75777],[-96.87581,32.75597],[-96.87357,32.75565]]]}},{"type":"Feature","properties":{"h3":"8926cb984dbffff","mii":10,"trt":0.0,"glp1":0.0,"pharmacy":0.0,"gym":0.0,"n":0},"geometry":{"type":"Polygon","coordinates":[[[-96.87412,32.75237],[-96.87272,32.75385],[-96.87357,32.75565],[-96.87581,32.75597],[-96.87721,32.75448],[-96.87636,32.75268],[-96.87412,32.75237]]]}},{"type":"Feature","properties":{"h3":"8926cb984c3ffff","mii":10,"trt":0.0,"glp1":0.0,"pharmacy":0.0,"gym":0.0,"n":0},"geometry":{"type":"Polygon","coordinates":[[[-96.87103,32.75025],[-96.86963,32.75173],[-96.87048,32.75353],[-96.87272,32.75385],[-96.87412,32.75237],[-96.87327,32.75057],[-96.87103,32.75025]]]}},{"type":"Feature","properties":{"h3":"8926cb984d7ffff","mii":10,"trt":0.0,"glp1":0.0,"pharmacy":0.0,"gym":0.0,"n":0},"geometry":{"type":"Polygon","coordinates":[[[-96.86738,32.75142],[-96.86598,32.7529],[-96.86683,32.7547],[-96.86908,32.75502],[-96.87048,32.75353],[-96.86963,32.75173],[-96.86738,32.75142]]]}},{"type":"Feature","properties":{"h3":"8926cb9a26fffff","mii":10,"trt":0.0,"glp1":0.0,"pharmacy":0.0,"gym":0.0,"n":0},"geometry":{"type":"Polygon","coordinates":[[[-96.86683,32.7547],[-96.86543,32.75618],[-96.86628,32.75798],[-96.86853,32.7583],[-96.86992,32.75682],[-96.86908,32.75502],[-96.86683,32.7547]]]}},{"type":"Feature","properties":{"h3":"8926c86593bffff","mii":10,"trt":0.0,"glp1":0.0,"pharmacy":0.0,"gym":0.0,"n":0},"geometry":{"type":"Polygon","coordinates":[[[-96.85126,32.80625],[-96.84986,32.80773],[-96.85071,32.80953],[-96.85296,32.80985],[-96.85436,32.80837],[-96.85351,32.80657],[-96.85126,32.80625]]]}},{"type":"Feature","properties":{"h3":"8926c865977ffff","mii":10,"trt":0.0,"glp1":0.0,"pharmacy":0.0,"gym":0.0,"n":0},"geometry":{"type":"Polygon","coordinates":[[[-96.85491,32.80508],[-96.85351,32.80657],[-96.85436,32.80837],[-96.8566,32.80868],[-96.858,32.8072],[-96.85715,32.8054],[-96.85491,32.80508]]]}},{"type":"Feature","properties":{"h3":"8926c865967ffff","mii":10,"trt":0.0,"glp1":0.0,"pharmacy":0.0,"gym":0.0,"n":0},"geometry":{"type":"Polygon","coordinates":[[[-96.85546,32.8018],[-96.85406,32.80329],[-96.85491,32.80508],[-96.85715,32.8054],[-96.85855,32.80392],[-96.85771,32.80212],[-96.85546,32.8018]]]}},{"type":"Feature","properties":{"h3":"8926cb9a693ffff","mii":10,"trt":0.0,"glp1":0.0,"pharmacy":0.0,"gym":0.0,"n":0},"geometry":{"type":"Polygon","coordinates":[[[-96.85237,32.79969],[-96.85097,32.80117],[-96.85182,32.80297],[-96.85406,32.80329],[-96.85546,32.8018],[-96.85461,32.80001],[-96.85237,32.79969]]]}},{"type":"Feature","properties":{"h3":"8926c86592fffff","mii":10,"trt":0.0,"glp1":0.0,"pharmacy":0.0,"gym":0.0,"n":0},"geometry":{"type":"Polygon","coordinates":[[[-96.84872,32.80085],[-96.84732,32.80233],[-96.84817,32.80413],[-96.85042,32.80445],[-96.85182,32.80297],[-96.85097,32.80117],[-96.84872,32.80085]]]}},{"type":"Feature","properties":{"h3":"8926c865923ffff","mii":10,"trt":0.0,"glp1":0.0,"pharmacy":0.0,"gym":0.0,"n":0},"geometry":{"type":"Polygon","coordinates":[[[-96.84817,32.80413],[-96.84677,32.80562],[-96.84762,32.80741],[-96.84986,32.80773],[-96.85126,32.80625],[-96.85042,32.80445],[-96.84817,32.80413]]]}},{"type":"Feature","properties":{"h3":"8926c866b8bffff","mii":10,"trt":0.0,"glp1":0.0,"pharmacy":0.0,"gym":0.0,"n":0},"geometry":{"type":"Polygon","coordinates":[[[-96.77226,32.86559],[-96.77086,32.86707],[-96.7717,32.86886],[-96.77395,32.86918],[-96.77535,32.8677],[-96.7745,32.8659],[-96.77226,32.86559]]]}},{"type":"Feature","properties":{"h3":"8926c866b8fffff","mii":10,"trt":0.0,"glp1":0.0,"pharmacy":0.0,"gym":0.0,"n":0},"geometry":{"type":"Polygon","coordinates":[[[-96.76917,32.86347],[-96.76777,32.86495],[-96.76861,32.86675],[-96.77086,32.86707],[-96.77226,32.86559],[-96.77141,32.86379],[-96.76917,32.86347]]]}},{"type":"Feature","properties":{"h3":"8926c866b87ffff","mii":10,"trt":0.0,"glp1":0.0,"pharmacy":0.0,"gym":0.0,"n":0},"geometry":{"type":"Polygon","coordinates":[[[-96.76552,32.86463],[-96.76412,32.86611],[-96.76497,32.86791],[-96.76721,32.86823],[-96.76861,32.86675],[-96.76777,32.86495],[-96.76552,32.86463]]]}},{"type":"Feature","properties":{"h3":"8926c828823ffff","mii":10,"trt":0.0,"glp1":0.0,"pharmacy":0.0,"gym":0.0,"n":0},"geometry":{"type":"Polygon","coordinates":[[[-96.61852,32.87724],[-96.61712,32.87871],[-96.61796,32.88051],[-96.62021,32.88083],[-96.62161,32.87936],[-96.62076,32.87756],[-96.61852,32.87724]]]}},{"type":"Feature","properties":{"h3":"8926c82882bffff","mii":10,"trt":0.0,"glp1":0.0,"pharmacy":0.0,"gym":0.0,"n":0},"geometry":{"type":"Polygon","coordinates":[[[-96.62216,32.87608],[-96.62076,32.87756],[-96.62161,32.87936],[-96.62385,32.87968],[-96.62525,32.8782],[-96.62441,32.8764],[-96.62216,32.87608]]]}},{"type":"Feature","properties":{"h3":"8926c828b93ffff","mii":10,"trt":0.0,"glp1":0.0,"pharmacy":0.0,"gym":0.0,"n":0},"geometry":{"type":"Polygon","coordinates":[[[-96.62272,32.8728],[-96.62132,32.87428],[-96.62216,32.87608],[-96.62441,32.8764],[-96.62581,32.87492],[-96.62497,32.87312],[-96.62272,32.8728]]]}},{"type":"Feature","properties":{"h3":"8926c828b97ffff","mii":10,"trt":0.0,"glp1":0.0,"pharmacy":0.0,"gym":0.0,"n":0},"geometry":{"type":"Polygon","coordinates":[[[-96.61964,32.87068],[-96.61824,32.87216],[-96.61908,32.87396],[-96.62132,32.87428],[-96.62272,32.8728],[-96.62188,32.871],[-96.61964,32.87068]]]}},{"type":"Feature","properties":{"h3":"8926c82895bffff","mii":10,"trt":0.0,"glp1":0.0,"pharmacy":0.0,"gym":0.0,"n":0},"geometry":{"type":"Polygon","coordinates":[[[-96.61599,32.87184],[-96.61459,32.87332],[-96.61543,32.87512],[-96.61768,32.87544],[-96.61908,32.87396],[-96.61824,32.87216],[-96.61599,32.87184]]]}},{"type":"Feature","properties":{"h3":"8926c828827ffff","mii":10,"trt":0.0,"glp1":0.0,"pharmacy":0.0,"gym":0.0,"n":0},"geometry":{"type":"Polygon","coordinates":[[[-96.61543,32.87512],[-96.61403,32.87659],[-96.61487,32.87839],[-96.61712,32.87871],[-96.61852,32.87724],[-96.61768,32.87544],[-96.61543,32.87512]]]}},{"type":"Feature","properties":{"h3":"8926cb92cabffff","mii":10,"trt":0.0,"glp1":0.0,"pharmacy":0.0,"gym":0.0,"n":0},"geometry":{"type":"Polygon","coordinates":[[[-96.60754,32.80013],[-96.60614,32.80161],[-96.60698,32.80341],[-96.60922,32.80373],[-96.61062,32.80225],[-96.60978,32.80045],[-96.60754,32.80013]]]}},{"type":"Feature","properties":{"h3":"8926cb92c07ffff","mii":10,"trt":0.0,"glp1":0.0,"pharmacy":0.0,"gym":0.0,"n":0},"geometry":{"type":"Polygon","coordinates":[[[-96.61118,32.79897],[-96.60978,32.80045],[-96.61062,32.80225],[-96.61286,32.80257],[-96.61426,32.80109],[-96.61342,32.79929],[-96.61118,32.79897]]]}},{"type":"Feature","properties":{"h3":"8926cb92c3bffff","mii":10,"trt":0.0,"glp1":0.0,"pharmacy":0.0,"gym":0.0,"n":0},"geometry":{"type":"Polygon","coordinates":[[[-96.61174,32.79569],[-96.61034,32.79717],[-96.61118,32.79897],[-96.61342,32.79929],[-96.61482,32.79782],[-96.61398,32.79602],[-96.61174,32.79569]]]}},{"type":"Feature","properties":{"h3":"8926cb92c23ffff","mii":10,"trt":0.0,"glp1":0.0,"pharmacy":0.0,"gym":0.0,"n":0},"geometry":{"type":"Polygon","coordinates":[[[-96.60865,32.79357],[-96.60725,32.79505],[-96.60809,32.79685],[-96.61034,32.79717],[-96.61174,32.79569],[-96.6109,32.7939],[-96.60865,32.79357]]]}},{"type":"Feature","properties":{"h3":"8926cb92c37ffff","mii":10,"trt":0.0,"glp1":0.0,"pharmacy":0.0,"gym":0.0,"n":0},"geometry":{"type":"Polygon","coordinates":[[[-96.60501,32.79473],[-96.60361,32.79621],[-96.60445,32.79801],[-96.60669,32.79833],[-96.60809,32.79685],[-96.60725,32.79505],[-96.60501,32.79473]]]}},{"type":"Feature","properties":{"h3":"8926cb92cafffff","mii":10,"trt":0.0,"glp1":0.0,"pharmacy":0.0,"gym":0.0,"n":0},"geometry":{"type":"Polygon","coordinates":[[[-96.60445,32.79801],[-96.60305,32.79949],[-96.60389,32.80129],[-96.60614,32.80161],[-96.60754,32.80013],[-96.60669,32.79833],[-96.60445,32.79801]]]}},{"type":"Feature","properties":{"h3":"8926c874a03ffff","mii":10,"trt":0.0,"glp1":0.0,"pharmacy":0.0,"gym":0.0,"n":0},"geometry":{"type":"Polygon","coordinates":[[[-96.80115,32.98045],[-96.79975,32.98193],[-96.8006,32.98372],[-96.80285,32.98404],[-96.80425,32.98256],[-96.8034,32.98077],[-96.80115,32.98045]]]}},{"type":"Feature","properties":{"h3":"8926c874a17ffff","mii":10,"trt":0.0,"glp1":0.0,"pharmacy":0.0,"gym":0.0,"n":0},"geometry":{"type":"Polygon","coordinates":[[[-96.7975,32.98161],[-96.7961,32.98309],[-96.79695,32.98488],[-96.7992,32.9852],[-96.8006,32.98372],[-96.79975,32.98193],[-96.7975,32.98161]]]}},{"type":"Feature","properties":{"h3":"8926c874a9bffff","mii":10,"trt":0.0,"glp1":0.0,"pharmacy":0.0,"gym":0.0,"n":0},"geometry":{"type":"Polygon","coordinates":[[[-96.79949,32.99028],[-96.79809,32.99176],[-96.79894,32.99355],[-96.80118,32.99387],[-96.80259,32.99239],[-96.80174,32.9906],[-96.79949,32.99028]]]}},{"type":"Feature","properties":{"h3":"8926c874e13ffff","mii":10,"trt":0.0,"glp1":0.0,"pharmacy":0.0,"gym":0.0,"n":0},"geometry":{"type":"Polygon","coordinates":[[[-96.79672,33.00666],[-96.79531,33.00814],[-96.79616,33.00994],[-96.79841,33.01026],[-96.79981,33.00878],[-96.79897,33.00698],[-96.79672,33.00666]]]}},{"type":"Feature","properties":{"h3":"8926c874ebbffff","mii":10,"trt":0.0,"glp1":0.0,"pharmacy":0.0,"gym":0.0,"n":0},"geometry":{"type":"Polygon","coordinates":[[[-96.78997,33.0057],[-96.78857,33.00718],[-96.78941,33.00898],[-96.79166,33.0093],[-96.79307,33.00782],[-96.79222,33.00602],[-96.78997,33.0057]]]}},{"type":"Feature","properties":{"h3":"8926c8663a3ffff","mii":10,"trt":0.0,"glp1":0.0,"pharmacy":0.0,"gym":0.0,"n":0},"geometry":{"type":"Polygon","coordinates":[[[-96.8024,32.91182],[-96.801,32.9133],[-96.80185,32.9151],[-96.80409,32.91542],[-96.80549,32.91394],[-96.80465,32.91214],[-96.8024,32.91182]]]}},{"type":"Feature","properties":{"h3":"8926c8663abffff","mii":10,"trt":0.0,"glp1":0.0,"pharmacy":0.0,"gym":0.0,"n":0},"geometry":{"type":"Polygon","coordinates":[[[-96.80605,32.91066],[-96.80465,32.91214],[-96.80549,32.91394],[-96.80774,32.91426],[-96.80914,32.91278],[-96.8083,32.91098],[-96.80605,32.91066]]]}},{"type":"Feature","properties":{"h3":"8926c866333ffff","mii":10,"trt":0.0,"glp1":0.0,"pharmacy":0.0,"gym":0.0,"n":0},"geometry":{"type":"Polygon","coordinates":[[[-96.8066,32.90738],[-96.8052,32.90886],[-96.80605,32.91066],[-96.8083,32.91098],[-96.8097,32.9095],[-96.80885,32.9077],[-96.8066,32.90738]]]}},{"type":"Feature","properties":{"h3":"8926c866337ffff","mii":10,"trt":0.0,"glp1":0.0,"pharmacy":0.0,"gym":0.0,"n":0},"geometry":{"type":"Polygon","coordinates":[[[-96.80351,32.90527],[-96.80211,32.90675],[-96.80295,32.90854],[-96.8052,32.90886],[-96.8066,32.90738],[-96.80576,32.90558],[-96.80351,32.90527]]]}},{"type":"Feature","properties":{"h3":"8926c866edbffff","mii":10,"trt":0.0,"glp1":0.0,"pharmacy":0.0,"gym":0.0,"n":0},"geometry":{"type":"Polygon","coordinates":[[[-96.79986,32.90643],[-96.79846,32.90791],[-96.79931,32.90971],[-96.80155,32.91002],[-96.80295,32.90854],[-96.80211,32.90675],[-96.79986,32.90643]]]}},{"type":"Feature","properties":{"h3":"8926c8663a7ffff","mii":10,"trt":0.0,"glp1":0.0,"pharmacy":0.0,"gym":0.0,"n":0},"geometry":{"type":"Polygon","coordinates":[[[-96.79931,32.90971],[-96.7979,32.91119],[-96.79875,32.91298],[-96.801,32.9133],[-96.8024,32.91182],[-96.80155,32.91002],[-96.79931,32.90971]]]}},{"type":"Feature","properties":{"h3":"8926c82965bffff","mii":10,"trt":0.0,"glp1":0.0,"pharmacy":0.0,"gym":0.0,"n":0},"geometry":{"type":"Polygon","coordinates":[[[-96.77131,32.95272],[-96.76991,32.9542],[-96.77076,32.956],[-96.77301,32.95632],[-96.77441,32.95484],[-96.77356,32.95304],[-96.77131,32.95272]]]}},{"type":"Feature","properties":{"h3":"8926c866597ffff","mii":10,"trt":0.0,"glp1":0.0,"pharmacy":0.0,"gym":0.0,"n":0},"geometry":{"type":"Polygon","coordinates":[[[-96.77496,32.95156],[-96.77356,32.95304],[-96.77441,32.95484],[-96.77665,32.95516],[-96.77806,32.95368],[-96.77721,32.95188],[-96.77496,32.95156]]]}},{"type":"Feature","properties":{"h3":"8926c866587ffff","mii":10,"trt":0.0,"glp1":0.0,"pharmacy":0.0,"gym":0.0,"n":0},"geometry":{"type":"Polygon","coordinates":[[[-96.77552,32.94829],[-96.77412,32.94977],[-96.77496,32.95156],[-96.77721,32.95188],[-96.77861,32.9504],[-96.77776,32.94861],[-96.77552,32.94829]]]}},{"type":"Feature","properties":{"h3":"8926c8665b3ffff","mii":10,"trt":0.0,"glp1":0.0,"pharmacy":0.0,"gym":0.0,"n":0},"geometry":{"type":"Polygon","coordinates":[[[-96.77242,32.94617],[-96.77102,32.94765],[-96.77187,32.94945],[-96.77412,32.94977],[-96.77552,32.94829],[-96.77467,32.94649],[-96.77242,32.94617]]]}},{"type":"Feature","properties":{"h3":"8926c82964fffff","mii":10,"trt":0.0,"glp1":0.0,"pharmacy":0.0,"gym":0.0,"n":0},"geometry":{"type":"Polygon","coordinates":[[[-96.76877,32.94733],[-96.76737,32.94881],[-96.76822,32.95061],[-96.77047,32.95093],[-96.77187,32.94945],[-96.77102,32.94765],[-96.76877,32.94733]]]}},{"type":"Feature","properties":{"h3":"8926c829643ffff","mii":10,"trt":0.0,"glp1":0.0,"pharmacy":0.0,"gym":0.0,"n":0},"geometry":{"type":"Polygon","coordinates":[[[-96.76822,32.95061],[-96.76682,32.95209],[-96.76766,32.95388],[-96.76991,32.9542],[-96.77131,32.95272],[-96.77047,32.95093],[-96.76822,32.95061]]]}},{"type":"Feature","properties":{"h3":"8926c874617ffff","mii":10,"trt":0.0,"glp1":0.0,"pharmacy":0.0,"gym":0.0,"n":0},"geometry":{"type":"Polygon","coordinates":[[[-96.83311,33.05711],[-96.83171,33.05859],[-96.83255,33.06038],[-96.83481,33.0607],[-96.83621,33.05922],[-96.83536,33.05743],[-96.83311,33.05711]]]}},{"type":"Feature","properties":{"h3":"8926c874603ffff","mii":10,"trt":0.0,"glp1":0.0,"pharmacy":0.0,"gym":0.0,"n":0},"geometry":{"type":"Polygon","coordinates":[[[-96.83676,33.05595],[-96.83536,33.05743],[-96.83621,33.05922],[-96.83846,33.05954],[-96.83986,33.05806],[-96.83901,33.05627],[-96.83676,33.05595]]]}},{"type":"Feature","properties":{"h3":"8926c87460fffff","mii":10,"trt":0.0,"glp1":0.0,"pharmacy":0.0,"gym":0.0,"n":0},"geometry":{"type":"Polygon","coordinates":[[[-96.83732,33.05267],[-96.83591,33.05415],[-96.83676,33.05595],[-96.83901,33.05627],[-96.84041,33.05479],[-96.83957,33.05299],[-96.83732,33.05267]]]}},{"type":"Feature","properties":{"h3":"8926c87463bffff","mii":10,"trt":0.0,"glp1":0.0,"pharmacy":0.0,"gym":0.0,"n":0},"geometry":{"type":"Polygon","coordinates":[[[-96.83422,33.05055],[-96.83281,33.05203],[-96.83366,33.05383],[-96.83591,33.05415],[-96.83732,33.05267],[-96.83647,33.05087],[-96.83422,33.05055]]]}},{"type":"Feature","properties":{"h3":"8926c874633ffff","mii":10,"trt":0.0,"glp1":0.0,"pharmacy":0.0,"gym":0.0,"n":0},"geometry":{"type":"Polygon","coordinates":[[[-96.83056,33.05171],[-96.82916,33.05319],[-96.83001,33.05499],[-96.83226,33.05531],[-96.83366,33.05383],[-96.83281,33.05203],[-96.83056,33.05171]]]}},{"type":"Feature","properties":{"h3":"8926c8746abffff","mii":10,"trt":0.0,"glp1":0.0,"pharmacy":0.0,"gym":0.0,"n":0},"geometry":{"type":"Polygon","coordinates":[[[-96.83001,33.05499],[-96.82861,33.05647],[-96.82946,33.05827],[-96.83171,33.05859],[-96.83311,33.05711],[-96.83226,33.05531],[-96.83001,33.05499]]]}},{"type":"Feature","properties":{"h3":"8926c8771a7ffff","mii":10,"trt":0.0,"glp1":0.0,"pharmacy":0.0,"gym":0.0,"n":0},"geometry":{"type":"Polygon","coordinates":[[[-96.81938,33.07697],[-96.81797,33.07844],[-96.81882,33.08024],[-96.82107,33.08056],[-96.82248,33.07908],[-96.82163,33.07728],[-96.81938,33.07697]]]}},{"type":"Feature","properties":{"h3":"8926c8771afffff","mii":10,"trt":0.0,"glp1":0.0,"pharmacy":0.0,"gym":0.0,"n":0},"geometry":{"type":"Polygon","coordinates":[[[-96.82303,33.07581],[-96.82163,33.07728],[-96.82248,33.07908],[-96.82473,33.0794],[-96.82613,33.07792],[-96.82528,33.07612],[-96.82303,33.07581]]]}},{"type":"Feature","properties":{"h3":"8926c877137ffff","mii":10,"trt":0.0,"glp1":0.0,"pharmacy":0.0,"gym":0.0,"n":0},"geometry":{"type":"Polygon","coordinates":[[[-96.82358,33.07253],[-96.82218,33.07401],[-96.82303,33.07581],[-96.82528,33.07612],[-96.82668,33.07465],[-96.82584,33.07285],[-96.82358,33.07253]]]}},{"type":"Feature","properties":{"h3":"8926c8744cbffff","mii":10,"trt":0.0,"glp1":0.0,"pharmacy":0.0,"gym":0.0,"n":0},"geometry":{"type":"Polygon","coordinates":[[[-96.82049,33.07041],[-96.81908,33.07189],[-96.81993,33.07369],[-96.82218,33.07401],[-96.82358,33.07253],[-96.82274,33.07073],[-96.82049,33.07041]]]}},{"type":"Feature","properties":{"h3":"8926c8744c3ffff","mii":10,"trt":0.0,"glp1":0.0,"pharmacy":0.0,"gym":0.0,"n":0},"geometry":{"type":"Polygon","coordinates":[[[-96.81683,33.07157],[-96.81543,33.07305],[-96.81628,33.07485],[-96.81853,33.07517],[-96.81993,33.07369],[-96.81908,33.07189],[-96.81683,33.07157]]]}},{"type":"Feature","properties":{"h3":"8926c8744d3ffff","mii":10,"trt":0.0,"glp1":0.0,"pharmacy":0.0,"gym":0.0,"n":0},"geometry":{"type":"Polygon","coordinates":[[[-96.81628,33.07485],[-96.81487,33.07633],[-96.81572,33.07812],[-96.81797,33.07844],[-96.81938,33.07697],[-96.81853,33.07517],[-96.81628,33.07485]]]}},{"type":"Feature","properties":{"h3":"8926c87450fffff","mii":10,"trt":0.0,"glp1":0.0,"pharmacy":0.0,"gym":0.0,"n":0},"geometry":{"type":"Polygon","coordinates":[[[-96.79006,33.04597],[-96.78866,33.04745],[-96.7895,33.04925],[-96.79175,33.04957],[-96.79316,33.04809],[-96.79231,33.04629],[-96.79006,33.04597]]]}},{"type":"Feature","properties":{"h3":"8926c874573ffff","mii":10,"trt":0.0,"glp1":0.0,"pharmacy":0.0,"gym":0.0,"n":0},"geometry":{"type":"Polygon","coordinates":[[[-96.79371,33.04482],[-96.79231,33.04629],[-96.79316,33.04809],[-96.79541,33.04841],[-96.79681,33.04693],[-96.79596,33.04513],[-96.79371,33.04482]]]}},{"type":"Feature","properties":{"h3":"8926c874563ffff","mii":10,"trt":0.0,"glp1":0.0,"pharmacy":0.0,"gym":0.0,"n":0},"geometry":{"type":"Polygon","coordinates":[[[-96.79427,33.04154],[-96.79286,33.04302],[-96.79371,33.04482],[-96.79596,33.04513],[-96.79736,33.04366],[-96.79652,33.04186],[-96.79427,33.04154]]]}},{"type":"Feature","properties":{"h3":"8926c874567ffff","mii":10,"trt":0.0,"glp1":0.0,"pharmacy":0.0,"gym":0.0,"n":0},"geometry":{"type":"Polygon","coordinates":[[[-96.79117,33.03942],[-96.78977,33.0409],[-96.79061,33.0427],[-96.79286,33.04302],[-96.79427,33.04154],[-96.79342,33.03974],[-96.79117,33.03942]]]}},{"type":"Feature","properties":{"h3":"8926c87452bffff","mii":10,"trt":0.0,"glp1":0.0,"pharmacy":0.0,"gym":0.0,"n":0},"geometry":{"type":"Polygon","coordinates":[[[-96.78752,33.04058],[-96.78611,33.04206],[-96.78696,33.04386],[-96.78921,33.04418],[-96.79061,33.0427],[-96.78977,33.0409],[-96.78752,33.04058]]]}},{"type":"Feature","properties":{"h3":"8926c87453bffff","mii":10,"trt":0.0,"glp1":0.0,"pharmacy":0.0,"gym":0.0,"n":0},"geometry":{"type":"Polygon","coordinates":[[[-96.78696,33.04386],[-96.78556,33.04534],[-96.78641,33.04713],[-96.78866,33.04745],[-96.79006,33.04597],[-96.78921,33.04418],[-96.78696,33.04386]]]}},{"type":"Feature","properties":{"h3":"8926c876927ffff","mii":10,"trt":0.0,"glp1":0.0,"pharmacy":0.0,"gym":0.0,"n":0},"geometry":{"type":"Polygon","coordinates":[[[-96.71187,33.01808],[-96.71047,33.01956],[-96.71132,33.02136],[-96.71356,33.02168],[-96.71497,33.0202],[-96.71412,33.0184],[-96.71187,33.01808]]]}},{"type":"Feature","properties":{"h3":"8926c87692fffff","mii":10,"trt":0.0,"glp1":0.0,"pharmacy":0.0,"gym":0.0,"n":0},"geometry":{"type":"Polygon","coordinates":[[[-96.71552,33.01693],[-96.71412,33.0184],[-96.71497,33.0202],[-96.71721,33.02052],[-96.71862,33.01904],[-96.71777,33.01725],[-96.71552,33.01693]]]}},{"type":"Feature","properties":{"h3":"8926c82b697ffff","mii":10,"trt":0.0,"glp1":0.0,"pharmacy":0.0,"gym":0.0,"n":0},"geometry":{"type":"Polygon","coordinates":[[[-96.71608,33.01365],[-96.71468,33.01513],[-96.71552,33.01693],[-96.71777,33.01725],[-96.71917,33.01577],[-96.71833,33.01397],[-96.71608,33.01365]]]}},{"type":"Feature","properties":{"h3":"8926c82b44bffff","mii":10,"trt":0.0,"glp1":0.0,"pharmacy":0.0,"gym":0.0,"n":0},"geometry":{"type":"Polygon","coordinates":[[[-96.71299,33.01153],[-96.71158,33.01301],[-96.71243,33.01481],[-96.71468,33.01513],[-96.71608,33.01365],[-96.71523,33.01185],[-96.71299,33.01153]]]}},{"type":"Feature","properties":{"h3":"8926c82b443ffff","mii":10,"trt":0.0,"glp1":0.0,"pharmacy":0.0,"gym":0.0,"n":0},"geometry":{"type":"Polygon","coordinates":[[[-96.70934,33.01269],[-96.70793,33.01417],[-96.70878,33.01596],[-96.71103,33.01628],[-96.71243,33.01481],[-96.71158,33.01301],[-96.70934,33.01269]]]}},{"type":"Feature","properties":{"h3":"8926c82b453ffff","mii":10,"trt":0.0,"glp1":0.0,"pharmacy":0.0,"gym":0.0,"n":0},"geometry":{"type":"Polygon","coordinates":[[[-96.70878,33.01596],[-96.70738,33.01744],[-96.70822,33.01924],[-96.71047,33.01956],[-96.71187,33.01808],[-96.71103,33.01628],[-96.70878,33.01596]]]}},{"type":"Feature","properties":{"h3":"8926c8745cfffff","mii":10,"trt":0.0,"glp1":0.0,"pharmacy":0.0,"gym":0.0,"n":0},"geometry":{"type":"Polygon","coordinates":[[[-96.7957,33.05348],[-96.7943,33.05496],[-96.79514,33.05676],[-96.79739,33.05708],[-96.7988,33.0556],[-96.79795,33.0538],[-96.7957,33.05348]]]}},{"type":"Feature","properties":{"h3":"8926c874553ffff","mii":10,"trt":0.0,"glp1":0.0,"pharmacy":0.0,"gym":0.0,"n":0},"geometry":{"type":"Polygon","coordinates":[[[-96.79935,33.05232],[-96.79795,33.0538],[-96.7988,33.0556],[-96.80105,33.05592],[-96.80245,33.05444],[-96.8016,33.05264],[-96.79935,33.05232]]]}},{"type":"Feature","properties":{"h3":"8926c874543ffff","mii":10,"trt":0.0,"glp1":0.0,"pharmacy":0.0,"gym":0.0,"n":0},"geometry":{"type":"Polygon","coordinates":[[[-96.79991,33.04905],[-96.7985,33.05053],[-96.79935,33.05232],[-96.8016,33.05264],[-96.803,33.05117],[-96.80216,33.04937],[-96.79991,33.04905]]]}},{"type":"Feature","properties":{"h3":"8926c874547ffff","mii":10,"trt":0.0,"glp1":0.0,"pharmacy":0.0,"gym":0.0,"n":0},"geometry":{"type":"Polygon","coordinates":[[[-96.79681,33.04693],[-96.79541,33.04841],[-96.79625,33.05021],[-96.7985,33.05053],[-96.79991,33.04905],[-96.79906,33.04725],[-96.79681,33.04693]]]}},{"type":"Feature","properties":{"h3":"8926c87450bffff","mii":10,"trt":0.0,"glp1":0.0,"pharmacy":0.0,"gym":0.0,"n":0},"geometry":{"type":"Polygon","coordinates":[[[-96.79316,33.04809],[-96.79175,33.04957],[-96.7926,33.05137],[-96.79485,33.05169],[-96.79625,33.05021],[-96.79541,33.04841],[-96.79316,33.04809]]]}},{"type":"Feature","properties":{"h3":"8926c87451bffff","mii":10,"trt":0.0,"glp1":0.0,"pharmacy":0.0,"gym":0.0,"n":0},"geometry":{"type":"Polygon","coordinates":[[[-96.7926,33.05137],[-96.7912,33.05284],[-96.79205,33.05464],[-96.7943,33.05496],[-96.7957,33.05348],[-96.79485,33.05169],[-96.7926,33.05137]]]}},{"type":"Feature","properties":{"h3":"8926c876843ffff","mii":10,"trt":0.0,"glp1":0.0,"pharmacy":0.0,"gym":0.0,"n":0},"geometry":{"type":"Polygon","coordinates":[[[-96.75266,33.04234],[-96.75126,33.04382],[-96.75211,33.04561],[-96.75436,33.04593],[-96.75576,33.04446],[-96.75491,33.04266],[-96.75266,33.04234]]]}},{"type":"Feature","properties":{"h3":"8926c87684bffff","mii":10,"trt":0.0,"glp1":0.0,"pharmacy":0.0,"gym":0.0,"n":0},"geometry":{"type":"Polygon","coordinates":[[[-96.75631,33.04118],[-96.75491,33.04266],[-96.75576,33.04446],[-96.75801,33.04478],[-96.75941,33.0433],[-96.75856,33.0415],[-96.75631,33.04118]]]}},{"type":"Feature","properties":{"h3":"8926c876ab3ffff","mii":10,"trt":0.0,"glp1":0.0,"pharmacy":0.0,"gym":0.0,"n":0},"geometry":{"type":"Polygon","coordinates":[[[-96.75687,33.03791],[-96.75547,33.03938],[-96.75631,33.04118],[-96.75856,33.0415],[-96.75997,33.04002],[-96.75912,33.03823],[-96.75687,33.03791]]]}},{"type":"Feature","properties":{"h3":"8926c876ab7ffff","mii":10,"trt":0.0,"glp1":0.0,"pharmacy":0.0,"gym":0.0,"n":0},"geometry":{"type":"Polygon","coordinates":[[[-96.75377,33.03579],[-96.75237,33.03727],[-96.75322,33.03906],[-96.75547,33.03938],[-96.75687,33.03791],[-96.75602,33.03611],[-96.75377,33.03579]]]}},{"type":"Feature","properties":{"h3":"8926c87687bffff","mii":10,"trt":0.0,"glp1":0.0,"pharmacy":0.0,"gym":0.0,"n":0},"geometry":{"type":"Polygon","coordinates":[[[-96.75012,33.03695],[-96.74872,33.03842],[-96.74957,33.04022],[-96.75182,33.04054],[-96.75322,33.03906],[-96.75237,33.03727],[-96.75012,33.03695]]]}},{"type":"Feature","properties":{"h3":"8926c876847ffff","mii":10,"trt":0.0,"glp1":0.0,"pharmacy":0.0,"gym":0.0,"n":0},"geometry":{"type":"Polygon","coordinates":[[[-96.74957,33.04022],[-96.74816,33.0417],[-96.74901,33.0435],[-96.75126,33.04382],[-96.75266,33.04234],[-96.75182,33.04054],[-96.74957,33.04022]]]}},{"type":"Feature","properties":{"h3":"8926c867587ffff","mii":10,"trt":0.0,"glp1":0.0,"pharmacy":0.0,"gym":0.0,"n":0},"geometry":{"type":"Polygon","coordinates":[[[-96.84828,32.94685],[-96.84688,32.94833],[-96.84772,32.95012],[-96.84997,32.95044],[-96.85137,32.94896],[-96.85053,32.94716],[-96.84828,32.94685]]]}},{"type":"Feature","properties":{"h3":"8926c86664bffff","mii":10,"trt":0.0,"glp1":0.0,"pharmacy":0.0,"gym":0.0,"n":0},"geometry":{"type":"Polygon","coordinates":[[[-96.84463,32.94801],[-96.84323,32.94949],[-96.84407,32.95129],[-96.84632,32.9516],[-96.84772,32.95012],[-96.84688,32.94833],[-96.84463,32.94801]]]}},{"type":"Feature","properties":{"h3":"8926c86665bffff","mii":10,"trt":0.0,"glp1":0.0,"pharmacy":0.0,"gym":0.0,"n":0},"geometry":{"type":"Polygon","coordinates":[[[-96.84407,32.95129],[-96.84267,32.95277],[-96.84352,32.95456],[-96.84577,32.95488],[-96.84717,32.9534],[-96.84632,32.9516],[-96.84407,32.95129]]]}},{"type":"Feature","properties":{"h3":"8926c86604fffff","mii":10,"trt":0.0,"glp1":0.0,"pharmacy":0.0,"gym":0.0,"n":0},"geometry":{"type":"Polygon","coordinates":[[[-96.81986,32.93108],[-96.81846,32.93256],[-96.81931,32.93436],[-96.82155,32.93467],[-96.82296,32.93319],[-96.82211,32.9314],[-96.81986,32.93108]]]}},{"type":"Feature","properties":{"h3":"8926c8662b3ffff","mii":10,"trt":0.0,"glp1":0.0,"pharmacy":0.0,"gym":0.0,"n":0},"geometry":{"type":"Polygon","coordinates":[[[-96.82351,32.92992],[-96.82211,32.9314],[-96.82296,32.93319],[-96.8252,32.93351],[-96.8266,32.93203],[-96.82576,32.93023],[-96.82351,32.92992]]]}},{"type":"Feature","properties":{"h3":"8926c8662a3ffff","mii":10,"trt":0.0,"glp1":0.0,"pharmacy":0.0,"gym":0.0,"n":0},"geometry":{"type":"Polygon","coordinates":[[[-96.82406,32.92664],[-96.82266,32.92812],[-96.82351,32.92992],[-96.82576,32.93023],[-96.82716,32.92875],[-96.82631,32.92696],[-96.82406,32.92664]]]}},{"type":"Feature","properties":{"h3":"8926c8662a7ffff","mii":10,"trt":0.0,"glp1":0.0,"pharmacy":0.0,"gym":0.0,"n":0},"geometry":{"type":"Polygon","coordinates":[[[-96.82097,32.92452],[-96.81957,32.926],[-96.82041,32.9278],[-96.82266,32.92812],[-96.82406,32.92664],[-96.82322,32.92484],[-96.82097,32.92452]]]}},{"type":"Feature","properties":{"h3":"8926c86606bffff","mii":10,"trt":0.0,"glp1":0.0,"pharmacy":0.0,"gym":0.0,"n":0},"geometry":{"type":"Polygon","coordinates":[[[-96.81732,32.92568],[-96.81592,32.92716],[-96.81676,32.92896],[-96.81901,32.92928],[-96.82041,32.9278],[-96.81957,32.926],[-96.81732,32.92568]]]}},{"type":"Feature","properties":{"h3":"8926c86607bffff","mii":10,"trt":0.0,"glp1":0.0,"pharmacy":0.0,"gym":0.0,"n":0},"geometry":{"type":"Polygon","coordinates":[[[-96.81676,32.92896],[-96.81536,32.93044],[-96.81621,32.93224],[-96.81846,32.93256],[-96.81986,32.93108],[-96.81901,32.92928],[-96.81676,32.92896]]]}},{"type":"Feature","properties":{"h3":"8926c8775cbffff","mii":10,"trt":0.0,"glp1":0.0,"pharmacy":0.0,"gym":0.0,"n":0},"geometry":{"type":"Polygon","coordinates":[[[-96.83831,33.10815],[-96.8369,33.10963],[-96.83775,33.11143],[-96.84,33.11175],[-96.84141,33.11027],[-96.84056,33.10847],[-96.83831,33.10815]]]}},{"type":"Feature","properties":{"h3":"8926c877427ffff","mii":10,"trt":0.0,"glp1":0.0,"pharmacy":0.0,"gym":0.0,"n":0},"geometry":{"type":"Polygon","coordinates":[[[-96.84196,33.10699],[-96.84056,33.10847],[-96.84141,33.11027],[-96.84366,33.11059],[-96.84506,33.10911],[-96.84421,33.10731],[-96.84196,33.10699]]]}},{"type":"Feature","properties":{"h3":"8926c87755bffff","mii":10,"trt":0.0,"glp1":0.0,"pharmacy":0.0,"gym":0.0,"n":0},"geometry":{"type":"Polygon","coordinates":[[[-96.84251,33.10372],[-96.84111,33.1052],[-96.84196,33.10699],[-96.84421,33.10731],[-96.84562,33.10583],[-96.84477,33.10404],[-96.84251,33.10372]]]}},{"type":"Feature","properties":{"h3":"8926c877543ffff","mii":10,"trt":0.0,"glp1":0.0,"pharmacy":0.0,"gym":0.0,"n":0},"geometry":{"type":"Polygon","coordinates":[[[-96.83941,33.1016],[-96.83801,33.10308],[-96.83886,33.10488],[-96.84111,33.1052],[-96.84251,33.10372],[-96.84167,33.10192],[-96.83941,33.1016]]]}},{"type":"Feature","properties":{"h3":"8926c877557ffff","mii":10,"trt":0.0,"glp1":0.0,"pharmacy":0.0,"gym":0.0,"n":0},"geometry":{"type":"Polygon","coordinates":[[[-96.83576,33.10276],[-96.83436,33.10424],[-96.8352,33.10604],[-96.83746,33.10636],[-96.83886,33.10488],[-96.83801,33.10308],[-96.83576,33.10276]]]}},{"type":"Feature","properties":{"h3":"8926c8775cfffff","mii":10,"trt":0.0,"glp1":0.0,"pharmacy":0.0,"gym":0.0,"n":0},"geometry":{"type":"Polygon","coordinates":[[[-96.8352,33.10604],[-96.8338,33.10752],[-96.83465,33.10931],[-96.8369,33.10963],[-96.83831,33.10815],[-96.83746,33.10636],[-96.8352,33.10604]]]}},{"type":"Feature","properties":{"h3":"8926c80d963ffff","mii":10,"trt":0.0,"glp1":0.0,"pharmacy":0.0,"gym":0.0,"n":0},"geometry":{"type":"Polygon","coordinates":[[[-96.8043,33.12513],[-96.8029,33.12661],[-96.80375,33.12841],[-96.806,33.12873],[-96.8074,33.12725],[-96.80655,33.12545],[-96.8043,33.12513]]]}},{"type":"Feature","properties":{"h3":"8926c80d96bffff","mii":10,"trt":0.0,"glp1":0.0,"pharmacy":0.0,"gym":0.0,"n":0},"geometry":{"type":"Polygon","coordinates":[[[-96.80796,33.12397],[-96.80655,33.12545],[-96.8074,33.12725],[-96.80965,33.12757],[-96.81106,33.12609],[-96.81021,33.12429],[-96.80796,33.12397]]]}},{"type":"Feature","properties":{"h3":"8926c8766d3ffff","mii":10,"trt":0.0,"glp1":0.0,"pharmacy":0.0,"gym":0.0,"n":0},"geometry":{"type":"Polygon","coordinates":[[[-96.80851,33.1207],[-96.80711,33.12218],[-96.80796,33.12397],[-96.81021,33.12429],[-96.81161,33.12282],[-96.81076,33.12102],[-96.80851,33.1207]]]}},{"type":"Feature","properties":{"h3":"8926c8766d7ffff","mii":10,"trt":0.0,"glp1":0.0,"pharmacy":0.0,"gym":0.0,"n":0},"geometry":{"type":"Polygon","coordinates":[[[-96.80541,33.11858],[-96.80401,33.12006],[-96.80486,33.12186],[-96.80711,33.12218],[-96.80851,33.1207],[-96.80766,33.1189],[-96.80541,33.11858]]]}},{"type":"Feature","properties":{"h3":"8926c87669bffff","mii":10,"trt":0.0,"glp1":0.0,"pharmacy":0.0,"gym":0.0,"n":0},"geometry":{"type":"Polygon","coordinates":[[[-96.80176,33.11974],[-96.80035,33.12122],[-96.8012,33.12302],[-96.80345,33.12334],[-96.80486,33.12186],[-96.80401,33.12006],[-96.80176,33.11974]]]}},{"type":"Feature","properties":{"h3":"8926c80d967ffff","mii":10,"trt":0.0,"glp1":0.0,"pharmacy":0.0,"gym":0.0,"n":0},"geometry":{"type":"Polygon","coordinates":[[[-96.8012,33.12302],[-96.7998,33.12449],[-96.80065,33.12629],[-96.8029,33.12661],[-96.8043,33.12513],[-96.80345,33.12334],[-96.8012,33.12302]]]}},{"type":"Feature","properties":{"h3":"8926c82b0c7ffff","mii":10,"trt":0.0,"glp1":0.0,"pharmacy":0.0,"gym":0.0,"n":0},"geometry":{"type":"Polygon","coordinates":[[[-96.70538,32.99535],[-96.70397,32.99683],[-96.70482,32.99863],[-96.70707,32.99895],[-96.70847,32.99747],[-96.70762,32.99567],[-96.70538,32.99535]]]}},{"type":"Feature","properties":{"h3":"8926c82b0cfffff","mii":10,"trt":0.0,"glp1":0.0,"pharmacy":0.0,"gym":0.0,"n":0},"geometry":{"type":"Polygon","coordinates":[[[-96.70903,32.99419],[-96.70762,32.99567],[-96.70847,32.99747],[-96.71072,32.99779],[-96.71212,32.99631],[-96.71127,32.99451],[-96.70903,32.99419]]]}},{"type":"Feature","properties":{"h3":"8926c82b057ffff","mii":10,"trt":0.0,"glp1":0.0,"pharmacy":0.0,"gym":0.0,"n":0},"geometry":{"type":"Polygon","coordinates":[[[-96.70958,32.99092],[-96.70818,32.9924],[-96.70903,32.99419],[-96.71127,32.99451],[-96.71268,32.99304],[-96.71183,32.99124],[-96.70958,32.99092]]]}},{"type":"Feature","properties":{"h3":"8926c82b00bffff","mii":10,"trt":0.0,"glp1":0.0,"pharmacy":0.0,"gym":0.0,"n":0},"geometry":{"type":"Polygon","coordinates":[[[-96.70649,32.9888],[-96.70509,32.99028],[-96.70593,32.99208],[-96.70818,32.9924],[-96.70958,32.99092],[-96.70874,32.98912],[-96.70649,32.9888]]]}},{"type":"Feature","properties":{"h3":"8926c82b003ffff","mii":10,"trt":0.0,"glp1":0.0,"pharmacy":0.0,"gym":0.0,"n":0},"geometry":{"type":"Polygon","coordinates":[[[-96.70284,32.98996],[-96.70144,32.99143],[-96.70228,32.99323],[-96.70453,32.99355],[-96.70593,32.99208],[-96.70509,32.99028],[-96.70284,32.98996]]]}},{"type":"Feature","properties":{"h3":"8926c82b013ffff","mii":10,"trt":0.0,"glp1":0.0,"pharmacy":0.0,"gym":0.0,"n":0},"geometry":{"type":"Polygon","coordinates":[[[-96.70228,32.99323],[-96.70088,32.99471],[-96.70173,32.99651],[-96.70397,32.99683],[-96.70538,32.99535],[-96.70453,32.99355],[-96.70228,32.99323]]]}},{"type":"Feature","properties":{"h3":"8926c82b353ffff","mii":10,"trt":0.0,"glp1":0.0,"pharmacy":0.0,"gym":0.0,"n":0},"geometry":{"type":"Polygon","coordinates":[[[-96.71657,32.97011],[-96.71517,32.97158],[-96.71602,32.97338],[-96.71826,32.9737],[-96.71967,32.97222],[-96.71882,32.97043],[-96.71657,32.97011]]]}},{"type":"Feature","properties":{"h3":"8926c82b3cfffff","mii":10,"trt":0.0,"glp1":0.0,"pharmacy":0.0,"gym":0.0,"n":0},"geometry":{"type":"Polygon","coordinates":[[[-96.71292,32.97126],[-96.71152,32.97274],[-96.71237,32.97454],[-96.71462,32.97486],[-96.71602,32.97338],[-96.71517,32.97158],[-96.71292,32.97126]]]}},{"type":"Feature","properties":{"h3":"8926c82b3c3ffff","mii":10,"trt":0.0,"glp1":0.0,"pharmacy":0.0,"gym":0.0,"n":0},"geometry":{"type":"Polygon","coordinates":[[[-96.71237,32.97454],[-96.71097,32.97602],[-96.71181,32.97782],[-96.71406,32.97814],[-96.71546,32.97666],[-96.71462,32.97486],[-96.71237,32.97454]]]}},{"type":"Feature","properties":{"h3":"8926c8295b3ffff","mii":10,"trt":0.0,"glp1":0.0,"pharmacy":0.0,"gym":0.0,"n":0},"geometry":{"type":"Polygon","coordinates":[[[-96.69969,32.94757],[-96.69829,32.94904],[-96.69914,32.95084],[-96.70138,32.95116],[-96.70278,32.94968],[-96.70194,32.94789],[-96.69969,32.94757]]]}},{"type":"Feature","properties":{"h3":"8926c8295a7ffff","mii":10,"trt":0.0,"glp1":0.0,"pharmacy":0.0,"gym":0.0,"n":0},"geometry":{"type":"Polygon","coordinates":[[[-96.69716,32.94217],[-96.69576,32.94365],[-96.6966,32.94545],[-96.69885,32.94577],[-96.70025,32.94429],[-96.6994,32.94249],[-96.69716,32.94217]]]}},{"type":"Feature","properties":{"h3":"8926c8295b7ffff","mii":10,"trt":0.0,"glp1":0.0,"pharmacy":0.0,"gym":0.0,"n":0},"geometry":{"type":"Polygon","coordinates":[[[-96.6966,32.94545],[-96.6952,32.94693],[-96.69604,32.94872],[-96.69829,32.94904],[-96.69969,32.94757],[-96.69885,32.94577],[-96.6966,32.94545]]]}},{"type":"Feature","properties":{"h3":"8926c82b2afffff","mii":10,"trt":0.0,"glp1":0.0,"pharmacy":0.0,"gym":0.0,"n":0},"geometry":{"type":"Polygon","coordinates":[[[-96.71855,32.97878],[-96.71715,32.98025],[-96.718,32.98205],[-96.72024,32.98237],[-96.72165,32.98089],[-96.7208,32.9791],[-96.71855,32.97878]]]}},{"type":"Feature","properties":{"h3":"8926c82b233ffff","mii":10,"trt":0.0,"glp1":0.0,"pharmacy":0.0,"gym":0.0,"n":0},"geometry":{"type":"Polygon","coordinates":[[[-96.7222,32.97762],[-96.7208,32.9791],[-96.72165,32.98089],[-96.72389,32.98121],[-96.7253,32.97974],[-96.72445,32.97794],[-96.7222,32.97762]]]}},{"type":"Feature","properties":{"h3":"8926c82b223ffff","mii":10,"trt":0.0,"glp1":0.0,"pharmacy":0.0,"gym":0.0,"n":0},"geometry":{"type":"Polygon","coordinates":[[[-96.72276,32.97434],[-96.72136,32.97582],[-96.7222,32.97762],[-96.72445,32.97794],[-96.72585,32.97646],[-96.72501,32.97466],[-96.72276,32.97434]]]}},{"type":"Feature","properties":{"h3":"8926c82b373ffff","mii":10,"trt":0.0,"glp1":0.0,"pharmacy":0.0,"gym":0.0,"n":0},"geometry":{"type":"Polygon","coordinates":[[[-96.71095,32.96259],[-96.70954,32.96407],[-96.71039,32.96587],[-96.71264,32.96619],[-96.71404,32.96471],[-96.71319,32.96291],[-96.71095,32.96259]]]}},{"type":"Feature","properties":{"h3":"8926c82b37bffff","mii":10,"trt":0.0,"glp1":0.0,"pharmacy":0.0,"gym":0.0,"n":0},"geometry":{"type":"Polygon","coordinates":[[[-96.71459,32.96144],[-96.71319,32.96291],[-96.71404,32.96471],[-96.71629,32.96503],[-96.71769,32.96355],[-96.71684,32.96176],[-96.71459,32.96144]]]}},{"type":"Feature","properties":{"h3":"8926c82b36bffff","mii":10,"trt":0.0,"glp1":0.0,"pharmacy":0.0,"gym":0.0,"n":0},"geometry":{"type":"Polygon","coordinates":[[[-96.71515,32.95816],[-96.71375,32.95964],[-96.71459,32.96144],[-96.71684,32.96176],[-96.71824,32.96028],[-96.7174,32.95848],[-96.71515,32.95816]]]}},{"type":"Feature","properties":{"h3":"8926c82b36fffff","mii":10,"trt":0.0,"glp1":0.0,"pharmacy":0.0,"gym":0.0,"n":0},"geometry":{"type":"Polygon","coordinates":[[[-96.71206,32.95604],[-96.71066,32.95752],[-96.7115,32.95932],[-96.71375,32.95964],[-96.71515,32.95816],[-96.71431,32.95636],[-96.71206,32.95604]]]}},{"type":"Feature","properties":{"h3":"8926c82b367ffff","mii":10,"trt":0.0,"glp1":0.0,"pharmacy":0.0,"gym":0.0,"n":0},"geometry":{"type":"Polygon","coordinates":[[[-96.70841,32.9572],[-96.70701,32.95868],[-96.70785,32.96047],[-96.7101,32.96079],[-96.7115,32.95932],[-96.71066,32.95752],[-96.70841,32.9572]]]}},{"type":"Feature","properties":{"h3":"8926c82b377ffff","mii":10,"trt":0.0,"glp1":0.0,"pharmacy":0.0,"gym":0.0,"n":0},"geometry":{"type":"Polygon","coordinates":[[[-96.70785,32.96047],[-96.70645,32.96195],[-96.7073,32.96375],[-96.70954,32.96407],[-96.71095,32.96259],[-96.7101,32.96079],[-96.70785,32.96047]]]}},{"type":"Feature","properties":{"h3":"8926c872d07ffff","mii":10,"trt":0.0,"glp1":0.0,"pharmacy":0.0,"gym":0.0,"n":0},"geometry":{"type":"Polygon","coordinates":[[[-96.86545,33.15223],[-96.86404,33.15371],[-96.86489,33.15551],[-96.86715,33.15583],[-96.86855,33.15435],[-96.8677,33.15255],[-96.86545,33.15223]]]}},{"type":"Feature","properties":{"h3":"8926c872d0fffff","mii":10,"trt":0.0,"glp1":0.0,"pharmacy":0.0,"gym":0.0,"n":0},"geometry":{"type":"Polygon","coordinates":[[[-96.8691,33.15107],[-96.8677,33.15255],[-96.86855,33.15435],[-96.8708,33.15467],[-96.87221,33.15319],[-96.87136,33.15139],[-96.8691,33.15107]]]}},{"type":"Feature","properties":{"h3":"8926c872d77ffff","mii":10,"trt":0.0,"glp1":0.0,"pharmacy":0.0,"gym":0.0,"n":0},"geometry":{"type":"Polygon","coordinates":[[[-96.86966,33.1478],[-96.86825,33.14928],[-96.8691,33.15107],[-96.87136,33.15139],[-96.87276,33.14991],[-96.87191,33.14812],[-96.86966,33.1478]]]}},{"type":"Feature","properties":{"h3":"8926c872d2bffff","mii":10,"trt":0.0,"glp1":0.0,"pharmacy":0.0,"gym":0.0,"n":0},"geometry":{"type":"Polygon","coordinates":[[[-96.86655,33.14568],[-96.86515,33.14716],[-96.866,33.14896],[-96.86825,33.14928],[-96.86966,33.1478],[-96.86881,33.146],[-96.86655,33.14568]]]}},{"type":"Feature","properties":{"h3":"8926c872d23ffff","mii":10,"trt":0.0,"glp1":0.0,"pharmacy":0.0,"gym":0.0,"n":0},"geometry":{"type":"Polygon","coordinates":[[[-96.8629,33.14684],[-96.86149,33.14832],[-96.86234,33.15012],[-96.8646,33.15044],[-96.866,33.14896],[-96.86515,33.14716],[-96.8629,33.14684]]]}},{"type":"Feature","properties":{"h3":"8926c872d33ffff","mii":10,"trt":0.0,"glp1":0.0,"pharmacy":0.0,"gym":0.0,"n":0},"geometry":{"type":"Polygon","coordinates":[[[-96.86234,33.15012],[-96.86094,33.1516],[-96.86179,33.15339],[-96.86404,33.15371],[-96.86545,33.15223],[-96.8646,33.15044],[-96.86234,33.15012]]]}},{"type":"Feature","properties":{"h3":"8926c83b0d3ffff","mii":10,"trt":0.0,"glp1":0.0,"pharmacy":0.0,"gym":0.0,"n":0},"geometry":{"type":"Polygon","coordinates":[[[-96.68058,33.16116],[-96.67918,33.16264],[-96.68003,33.16443],[-96.68228,33.16475],[-96.68368,33.16328],[-96.68283,33.16148],[-96.68058,33.16116]]]}},{"type":"Feature","properties":{"h3":"8926c83b0dbffff","mii":10,"trt":0.0,"glp1":0.0,"pharmacy":0.0,"gym":0.0,"n":0},"geometry":{"type":"Polygon","coordinates":[[[-96.68424,33.16001],[-96.68283,33.16148],[-96.68368,33.16328],[-96.68593,33.1636],[-96.68734,33.16213],[-96.68649,33.16033],[-96.68424,33.16001]]]}},{"type":"Feature","properties":{"h3":"8926c83b0cbffff","mii":10,"trt":0.0,"glp1":0.0,"pharmacy":0.0,"gym":0.0,"n":0},"geometry":{"type":"Polygon","coordinates":[[[-96.6848,33.15673],[-96.68339,33.15821],[-96.68424,33.16001],[-96.68649,33.16033],[-96.68789,33.15885],[-96.68705,33.15706],[-96.6848,33.15673]]]}},{"type":"Feature","properties":{"h3":"8926c83b0cfffff","mii":10,"trt":0.0,"glp1":0.0,"pharmacy":0.0,"gym":0.0,"n":0},"geometry":{"type":"Polygon","coordinates":[[[-96.6817,33.15462],[-96.6803,33.15609],[-96.68114,33.15789],[-96.68339,33.15821],[-96.6848,33.15673],[-96.68395,33.15494],[-96.6817,33.15462]]]}},{"type":"Feature","properties":{"h3":"8926c83b0c7ffff","mii":10,"trt":0.0,"glp1":0.0,"pharmacy":0.0,"gym":0.0,"n":0},"geometry":{"type":"Polygon","coordinates":[[[-96.67805,33.15577],[-96.67664,33.15724],[-96.67749,33.15904],[-96.67974,33.15936],[-96.68114,33.15789],[-96.6803,33.15609],[-96.67805,33.15577]]]}},{"type":"Feature","properties":{"h3":"8926c83b0d7ffff","mii":10,"trt":0.0,"glp1":0.0,"pharmacy":0.0,"gym":0.0,"n":0},"geometry":{"type":"Polygon","coordinates":[[[-96.67749,33.15904],[-96.67608,33.16052],[-96.67693,33.16231],[-96.67918,33.16264],[-96.68058,33.16116],[-96.67974,33.15936],[-96.67749,33.15904]]]}},{"type":"Feature","properties":{"h3":"8926c801b67ffff","mii":10,"trt":0.0,"glp1":0.0,"pharmacy":0.0,"gym":0.0,"n":0},"geometry":{"type":"Polygon","coordinates":[[[-96.79958,33.2753],[-96.79818,33.27678],[-96.79903,33.27857],[-96.80128,33.27889],[-96.80269,33.27742],[-96.80184,33.27562],[-96.79958,33.2753]]]}},{"type":"Feature","properties":{"h3":"8926c801b6fffff","mii":10,"trt":0.0,"glp1":0.0,"pharmacy":0.0,"gym":0.0,"n":0},"geometry":{"type":"Polygon","coordinates":[[[-96.80324,33.27414],[-96.80184,33.27562],[-96.80269,33.27742],[-96.80494,33.27774],[-96.80635,33.27626],[-96.8055,33.27446],[-96.80324,33.27414]]]}},{"type":"Feature","properties":{"h3":"8926c80f5d7ffff","mii":10,"trt":0.0,"glp1":0.0,"pharmacy":0.0,"gym":0.0,"n":0},"geometry":{"type":"Polygon","coordinates":[[[-96.8038,33.27087],[-96.80239,33.27235],[-96.80324,33.27414],[-96.8055,33.27446],[-96.8069,33.27299],[-96.80605,33.27119],[-96.8038,33.27087]]]}},{"type":"Feature","properties":{"h3":"8926c80f58bffff","mii":10,"trt":0.0,"glp1":0.0,"pharmacy":0.0,"gym":0.0,"n":0},"geometry":{"type":"Polygon","coordinates":[[[-96.80069,33.26876],[-96.79929,33.27023],[-96.80014,33.27203],[-96.80239,33.27235],[-96.8038,33.27087],[-96.80295,33.26908],[-96.80069,33.26876]]]}},{"type":"Feature","properties":{"h3":"8926c80f583ffff","mii":10,"trt":0.0,"glp1":0.0,"pharmacy":0.0,"gym":0.0,"n":0},"geometry":{"type":"Polygon","coordinates":[[[-96.79703,33.26991],[-96.79563,33.27139],[-96.79648,33.27318],[-96.79873,33.2735],[-96.80014,33.27203],[-96.79929,33.27023],[-96.79703,33.26991]]]}},{"type":"Feature","properties":{"h3":"8926c80f593ffff","mii":10,"trt":0.0,"glp1":0.0,"pharmacy":0.0,"gym":0.0,"n":0},"geometry":{"type":"Polygon","coordinates":[[[-96.79648,33.27318],[-96.79507,33.27466],[-96.79592,33.27645],[-96.79818,33.27678],[-96.79958,33.2753],[-96.79873,33.2735],[-96.79648,33.27318]]]}},{"type":"Feature","properties":{"h3":"8926c82e0c7ffff","mii":10,"trt":0.0,"glp1":0.0,"pharmacy":0.0,"gym":0.0,"n":0},"geometry":{"type":"Polygon","coordinates":[[[-96.48141,32.89275],[-96.48001,32.89423],[-96.48085,32.89603],[-96.48309,32.89635],[-96.4845,32.89488],[-96.48366,32.89308],[-96.48141,32.89275]]]}},{"type":"Feature","properties":{"h3":"8926c82e0cfffff","mii":10,"trt":0.0,"glp1":0.0,"pharmacy":0.0,"gym":0.0,"n":0},"geometry":{"type":"Polygon","coordinates":[[[-96.48506,32.8916],[-96.48366,32.89308],[-96.4845,32.89488],[-96.48674,32.8952],[-96.48814,32.89373],[-96.4873,32.89193],[-96.48506,32.8916]]]}},{"type":"Feature","properties":{"h3":"8926c82e057ffff","mii":10,"trt":0.0,"glp1":0.0,"pharmacy":0.0,"gym":0.0,"n":0},"geometry":{"type":"Polygon","coordinates":[[[-96.48562,32.88833],[-96.48422,32.8898],[-96.48506,32.8916],[-96.4873,32.89193],[-96.4887,32.89045],[-96.48786,32.88865],[-96.48562,32.88833]]]}},{"type":"Feature","properties":{"h3":"8926c82e00bffff","mii":10,"trt":0.0,"glp1":0.0,"pharmacy":0.0,"gym":0.0,"n":0},"geometry":{"type":"Polygon","coordinates":[[[-96.48254,32.88621],[-96.48114,32.88768],[-96.48198,32.88948],[-96.48422,32.8898],[-96.48562,32.88833],[-96.48478,32.88653],[-96.48254,32.88621]]]}},{"type":"Feature","properties":{"h3":"8926c82e003ffff","mii":10,"trt":0.0,"glp1":0.0,"pharmacy":0.0,"gym":0.0,"n":0},"geometry":{"type":"Polygon","coordinates":[[[-96.47889,32.88736],[-96.47749,32.88883],[-96.47833,32.89063],[-96.48057,32.89096],[-96.48198,32.88948],[-96.48114,32.88768],[-96.47889,32.88736]]]}},{"type":"Feature","properties":{"h3":"8926c82e013ffff","mii":10,"trt":0.0,"glp1":0.0,"pharmacy":0.0,"gym":0.0,"n":0},"geometry":{"type":"Polygon","coordinates":[[[-96.47833,32.89063],[-96.47693,32.89211],[-96.47777,32.89391],[-96.48001,32.89423],[-96.48141,32.89275],[-96.48057,32.89096],[-96.47833,32.89063]]]}},{"type":"Feature","properties":{"h3":"8926c83597bffff","mii":10,"trt":0.0,"glp1":0.0,"pharmacy":0.0,"gym":0.0,"n":0},"geometry":{"type":"Polygon","coordinates":[[[-96.32576,32.97583],[-96.32436,32.9773],[-96.32519,32.9791],[-96.32743,32.97943],[-96.32884,32.97796],[-96.328,32.97616],[-96.32576,32.97583]]]}},{"type":"Feature","properties":{"h3":"8926c835bb7ffff","mii":10,"trt":0.0,"glp1":0.0,"pharmacy":0.0,"gym":0.0,"n":0},"geometry":{"type":"Polygon","coordinates":[[[-96.32941,32.97468],[-96.328,32.97616],[-96.32884,32.97796],[-96.33108,32.97828],[-96.33248,32.97681],[-96.33165,32.97501],[-96.32941,32.97468]]]}},{"type":"Feature","properties":{"h3":"8926c835ba7ffff","mii":10,"trt":0.0,"glp1":0.0,"pharmacy":0.0,"gym":0.0,"n":0},"geometry":{"type":"Polygon","coordinates":[[[-96.32997,32.97141],[-96.32857,32.97289],[-96.32941,32.97468],[-96.33165,32.97501],[-96.33305,32.97354],[-96.33221,32.97174],[-96.32997,32.97141]]]}},{"type":"Feature","properties":{"h3":"8926c8266d3ffff","mii":10,"trt":0.0,"glp1":0.0,"pharmacy":0.0,"gym":0.0,"n":0},"geometry":{"type":"Polygon","coordinates":[[[-96.32689,32.96929],[-96.32549,32.97076],[-96.32633,32.97256],[-96.32857,32.97289],[-96.32997,32.97141],[-96.32913,32.96961],[-96.32689,32.96929]]]}},{"type":"Feature","properties":{"h3":"8926c83596fffff","mii":10,"trt":0.0,"glp1":0.0,"pharmacy":0.0,"gym":0.0,"n":0},"geometry":{"type":"Polygon","coordinates":[[[-96.32325,32.97043],[-96.32184,32.97191],[-96.32268,32.9737],[-96.32492,32.97403],[-96.32633,32.97256],[-96.32549,32.97076],[-96.32325,32.97043]]]}},{"type":"Feature","properties":{"h3":"8926c835963ffff","mii":10,"trt":0.0,"glp1":0.0,"pharmacy":0.0,"gym":0.0,"n":0},"geometry":{"type":"Polygon","coordinates":[[[-96.32268,32.9737],[-96.32128,32.97518],[-96.32211,32.97697],[-96.32436,32.9773],[-96.32576,32.97583],[-96.32492,32.97403],[-96.32268,32.9737]]]}},{"type":"Feature","properties":{"h3":"8926c832ca7ffff","mii":10,"trt":0.0,"glp1":0.0,"pharmacy":0.0,"gym":0.0,"n":0},"geometry":{"type":"Polygon","coordinates":[[[-96.36693,33.17623],[-96.36553,33.1777],[-96.36637,33.1795],[-96.36861,33.17982],[-96.37002,33.17835],[-96.36918,33.17656],[-96.36693,33.17623]]]}},{"type":"Feature","properties":{"h3":"8926c832cafffff","mii":10,"trt":0.0,"glp1":0.0,"pharmacy":0.0,"gym":0.0,"n":0},"geometry":{"type":"Polygon","coordinates":[[[-96.37059,33.17509],[-96.36918,33.17656],[-96.37002,33.17835],[-96.37227,33.17868],[-96.37367,33.17721],[-96.37283,33.17541],[-96.37059,33.17509]]]}},{"type":"Feature","properties":{"h3":"8926c832c37ffff","mii":10,"trt":0.0,"glp1":0.0,"pharmacy":0.0,"gym":0.0,"n":0},"geometry":{"type":"Polygon","coordinates":[[[-96.37115,33.17182],[-96.36975,33.17329],[-96.37059,33.17509],[-96.37283,33.17541],[-96.37424,33.17394],[-96.3734,33.17215],[-96.37115,33.17182]]]}},{"type":"Feature","properties":{"h3":"8926c832dcbffff","mii":10,"trt":0.0,"glp1":0.0,"pharmacy":0.0,"gym":0.0,"n":0},"geometry":{"type":"Polygon","coordinates":[[[-96.36807,33.16969],[-96.36666,33.17117],[-96.3675,33.17296],[-96.36975,33.17329],[-96.37115,33.17182],[-96.37031,33.17002],[-96.36807,33.16969]]]}},{"type":"Feature","properties":{"h3":"8926c832dc3ffff","mii":10,"trt":0.0,"glp1":0.0,"pharmacy":0.0,"gym":0.0,"n":0},"geometry":{"type":"Polygon","coordinates":[[[-96.36441,33.17084],[-96.36301,33.17231],[-96.36385,33.17411],[-96.36609,33.17443],[-96.3675,33.17296],[-96.36666,33.17117],[-96.36441,33.17084]]]}},{"type":"Feature","properties":{"h3":"8926c832dd3ffff","mii":10,"trt":0.0,"glp1":0.0,"pharmacy":0.0,"gym":0.0,"n":0},"geometry":{"type":"Polygon","coordinates":[[[-96.36385,33.17411],[-96.36244,33.17558],[-96.36328,33.17737],[-96.36553,33.1777],[-96.36693,33.17623],[-96.36609,33.17443],[-96.36385,33.17411]]]}},{"type":"Feature","properties":{"h3":"8926c8659abffff","mii":10,"trt":0.0,"glp1":0.0,"pharmacy":0.0,"gym":0.0,"n":0},"geometry":{"type":"Polygon","coordinates":[[[-96.84707,32.81069],[-96.84567,32.81218],[-96.84651,32.81398],[-96.84876,32.81429],[-96.85016,32.81281],[-96.84931,32.81101],[-96.84707,32.81069]]]}},{"type":"Feature","properties":{"h3":"8926c8659afffff","mii":10,"trt":0.0,"glp1":0.0,"pharmacy":0.0,"gym":0.0,"n":0},"geometry":{"type":"Polygon","coordinates":[[[-96.84397,32.80858],[-96.84257,32.81006],[-96.84342,32.81186],[-96.84567,32.81218],[-96.84707,32.81069],[-96.84622,32.8089],[-96.84397,32.80858]]]}},{"type":"Feature","properties":{"h3":"8926c86aa63ffff","mii":10,"trt":0.0,"glp1":0.0,"pharmacy":0.0,"gym":0.0,"n":0},"geometry":{"type":"Polygon","coordinates":[[[-97.13043,32.91252],[-97.12903,32.914],[-97.12989,32.9158],[-97.13214,32.91611],[-97.13354,32.91463],[-97.13268,32.91283],[-97.13043,32.91252]]]}},{"type":"Feature","properties":{"h3":"8926c86aa6bffff","mii":10,"trt":0.0,"glp1":0.0,"pharmacy":0.0,"gym":0.0,"n":0},"geometry":{"type":"Polygon","coordinates":[[[-97.13408,32.91134],[-97.13268,32.91283],[-97.13354,32.91463],[-97.13579,32.91494],[-97.13719,32.91345],[-97.13633,32.91166],[-97.13408,32.91134]]]}},{"type":"Feature","properties":{"h3":"8926c868cd3ffff","mii":10,"trt":0.0,"glp1":0.0,"pharmacy":0.0,"gym":0.0,"n":0},"geometry":{"type":"Polygon","coordinates":[[[-97.13463,32.90806],[-97.13323,32.90955],[-97.13408,32.91134],[-97.13633,32.91166],[-97.13773,32.91017],[-97.13688,32.90837],[-97.13463,32.90806]]]}},{"type":"Feature","properties":{"h3":"8926c868cd7ffff","mii":10,"trt":0.0,"glp1":0.0,"pharmacy":0.0,"gym":0.0,"n":0},"geometry":{"type":"Polygon","coordinates":[[[-97.13152,32.90595],[-97.13012,32.90744],[-97.13098,32.90923],[-97.13323,32.90955],[-97.13463,32.90806],[-97.13377,32.90626],[-97.13152,32.90595]]]}},{"type":"Feature","properties":{"h3":"8926c868c9bffff","mii":10,"trt":0.0,"glp1":0.0,"pharmacy":0.0,"gym":0.0,"n":0},"geometry":{"type":"Polygon","coordinates":[[[-97.12787,32.90712],[-97.12647,32.90861],[-97.12733,32.91041],[-97.12958,32.91072],[-97.13098,32.90923],[-97.13012,32.90744],[-97.12787,32.90712]]]}},{"type":"Feature","properties":{"h3":"8926c86aa67ffff","mii":10,"trt":0.0,"glp1":0.0,"pharmacy":0.0,"gym":0.0,"n":0},"geometry":{"type":"Polygon","coordinates":[[[-97.12733,32.91041],[-97.12593,32.91189],[-97.12678,32.91369],[-97.12903,32.914],[-97.13043,32.91252],[-97.12958,32.91072],[-97.12733,32.91041]]]}},{"type":"Feature","properties":{"h3":"8926c87413bffff","mii":10,"trt":0.0,"glp1":0.0,"pharmacy":0.0,"gym":0.0,"n":0},"geometry":{"type":"Polygon","coordinates":[[[-96.79085,33.02093],[-96.78944,33.0224],[-96.79029,33.0242],[-96.79254,33.02452],[-96.79394,33.02304],[-96.7931,33.02125],[-96.79085,33.02093]]]}},{"type":"Feature","properties":{"h3":"8926c874123ffff","mii":10,"trt":0.0,"glp1":0.0,"pharmacy":0.0,"gym":0.0,"n":0},"geometry":{"type":"Polygon","coordinates":[[[-96.78775,33.01881],[-96.78635,33.02029],[-96.78719,33.02209],[-96.78944,33.0224],[-96.79085,33.02093],[-96.79,33.01913],[-96.78775,33.01881]]]}},{"type":"Feature","properties":{"h3":"8926c874137ffff","mii":10,"trt":0.0,"glp1":0.0,"pharmacy":0.0,"gym":0.0,"n":0},"geometry":{"type":"Polygon","coordinates":[[[-96.7841,33.01997],[-96.7827,33.02145],[-96.78354,33.02324],[-96.78579,33.02356],[-96.78719,33.02209],[-96.78635,33.02029],[-96.7841,33.01997]]]}},{"type":"Feature","properties":{"h3":"8926c8741afffff","mii":10,"trt":0.0,"glp1":0.0,"pharmacy":0.0,"gym":0.0,"n":0},"geometry":{"type":"Polygon","coordinates":[[[-96.78354,33.02324],[-96.78214,33.02472],[-96.78299,33.02652],[-96.78524,33.02684],[-96.78664,33.02536],[-96.78579,33.02356],[-96.78354,33.02324]]]}},{"type":"Feature","properties":{"h3":"8926cbdb327ffff","mii":10,"trt":0.0,"glp1":0.0,"pharmacy":0.0,"gym":0.0,"n":0},"geometry":{"type":"Polygon","coordinates":[[[-97.41309,32.72795],[-97.41169,32.72944],[-97.41255,32.73124],[-97.4148,32.73154],[-97.4162,32.73005],[-97.41534,32.72825],[-97.41309,32.72795]]]}},{"type":"Feature","properties":{"h3":"8926cbdb32fffff","mii":10,"trt":0.0,"glp1":0.0,"pharmacy":0.0,"gym":0.0,"n":0},"geometry":{"type":"Polygon","coordinates":[[[-97.41673,32.72676],[-97.41534,32.72825],[-97.4162,32.73005],[-97.41845,32.73036],[-97.41984,32.72887],[-97.41899,32.72707],[-97.41673,32.72676]]]}},{"type":"Feature","properties":{"h3":"8926cbd9597ffff","mii":10,"trt":0.0,"glp1":0.0,"pharmacy":0.0,"gym":0.0,"n":0},"geometry":{"type":"Polygon","coordinates":[[[-97.41727,32.72347],[-97.41588,32.72496],[-97.41673,32.72676],[-97.41899,32.72707],[-97.42038,32.72558],[-97.41952,32.72378],[-97.41727,32.72347]]]}},{"type":"Feature","properties":{"h3":"8926cbd864bffff","mii":10,"trt":0.0,"glp1":0.0,"pharmacy":0.0,"gym":0.0,"n":0},"geometry":{"type":"Polygon","coordinates":[[[-97.41416,32.72137],[-97.41277,32.72286],[-97.41362,32.72466],[-97.41588,32.72496],[-97.41727,32.72347],[-97.41641,32.72167],[-97.41416,32.72137]]]}},{"type":"Feature","properties":{"h3":"8926cbd8643ffff","mii":10,"trt":0.0,"glp1":0.0,"pharmacy":0.0,"gym":0.0,"n":0},"geometry":{"type":"Polygon","coordinates":[[[-97.41051,32.72255],[-97.40912,32.72404],[-97.40998,32.72584],[-97.41223,32.72615],[-97.41362,32.72466],[-97.41277,32.72286],[-97.41051,32.72255]]]}},{"type":"Feature","properties":{"h3":"8926cbd8653ffff","mii":10,"trt":0.0,"glp1":0.0,"pharmacy":0.0,"gym":0.0,"n":0},"geometry":{"type":"Polygon","coordinates":[[[-97.40998,32.72584],[-97.40858,32.72733],[-97.40944,32.72913],[-97.41169,32.72944],[-97.41309,32.72795],[-97.41223,32.72615],[-97.40998,32.72584]]]}},{"type":"Feature","properties":{"h3":"8926cbd540fffff","mii":10,"trt":0.0,"glp1":0.0,"pharmacy":0.0,"gym":0.0,"n":0},"geometry":{"type":"Polygon","coordinates":[[[-97.11715,32.6805],[-97.11576,32.68199],[-97.11661,32.68379],[-97.11885,32.6841],[-97.12025,32.68261],[-97.1194,32.68081],[-97.11715,32.6805]]]}},{"type":"Feature","properties":{"h3":"8926cbd543bffff","mii":10,"trt":0.0,"glp1":0.0,"pharmacy":0.0,"gym":0.0,"n":0},"geometry":{"type":"Polygon","coordinates":[[[-97.11405,32.67839],[-97.11266,32.67988],[-97.11351,32.68168],[-97.11576,32.68199],[-97.11715,32.6805],[-97.1163,32.6787],[-97.11405,32.67839]]]}},{"type":"Feature","properties":{"h3":"8926c829517ffff","mii":10,"trt":0.0,"glp1":0.0,"pharmacy":0.0,"gym":0.0,"n":0},"geometry":{"type":"Polygon","coordinates":[[[-96.70699,32.94525],[-96.70559,32.94673],[-96.70643,32.94853],[-96.70868,32.94885],[-96.71008,32.94737],[-96.70924,32.94557],[-96.70699,32.94525]]]}},{"type":"Feature","properties":{"h3":"8926c829507ffff","mii":10,"trt":0.0,"glp1":0.0,"pharmacy":0.0,"gym":0.0,"n":0},"geometry":{"type":"Polygon","coordinates":[[[-96.70755,32.94197],[-96.70614,32.94345],[-96.70699,32.94525],[-96.70924,32.94557],[-96.71064,32.94409],[-96.70979,32.94229],[-96.70755,32.94197]]]}},{"type":"Feature","properties":{"h3":"8926c829533ffff","mii":10,"trt":0.0,"glp1":0.0,"pharmacy":0.0,"gym":0.0,"n":0},"geometry":{"type":"Polygon","coordinates":[[[-96.70445,32.93986],[-96.70305,32.94133],[-96.7039,32.94313],[-96.70614,32.94345],[-96.70755,32.94197],[-96.7067,32.94018],[-96.70445,32.93986]]]}},{"type":"Feature","properties":{"h3":"8926c814a2fffff","mii":10,"trt":0.0,"glp1":0.0,"pharmacy":0.0,"gym":0.0,"n":0},"geometry":{"type":"Polygon","coordinates":[[[-96.56224,33.34686],[-96.56083,33.34833],[-96.56168,33.35013],[-96.56393,33.35045],[-96.56534,33.34898],[-96.56449,33.34719],[-96.56224,33.34686]]]}},{"type":"Feature","properties":{"h3":"8926c806493ffff","mii":10,"trt":0.0,"glp1":0.0,"pharmacy":0.0,"gym":0.0,"n":0},"geometry":{"type":"Polygon","coordinates":[[[-96.5659,33.34571],[-96.56449,33.34719],[-96.56534,33.34898],[-96.56759,33.34931],[-96.569,33.34783],[-96.56815,33.34604],[-96.5659,33.34571]]]}},{"type":"Feature","properties":{"h3":"8926c806483ffff","mii":10,"trt":0.0,"glp1":0.0,"pharmacy":0.0,"gym":0.0,"n":0},"geometry":{"type":"Polygon","coordinates":[[[-96.56646,33.34245],[-96.56506,33.34392],[-96.5659,33.34571],[-96.56815,33.34604],[-96.56956,33.34457],[-96.56872,33.34277],[-96.56646,33.34245]]]}},{"type":"Feature","properties":{"h3":"8926c806487ffff","mii":10,"trt":0.0,"glp1":0.0,"pharmacy":0.0,"gym":0.0,"n":0},"geometry":{"type":"Polygon","coordinates":[[[-96.56337,33.34033],[-96.56196,33.3418],[-96.5628,33.34359],[-96.56506,33.34392],[-96.56646,33.34245],[-96.56562,33.34065],[-96.56337,33.34033]]]}},{"type":"Feature","properties":{"h3":"8926c814b4bffff","mii":10,"trt":0.0,"glp1":0.0,"pharmacy":0.0,"gym":0.0,"n":0},"geometry":{"type":"Polygon","coordinates":[[[-96.55971,33.34147],[-96.5583,33.34294],[-96.55914,33.34474],[-96.5614,33.34506],[-96.5628,33.34359],[-96.56196,33.3418],[-96.55971,33.34147]]]}},{"type":"Feature","properties":{"h3":"8926c814b5bffff","mii":10,"trt":0.0,"glp1":0.0,"pharmacy":0.0,"gym":0.0,"n":0},"geometry":{"type":"Polygon","coordinates":[[[-96.55914,33.34474],[-96.55774,33.34621],[-96.55858,33.34801],[-96.56083,33.34833],[-96.56224,33.34686],[-96.5614,33.34506],[-96.55914,33.34474]]]}},{"type":"Feature","properties":{"h3":"8926c864e03ffff","mii":10,"trt":0.0,"glp1":1.8,"pharmacy":0.0,"gym":0.0,"n":3},"geometry":{"type":"Polygon","coordinates":[[[-96.82441,32.84276],[-96.82301,32.84424],[-96.82386,32.84604],[-96.82611,32.84635],[-96.82751,32.84487],[-96.82666,32.84307],[-96.82441,32.84276]]]}},{"type":"Feature","properties":{"h3":"8926c821a53ffff","mii":10,"trt":0.0,"glp1":0.0,"pharmacy":0.0,"gym":0.0,"n":0},"geometry":{"type":"Polygon","coordinates":[[[-96.55347,32.93501],[-96.55207,32.93649],[-96.55291,32.93829],[-96.55515,32.93861],[-96.55655,32.93714],[-96.55571,32.93534],[-96.55347,32.93501]]]}},{"type":"Feature","properties":{"h3":"8926c821a5bffff","mii":10,"trt":0.0,"glp1":0.0,"pharmacy":0.0,"gym":0.0,"n":0},"geometry":{"type":"Polygon","coordinates":[[[-96.55712,32.93386],[-96.55571,32.93534],[-96.55655,32.93714],[-96.5588,32.93746],[-96.5602,32.93598],[-96.55936,32.93418],[-96.55712,32.93386]]]}},{"type":"Feature","properties":{"h3":"8926c821a4bffff","mii":10,"trt":0.0,"glp1":0.0,"pharmacy":0.0,"gym":0.0,"n":0},"geometry":{"type":"Polygon","coordinates":[[[-96.55768,32.93059],[-96.55627,32.93206],[-96.55712,32.93386],[-96.55936,32.93418],[-96.56076,32.93271],[-96.55992,32.93091],[-96.55768,32.93059]]]}},{"type":"Feature","properties":{"h3":"8926c821a4fffff","mii":10,"trt":0.0,"glp1":0.0,"pharmacy":0.0,"gym":0.0,"n":0},"geometry":{"type":"Polygon","coordinates":[[[-96.55459,32.92846],[-96.55319,32.92994],[-96.55403,32.93174],[-96.55627,32.93206],[-96.55768,32.93059],[-96.55683,32.92879],[-96.55459,32.92846]]]}},{"type":"Feature","properties":{"h3":"8926c821a47ffff","mii":10,"trt":0.0,"glp1":0.0,"pharmacy":0.0,"gym":0.0,"n":0},"geometry":{"type":"Polygon","coordinates":[[[-96.55094,32.92962],[-96.54954,32.93109],[-96.55038,32.93289],[-96.55263,32.93322],[-96.55403,32.93174],[-96.55319,32.92994],[-96.55094,32.92962]]]}},{"type":"Feature","properties":{"h3":"8926c821a57ffff","mii":10,"trt":0.0,"glp1":0.0,"pharmacy":0.0,"gym":0.0,"n":0},"geometry":{"type":"Polygon","coordinates":[[[-96.55038,32.93289],[-96.54898,32.93437],[-96.54982,32.93617],[-96.55207,32.93649],[-96.55347,32.93501],[-96.55263,32.93322],[-96.55038,32.93289]]]}},{"type":"Feature","properties":{"h3":"8926c801d3bffff","mii":10,"trt":0.0,"glp1":0.0,"pharmacy":0.0,"gym":0.0,"n":0},"geometry":{"type":"Polygon","coordinates":[[[-96.76585,33.31071],[-96.76444,33.31218],[-96.76529,33.31398],[-96.76754,33.3143],[-96.76895,33.31282],[-96.7681,33.31103],[-96.76585,33.31071]]]}},{"type":"Feature","properties":{"h3":"8926c801d77ffff","mii":10,"trt":0.0,"glp1":0.0,"pharmacy":0.0,"gym":0.0,"n":0},"geometry":{"type":"Polygon","coordinates":[[[-96.76951,33.30955],[-96.7681,33.31103],[-96.76895,33.31282],[-96.77121,33.31314],[-96.77261,33.31167],[-96.77176,33.30987],[-96.76951,33.30955]]]}},{"type":"Feature","properties":{"h3":"8926c801d67ffff","mii":10,"trt":0.0,"glp1":0.0,"pharmacy":0.0,"gym":0.0,"n":0},"geometry":{"type":"Polygon","coordinates":[[[-96.77006,33.30628],[-96.76866,33.30776],[-96.76951,33.30955],[-96.77176,33.30987],[-96.77317,33.3084],[-96.77232,33.3066],[-96.77006,33.30628]]]}},{"type":"Feature","properties":{"h3":"8926c801993ffff","mii":10,"trt":0.0,"glp1":0.0,"pharmacy":0.0,"gym":0.0,"n":0},"geometry":{"type":"Polygon","coordinates":[[[-96.76696,33.30417],[-96.76555,33.30564],[-96.7664,33.30744],[-96.76866,33.30776],[-96.77006,33.30628],[-96.76922,33.30449],[-96.76696,33.30417]]]}},{"type":"Feature","properties":{"h3":"8926c801d2fffff","mii":10,"trt":0.0,"glp1":0.0,"pharmacy":0.0,"gym":0.0,"n":0},"geometry":{"type":"Polygon","coordinates":[[[-96.7633,33.30532],[-96.76189,33.30679],[-96.76274,33.30859],[-96.765,33.30891],[-96.7664,33.30744],[-96.76555,33.30564],[-96.7633,33.30532]]]}},{"type":"Feature","properties":{"h3":"8926c801d23ffff","mii":10,"trt":0.0,"glp1":0.0,"pharmacy":0.0,"gym":0.0,"n":0},"geometry":{"type":"Polygon","coordinates":[[[-96.76274,33.30859],[-96.76134,33.31007],[-96.76219,33.31186],[-96.76444,33.31218],[-96.76585,33.31071],[-96.765,33.30891],[-96.76274,33.30859]]]}},{"type":"Feature","properties":{"h3":"8926c876c2bffff","mii":10,"trt":0.0,"glp1":0.0,"pharmacy":0.0,"gym":0.0,"n":0},"geometry":{"type":"Polygon","coordinates":[[[-96.73638,33.05679],[-96.73498,33.05827],[-96.73583,33.06007],[-96.73808,33.06039],[-96.73948,33.05891],[-96.73863,33.05711],[-96.73638,33.05679]]]}},{"type":"Feature","properties":{"h3":"8926c876c67ffff","mii":10,"trt":0.0,"glp1":0.0,"pharmacy":0.0,"gym":0.0,"n":0},"geometry":{"type":"Polygon","coordinates":[[[-96.74004,33.05564],[-96.73863,33.05711],[-96.73948,33.05891],[-96.74173,33.05923],[-96.74313,33.05775],[-96.74229,33.05596],[-96.74004,33.05564]]]}},{"type":"Feature","properties":{"h3":"8926c87689bffff","mii":10,"trt":0.0,"glp1":0.0,"pharmacy":0.0,"gym":0.0,"n":0},"geometry":{"type":"Polygon","coordinates":[[[-96.74059,33.05236],[-96.73919,33.05384],[-96.74004,33.05564],[-96.74229,33.05596],[-96.74369,33.05448],[-96.74284,33.05268],[-96.74059,33.05236]]]}},{"type":"Feature","properties":{"h3":"8926c876883ffff","mii":10,"trt":0.0,"glp1":0.0,"pharmacy":0.0,"gym":0.0,"n":0},"geometry":{"type":"Polygon","coordinates":[[[-96.7375,33.05024],[-96.73609,33.05172],[-96.73694,33.05352],[-96.73919,33.05384],[-96.74059,33.05236],[-96.73975,33.05056],[-96.7375,33.05024]]]}},{"type":"Feature","properties":{"h3":"8926c876897ffff","mii":10,"trt":0.0,"glp1":0.0,"pharmacy":0.0,"gym":0.0,"n":0},"geometry":{"type":"Polygon","coordinates":[[[-96.73385,33.0514],[-96.73244,33.05288],[-96.73329,33.05468],[-96.73554,33.055],[-96.73694,33.05352],[-96.73609,33.05172],[-96.73385,33.0514]]]}},{"type":"Feature","properties":{"h3":"8926c876c2fffff","mii":10,"trt":0.0,"glp1":0.0,"pharmacy":0.0,"gym":0.0,"n":0},"geometry":{"type":"Polygon","coordinates":[[[-96.73329,33.05468],[-96.73189,33.05615],[-96.73273,33.05795],[-96.73498,33.05827],[-96.73638,33.05679],[-96.73554,33.055],[-96.73329,33.05468]]]}},{"type":"Feature","properties":{"h3":"8926c94f4cbffff","mii":10,"trt":0.0,"glp1":0.0,"pharmacy":0.0,"gym":0.0,"n":0},"geometry":{"type":"Polygon","coordinates":[[[-96.28303,32.54666],[-96.28163,32.54813],[-96.28246,32.54994],[-96.28469,32.55026],[-96.28609,32.54879],[-96.28526,32.54698],[-96.28303,32.54666]]]}},{"type":"Feature","properties":{"h3":"8926c94a927ffff","mii":10,"trt":0.0,"glp1":0.0,"pharmacy":0.0,"gym":0.0,"n":0},"geometry":{"type":"Polygon","coordinates":[[[-96.28666,32.54551],[-96.28526,32.54698],[-96.28609,32.54879],[-96.28832,32.54911],[-96.28972,32.54764],[-96.28889,32.54583],[-96.28666,32.54551]]]}},{"type":"Feature","properties":{"h3":"8926c94f45bffff","mii":10,"trt":0.0,"glp1":0.0,"pharmacy":0.0,"gym":0.0,"n":0},"geometry":{"type":"Polygon","coordinates":[[[-96.28722,32.54223],[-96.28582,32.54371],[-96.28666,32.54551],[-96.28889,32.54583],[-96.29029,32.54436],[-96.28945,32.54256],[-96.28722,32.54223]]]}},{"type":"Feature","properties":{"h3":"8926c94f443ffff","mii":10,"trt":0.0,"glp1":0.0,"pharmacy":0.0,"gym":0.0,"n":0},"geometry":{"type":"Polygon","coordinates":[[[-96.28416,32.5401],[-96.28276,32.54158],[-96.28359,32.54338],[-96.28582,32.54371],[-96.28722,32.54223],[-96.28639,32.54043],[-96.28416,32.5401]]]}},{"type":"Feature","properties":{"h3":"8926c94f457ffff","mii":10,"trt":0.0,"glp1":0.0,"pharmacy":0.0,"gym":0.0,"n":0},"geometry":{"type":"Polygon","coordinates":[[[-96.28053,32.54125],[-96.27913,32.54273],[-96.27996,32.54453],[-96.28219,32.54486],[-96.28359,32.54338],[-96.28276,32.54158],[-96.28053,32.54125]]]}},{"type":"Feature","properties":{"h3":"8926c94f4cfffff","mii":10,"trt":0.0,"glp1":0.0,"pharmacy":0.0,"gym":0.0,"n":0},"geometry":{"type":"Polygon","coordinates":[[[-96.27996,32.54453],[-96.27856,32.54601],[-96.27939,32.54781],[-96.28163,32.54813],[-96.28303,32.54666],[-96.28219,32.54486],[-96.27996,32.54453]]]}},{"type":"Feature","properties":{"h3":"8926cb93287ffff","mii":10,"trt":0.0,"glp1":0.0,"pharmacy":0.0,"gym":0.0,"n":0},"geometry":{"type":"Polygon","coordinates":[[[-96.74777,32.82685],[-96.74637,32.82833],[-96.74721,32.83013],[-96.74946,32.83045],[-96.75086,32.82897],[-96.75001,32.82717],[-96.74777,32.82685]]]}},{"type":"Feature","properties":{"h3":"8926cb9328fffff","mii":10,"trt":0.0,"glp1":0.0,"pharmacy":0.0,"gym":0.0,"n":0},"geometry":{"type":"Polygon","coordinates":[[[-96.75141,32.82569],[-96.75001,32.82717],[-96.75086,32.82897],[-96.7531,32.82929],[-96.7545,32.82781],[-96.75366,32.82601],[-96.75141,32.82569]]]}},{"type":"Feature","properties":{"h3":"8926cb93217ffff","mii":10,"trt":0.0,"glp1":0.0,"pharmacy":0.0,"gym":0.0,"n":0},"geometry":{"type":"Polygon","coordinates":[[[-96.75197,32.82241],[-96.75057,32.82389],[-96.75141,32.82569],[-96.75366,32.82601],[-96.75506,32.82453],[-96.75421,32.82273],[-96.75197,32.82241]]]}},{"type":"Feature","properties":{"h3":"8926cb932abffff","mii":10,"trt":0.0,"glp1":0.0,"pharmacy":0.0,"gym":0.0,"n":0},"geometry":{"type":"Polygon","coordinates":[[[-96.74888,32.82029],[-96.74748,32.82177],[-96.74832,32.82357],[-96.75057,32.82389],[-96.75197,32.82241],[-96.75112,32.82061],[-96.74888,32.82029]]]}},{"type":"Feature","properties":{"h3":"8926cb932b3ffff","mii":10,"trt":0.0,"glp1":0.0,"pharmacy":0.0,"gym":0.0,"n":0},"geometry":{"type":"Polygon","coordinates":[[[-96.74468,32.82473],[-96.74328,32.82621],[-96.74412,32.82801],[-96.74637,32.82833],[-96.74777,32.82685],[-96.74692,32.82505],[-96.74468,32.82473]]]}},{"type":"Feature","properties":{"h3":"8926c86628bffff","mii":10,"trt":0.0,"glp1":0.0,"pharmacy":0.0,"gym":0.0,"n":0},"geometry":{"type":"Polygon","coordinates":[[[-96.83335,32.93299],[-96.83195,32.93447],[-96.8328,32.93627],[-96.83504,32.93658],[-96.83645,32.9351],[-96.8356,32.9333],[-96.83335,32.93299]]]}},{"type":"Feature","properties":{"h3":"8926c8662c7ffff","mii":10,"trt":0.0,"glp1":0.0,"pharmacy":0.0,"gym":0.0,"n":0},"geometry":{"type":"Polygon","coordinates":[[[-96.837,32.93182],[-96.8356,32.9333],[-96.83645,32.9351],[-96.83869,32.93542],[-96.84009,32.93394],[-96.83925,32.93214],[-96.837,32.93182]]]}},{"type":"Feature","properties":{"h3":"8926c86621bffff","mii":10,"trt":0.0,"glp1":0.0,"pharmacy":0.0,"gym":0.0,"n":0},"geometry":{"type":"Polygon","coordinates":[[[-96.83755,32.92855],[-96.83615,32.93003],[-96.837,32.93182],[-96.83925,32.93214],[-96.84065,32.93066],[-96.8398,32.92886],[-96.83755,32.92855]]]}},{"type":"Feature","properties":{"h3":"8926c866203ffff","mii":10,"trt":0.0,"glp1":0.0,"pharmacy":0.0,"gym":0.0,"n":0},"geometry":{"type":"Polygon","coordinates":[[[-96.83446,32.92643],[-96.83306,32.92791],[-96.8339,32.92971],[-96.83615,32.93003],[-96.83755,32.92855],[-96.8367,32.92675],[-96.83446,32.92643]]]}},{"type":"Feature","properties":{"h3":"8926c866217ffff","mii":10,"trt":0.0,"glp1":0.0,"pharmacy":0.0,"gym":0.0,"n":0},"geometry":{"type":"Polygon","coordinates":[[[-96.83081,32.92759],[-96.82941,32.92907],[-96.83025,32.93087],[-96.8325,32.93119],[-96.8339,32.92971],[-96.83306,32.92791],[-96.83081,32.92759]]]}},{"type":"Feature","properties":{"h3":"8926c86628fffff","mii":10,"trt":0.0,"glp1":0.0,"pharmacy":0.0,"gym":0.0,"n":0},"geometry":{"type":"Polygon","coordinates":[[[-96.83025,32.93087],[-96.82885,32.93235],[-96.8297,32.93415],[-96.83195,32.93447],[-96.83335,32.93299],[-96.8325,32.93119],[-96.83025,32.93087]]]}},{"type":"Feature","properties":{"h3":"8926cb9864bffff","mii":10,"trt":0.0,"glp1":0.0,"pharmacy":0.0,"gym":0.0,"n":0},"geometry":{"type":"Polygon","coordinates":[[[-96.90492,32.73319],[-96.90352,32.73467],[-96.90437,32.73647],[-96.90662,32.73678],[-96.90801,32.7353],[-96.90717,32.7335],[-96.90492,32.73319]]]}},{"type":"Feature","properties":{"h3":"8926cb99587ffff","mii":10,"trt":0.0,"glp1":0.0,"pharmacy":0.0,"gym":0.0,"n":0},"geometry":{"type":"Polygon","coordinates":[[[-96.90856,32.73202],[-96.90717,32.7335],[-96.90801,32.7353],[-96.91026,32.73562],[-96.91166,32.73413],[-96.91081,32.73233],[-96.90856,32.73202]]]}},{"type":"Feature","properties":{"h3":"8926cb995bbffff","mii":10,"trt":0.0,"glp1":0.0,"pharmacy":0.0,"gym":0.0,"n":0},"geometry":{"type":"Polygon","coordinates":[[[-96.90911,32.72874],[-96.90772,32.73022],[-96.90856,32.73202],[-96.91081,32.73233],[-96.91221,32.73085],[-96.91136,32.72905],[-96.90911,32.72874]]]}},{"type":"Feature","properties":{"h3":"8926cb995a3ffff","mii":10,"trt":0.0,"glp1":0.0,"pharmacy":0.0,"gym":0.0,"n":0},"geometry":{"type":"Polygon","coordinates":[[[-96.90602,32.72662],[-96.90462,32.7281],[-96.90547,32.7299],[-96.90772,32.73022],[-96.90911,32.72874],[-96.90827,32.72694],[-96.90602,32.72662]]]}},{"type":"Feature","properties":{"h3":"8926cb995b7ffff","mii":10,"trt":0.0,"glp1":0.0,"pharmacy":0.0,"gym":0.0,"n":0},"geometry":{"type":"Polygon","coordinates":[[[-96.90238,32.72779],[-96.90098,32.72927],[-96.90183,32.73107],[-96.90407,32.73139],[-96.90547,32.7299],[-96.90462,32.7281],[-96.90238,32.72779]]]}},{"type":"Feature","properties":{"h3":"8926cb9864fffff","mii":10,"trt":0.0,"glp1":0.0,"pharmacy":0.0,"gym":0.0,"n":0},"geometry":{"type":"Polygon","coordinates":[[[-96.90183,32.73107],[-96.90043,32.73255],[-96.90128,32.73435],[-96.90352,32.73467],[-96.90492,32.73319],[-96.90407,32.73139],[-96.90183,32.73107]]]}},{"type":"Feature","properties":{"h3":"8926c8666b7ffff","mii":10,"trt":0.0,"glp1":0.0,"pharmacy":0.0,"gym":0.0,"n":0},"geometry":{"type":"Polygon","coordinates":[[[-96.81654,32.95075],[-96.81514,32.95223],[-96.81598,32.95402],[-96.81823,32.95434],[-96.81963,32.95286],[-96.81879,32.95106],[-96.81654,32.95075]]]}},{"type":"Feature","properties":{"h3":"8926c8666a3ffff","mii":10,"trt":0.0,"glp1":0.0,"pharmacy":0.0,"gym":0.0,"n":0},"geometry":{"type":"Polygon","coordinates":[[[-96.82019,32.94958],[-96.81879,32.95106],[-96.81963,32.95286],[-96.82188,32.95318],[-96.82328,32.9517],[-96.82244,32.9499],[-96.82019,32.94958]]]}},{"type":"Feature","properties":{"h3":"8926c8666afffff","mii":10,"trt":0.0,"glp1":0.0,"pharmacy":0.0,"gym":0.0,"n":0},"geometry":{"type":"Polygon","coordinates":[[[-96.82074,32.94631],[-96.81934,32.94779],[-96.82019,32.94958],[-96.82244,32.9499],[-96.82384,32.94842],[-96.82299,32.94662],[-96.82074,32.94631]]]}},{"type":"Feature","properties":{"h3":"8926c8660dbffff","mii":10,"trt":0.0,"glp1":0.0,"pharmacy":0.0,"gym":0.0,"n":0},"geometry":{"type":"Polygon","coordinates":[[[-96.81764,32.94419],[-96.81624,32.94567],[-96.81709,32.94747],[-96.81934,32.94779],[-96.82074,32.94631],[-96.81989,32.94451],[-96.81764,32.94419]]]}},{"type":"Feature","properties":{"h3":"8926c8660d3ffff","mii":10,"trt":0.0,"glp1":0.0,"pharmacy":0.0,"gym":0.0,"n":0},"geometry":{"type":"Polygon","coordinates":[[[-96.814,32.94535],[-96.81259,32.94683],[-96.81344,32.94863],[-96.81569,32.94895],[-96.81709,32.94747],[-96.81624,32.94567],[-96.814,32.94535]]]}},{"type":"Feature","properties":{"h3":"8926c86646bffff","mii":10,"trt":0.0,"glp1":0.0,"pharmacy":0.0,"gym":0.0,"n":0},"geometry":{"type":"Polygon","coordinates":[[[-96.81344,32.94863],[-96.81204,32.95011],[-96.81289,32.95191],[-96.81514,32.95223],[-96.81654,32.95075],[-96.81569,32.94895],[-96.81344,32.94863]]]}},{"type":"Feature","properties":{"h3":"8926cb9ab83ffff","mii":10,"trt":0.0,"glp1":1.75,"pharmacy":0.0,"gym":0.0,"n":3},"geometry":{"type":"Polygon","coordinates":[[[-96.79576,32.70602],[-96.79436,32.7075],[-96.7952,32.7093],[-96.79745,32.70962],[-96.79885,32.70814],[-96.798,32.70634],[-96.79576,32.70602]]]}},{"type":"Feature","properties":{"h3":"8926c875dcfffff","mii":10,"trt":0.0,"glp1":1.75,"pharmacy":0.0,"gym":0.0,"n":3},"geometry":{"type":"Polygon","coordinates":[[[-96.82902,32.99949],[-96.82762,33.00097],[-96.82847,33.00277],[-96.83072,33.00309],[-96.83212,33.00161],[-96.83127,32.99981],[-96.82902,32.99949]]]}},{"type":"Feature","properties":{"h3":"8926cb9228fffff","mii":10,"trt":0.0,"glp1":0.0,"pharmacy":0.0,"gym":0.0,"n":0},"geometry":{"type":"Polygon","coordinates":[[[-96.67877,32.8271],[-96.67737,32.82858],[-96.67821,32.83038],[-96.68046,32.8307],[-96.68186,32.82922],[-96.68101,32.82742],[-96.67877,32.8271]]]}},{"type":"Feature","properties":{"h3":"8926cb92213ffff","mii":10,"trt":0.0,"glp1":0.0,"pharmacy":0.0,"gym":0.0,"n":0},"geometry":{"type":"Polygon","coordinates":[[[-96.68241,32.82594],[-96.68101,32.82742],[-96.68186,32.82922],[-96.6841,32.82954],[-96.6855,32.82806],[-96.68466,32.82626],[-96.68241,32.82594]]]}},{"type":"Feature","properties":{"h3":"8926cb92203ffff","mii":10,"trt":0.0,"glp1":0.0,"pharmacy":0.0,"gym":0.0,"n":0},"geometry":{"type":"Polygon","coordinates":[[[-96.68297,32.82266],[-96.68157,32.82414],[-96.68241,32.82594],[-96.68466,32.82626],[-96.68606,32.82478],[-96.68521,32.82298],[-96.68297,32.82266]]]}},{"type":"Feature","properties":{"h3":"8926cb92207ffff","mii":10,"trt":0.0,"glp1":0.0,"pharmacy":0.0,"gym":0.0,"n":0},"geometry":{"type":"Polygon","coordinates":[[[-96.67988,32.82055],[-96.67848,32.82202],[-96.67933,32.82382],[-96.68157,32.82414],[-96.68297,32.82266],[-96.68213,32.82087],[-96.67988,32.82055]]]}},{"type":"Feature","properties":{"h3":"8926cb922abffff","mii":10,"trt":0.0,"glp1":0.0,"pharmacy":0.0,"gym":0.0,"n":0},"geometry":{"type":"Polygon","coordinates":[[[-96.67624,32.8217],[-96.67484,32.82318],[-96.67568,32.82498],[-96.67793,32.8253],[-96.67933,32.82382],[-96.67848,32.82202],[-96.67624,32.8217]]]}},{"type":"Feature","properties":{"h3":"8926cb922bbffff","mii":10,"trt":0.0,"glp1":0.0,"pharmacy":0.0,"gym":0.0,"n":0},"geometry":{"type":"Polygon","coordinates":[[[-96.67568,32.82498],[-96.67428,32.82646],[-96.67513,32.82826],[-96.67737,32.82858],[-96.67877,32.8271],[-96.67793,32.8253],[-96.67568,32.82498]]]}},{"type":"Feature","properties":{"h3":"8926cbc2527ffff","mii":10,"trt":0.0,"glp1":0.0,"pharmacy":0.0,"gym":0.0,"n":0},"geometry":{"type":"Polygon","coordinates":[[[-97.15886,32.6577],[-97.15747,32.65919],[-97.15832,32.66099],[-97.16057,32.6613],[-97.16196,32.65981],[-97.16111,32.65802],[-97.15886,32.6577]]]}},{"type":"Feature","properties":{"h3":"8926cbc252fffff","mii":10,"trt":0.0,"glp1":0.0,"pharmacy":0.0,"gym":0.0,"n":0},"geometry":{"type":"Polygon","coordinates":[[[-97.16251,32.65653],[-97.16111,32.65802],[-97.16196,32.65981],[-97.16421,32.66013],[-97.16561,32.65864],[-97.16475,32.65684],[-97.16251,32.65653]]]}},{"type":"Feature","properties":{"h3":"8926cbc2197ffff","mii":10,"trt":0.0,"glp1":0.0,"pharmacy":0.0,"gym":0.0,"n":0},"geometry":{"type":"Polygon","coordinates":[[[-97.16305,32.65324],[-97.16165,32.65473],[-97.16251,32.65653],[-97.16475,32.65684],[-97.16615,32.65535],[-97.1653,32.65355],[-97.16305,32.65324]]]}},{"type":"Feature","properties":{"h3":"8926cbd524bffff","mii":10,"trt":0.0,"glp1":0.0,"pharmacy":0.0,"gym":0.0,"n":0},"geometry":{"type":"Polygon","coordinates":[[[-97.15995,32.65113],[-97.15855,32.65262],[-97.15941,32.65442],[-97.16165,32.65473],[-97.16305,32.65324],[-97.1622,32.65144],[-97.15995,32.65113]]]}},{"type":"Feature","properties":{"h3":"8926cbd5243ffff","mii":10,"trt":0.0,"glp1":0.0,"pharmacy":0.0,"gym":0.0,"n":0},"geometry":{"type":"Polygon","coordinates":[[[-97.15631,32.65231],[-97.15491,32.65379],[-97.15576,32.65559],[-97.15801,32.6559],[-97.15941,32.65442],[-97.15855,32.65262],[-97.15631,32.65231]]]}},{"type":"Feature","properties":{"h3":"8926cbd5253ffff","mii":10,"trt":0.0,"glp1":0.0,"pharmacy":0.0,"gym":0.0,"n":0},"geometry":{"type":"Polygon","coordinates":[[[-97.15576,32.65559],[-97.15437,32.65708],[-97.15522,32.65888],[-97.15747,32.65919],[-97.15886,32.6577],[-97.15801,32.6559],[-97.15576,32.65559]]]}},{"type":"Feature","properties":{"h3":"8926cbd162bffff","mii":10,"trt":0.0,"glp1":1.75,"pharmacy":0.0,"gym":0.0,"n":3},"geometry":{"type":"Polygon","coordinates":[[[-97.29217,32.77023],[-97.29077,32.77172],[-97.29163,32.77352],[-97.29388,32.77383],[-97.29527,32.77234],[-97.29442,32.77054],[-97.29217,32.77023]]]}},{"type":"Feature","properties":{"h3":"8926caa6987ffff","mii":10,"trt":0.0,"glp1":1.75,"pharmacy":0.0,"gym":0.0,"n":3},"geometry":{"type":"Polygon","coordinates":[[[-97.24944,32.8618],[-97.24804,32.86329],[-97.24889,32.86509],[-97.25115,32.8654],[-97.25255,32.86391],[-97.25169,32.86211],[-97.24944,32.8618]]]}},{"type":"Feature","properties":{"h3":"8926cb932b7ffff","mii":9,"trt":0.0,"glp1":0.0,"pharmacy":0.0,"gym":0.0,"n":0},"geometry":{"type":"Polygon","coordinates":[[[-96.74159,32.82262],[-96.74019,32.8241],[-96.74104,32.8259],[-96.74328,32.82621],[-96.74468,32.82473],[-96.74384,32.82294],[-96.74159,32.82262]]]}},{"type":"Feature","properties":{"h3":"8926cb932afffff","mii":9,"trt":0.0,"glp1":0.0,"pharmacy":0.0,"gym":0.0,"n":0},"geometry":{"type":"Polygon","coordinates":[[[-96.74579,32.81818],[-96.74439,32.81966],[-96.74524,32.82146],[-96.74748,32.82177],[-96.74888,32.82029],[-96.74804,32.8185],[-96.74579,32.81818]]]}},{"type":"Feature","properties":{"h3":"8926cb933dbffff","mii":9,"trt":0.0,"glp1":0.0,"pharmacy":0.0,"gym":0.0,"n":0},"geometry":{"type":"Polygon","coordinates":[[[-96.7427,32.81606],[-96.7413,32.81754],[-96.74215,32.81934],[-96.74439,32.81966],[-96.74579,32.81818],[-96.74495,32.81638],[-96.7427,32.81606]]]}},{"type":"Feature","properties":{"h3":"8926cb933d3ffff","mii":9,"trt":0.0,"glp1":0.0,"pharmacy":0.0,"gym":0.0,"n":0},"geometry":{"type":"Polygon","coordinates":[[[-96.73906,32.81722],[-96.73766,32.8187],[-96.7385,32.8205],[-96.74075,32.82082],[-96.74215,32.81934],[-96.7413,32.81754],[-96.73906,32.81722]]]}},{"type":"Feature","properties":{"h3":"8926cb9306bffff","mii":9,"trt":0.0,"glp1":0.0,"pharmacy":0.0,"gym":0.0,"n":0},"geometry":{"type":"Polygon","coordinates":[[[-96.7385,32.8205],[-96.7371,32.82198],[-96.73795,32.82378],[-96.74019,32.8241],[-96.74159,32.82262],[-96.74075,32.82082],[-96.7385,32.8205]]]}},{"type":"Feature","properties":{"h3":"8926c82b5b3ffff","mii":9,"trt":0.0,"glp1":0.0,"pharmacy":0.0,"gym":0.0,"n":0},"geometry":{"type":"Polygon","coordinates":[[[-96.66634,33.00152],[-96.66494,33.003],[-96.66579,33.0048],[-96.66803,33.00512],[-96.66944,33.00364],[-96.66859,33.00184],[-96.66634,33.00152]]]}},{"type":"Feature","properties":{"h3":"8926c82b5bbffff","mii":9,"trt":0.0,"glp1":0.0,"pharmacy":0.0,"gym":0.0,"n":0},"geometry":{"type":"Polygon","coordinates":[[[-96.66999,33.00036],[-96.66859,33.00184],[-96.66944,33.00364],[-96.67168,33.00396],[-96.67309,33.00248],[-96.67224,33.00069],[-96.66999,33.00036]]]}},{"type":"Feature","properties":{"h3":"8926c82b5abffff","mii":9,"trt":0.0,"glp1":0.0,"pharmacy":0.0,"gym":0.0,"n":0},"geometry":{"type":"Polygon","coordinates":[[[-96.67055,32.99709],[-96.66915,32.99857],[-96.66999,33.00036],[-96.67224,33.00069],[-96.67364,32.99921],[-96.6728,32.99741],[-96.67055,32.99709]]]}},{"type":"Feature","properties":{"h3":"8926c82b5afffff","mii":9,"trt":0.0,"glp1":0.0,"pharmacy":0.0,"gym":0.0,"n":0},"geometry":{"type":"Polygon","coordinates":[[[-96.66746,32.99497],[-96.66606,32.99645],[-96.6669,32.99825],[-96.66915,32.99857],[-96.67055,32.99709],[-96.66971,32.99529],[-96.66746,32.99497]]]}},{"type":"Feature","properties":{"h3":"8926c82b5a7ffff","mii":9,"trt":0.0,"glp1":0.0,"pharmacy":0.0,"gym":0.0,"n":0},"geometry":{"type":"Polygon","coordinates":[[[-96.66381,32.99613],[-96.66241,32.9976],[-96.66325,32.9994],[-96.6655,32.99972],[-96.6669,32.99825],[-96.66606,32.99645],[-96.66381,32.99613]]]}},{"type":"Feature","properties":{"h3":"8926c82b5b7ffff","mii":9,"trt":0.0,"glp1":0.0,"pharmacy":0.0,"gym":0.0,"n":0},"geometry":{"type":"Polygon","coordinates":[[[-96.66325,32.9994],[-96.66185,33.00088],[-96.66269,33.00268],[-96.66494,33.003],[-96.66634,33.00152],[-96.6655,32.99972],[-96.66325,32.9994]]]}},{"type":"Feature","properties":{"h3":"8926cbd2943ffff","mii":9,"trt":0.0,"glp1":0.0,"pharmacy":0.0,"gym":0.0,"n":0},"geometry":{"type":"Polygon","coordinates":[[[-97.11555,32.75255],[-97.11415,32.75404],[-97.11501,32.75583],[-97.11726,32.75615],[-97.11865,32.75466],[-97.1178,32.75286],[-97.11555,32.75255]]]}},{"type":"Feature","properties":{"h3":"8926cbd294bffff","mii":9,"trt":0.0,"glp1":0.0,"pharmacy":0.0,"gym":0.0,"n":0},"geometry":{"type":"Polygon","coordinates":[[[-97.1192,32.75137],[-97.1178,32.75286],[-97.11865,32.75466],[-97.1209,32.75497],[-97.1223,32.75349],[-97.12145,32.75169],[-97.1192,32.75137]]]}},{"type":"Feature","properties":{"h3":"8926cbd2bb3ffff","mii":9,"trt":0.0,"glp1":0.0,"pharmacy":0.0,"gym":0.0,"n":0},"geometry":{"type":"Polygon","coordinates":[[[-97.11974,32.74809],[-97.11835,32.74958],[-97.1192,32.75137],[-97.12145,32.75169],[-97.12284,32.7502],[-97.12199,32.7484],[-97.11974,32.74809]]]}},{"type":"Feature","properties":{"h3":"8926cbd2bb7ffff","mii":9,"trt":0.0,"glp1":0.0,"pharmacy":0.0,"gym":0.0,"n":0},"geometry":{"type":"Polygon","coordinates":[[[-97.11664,32.74598],[-97.11524,32.74746],[-97.1161,32.74926],[-97.11835,32.74958],[-97.11974,32.74809],[-97.11889,32.74629],[-97.11664,32.74598]]]}},{"type":"Feature","properties":{"h3":"8926cbd297bffff","mii":9,"trt":0.0,"glp1":0.0,"pharmacy":0.0,"gym":0.0,"n":0},"geometry":{"type":"Polygon","coordinates":[[[-97.113,32.74715],[-97.1116,32.74864],[-97.11245,32.75044],[-97.1147,32.75075],[-97.1161,32.74926],[-97.11524,32.74746],[-97.113,32.74715]]]}},{"type":"Feature","properties":{"h3":"8926cbd2947ffff","mii":9,"trt":0.0,"glp1":0.0,"pharmacy":0.0,"gym":0.0,"n":0},"geometry":{"type":"Polygon","coordinates":[[[-97.11245,32.75044],[-97.11105,32.75192],[-97.11191,32.75372],[-97.11415,32.75404],[-97.11555,32.75255],[-97.1147,32.75075],[-97.11245,32.75044]]]}},{"type":"Feature","properties":{"h3":"8926cb9a5b7ffff","mii":9,"trt":0.0,"glp1":0.0,"pharmacy":0.0,"gym":0.0,"n":0},"geometry":{"type":"Polygon","coordinates":[[[-96.79649,32.78339],[-96.79509,32.78487],[-96.79594,32.78667],[-96.79818,32.78699],[-96.79958,32.78551],[-96.79874,32.78371],[-96.79649,32.78339]]]}},{"type":"Feature","properties":{"h3":"8926cb9a5a3ffff","mii":9,"trt":0.0,"glp1":0.0,"pharmacy":0.0,"gym":0.0,"n":0},"geometry":{"type":"Polygon","coordinates":[[[-96.80014,32.78223],[-96.79874,32.78371],[-96.79958,32.78551],[-96.80183,32.78582],[-96.80323,32.78434],[-96.80238,32.78254],[-96.80014,32.78223]]]}},{"type":"Feature","properties":{"h3":"8926cb912dbffff","mii":9,"trt":0.0,"glp1":0.0,"pharmacy":0.0,"gym":0.0,"n":0},"geometry":{"type":"Polygon","coordinates":[[[-96.7976,32.77683],[-96.7962,32.77831],[-96.79705,32.78011],[-96.79929,32.78043],[-96.80069,32.77895],[-96.79984,32.77715],[-96.7976,32.77683]]]}},{"type":"Feature","properties":{"h3":"8926cb912d3ffff","mii":9,"trt":0.0,"glp1":0.0,"pharmacy":0.0,"gym":0.0,"n":0},"geometry":{"type":"Polygon","coordinates":[[[-96.79396,32.77799],[-96.79256,32.77947],[-96.7934,32.78127],[-96.79565,32.78159],[-96.79705,32.78011],[-96.7962,32.77831],[-96.79396,32.77799]]]}},{"type":"Feature","properties":{"h3":"8926cb9166bffff","mii":9,"trt":0.0,"glp1":0.0,"pharmacy":0.0,"gym":0.0,"n":0},"geometry":{"type":"Polygon","coordinates":[[[-96.7934,32.78127],[-96.792,32.78275],[-96.79285,32.78455],[-96.79509,32.78487],[-96.79649,32.78339],[-96.79565,32.78159],[-96.7934,32.78127]]]}},{"type":"Feature","properties":{"h3":"8926c864a73ffff","mii":9,"trt":0.0,"glp1":0.0,"pharmacy":0.0,"gym":0.0,"n":0},"geometry":{"type":"Polygon","coordinates":[[[-96.83248,32.81535],[-96.83108,32.81683],[-96.83193,32.81863],[-96.83418,32.81895],[-96.83558,32.81747],[-96.83473,32.81567],[-96.83248,32.81535]]]}},{"type":"Feature","properties":{"h3":"8926c864a77ffff","mii":9,"trt":0.0,"glp1":0.0,"pharmacy":0.0,"gym":0.0,"n":0},"geometry":{"type":"Polygon","coordinates":[[[-96.82939,32.81324],[-96.82799,32.81472],[-96.82884,32.81652],[-96.83108,32.81683],[-96.83248,32.81535],[-96.83164,32.81355],[-96.82939,32.81324]]]}},{"type":"Feature","properties":{"h3":"8926c828387ffff","mii":9,"trt":0.0,"glp1":0.0,"pharmacy":0.0,"gym":0.0,"n":0},"geometry":{"type":"Polygon","coordinates":[[[-96.65952,32.92002],[-96.65812,32.9215],[-96.65896,32.92329],[-96.66121,32.92362],[-96.66261,32.92214],[-96.66176,32.92034],[-96.65952,32.92002]]]}},{"type":"Feature","properties":{"h3":"8926c82838fffff","mii":9,"trt":0.0,"glp1":0.0,"pharmacy":0.0,"gym":0.0,"n":0},"geometry":{"type":"Polygon","coordinates":[[[-96.66316,32.91886],[-96.66176,32.92034],[-96.66261,32.92214],[-96.66485,32.92246],[-96.66625,32.92098],[-96.66541,32.91918],[-96.66316,32.91886]]]}},{"type":"Feature","properties":{"h3":"8926c828317ffff","mii":9,"trt":0.0,"glp1":0.0,"pharmacy":0.0,"gym":0.0,"n":0},"geometry":{"type":"Polygon","coordinates":[[[-96.66372,32.91559],[-96.66232,32.91706],[-96.66316,32.91886],[-96.66541,32.91918],[-96.66681,32.91771],[-96.66597,32.91591],[-96.66372,32.91559]]]}},{"type":"Feature","properties":{"h3":"8926c8283abffff","mii":9,"trt":0.0,"glp1":0.0,"pharmacy":0.0,"gym":0.0,"n":0},"geometry":{"type":"Polygon","coordinates":[[[-96.66063,32.91347],[-96.65923,32.91494],[-96.66008,32.91674],[-96.66232,32.91706],[-96.66372,32.91559],[-96.66288,32.91379],[-96.66063,32.91347]]]}},{"type":"Feature","properties":{"h3":"8926c8283a3ffff","mii":9,"trt":0.0,"glp1":0.0,"pharmacy":0.0,"gym":0.0,"n":0},"geometry":{"type":"Polygon","coordinates":[[[-96.65699,32.91462],[-96.65558,32.9161],[-96.65643,32.9179],[-96.65867,32.91822],[-96.66008,32.91674],[-96.65923,32.91494],[-96.65699,32.91462]]]}},{"type":"Feature","properties":{"h3":"8926c8283b3ffff","mii":9,"trt":0.0,"glp1":0.0,"pharmacy":0.0,"gym":0.0,"n":0},"geometry":{"type":"Polygon","coordinates":[[[-96.65643,32.9179],[-96.65503,32.91938],[-96.65587,32.92118],[-96.65812,32.9215],[-96.65952,32.92002],[-96.65867,32.91822],[-96.65643,32.9179]]]}},{"type":"Feature","properties":{"h3":"8926cbda177ffff","mii":9,"trt":0.0,"glp1":0.0,"pharmacy":0.0,"gym":0.0,"n":0},"geometry":{"type":"Polygon","coordinates":[[[-97.32459,32.74106],[-97.32319,32.74255],[-97.32405,32.74435],[-97.3263,32.74466],[-97.3277,32.74317],[-97.32684,32.74137],[-97.32459,32.74106]]]}},{"type":"Feature","properties":{"h3":"8926cbda163ffff","mii":9,"trt":0.0,"glp1":0.0,"pharmacy":0.0,"gym":0.0,"n":0},"geometry":{"type":"Polygon","coordinates":[[[-97.32824,32.73988],[-97.32684,32.74137],[-97.3277,32.74317],[-97.32995,32.74348],[-97.33134,32.74199],[-97.33049,32.74019],[-97.32824,32.73988]]]}},{"type":"Feature","properties":{"h3":"8926cbda16fffff","mii":9,"trt":0.0,"glp1":0.0,"pharmacy":0.0,"gym":0.0,"n":0},"geometry":{"type":"Polygon","coordinates":[[[-97.32878,32.73659],[-97.32738,32.73808],[-97.32824,32.73988],[-97.33049,32.74019],[-97.33188,32.7387],[-97.33103,32.7369],[-97.32878,32.73659]]]}},{"type":"Feature","properties":{"h3":"8926cbdae9bffff","mii":9,"trt":0.0,"glp1":0.0,"pharmacy":0.0,"gym":0.0,"n":0},"geometry":{"type":"Polygon","coordinates":[[[-97.32567,32.73449],[-97.32427,32.73598],[-97.32513,32.73777],[-97.32738,32.73808],[-97.32878,32.73659],[-97.32792,32.73479],[-97.32567,32.73449]]]}},{"type":"Feature","properties":{"h3":"8926cbdae93ffff","mii":9,"trt":0.0,"glp1":0.0,"pharmacy":0.0,"gym":0.0,"n":0},"geometry":{"type":"Polygon","coordinates":[[[-97.32202,32.73567],[-97.32063,32.73716],[-97.32148,32.73896],[-97.32373,32.73926],[-97.32513,32.73777],[-97.32427,32.73598],[-97.32202,32.73567]]]}},{"type":"Feature","properties":{"h3":"8926cbda12bffff","mii":9,"trt":0.0,"glp1":0.0,"pharmacy":0.0,"gym":0.0,"n":0},"geometry":{"type":"Polygon","coordinates":[[[-97.32148,32.73896],[-97.32009,32.74044],[-97.32094,32.74224],[-97.32319,32.74255],[-97.32459,32.74106],[-97.32373,32.73926],[-97.32148,32.73896]]]}},{"type":"Feature","properties":{"h3":"8926c876eb7ffff","mii":9,"trt":0.0,"glp1":0.0,"pharmacy":0.0,"gym":0.0,"n":0},"geometry":{"type":"Polygon","coordinates":[[[-96.74988,33.05871],[-96.74848,33.06019],[-96.74933,33.06199],[-96.75157,33.06231],[-96.75298,33.06083],[-96.75213,33.05903],[-96.74988,33.05871]]]}},{"type":"Feature","properties":{"h3":"8926c876ea3ffff","mii":9,"trt":0.0,"glp1":0.0,"pharmacy":0.0,"gym":0.0,"n":0},"geometry":{"type":"Polygon","coordinates":[[[-96.75353,33.05756],[-96.75213,33.05903],[-96.75298,33.06083],[-96.75523,33.06115],[-96.75663,33.05967],[-96.75578,33.05788],[-96.75353,33.05756]]]}},{"type":"Feature","properties":{"h3":"8926c876eafffff","mii":9,"trt":0.0,"glp1":0.0,"pharmacy":0.0,"gym":0.0,"n":0},"geometry":{"type":"Polygon","coordinates":[[[-96.75409,33.05428],[-96.75269,33.05576],[-96.75353,33.05756],[-96.75578,33.05788],[-96.75719,33.0564],[-96.75634,33.0546],[-96.75409,33.05428]]]}},{"type":"Feature","properties":{"h3":"8926c8768dbffff","mii":9,"trt":0.0,"glp1":0.0,"pharmacy":0.0,"gym":0.0,"n":0},"geometry":{"type":"Polygon","coordinates":[[[-96.75099,33.05216],[-96.74959,33.05364],[-96.75044,33.05544],[-96.75269,33.05576],[-96.75409,33.05428],[-96.75324,33.05248],[-96.75099,33.05216]]]}},{"type":"Feature","properties":{"h3":"8926c8768d3ffff","mii":9,"trt":0.0,"glp1":0.0,"pharmacy":0.0,"gym":0.0,"n":0},"geometry":{"type":"Polygon","coordinates":[[[-96.74734,33.05332],[-96.74594,33.0548],[-96.74679,33.0566],[-96.74903,33.05692],[-96.75044,33.05544],[-96.74959,33.05364],[-96.74734,33.05332]]]}},{"type":"Feature","properties":{"h3":"8926c876c6bffff","mii":9,"trt":0.0,"glp1":0.0,"pharmacy":0.0,"gym":0.0,"n":0},"geometry":{"type":"Polygon","coordinates":[[[-96.74679,33.0566],[-96.74538,33.05807],[-96.74623,33.05987],[-96.74848,33.06019],[-96.74988,33.05871],[-96.74903,33.05692],[-96.74679,33.0566]]]}},{"type":"Feature","properties":{"h3":"8926cbd5a07ffff","mii":9,"trt":0.0,"glp1":0.0,"pharmacy":0.0,"gym":0.0,"n":0},"geometry":{"type":"Polygon","coordinates":[[[-97.10327,32.59787],[-97.10187,32.59936],[-97.10272,32.60116],[-97.10497,32.60147],[-97.10636,32.59998],[-97.10551,32.59818],[-97.10327,32.59787]]]}},{"type":"Feature","properties":{"h3":"8926cbd5a0fffff","mii":9,"trt":0.0,"glp1":0.0,"pharmacy":0.0,"gym":0.0,"n":0},"geometry":{"type":"Polygon","coordinates":[[[-97.10691,32.59669],[-97.10551,32.59818],[-97.10636,32.59998],[-97.10861,32.60029],[-97.11,32.5988],[-97.10915,32.597],[-97.10691,32.59669]]]}},{"type":"Feature","properties":{"h3":"8926cbd5a77ffff","mii":9,"trt":0.0,"glp1":0.0,"pharmacy":0.0,"gym":0.0,"n":0},"geometry":{"type":"Polygon","coordinates":[[[-97.10745,32.5934],[-97.10606,32.59489],[-97.10691,32.59669],[-97.10915,32.597],[-97.11055,32.59552],[-97.1097,32.59372],[-97.10745,32.5934]]]}},{"type":"Feature","properties":{"h3":"8926cbd5a2bffff","mii":9,"trt":0.0,"glp1":0.0,"pharmacy":0.0,"gym":0.0,"n":0},"geometry":{"type":"Polygon","coordinates":[[[-97.10436,32.59129],[-97.10296,32.59278],[-97.10381,32.59458],[-97.10606,32.59489],[-97.10745,32.5934],[-97.1066,32.5916],[-97.10436,32.59129]]]}},{"type":"Feature","properties":{"h3":"8926cbd5a23ffff","mii":9,"trt":0.0,"glp1":0.0,"pharmacy":0.0,"gym":0.0,"n":0},"geometry":{"type":"Polygon","coordinates":[[[-97.10072,32.59247],[-97.09932,32.59396],[-97.10017,32.59576],[-97.10242,32.59607],[-97.10381,32.59458],[-97.10296,32.59278],[-97.10072,32.59247]]]}},{"type":"Feature","properties":{"h3":"8926cbd5a33ffff","mii":9,"trt":0.0,"glp1":0.0,"pharmacy":0.0,"gym":0.0,"n":0},"geometry":{"type":"Polygon","coordinates":[[[-97.10017,32.59576],[-97.09878,32.59724],[-97.09963,32.59904],[-97.10187,32.59936],[-97.10327,32.59787],[-97.10242,32.59607],[-97.10017,32.59576]]]}},{"type":"Feature","properties":{"h3":"8926c8668bbffff","mii":9,"trt":0.0,"glp1":0.0,"pharmacy":0.0,"gym":0.0,"n":0},"geometry":{"type":"Polygon","coordinates":[[[-96.76219,32.8843],[-96.76079,32.88578],[-96.76164,32.88758],[-96.76388,32.8879],[-96.76528,32.88642],[-96.76444,32.88462],[-96.76219,32.8843]]]}},{"type":"Feature","properties":{"h3":"8926c8668a3ffff","mii":9,"trt":0.0,"glp1":0.0,"pharmacy":0.0,"gym":0.0,"n":0},"geometry":{"type":"Polygon","coordinates":[[[-96.7591,32.88218],[-96.7577,32.88366],[-96.75854,32.88546],[-96.76079,32.88578],[-96.76219,32.8843],[-96.76134,32.8825],[-96.7591,32.88218]]]}},{"type":"Feature","properties":{"h3":"8926cbdae57ffff","mii":9,"trt":0.0,"glp1":0.0,"pharmacy":0.0,"gym":0.0,"n":0},"geometry":{"type":"Polygon","coordinates":[[[-97.33404,32.72555],[-97.33265,32.72704],[-97.3335,32.72884],[-97.33575,32.72914],[-97.33715,32.72765],[-97.33629,32.72586],[-97.33404,32.72555]]]}},{"type":"Feature","properties":{"h3":"8926cbdae47ffff","mii":9,"trt":0.0,"glp1":0.0,"pharmacy":0.0,"gym":0.0,"n":0},"geometry":{"type":"Polygon","coordinates":[[[-97.33458,32.72226],[-97.33319,32.72375],[-97.33404,32.72555],[-97.33629,32.72586],[-97.33769,32.72437],[-97.33683,32.72257],[-97.33458,32.72226]]]}},{"type":"Feature","properties":{"h3":"8926cbdae73ffff","mii":9,"trt":0.0,"glp1":0.0,"pharmacy":0.0,"gym":0.0,"n":0},"geometry":{"type":"Polygon","coordinates":[[[-97.33147,32.72015],[-97.33008,32.72164],[-97.33093,32.72344],[-97.33319,32.72375],[-97.33458,32.72226],[-97.33372,32.72046],[-97.33147,32.72015]]]}},{"type":"Feature","properties":{"h3":"8926cbd54a3ffff","mii":9,"trt":0.0,"glp1":0.0,"pharmacy":0.0,"gym":0.0,"n":0},"geometry":{"type":"Polygon","coordinates":[[[-97.10622,32.68402],[-97.10482,32.68551],[-97.10568,32.68731],[-97.10792,32.68762],[-97.10932,32.68614],[-97.10847,32.68434],[-97.10622,32.68402]]]}},{"type":"Feature","properties":{"h3":"8926c86ad4fffff","mii":9,"trt":0.0,"glp1":0.0,"pharmacy":0.0,"gym":0.0,"n":0},"geometry":{"type":"Polygon","coordinates":[[[-97.08552,32.93313],[-97.08412,32.93462],[-97.08498,32.93642],[-97.08723,32.93673],[-97.08863,32.93524],[-97.08777,32.93345],[-97.08552,32.93313]]]}},{"type":"Feature","properties":{"h3":"8926c86a8b3ffff","mii":9,"trt":0.0,"glp1":0.0,"pharmacy":0.0,"gym":0.0,"n":0},"geometry":{"type":"Polygon","coordinates":[[[-97.08917,32.93196],[-97.08777,32.93345],[-97.08863,32.93524],[-97.09088,32.93556],[-97.09228,32.93407],[-97.09143,32.93228],[-97.08917,32.93196]]]}},{"type":"Feature","properties":{"h3":"8926c86a8a3ffff","mii":9,"trt":0.0,"glp1":0.0,"pharmacy":0.0,"gym":0.0,"n":0},"geometry":{"type":"Polygon","coordinates":[[[-97.08972,32.92868],[-97.08832,32.93017],[-97.08917,32.93196],[-97.09143,32.93228],[-97.09283,32.93079],[-97.09197,32.929],[-97.08972,32.92868]]]}},{"type":"Feature","properties":{"h3":"8926c86a8a7ffff","mii":9,"trt":0.0,"glp1":0.0,"pharmacy":0.0,"gym":0.0,"n":0},"geometry":{"type":"Polygon","coordinates":[[[-97.08662,32.92657],[-97.08522,32.92805],[-97.08607,32.92985],[-97.08832,32.93017],[-97.08972,32.92868],[-97.08887,32.92688],[-97.08662,32.92657]]]}},{"type":"Feature","properties":{"h3":"8926c86ad6bffff","mii":9,"trt":0.0,"glp1":0.0,"pharmacy":0.0,"gym":0.0,"n":0},"geometry":{"type":"Polygon","coordinates":[[[-97.08296,32.92774],[-97.08156,32.92922],[-97.08242,32.93102],[-97.08467,32.93134],[-97.08607,32.92985],[-97.08522,32.92805],[-97.08296,32.92774]]]}},{"type":"Feature","properties":{"h3":"8926cbcadcbffff","mii":9,"trt":0.0,"glp1":0.0,"pharmacy":0.0,"gym":0.0,"n":0},"geometry":{"type":"Polygon","coordinates":[[[-97.31578,32.56327],[-97.31439,32.56477],[-97.31524,32.56657],[-97.31749,32.56687],[-97.31888,32.56538],[-97.31803,32.56358],[-97.31578,32.56327]]]}},{"type":"Feature","properties":{"h3":"8926cbcac27ffff","mii":9,"trt":0.0,"glp1":0.0,"pharmacy":0.0,"gym":0.0,"n":0},"geometry":{"type":"Polygon","coordinates":[[[-97.31942,32.56209],[-97.31803,32.56358],[-97.31888,32.56538],[-97.32113,32.56569],[-97.32253,32.5642],[-97.32167,32.5624],[-97.31942,32.56209]]]}},{"type":"Feature","properties":{"h3":"8926cbcad5bffff","mii":9,"trt":0.0,"glp1":0.0,"pharmacy":0.0,"gym":0.0,"n":0},"geometry":{"type":"Polygon","coordinates":[[[-97.31996,32.5588],[-97.31857,32.56029],[-97.31942,32.56209],[-97.32167,32.5624],[-97.32306,32.56091],[-97.32221,32.55911],[-97.31996,32.5588]]]}},{"type":"Feature","properties":{"h3":"8926cbcad43ffff","mii":9,"trt":0.0,"glp1":0.0,"pharmacy":0.0,"gym":0.0,"n":0},"geometry":{"type":"Polygon","coordinates":[[[-97.31686,32.55669],[-97.31547,32.55818],[-97.31632,32.55998],[-97.31857,32.56029],[-97.31996,32.5588],[-97.31911,32.557],[-97.31686,32.55669]]]}},{"type":"Feature","properties":{"h3":"8926cbcad57ffff","mii":9,"trt":0.0,"glp1":0.0,"pharmacy":0.0,"gym":0.0,"n":0},"geometry":{"type":"Polygon","coordinates":[[[-97.31322,32.55788],[-97.31182,32.55937],[-97.31268,32.56117],[-97.31493,32.56148],[-97.31632,32.55998],[-97.31547,32.55818],[-97.31322,32.55788]]]}},{"type":"Feature","properties":{"h3":"8926cbcadcfffff","mii":9,"trt":0.0,"glp1":0.0,"pharmacy":0.0,"gym":0.0,"n":0},"geometry":{"type":"Polygon","coordinates":[[[-97.31268,32.56117],[-97.31129,32.56266],[-97.31214,32.56446],[-97.31439,32.56477],[-97.31578,32.56327],[-97.31493,32.56148],[-97.31268,32.56117]]]}},{"type":"Feature","properties":{"h3":"8926cbda14bffff","mii":9,"trt":0.0,"glp1":0.0,"pharmacy":0.0,"gym":0.0,"n":0},"geometry":{"type":"Polygon","coordinates":[[[-97.33756,32.7462],[-97.33617,32.74769],[-97.33702,32.74949],[-97.33927,32.7498],[-97.34067,32.74831],[-97.33981,32.74651],[-97.33756,32.7462]]]}},{"type":"Feature","properties":{"h3":"8926cbda387ffff","mii":9,"trt":0.0,"glp1":0.0,"pharmacy":0.0,"gym":0.0,"n":0},"geometry":{"type":"Polygon","coordinates":[[[-97.34121,32.74502],[-97.33981,32.74651],[-97.34067,32.74831],[-97.34292,32.74862],[-97.34432,32.74713],[-97.34346,32.74533],[-97.34121,32.74502]]]}},{"type":"Feature","properties":{"h3":"8926cbda3bbffff","mii":9,"trt":0.0,"glp1":0.0,"pharmacy":0.0,"gym":0.0,"n":0},"geometry":{"type":"Polygon","coordinates":[[[-97.34175,32.74173],[-97.34035,32.74322],[-97.34121,32.74502],[-97.34346,32.74533],[-97.34486,32.74384],[-97.344,32.74204],[-97.34175,32.74173]]]}},{"type":"Feature","properties":{"h3":"8926cbda3b7ffff","mii":9,"trt":0.0,"glp1":0.0,"pharmacy":0.0,"gym":0.0,"n":0},"geometry":{"type":"Polygon","coordinates":[[[-97.33499,32.74081],[-97.3336,32.7423],[-97.33445,32.7441],[-97.3367,32.7444],[-97.3381,32.74291],[-97.33724,32.74112],[-97.33499,32.74081]]]}},{"type":"Feature","properties":{"h3":"8926cbda14fffff","mii":9,"trt":0.0,"glp1":0.0,"pharmacy":0.0,"gym":0.0,"n":0},"geometry":{"type":"Polygon","coordinates":[[[-97.33445,32.7441],[-97.33306,32.74559],[-97.33391,32.74738],[-97.33617,32.74769],[-97.33756,32.7462],[-97.3367,32.7444],[-97.33445,32.7441]]]}},{"type":"Feature","properties":{"h3":"8926c86967bffff","mii":9,"trt":0.0,"glp1":0.0,"pharmacy":0.0,"gym":0.0,"n":0},"geometry":{"type":"Polygon","coordinates":[[[-97.27552,32.93426],[-97.27412,32.93575],[-97.27497,32.93754],[-97.27723,32.93785],[-97.27863,32.93637],[-97.27777,32.93457],[-97.27552,32.93426]]]}},{"type":"Feature","properties":{"h3":"8926caa65b7ffff","mii":9,"trt":0.0,"glp1":0.0,"pharmacy":0.0,"gym":0.0,"n":0},"geometry":{"type":"Polygon","coordinates":[[[-97.27917,32.93308],[-97.27777,32.93457],[-97.27863,32.93637],[-97.28088,32.93668],[-97.28228,32.93519],[-97.28142,32.93339],[-97.27917,32.93308]]]}},{"type":"Feature","properties":{"h3":"8926c8692d3ffff","mii":9,"trt":0.0,"glp1":0.0,"pharmacy":0.0,"gym":0.0,"n":0},"geometry":{"type":"Polygon","coordinates":[[[-97.2766,32.92769],[-97.2752,32.92918],[-97.27606,32.93097],[-97.27831,32.93129],[-97.27971,32.9298],[-97.27885,32.928],[-97.2766,32.92769]]]}},{"type":"Feature","properties":{"h3":"8926c86966fffff","mii":9,"trt":0.0,"glp1":0.0,"pharmacy":0.0,"gym":0.0,"n":0},"geometry":{"type":"Polygon","coordinates":[[[-97.27295,32.92887],[-97.27155,32.93035],[-97.2724,32.93215],[-97.27466,32.93246],[-97.27606,32.93097],[-97.2752,32.92918],[-97.27295,32.92887]]]}},{"type":"Feature","properties":{"h3":"8926c869663ffff","mii":9,"trt":0.0,"glp1":0.0,"pharmacy":0.0,"gym":0.0,"n":0},"geometry":{"type":"Polygon","coordinates":[[[-97.2724,32.93215],[-97.27101,32.93364],[-97.27186,32.93544],[-97.27412,32.93575],[-97.27552,32.93426],[-97.27466,32.93246],[-97.2724,32.93215]]]}},{"type":"Feature","properties":{"h3":"8926c839a73ffff","mii":9,"trt":0.0,"glp1":0.0,"pharmacy":0.0,"gym":0.0,"n":0},"geometry":{"type":"Polygon","coordinates":[[[-96.69925,33.03138],[-96.69785,33.03285],[-96.69869,33.03465],[-96.70094,33.03497],[-96.70234,33.0335],[-96.7015,33.0317],[-96.69925,33.03138]]]}},{"type":"Feature","properties":{"h3":"8926c839a7bffff","mii":9,"trt":0.0,"glp1":0.0,"pharmacy":0.0,"gym":0.0,"n":0},"geometry":{"type":"Polygon","coordinates":[[[-96.7029,33.03022],[-96.7015,33.0317],[-96.70234,33.0335],[-96.70459,33.03382],[-96.70599,33.03234],[-96.70515,33.03054],[-96.7029,33.03022]]]}},{"type":"Feature","properties":{"h3":"8926c839a6bffff","mii":9,"trt":0.0,"glp1":0.0,"pharmacy":0.0,"gym":0.0,"n":0},"geometry":{"type":"Polygon","coordinates":[[[-96.70346,33.02695],[-96.70205,33.02842],[-96.7029,33.03022],[-96.70515,33.03054],[-96.70655,33.02906],[-96.7057,33.02727],[-96.70346,33.02695]]]}},{"type":"Feature","properties":{"h3":"8926c839a6fffff","mii":9,"trt":0.0,"glp1":0.0,"pharmacy":0.0,"gym":0.0,"n":0},"geometry":{"type":"Polygon","coordinates":[[[-96.70036,33.02483],[-96.69896,33.0263],[-96.69981,33.0281],[-96.70205,33.02842],[-96.70346,33.02695],[-96.70261,33.02515],[-96.70036,33.02483]]]}},{"type":"Feature","properties":{"h3":"8926c839a67ffff","mii":9,"trt":0.0,"glp1":0.0,"pharmacy":0.0,"gym":0.0,"n":0},"geometry":{"type":"Polygon","coordinates":[[[-96.69671,33.02598],[-96.69531,33.02746],[-96.69615,33.02926],[-96.6984,33.02958],[-96.69981,33.0281],[-96.69896,33.0263],[-96.69671,33.02598]]]}},{"type":"Feature","properties":{"h3":"8926c839a77ffff","mii":9,"trt":0.0,"glp1":0.0,"pharmacy":0.0,"gym":0.0,"n":0},"geometry":{"type":"Polygon","coordinates":[[[-96.69615,33.02926],[-96.69475,33.03074],[-96.6956,33.03253],[-96.69785,33.03285],[-96.69925,33.03138],[-96.6984,33.02958],[-96.69615,33.02926]]]}},{"type":"Feature","properties":{"h3":"8926c80da83ffff","mii":9,"trt":0.0,"glp1":0.0,"pharmacy":0.0,"gym":0.0,"n":0},"geometry":{"type":"Polygon","coordinates":[[[-96.84207,33.14725],[-96.84066,33.14873],[-96.84151,33.15052],[-96.84377,33.15084],[-96.84517,33.14936],[-96.84432,33.14757],[-96.84207,33.14725]]]}},{"type":"Feature","properties":{"h3":"8926c80da8fffff","mii":9,"trt":0.0,"glp1":0.0,"pharmacy":0.0,"gym":0.0,"n":0},"geometry":{"type":"Polygon","coordinates":[[[-96.84262,33.14397],[-96.84122,33.14545],[-96.84207,33.14725],[-96.84432,33.14757],[-96.84572,33.14609],[-96.84487,33.14429],[-96.84262,33.14397]]]}},{"type":"Feature","properties":{"h3":"8926c80dabbffff","mii":9,"trt":0.0,"glp1":0.0,"pharmacy":0.0,"gym":0.0,"n":0},"geometry":{"type":"Polygon","coordinates":[[[-96.83952,33.14186],[-96.83812,33.14334],[-96.83897,33.14513],[-96.84122,33.14545],[-96.84262,33.14397],[-96.84177,33.14218],[-96.83952,33.14186]]]}},{"type":"Feature","properties":{"h3":"8926c80dab3ffff","mii":9,"trt":0.0,"glp1":0.0,"pharmacy":0.0,"gym":0.0,"n":0},"geometry":{"type":"Polygon","coordinates":[[[-96.83586,33.14302],[-96.83446,33.1445],[-96.83531,33.14629],[-96.83756,33.14661],[-96.83897,33.14513],[-96.83812,33.14334],[-96.83586,33.14302]]]}},{"type":"Feature","properties":{"h3":"8926c80d84bffff","mii":9,"trt":0.0,"glp1":0.0,"pharmacy":0.0,"gym":0.0,"n":0},"geometry":{"type":"Polygon","coordinates":[[[-96.83531,33.14629],[-96.83391,33.14777],[-96.83476,33.14957],[-96.83701,33.14989],[-96.83841,33.14841],[-96.83756,33.14661],[-96.83531,33.14629]]]}},{"type":"Feature","properties":{"h3":"8926c80de3bffff","mii":9,"trt":0.0,"glp1":0.0,"pharmacy":0.0,"gym":0.0,"n":0},"geometry":{"type":"Polygon","coordinates":[[[-96.84041,33.15707],[-96.839,33.15855],[-96.83985,33.16035],[-96.8421,33.16067],[-96.84351,33.15919],[-96.84266,33.15739],[-96.84041,33.15707]]]}},{"type":"Feature","properties":{"h3":"8926c80de77ffff","mii":9,"trt":0.0,"glp1":0.0,"pharmacy":0.0,"gym":0.0,"n":0},"geometry":{"type":"Polygon","coordinates":[[[-96.84406,33.15591],[-96.84266,33.15739],[-96.84351,33.15919],[-96.84576,33.15951],[-96.84716,33.15803],[-96.84631,33.15623],[-96.84406,33.15591]]]}},{"type":"Feature","properties":{"h3":"8926c80de67ffff","mii":9,"trt":0.0,"glp1":0.0,"pharmacy":0.0,"gym":0.0,"n":0},"geometry":{"type":"Polygon","coordinates":[[[-96.84462,33.15264],[-96.84321,33.15412],[-96.84406,33.15591],[-96.84631,33.15623],[-96.84772,33.15475],[-96.84687,33.15296],[-96.84462,33.15264]]]}},{"type":"Feature","properties":{"h3":"8926cbd2057ffff","mii":9,"trt":0.0,"glp1":0.0,"pharmacy":0.0,"gym":0.0,"n":0},"geometry":{"type":"Polygon","coordinates":[[[-97.17325,32.82104],[-97.17185,32.82253],[-97.17271,32.82432],[-97.17496,32.82463],[-97.17635,32.82315],[-97.1755,32.82135],[-97.17325,32.82104]]]}},{"type":"Feature","properties":{"h3":"8926cbd2043ffff","mii":9,"trt":0.0,"glp1":0.0,"pharmacy":0.0,"gym":0.0,"n":0},"geometry":{"type":"Polygon","coordinates":[[[-97.1769,32.81986],[-97.1755,32.82135],[-97.17635,32.82315],[-97.17861,32.82346],[-97.18,32.82197],[-97.17915,32.82018],[-97.1769,32.81986]]]}},{"type":"Feature","properties":{"h3":"8926cbd204fffff","mii":9,"trt":0.0,"glp1":0.0,"pharmacy":0.0,"gym":0.0,"n":0},"geometry":{"type":"Polygon","coordinates":[[[-97.17744,32.81658],[-97.17604,32.81807],[-97.1769,32.81986],[-97.17915,32.82018],[-97.18055,32.81869],[-97.17969,32.81689],[-97.17744,32.81658]]]}},{"type":"Feature","properties":{"h3":"8926cbd207bffff","mii":9,"trt":0.0,"glp1":0.0,"pharmacy":0.0,"gym":0.0,"n":0},"geometry":{"type":"Polygon","coordinates":[[[-97.17434,32.81447],[-97.17294,32.81596],[-97.17379,32.81775],[-97.17604,32.81807],[-97.17744,32.81658],[-97.17659,32.81478],[-97.17434,32.81447]]]}},{"type":"Feature","properties":{"h3":"8926cbd2073ffff","mii":9,"trt":0.0,"glp1":0.0,"pharmacy":0.0,"gym":0.0,"n":0},"geometry":{"type":"Polygon","coordinates":[[[-97.17069,32.81564],[-97.16929,32.81713],[-97.17015,32.81893],[-97.1724,32.81924],[-97.17379,32.81775],[-97.17294,32.81596],[-97.17069,32.81564]]]}},{"type":"Feature","properties":{"h3":"8926cbd200bffff","mii":9,"trt":0.0,"glp1":0.0,"pharmacy":0.0,"gym":0.0,"n":0},"geometry":{"type":"Polygon","coordinates":[[[-97.17015,32.81893],[-97.16875,32.82042],[-97.1696,32.82221],[-97.17185,32.82253],[-97.17325,32.82104],[-97.1724,32.81924],[-97.17015,32.81893]]]}},{"type":"Feature","properties":{"h3":"8926c878ab7ffff","mii":9,"trt":0.0,"glp1":0.0,"pharmacy":0.0,"gym":0.0,"n":0},"geometry":{"type":"Polygon","coordinates":[[[-97.11808,33.02831],[-97.11668,33.02979],[-97.11754,33.03159],[-97.11979,33.0319],[-97.12119,33.03042],[-97.12034,33.02862],[-97.11808,33.02831]]]}},{"type":"Feature","properties":{"h3":"8926c878aa3ffff","mii":9,"trt":0.0,"glp1":0.0,"pharmacy":0.0,"gym":0.0,"n":0},"geometry":{"type":"Polygon","coordinates":[[[-97.12174,33.02714],[-97.12034,33.02862],[-97.12119,33.03042],[-97.12344,33.03073],[-97.12485,33.02925],[-97.12399,33.02745],[-97.12174,33.02714]]]}},{"type":"Feature","properties":{"h3":"8926c878aafffff","mii":9,"trt":0.0,"glp1":0.0,"pharmacy":0.0,"gym":0.0,"n":0},"geometry":{"type":"Polygon","coordinates":[[[-97.12228,33.02386],[-97.12088,33.02534],[-97.12174,33.02714],[-97.12399,33.02745],[-97.12539,33.02597],[-97.12454,33.02417],[-97.12228,33.02386]]]}},{"type":"Feature","properties":{"h3":"8926c878bdbffff","mii":9,"trt":0.0,"glp1":0.0,"pharmacy":0.0,"gym":0.0,"n":0},"geometry":{"type":"Polygon","coordinates":[[[-97.11917,33.02174],[-97.11777,33.02323],[-97.11863,33.02503],[-97.12088,33.02534],[-97.12228,33.02386],[-97.12143,33.02206],[-97.11917,33.02174]]]}},{"type":"Feature","properties":{"h3":"8926c878bd3ffff","mii":9,"trt":0.0,"glp1":0.0,"pharmacy":0.0,"gym":0.0,"n":0},"geometry":{"type":"Polygon","coordinates":[[[-97.11552,33.02291],[-97.11412,33.0244],[-97.11497,33.0262],[-97.11723,33.02651],[-97.11863,33.02503],[-97.11777,33.02323],[-97.11552,33.02291]]]}},{"type":"Feature","properties":{"h3":"8926c87886bffff","mii":9,"trt":0.0,"glp1":0.0,"pharmacy":0.0,"gym":0.0,"n":0},"geometry":{"type":"Polygon","coordinates":[[[-97.11497,33.0262],[-97.11357,33.02768],[-97.11443,33.02948],[-97.11668,33.02979],[-97.11808,33.02831],[-97.11723,33.02651],[-97.11497,33.0262]]]}},{"type":"Feature","properties":{"h3":"8926c870493ffff","mii":9,"trt":0.0,"glp1":0.0,"pharmacy":0.0,"gym":0.0,"n":0},"geometry":{"type":"Polygon","coordinates":[[[-96.95791,33.17868],[-96.95651,33.18016],[-96.95736,33.18195],[-96.95961,33.18227],[-96.96102,33.18079],[-96.96017,33.17899],[-96.95791,33.17868]]]}},{"type":"Feature","properties":{"h3":"8926c87049bffff","mii":9,"trt":0.0,"glp1":0.0,"pharmacy":0.0,"gym":0.0,"n":0},"geometry":{"type":"Polygon","coordinates":[[[-96.96157,33.17751],[-96.96017,33.17899],[-96.96102,33.18079],[-96.96327,33.18111],[-96.96468,33.17963],[-96.96382,33.17783],[-96.96157,33.17751]]]}},{"type":"Feature","properties":{"h3":"8926c87048bffff","mii":9,"trt":0.0,"glp1":0.0,"pharmacy":0.0,"gym":0.0,"n":0},"geometry":{"type":"Polygon","coordinates":[[[-96.96212,33.17424],[-96.96072,33.17572],[-96.96157,33.17751],[-96.96382,33.17783],[-96.96523,33.17635],[-96.96437,33.17456],[-96.96212,33.17424]]]}},{"type":"Feature","properties":{"h3":"8926c87048fffff","mii":9,"trt":0.0,"glp1":0.0,"pharmacy":0.0,"gym":0.0,"n":0},"geometry":{"type":"Polygon","coordinates":[[[-96.95901,33.17213],[-96.95761,33.1736],[-96.95846,33.1754],[-96.96072,33.17572],[-96.96212,33.17424],[-96.96127,33.17244],[-96.95901,33.17213]]]}},{"type":"Feature","properties":{"h3":"8926c870487ffff","mii":9,"trt":0.0,"glp1":0.0,"pharmacy":0.0,"gym":0.0,"n":0},"geometry":{"type":"Polygon","coordinates":[[[-96.95535,33.17329],[-96.95395,33.17477],[-96.9548,33.17656],[-96.95706,33.17688],[-96.95846,33.1754],[-96.95761,33.1736],[-96.95535,33.17329]]]}},{"type":"Feature","properties":{"h3":"8926c870497ffff","mii":9,"trt":0.0,"glp1":0.0,"pharmacy":0.0,"gym":0.0,"n":0},"geometry":{"type":"Polygon","coordinates":[[[-96.9548,33.17656],[-96.9534,33.17804],[-96.95425,33.17984],[-96.95651,33.18016],[-96.95791,33.17868],[-96.95706,33.17688],[-96.9548,33.17656]]]}},{"type":"Feature","properties":{"h3":"8926c82a4bbffff","mii":9,"trt":0.0,"glp1":0.0,"pharmacy":0.0,"gym":0.0,"n":0},"geometry":{"type":"Polygon","coordinates":[[[-96.6189,33.01653],[-96.61749,33.01801],[-96.61834,33.01981],[-96.62058,33.02013],[-96.62199,33.01865],[-96.62114,33.01685],[-96.6189,33.01653]]]}},{"type":"Feature","properties":{"h3":"8926c82a417ffff","mii":9,"trt":0.0,"glp1":0.0,"pharmacy":0.0,"gym":0.0,"n":0},"geometry":{"type":"Polygon","coordinates":[[[-96.62255,33.01538],[-96.62114,33.01685],[-96.62199,33.01865],[-96.62423,33.01897],[-96.62564,33.0175],[-96.62479,33.0157],[-96.62255,33.01538]]]}},{"type":"Feature","properties":{"h3":"8926c82a407ffff","mii":9,"trt":0.0,"glp1":0.0,"pharmacy":0.0,"gym":0.0,"n":0},"geometry":{"type":"Polygon","coordinates":[[[-96.62311,33.0121],[-96.6217,33.01358],[-96.62255,33.01538],[-96.62479,33.0157],[-96.6262,33.01422],[-96.62535,33.01243],[-96.62311,33.0121]]]}},{"type":"Feature","properties":{"h3":"8926c82a433ffff","mii":9,"trt":0.0,"glp1":0.0,"pharmacy":0.0,"gym":0.0,"n":0},"geometry":{"type":"Polygon","coordinates":[[[-96.62001,33.00998],[-96.61861,33.01146],[-96.61946,33.01326],[-96.6217,33.01358],[-96.62311,33.0121],[-96.62226,33.01031],[-96.62001,33.00998]]]}},{"type":"Feature","properties":{"h3":"8926c82a4afffff","mii":9,"trt":0.0,"glp1":0.0,"pharmacy":0.0,"gym":0.0,"n":0},"geometry":{"type":"Polygon","coordinates":[[[-96.61637,33.01114],[-96.61496,33.01261],[-96.61581,33.01441],[-96.61805,33.01473],[-96.61946,33.01326],[-96.61861,33.01146],[-96.61637,33.01114]]]}},{"type":"Feature","properties":{"h3":"8926c82a4a3ffff","mii":9,"trt":0.0,"glp1":0.0,"pharmacy":0.0,"gym":0.0,"n":0},"geometry":{"type":"Polygon","coordinates":[[[-96.61581,33.01441],[-96.6144,33.01589],[-96.61525,33.01769],[-96.61749,33.01801],[-96.6189,33.01653],[-96.61805,33.01473],[-96.61581,33.01441]]]}},{"type":"Feature","properties":{"h3":"8926c838047ffff","mii":9,"trt":0.0,"glp1":0.0,"pharmacy":0.0,"gym":0.0,"n":0},"geometry":{"type":"Polygon","coordinates":[[[-96.6434,33.0955],[-96.642,33.09697],[-96.64284,33.09877],[-96.64509,33.09909],[-96.64649,33.09762],[-96.64565,33.09582],[-96.6434,33.0955]]]}},{"type":"Feature","properties":{"h3":"8926c83804fffff","mii":9,"trt":0.0,"glp1":0.0,"pharmacy":0.0,"gym":0.0,"n":0},"geometry":{"type":"Polygon","coordinates":[[[-96.64705,33.09434],[-96.64565,33.09582],[-96.64649,33.09762],[-96.64874,33.09794],[-96.65015,33.09646],[-96.6493,33.09467],[-96.64705,33.09434]]]}},{"type":"Feature","properties":{"h3":"8926c8382b7ffff","mii":9,"trt":0.0,"glp1":0.0,"pharmacy":0.0,"gym":0.0,"n":0},"geometry":{"type":"Polygon","coordinates":[[[-96.64761,33.09107],[-96.64621,33.09255],[-96.64705,33.09434],[-96.6493,33.09467],[-96.65071,33.09319],[-96.64986,33.09139],[-96.64761,33.09107]]]}},{"type":"Feature","properties":{"h3":"8926c83806bffff","mii":9,"trt":0.0,"glp1":0.0,"pharmacy":0.0,"gym":0.0,"n":0},"geometry":{"type":"Polygon","coordinates":[[[-96.64452,33.08895],[-96.64311,33.09043],[-96.64396,33.09222],[-96.64621,33.09255],[-96.64761,33.09107],[-96.64677,33.08927],[-96.64452,33.08895]]]}},{"type":"Feature","properties":{"h3":"8926c838063ffff","mii":9,"trt":0.0,"glp1":0.0,"pharmacy":0.0,"gym":0.0,"n":0},"geometry":{"type":"Polygon","coordinates":[[[-96.64087,33.0901],[-96.63946,33.09158],[-96.64031,33.09338],[-96.64256,33.0937],[-96.64396,33.09222],[-96.64311,33.09043],[-96.64087,33.0901]]]}},{"type":"Feature","properties":{"h3":"8926c838073ffff","mii":9,"trt":0.0,"glp1":0.0,"pharmacy":0.0,"gym":0.0,"n":0},"geometry":{"type":"Polygon","coordinates":[[[-96.64031,33.09338],[-96.6389,33.09485],[-96.63975,33.09665],[-96.642,33.09697],[-96.6434,33.0955],[-96.64256,33.0937],[-96.64031,33.09338]]]}},{"type":"Feature","properties":{"h3":"8926c827433ffff","mii":9,"trt":0.0,"glp1":1.65,"pharmacy":0.0,"gym":0.0,"n":3},"geometry":{"type":"Polygon","coordinates":[[[-96.36278,32.9611],[-96.36138,32.96257],[-96.36222,32.96437],[-96.36446,32.9647],[-96.36586,32.96323],[-96.36502,32.96143],[-96.36278,32.9611]]]}},{"type":"Feature","properties":{"h3":"8926c8646bbffff","mii":9,"trt":0.0,"glp1":0.0,"pharmacy":0.0,"gym":0.0,"n":0},"geometry":{"type":"Polygon","coordinates":[[[-96.85657,32.89766],[-96.85517,32.89915],[-96.85602,32.90094],[-96.85827,32.90126],[-96.85967,32.89978],[-96.85882,32.89798],[-96.85657,32.89766]]]}},{"type":"Feature","properties":{"h3":"8926c864617ffff","mii":9,"trt":0.0,"glp1":0.0,"pharmacy":0.0,"gym":0.0,"n":0},"geometry":{"type":"Polygon","coordinates":[[[-96.86022,32.8965],[-96.85882,32.89798],[-96.85967,32.89978],[-96.86191,32.9001],[-96.86331,32.89862],[-96.86247,32.89682],[-96.86022,32.8965]]]}},{"type":"Feature","properties":{"h3":"8926c864607ffff","mii":9,"trt":0.0,"glp1":0.0,"pharmacy":0.0,"gym":0.0,"n":0},"geometry":{"type":"Polygon","coordinates":[[[-96.86077,32.89322],[-96.85937,32.8947],[-96.86022,32.8965],[-96.86247,32.89682],[-96.86387,32.89534],[-96.86302,32.89354],[-96.86077,32.89322]]]}},{"type":"Feature","properties":{"h3":"8926c864633ffff","mii":9,"trt":0.0,"glp1":0.0,"pharmacy":0.0,"gym":0.0,"n":0},"geometry":{"type":"Polygon","coordinates":[[[-96.85767,32.89111],[-96.85627,32.89259],[-96.85712,32.89439],[-96.85937,32.8947],[-96.86077,32.89322],[-96.85992,32.89142],[-96.85767,32.89111]]]}},{"type":"Feature","properties":{"h3":"8926c8646afffff","mii":9,"trt":0.0,"glp1":0.0,"pharmacy":0.0,"gym":0.0,"n":0},"geometry":{"type":"Polygon","coordinates":[[[-96.85403,32.89227],[-96.85263,32.89375],[-96.85347,32.89555],[-96.85572,32.89587],[-96.85712,32.89439],[-96.85627,32.89259],[-96.85403,32.89227]]]}},{"type":"Feature","properties":{"h3":"8926c8646a3ffff","mii":9,"trt":0.0,"glp1":0.0,"pharmacy":0.0,"gym":0.0,"n":0},"geometry":{"type":"Polygon","coordinates":[[[-96.85347,32.89555],[-96.85207,32.89703],[-96.85292,32.89883],[-96.85517,32.89915],[-96.85657,32.89766],[-96.85572,32.89587],[-96.85347,32.89555]]]}},{"type":"Feature","properties":{"h3":"8926cb90a9bffff","mii":9,"trt":0.0,"glp1":0.0,"pharmacy":0.0,"gym":0.0,"n":0},"geometry":{"type":"Polygon","coordinates":[[[-96.67528,32.72585],[-96.67388,32.72733],[-96.67473,32.72913],[-96.67697,32.72945],[-96.67837,32.72797],[-96.67753,32.72617],[-96.67528,32.72585]]]}},{"type":"Feature","properties":{"h3":"8926cb90ad7ffff","mii":9,"trt":0.0,"glp1":0.0,"pharmacy":0.0,"gym":0.0,"n":0},"geometry":{"type":"Polygon","coordinates":[[[-96.67893,32.72469],[-96.67753,32.72617],[-96.67837,32.72797],[-96.68061,32.72829],[-96.68201,32.72681],[-96.68117,32.72501],[-96.67893,32.72469]]]}},{"type":"Feature","properties":{"h3":"8926cb90ac7ffff","mii":9,"trt":0.0,"glp1":0.0,"pharmacy":0.0,"gym":0.0,"n":0},"geometry":{"type":"Polygon","coordinates":[[[-96.67948,32.72141],[-96.67808,32.72289],[-96.67893,32.72469],[-96.68117,32.72501],[-96.68257,32.72353],[-96.68172,32.72173],[-96.67948,32.72141]]]}},{"type":"Feature","properties":{"h3":"8926cb90a13ffff","mii":9,"trt":0.0,"glp1":0.0,"pharmacy":0.0,"gym":0.0,"n":0},"geometry":{"type":"Polygon","coordinates":[[[-96.6764,32.71929],[-96.675,32.72077],[-96.67584,32.72257],[-96.67808,32.72289],[-96.67948,32.72141],[-96.67864,32.71961],[-96.6764,32.71929]]]}},{"type":"Feature","properties":{"h3":"8926cb90a8fffff","mii":9,"trt":0.0,"glp1":0.0,"pharmacy":0.0,"gym":0.0,"n":0},"geometry":{"type":"Polygon","coordinates":[[[-96.67276,32.72046],[-96.67136,32.72194],[-96.6722,32.72374],[-96.67444,32.72405],[-96.67584,32.72257],[-96.675,32.72077],[-96.67276,32.72046]]]}},{"type":"Feature","properties":{"h3":"8926cb90a83ffff","mii":9,"trt":0.0,"glp1":0.0,"pharmacy":0.0,"gym":0.0,"n":0},"geometry":{"type":"Polygon","coordinates":[[[-96.6722,32.72374],[-96.6708,32.72521],[-96.67164,32.72701],[-96.67388,32.72733],[-96.67528,32.72585],[-96.67444,32.72405],[-96.6722,32.72374]]]}},{"type":"Feature","properties":{"h3":"8926c874e2bffff","mii":9,"trt":0.0,"glp1":0.0,"pharmacy":0.0,"gym":0.0,"n":0},"geometry":{"type":"Polygon","coordinates":[[[-96.79528,32.99471],[-96.79388,32.99619],[-96.79473,32.99799],[-96.79698,32.99831],[-96.79838,32.99683],[-96.79753,32.99503],[-96.79528,32.99471]]]}},{"type":"Feature","properties":{"h3":"8926c874e27ffff","mii":9,"trt":0.0,"glp1":0.0,"pharmacy":0.0,"gym":0.0,"n":0},"geometry":{"type":"Polygon","coordinates":[[[-96.78854,32.99376],[-96.78714,32.99524],[-96.78798,32.99703],[-96.79023,32.99735],[-96.79163,32.99587],[-96.79079,32.99408],[-96.78854,32.99376]]]}},{"type":"Feature","properties":{"h3":"8926c874e37ffff","mii":9,"trt":0.0,"glp1":0.0,"pharmacy":0.0,"gym":0.0,"n":0},"geometry":{"type":"Polygon","coordinates":[[[-96.78798,32.99703],[-96.78658,32.99851],[-96.78743,33.00031],[-96.78968,33.00063],[-96.79108,32.99915],[-96.79023,32.99735],[-96.78798,32.99703]]]}},{"type":"Feature","properties":{"h3":"8926cb9a533ffff","mii":9,"trt":0.0,"glp1":1.65,"pharmacy":0.0,"gym":0.0,"n":3},"geometry":{"type":"Polygon","coordinates":[[[-96.80433,32.77778],[-96.80293,32.77926],[-96.80378,32.78106],[-96.80603,32.78138],[-96.80742,32.7799],[-96.80658,32.7781],[-96.80433,32.77778]]]}},{"type":"Feature","properties":{"h3":"8926c865b83ffff","mii":9,"trt":0.0,"glp1":0.0,"pharmacy":0.0,"gym":0.0,"n":0},"geometry":{"type":"Polygon","coordinates":[[[-96.87457,32.81122],[-96.87317,32.8127],[-96.87402,32.8145],[-96.87627,32.81482],[-96.87767,32.81333],[-96.87682,32.81153],[-96.87457,32.81122]]]}},{"type":"Feature","properties":{"h3":"8926c865b87ffff","mii":9,"trt":0.0,"glp1":0.0,"pharmacy":0.0,"gym":0.0,"n":0},"geometry":{"type":"Polygon","coordinates":[[[-96.87148,32.8091],[-96.87008,32.81058],[-96.87093,32.81238],[-96.87317,32.8127],[-96.87457,32.81122],[-96.87373,32.80942],[-96.87148,32.8091]]]}},{"type":"Feature","properties":{"h3":"8926c86594bffff","mii":9,"trt":0.0,"glp1":0.0,"pharmacy":0.0,"gym":0.0,"n":0},"geometry":{"type":"Polygon","coordinates":[[[-96.86783,32.81027],[-96.86643,32.81175],[-96.86728,32.81355],[-96.86953,32.81387],[-96.87093,32.81238],[-96.87008,32.81058],[-96.86783,32.81027]]]}},{"type":"Feature","properties":{"h3":"8926c86595bffff","mii":9,"trt":0.0,"glp1":0.0,"pharmacy":0.0,"gym":0.0,"n":0},"geometry":{"type":"Polygon","coordinates":[[[-96.86728,32.81355],[-96.86588,32.81503],[-96.86673,32.81683],[-96.86898,32.81715],[-96.87038,32.81566],[-96.86953,32.81387],[-96.86728,32.81355]]]}},{"type":"Feature","properties":{"h3":"8926cbd7083ffff","mii":9,"trt":0.0,"glp1":0.0,"pharmacy":0.0,"gym":0.0,"n":0},"geometry":{"type":"Polygon","coordinates":[[[-97.08254,32.72275],[-97.08115,32.72424],[-97.082,32.72604],[-97.08425,32.72635],[-97.08564,32.72486],[-97.08479,32.72306],[-97.08254,32.72275]]]}},{"type":"Feature","properties":{"h3":"8926cbd708bffff","mii":9,"trt":0.0,"glp1":0.0,"pharmacy":0.0,"gym":0.0,"n":0},"geometry":{"type":"Polygon","coordinates":[[[-97.08619,32.72158],[-97.08479,32.72306],[-97.08564,32.72486],[-97.08789,32.72518],[-97.08929,32.72369],[-97.08844,32.72189],[-97.08619,32.72158]]]}},{"type":"Feature","properties":{"h3":"8926cbd7013ffff","mii":9,"trt":0.0,"glp1":0.0,"pharmacy":0.0,"gym":0.0,"n":0},"geometry":{"type":"Polygon","coordinates":[[[-97.08674,32.71829],[-97.08534,32.71978],[-97.08619,32.72158],[-97.08844,32.72189],[-97.08983,32.72041],[-97.08898,32.71861],[-97.08674,32.71829]]]}},{"type":"Feature","properties":{"h3":"8926cbd7017ffff","mii":9,"trt":0.0,"glp1":0.0,"pharmacy":0.0,"gym":0.0,"n":0},"geometry":{"type":"Polygon","coordinates":[[[-97.08364,32.71618],[-97.08224,32.71767],[-97.08309,32.71947],[-97.08534,32.71978],[-97.08674,32.71829],[-97.08588,32.71649],[-97.08364,32.71618]]]}},{"type":"Feature","properties":{"h3":"8926cbd70bbffff","mii":9,"trt":0.0,"glp1":0.0,"pharmacy":0.0,"gym":0.0,"n":0},"geometry":{"type":"Polygon","coordinates":[[[-97.07999,32.71735],[-97.0786,32.71884],[-97.07945,32.72064],[-97.08169,32.72095],[-97.08309,32.71947],[-97.08224,32.71767],[-97.07999,32.71735]]]}},{"type":"Feature","properties":{"h3":"8926cbd7087ffff","mii":9,"trt":0.0,"glp1":0.0,"pharmacy":0.0,"gym":0.0,"n":0},"geometry":{"type":"Polygon","coordinates":[[[-97.07945,32.72064],[-97.07805,32.72213],[-97.0789,32.72393],[-97.08115,32.72424],[-97.08254,32.72275],[-97.08169,32.72095],[-97.07945,32.72064]]]}},{"type":"Feature","properties":{"h3":"8926cbd0d57ffff","mii":9,"trt":0.0,"glp1":0.0,"pharmacy":0.0,"gym":0.0,"n":0},"geometry":{"type":"Polygon","coordinates":[[[-97.14124,32.7225],[-97.13984,32.72399],[-97.14069,32.72579],[-97.14294,32.7261],[-97.14434,32.72461],[-97.14349,32.72281],[-97.14124,32.7225]]]}},{"type":"Feature","properties":{"h3":"8926cbd0d43ffff","mii":9,"trt":0.0,"glp1":0.0,"pharmacy":0.0,"gym":0.0,"n":0},"geometry":{"type":"Polygon","coordinates":[[[-97.14488,32.72133],[-97.14349,32.72281],[-97.14434,32.72461],[-97.14659,32.72492],[-97.14798,32.72344],[-97.14713,32.72164],[-97.14488,32.72133]]]}},{"type":"Feature","properties":{"h3":"8926cbd0d4fffff","mii":9,"trt":0.0,"glp1":0.0,"pharmacy":0.0,"gym":0.0,"n":0},"geometry":{"type":"Polygon","coordinates":[[[-97.14543,32.71804],[-97.14403,32.71953],[-97.14488,32.72133],[-97.14713,32.72164],[-97.14853,32.72015],[-97.14768,32.71835],[-97.14543,32.71804]]]}},{"type":"Feature","properties":{"h3":"8926cbd0d7bffff","mii":9,"trt":0.0,"glp1":0.0,"pharmacy":0.0,"gym":0.0,"n":0},"geometry":{"type":"Polygon","coordinates":[[[-97.14233,32.71593],[-97.14093,32.71742],[-97.14178,32.71922],[-97.14403,32.71953],[-97.14543,32.71804],[-97.14458,32.71624],[-97.14233,32.71593]]]}},{"type":"Feature","properties":{"h3":"8926cbd0d73ffff","mii":9,"trt":0.0,"glp1":0.0,"pharmacy":0.0,"gym":0.0,"n":0},"geometry":{"type":"Polygon","coordinates":[[[-97.13868,32.71711],[-97.13729,32.71859],[-97.13814,32.72039],[-97.14039,32.7207],[-97.14178,32.71922],[-97.14093,32.71742],[-97.13868,32.71711]]]}},{"type":"Feature","properties":{"h3":"8926cbd0d0bffff","mii":9,"trt":0.0,"glp1":0.0,"pharmacy":0.0,"gym":0.0,"n":0},"geometry":{"type":"Polygon","coordinates":[[[-97.13814,32.72039],[-97.13674,32.72188],[-97.13759,32.72368],[-97.13984,32.72399],[-97.14124,32.7225],[-97.14039,32.7207],[-97.13814,32.72039]]]}},{"type":"Feature","properties":{"h3":"8926cbca417ffff","mii":9,"trt":0.0,"glp1":0.0,"pharmacy":0.0,"gym":0.0,"n":0},"geometry":{"type":"Polygon","coordinates":[[[-97.36425,32.62542],[-97.36285,32.62691],[-97.36371,32.62871],[-97.36596,32.62902],[-97.36735,32.62753],[-97.3665,32.62573],[-97.36425,32.62542]]]}},{"type":"Feature","properties":{"h3":"8926cbca403ffff","mii":9,"trt":0.0,"glp1":0.0,"pharmacy":0.0,"gym":0.0,"n":0},"geometry":{"type":"Polygon","coordinates":[[[-97.36789,32.62424],[-97.3665,32.62573],[-97.36735,32.62753],[-97.3696,32.62784],[-97.371,32.62634],[-97.37014,32.62455],[-97.36789,32.62424]]]}},{"type":"Feature","properties":{"h3":"8926cbca40fffff","mii":9,"trt":0.0,"glp1":0.0,"pharmacy":0.0,"gym":0.0,"n":0},"geometry":{"type":"Polygon","coordinates":[[[-97.36843,32.62095],[-97.36703,32.62244],[-97.36789,32.62424],[-97.37014,32.62455],[-97.37153,32.62305],[-97.37068,32.62126],[-97.36843,32.62095]]]}},{"type":"Feature","properties":{"h3":"8926cbca43bffff","mii":9,"trt":0.0,"glp1":0.0,"pharmacy":0.0,"gym":0.0,"n":0},"geometry":{"type":"Polygon","coordinates":[[[-97.36532,32.61884],[-97.36393,32.62033],[-97.36478,32.62213],[-97.36703,32.62244],[-97.36843,32.62095],[-97.36757,32.61915],[-97.36532,32.61884]]]}},{"type":"Feature","properties":{"h3":"8926cbca433ffff","mii":9,"trt":0.0,"glp1":0.0,"pharmacy":0.0,"gym":0.0,"n":0},"geometry":{"type":"Polygon","coordinates":[[[-97.36168,32.62003],[-97.36028,32.62152],[-97.36114,32.62332],[-97.36339,32.62362],[-97.36478,32.62213],[-97.36393,32.62033],[-97.36168,32.62003]]]}},{"type":"Feature","properties":{"h3":"8926cbca4abffff","mii":9,"trt":0.0,"glp1":0.0,"pharmacy":0.0,"gym":0.0,"n":0},"geometry":{"type":"Polygon","coordinates":[[[-97.36114,32.62332],[-97.35975,32.62481],[-97.3606,32.62661],[-97.36285,32.62691],[-97.36425,32.62542],[-97.36339,32.62362],[-97.36114,32.62332]]]}},{"type":"Feature","properties":{"h3":"8926cbdb59bffff","mii":9,"trt":0.0,"glp1":1.65,"pharmacy":0.0,"gym":0.0,"n":3},"geometry":{"type":"Polygon","coordinates":[[[-97.39096,32.77872],[-97.38957,32.78021],[-97.39043,32.78201],[-97.39268,32.78232],[-97.39408,32.78083],[-97.39322,32.77903],[-97.39096,32.77872]]]}},{"type":"Feature","properties":{"h3":"8926cbd1147ffff","mii":9,"trt":0.0,"glp1":0.0,"pharmacy":0.0,"gym":0.0,"n":0},"geometry":{"type":"Polygon","coordinates":[[[-97.25799,32.74704],[-97.2566,32.74853],[-97.25745,32.75033],[-97.2597,32.75064],[-97.2611,32.74915],[-97.26025,32.74735],[-97.25799,32.74704]]]}},{"type":"Feature","properties":{"h3":"8926cbd114fffff","mii":9,"trt":0.0,"glp1":0.0,"pharmacy":0.0,"gym":0.0,"n":0},"geometry":{"type":"Polygon","coordinates":[[[-97.26164,32.74586],[-97.26025,32.74735],[-97.2611,32.74915],[-97.26335,32.74946],[-97.26475,32.74797],[-97.26389,32.74617],[-97.26164,32.74586]]]}},{"type":"Feature","properties":{"h3":"8926cbd1163ffff","mii":9,"trt":0.0,"glp1":0.0,"pharmacy":0.0,"gym":0.0,"n":0},"geometry":{"type":"Polygon","coordinates":[[[-97.25543,32.74164],[-97.25403,32.74313],[-97.25489,32.74493],[-97.25714,32.74524],[-97.25854,32.74375],[-97.25768,32.74195],[-97.25543,32.74164]]]}},{"type":"Feature","properties":{"h3":"8926cbd1173ffff","mii":9,"trt":0.0,"glp1":0.0,"pharmacy":0.0,"gym":0.0,"n":0},"geometry":{"type":"Polygon","coordinates":[[[-97.25489,32.74493],[-97.25349,32.74642],[-97.25435,32.74822],[-97.2566,32.74853],[-97.25799,32.74704],[-97.25714,32.74524],[-97.25489,32.74493]]]}},{"type":"Feature","properties":{"h3":"8926c8698d7ffff","mii":9,"trt":0.0,"glp1":1.65,"pharmacy":0.0,"gym":0.0,"n":3},"geometry":{"type":"Polygon","coordinates":[[[-97.20819,32.88131],[-97.20679,32.88279],[-97.20765,32.88459],[-97.2099,32.8849],[-97.2113,32.88342],[-97.21045,32.88162],[-97.20819,32.88131]]]}},{"type":"Feature","properties":{"h3":"8926cbd0227ffff","mii":9,"trt":0.0,"glp1":1.65,"pharmacy":0.0,"gym":0.0,"n":3},"geometry":{"type":"Polygon","coordinates":[[[-97.2164,32.74803],[-97.215,32.74952],[-97.21586,32.75131],[-97.21811,32.75162],[-97.2195,32.75014],[-97.21865,32.74834],[-97.2164,32.74803]]]}},{"type":"Feature","properties":{"h3":"8926c845993ffff","mii":9,"trt":0.0,"glp1":0.0,"pharmacy":0.0,"gym":0.0,"n":0},"geometry":{"type":"Polygon","coordinates":[[[-97.12568,33.1904],[-97.12428,33.19188],[-97.12513,33.19368],[-97.12739,33.19399],[-97.12879,33.19251],[-97.12794,33.19072],[-97.12568,33.1904]]]}},{"type":"Feature","properties":{"h3":"8926c84599bffff","mii":9,"trt":0.0,"glp1":0.0,"pharmacy":0.0,"gym":0.0,"n":0},"geometry":{"type":"Polygon","coordinates":[[[-97.12934,33.18923],[-97.12794,33.19072],[-97.12879,33.19251],[-97.13105,33.19283],[-97.13245,33.19134],[-97.1316,33.18955],[-97.12934,33.18923]]]}},{"type":"Feature","properties":{"h3":"8926c84598bffff","mii":9,"trt":0.0,"glp1":0.0,"pharmacy":0.0,"gym":0.0,"n":0},"geometry":{"type":"Polygon","coordinates":[[[-97.12989,33.18596],[-97.12849,33.18744],[-97.12934,33.18923],[-97.1316,33.18955],[-97.133,33.18807],[-97.13215,33.18627],[-97.12989,33.18596]]]}},{"type":"Feature","properties":{"h3":"8926c84598fffff","mii":9,"trt":0.0,"glp1":0.0,"pharmacy":0.0,"gym":0.0,"n":0},"geometry":{"type":"Polygon","coordinates":[[[-97.12677,33.18385],[-97.12537,33.18533],[-97.12623,33.18712],[-97.12849,33.18744],[-97.12989,33.18596],[-97.12903,33.18416],[-97.12677,33.18385]]]}},{"type":"Feature","properties":{"h3":"8926c845987ffff","mii":9,"trt":0.0,"glp1":0.0,"pharmacy":0.0,"gym":0.0,"n":0},"geometry":{"type":"Polygon","coordinates":[[[-97.12311,33.18501],[-97.12171,33.1865],[-97.12257,33.18829],[-97.12483,33.18861],[-97.12623,33.18712],[-97.12537,33.18533],[-97.12311,33.18501]]]}},{"type":"Feature","properties":{"h3":"8926c845997ffff","mii":9,"trt":0.0,"glp1":0.0,"pharmacy":0.0,"gym":0.0,"n":0},"geometry":{"type":"Polygon","coordinates":[[[-97.12257,33.18829],[-97.12117,33.18977],[-97.12202,33.19157],[-97.12428,33.19188],[-97.12568,33.1904],[-97.12483,33.18861],[-97.12257,33.18829]]]}},{"type":"Feature","properties":{"h3":"8926c878687ffff","mii":9,"trt":0.0,"glp1":0.0,"pharmacy":0.0,"gym":0.0,"n":0},"geometry":{"type":"Polygon","coordinates":[[[-97.1602,33.10798],[-97.1588,33.10947],[-97.15966,33.11126],[-97.16191,33.11158],[-97.16331,33.11009],[-97.16246,33.1083],[-97.1602,33.10798]]]}},{"type":"Feature","properties":{"h3":"8926c87868fffff","mii":9,"trt":0.0,"glp1":0.0,"pharmacy":0.0,"gym":0.0,"n":0},"geometry":{"type":"Polygon","coordinates":[[[-97.16386,33.10681],[-97.16246,33.1083],[-97.16331,33.11009],[-97.16557,33.11041],[-97.16697,33.10892],[-97.16612,33.10713],[-97.16386,33.10681]]]}},{"type":"Feature","properties":{"h3":"8926c878617ffff","mii":9,"trt":0.0,"glp1":0.0,"pharmacy":0.0,"gym":0.0,"n":0},"geometry":{"type":"Polygon","coordinates":[[[-97.1644,33.10353],[-97.163,33.10502],[-97.16386,33.10681],[-97.16612,33.10713],[-97.16752,33.10564],[-97.16666,33.10385],[-97.1644,33.10353]]]}},{"type":"Feature","properties":{"h3":"8926c8786abffff","mii":9,"trt":0.0,"glp1":0.0,"pharmacy":0.0,"gym":0.0,"n":0},"geometry":{"type":"Polygon","coordinates":[[[-97.16129,33.10143],[-97.15989,33.10291],[-97.16075,33.1047],[-97.163,33.10502],[-97.1644,33.10353],[-97.16355,33.10174],[-97.16129,33.10143]]]}},{"type":"Feature","properties":{"h3":"8926c8786a3ffff","mii":9,"trt":0.0,"glp1":0.0,"pharmacy":0.0,"gym":0.0,"n":0},"geometry":{"type":"Polygon","coordinates":[[[-97.15763,33.1026],[-97.15623,33.10408],[-97.15709,33.10587],[-97.15935,33.10619],[-97.16075,33.1047],[-97.15989,33.10291],[-97.15763,33.1026]]]}},{"type":"Feature","properties":{"h3":"8926c8786b3ffff","mii":9,"trt":0.0,"glp1":0.0,"pharmacy":0.0,"gym":0.0,"n":0},"geometry":{"type":"Polygon","coordinates":[[[-97.15709,33.10587],[-97.15569,33.10736],[-97.15654,33.10915],[-97.1588,33.10947],[-97.1602,33.10798],[-97.15935,33.10619],[-97.15709,33.10587]]]}},{"type":"Feature","properties":{"h3":"8926c866d17ffff","mii":9,"trt":0.0,"glp1":0.0,"pharmacy":0.35,"gym":0.0,"n":1},"geometry":{"type":"Polygon","coordinates":[[[-96.74031,32.89126],[-96.73891,32.89274],[-96.73975,32.89454],[-96.742,32.89486],[-96.7434,32.89338],[-96.74255,32.89158],[-96.74031,32.89126]]]}},{"type":"Feature","properties":{"h3":"8926c86e1bbffff","mii":9,"trt":0.0,"glp1":0.0,"pharmacy":0.35,"gym":0.0,"n":1},"geometry":{"type":"Polygon","coordinates":[[[-96.95872,32.86504],[-96.95732,32.86652],[-96.95817,32.86832],[-96.96042,32.86863],[-96.96182,32.86715],[-96.96097,32.86535],[-96.95872,32.86504]]]}},{"type":"Feature","properties":{"h3":"8926c8649a3ffff","mii":9,"trt":0.0,"glp1":0.0,"pharmacy":0.35,"gym":0.0,"n":1},"geometry":{"type":"Polygon","coordinates":[[[-96.77075,32.81333],[-96.76935,32.81481],[-96.77019,32.8166],[-96.77244,32.81692],[-96.77384,32.81544],[-96.77299,32.81364],[-96.77075,32.81333]]]}},{"type":"Feature","properties":{"h3":"8926c80598fffff","mii":9,"trt":0.0,"glp1":0.0,"pharmacy":0.35,"gym":0.0,"n":1},"geometry":{"type":"Polygon","coordinates":[[[-96.61621,33.19384],[-96.6148,33.19531],[-96.61565,33.19711],[-96.6179,33.19743],[-96.6193,33.19596],[-96.61846,33.19416],[-96.61621,33.19384]]]}},{"type":"Feature","properties":{"h3":"8926c860933ffff","mii":8,"trt":0.0,"glp1":0.0,"pharmacy":0.0,"gym":0.0,"n":0},"geometry":{"type":"Polygon","coordinates":[[[-96.92657,32.91257],[-96.92517,32.91405],[-96.92602,32.91585],[-96.92827,32.91616],[-96.92967,32.91468],[-96.92882,32.91288],[-96.92657,32.91257]]]}},{"type":"Feature","properties":{"h3":"8926c86093bffff","mii":8,"trt":0.0,"glp1":0.0,"pharmacy":0.0,"gym":0.0,"n":0},"geometry":{"type":"Polygon","coordinates":[[[-96.93022,32.9114],[-96.92882,32.91288],[-96.92967,32.91468],[-96.93192,32.915],[-96.93332,32.91351],[-96.93247,32.91172],[-96.93022,32.9114]]]}},{"type":"Feature","properties":{"h3":"8926c86092bffff","mii":8,"trt":0.0,"glp1":0.0,"pharmacy":0.0,"gym":0.0,"n":0},"geometry":{"type":"Polygon","coordinates":[[[-96.93077,32.90812],[-96.92937,32.9096],[-96.93022,32.9114],[-96.93247,32.91172],[-96.93387,32.91023],[-96.93302,32.90844],[-96.93077,32.90812]]]}},{"type":"Feature","properties":{"h3":"8926c86092fffff","mii":8,"trt":0.0,"glp1":0.0,"pharmacy":0.0,"gym":0.0,"n":0},"geometry":{"type":"Polygon","coordinates":[[[-96.92768,32.90601],[-96.92628,32.90749],[-96.92713,32.90929],[-96.92937,32.9096],[-96.93077,32.90812],[-96.92993,32.90632],[-96.92768,32.90601]]]}},{"type":"Feature","properties":{"h3":"8926c860927ffff","mii":8,"trt":0.0,"glp1":0.0,"pharmacy":0.0,"gym":0.0,"n":0},"geometry":{"type":"Polygon","coordinates":[[[-96.92403,32.90717],[-96.92263,32.90865],[-96.92348,32.91045],[-96.92573,32.91077],[-96.92713,32.90929],[-96.92628,32.90749],[-96.92403,32.90717]]]}},{"type":"Feature","properties":{"h3":"8926c860937ffff","mii":8,"trt":0.0,"glp1":0.0,"pharmacy":0.0,"gym":0.0,"n":0},"geometry":{"type":"Polygon","coordinates":[[[-96.92348,32.91045],[-96.92208,32.91193],[-96.92292,32.91373],[-96.92517,32.91405],[-96.92657,32.91257],[-96.92573,32.91077],[-96.92348,32.91045]]]}},{"type":"Feature","properties":{"h3":"8926c865913ffff","mii":8,"trt":0.0,"glp1":0.0,"pharmacy":0.0,"gym":0.0,"n":0},"geometry":{"type":"Polygon","coordinates":[[[-96.85325,32.81493],[-96.85185,32.81641],[-96.8527,32.81821],[-96.85495,32.81852],[-96.85634,32.81704],[-96.8555,32.81524],[-96.85325,32.81493]]]}},{"type":"Feature","properties":{"h3":"8926c865917ffff","mii":8,"trt":0.0,"glp1":0.0,"pharmacy":0.0,"gym":0.0,"n":0},"geometry":{"type":"Polygon","coordinates":[[[-96.85016,32.81281],[-96.84876,32.81429],[-96.84961,32.81609],[-96.85185,32.81641],[-96.85325,32.81493],[-96.8524,32.81313],[-96.85016,32.81281]]]}},{"type":"Feature","properties":{"h3":"8926c865997ffff","mii":8,"trt":0.0,"glp1":0.0,"pharmacy":0.0,"gym":0.0,"n":0},"geometry":{"type":"Polygon","coordinates":[[[-96.84541,32.82054],[-96.84401,32.82202],[-96.84486,32.82382],[-96.8471,32.82413],[-96.8485,32.82265],[-96.84765,32.82085],[-96.84541,32.82054]]]}},{"type":"Feature","properties":{"h3":"8926c86630bffff","mii":8,"trt":0.0,"glp1":0.0,"pharmacy":0.0,"gym":0.0,"n":0},"geometry":{"type":"Polygon","coordinates":[[[-96.81644,32.91045],[-96.81504,32.91193],[-96.81589,32.91373],[-96.81813,32.91405],[-96.81953,32.91257],[-96.81869,32.91077],[-96.81644,32.91045]]]}},{"type":"Feature","properties":{"h3":"8926c866347ffff","mii":8,"trt":0.0,"glp1":0.0,"pharmacy":0.0,"gym":0.0,"n":0},"geometry":{"type":"Polygon","coordinates":[[[-96.82009,32.90929],[-96.81869,32.91077],[-96.81953,32.91257],[-96.82178,32.91289],[-96.82318,32.91141],[-96.82233,32.90961],[-96.82009,32.90929]]]}},{"type":"Feature","properties":{"h3":"8926c86637bffff","mii":8,"trt":0.0,"glp1":0.0,"pharmacy":0.0,"gym":0.0,"n":0},"geometry":{"type":"Polygon","coordinates":[[[-96.82064,32.90601],[-96.81924,32.90749],[-96.82009,32.90929],[-96.82233,32.90961],[-96.82374,32.90813],[-96.82289,32.90633],[-96.82064,32.90601]]]}},{"type":"Feature","properties":{"h3":"8926c866363ffff","mii":8,"trt":0.0,"glp1":0.0,"pharmacy":0.0,"gym":0.0,"n":0},"geometry":{"type":"Polygon","coordinates":[[[-96.81755,32.9039],[-96.81615,32.90538],[-96.81699,32.90718],[-96.81924,32.90749],[-96.82064,32.90601],[-96.81979,32.90421],[-96.81755,32.9039]]]}},{"type":"Feature","properties":{"h3":"8926c866377ffff","mii":8,"trt":0.0,"glp1":0.0,"pharmacy":0.0,"gym":0.0,"n":0},"geometry":{"type":"Polygon","coordinates":[[[-96.8139,32.90506],[-96.8125,32.90654],[-96.81334,32.90834],[-96.81559,32.90866],[-96.81699,32.90718],[-96.81615,32.90538],[-96.8139,32.90506]]]}},{"type":"Feature","properties":{"h3":"8926c86630fffff","mii":8,"trt":0.0,"glp1":0.0,"pharmacy":0.0,"gym":0.0,"n":0},"geometry":{"type":"Polygon","coordinates":[[[-96.81334,32.90834],[-96.81194,32.90982],[-96.81279,32.91162],[-96.81504,32.91193],[-96.81644,32.91045],[-96.81559,32.90866],[-96.81334,32.90834]]]}},{"type":"Feature","properties":{"h3":"8926c874b77ffff","mii":8,"trt":0.0,"glp1":0.0,"pharmacy":0.0,"gym":0.0,"n":0},"geometry":{"type":"Polygon","coordinates":[[[-96.7806,32.95908],[-96.77919,32.96055],[-96.78004,32.96235],[-96.78229,32.96267],[-96.78369,32.96119],[-96.78284,32.95939],[-96.7806,32.95908]]]}},{"type":"Feature","properties":{"h3":"8926c874b63ffff","mii":8,"trt":0.0,"glp1":0.0,"pharmacy":0.0,"gym":0.0,"n":0},"geometry":{"type":"Polygon","coordinates":[[[-96.78425,32.95791],[-96.78284,32.95939],[-96.78369,32.96119],[-96.78594,32.96151],[-96.78734,32.96003],[-96.78649,32.95823],[-96.78425,32.95791]]]}},{"type":"Feature","properties":{"h3":"8926c874b6fffff","mii":8,"trt":0.0,"glp1":0.0,"pharmacy":0.0,"gym":0.0,"n":0},"geometry":{"type":"Polygon","coordinates":[[[-96.7848,32.95464],[-96.7834,32.95612],[-96.78425,32.95791],[-96.78649,32.95823],[-96.78789,32.95675],[-96.78705,32.95496],[-96.7848,32.95464]]]}},{"type":"Feature","properties":{"h3":"8926c86659bffff","mii":8,"trt":0.0,"glp1":0.0,"pharmacy":0.0,"gym":0.0,"n":0},"geometry":{"type":"Polygon","coordinates":[[[-96.78171,32.95252],[-96.7803,32.954],[-96.78115,32.9558],[-96.7834,32.95612],[-96.7848,32.95464],[-96.78395,32.95284],[-96.78171,32.95252]]]}},{"type":"Feature","properties":{"h3":"8926c866593ffff","mii":8,"trt":0.0,"glp1":0.0,"pharmacy":0.0,"gym":0.0,"n":0},"geometry":{"type":"Polygon","coordinates":[[[-96.77806,32.95368],[-96.77665,32.95516],[-96.7775,32.95696],[-96.77975,32.95728],[-96.78115,32.9558],[-96.7803,32.954],[-96.77806,32.95368]]]}},{"type":"Feature","properties":{"h3":"8926c874b2bffff","mii":8,"trt":0.0,"glp1":0.0,"pharmacy":0.0,"gym":0.0,"n":0},"geometry":{"type":"Polygon","coordinates":[[[-96.7775,32.95696],[-96.7761,32.95844],[-96.77695,32.96024],[-96.77919,32.96055],[-96.7806,32.95908],[-96.77975,32.95728],[-96.7775,32.95696]]]}},{"type":"Feature","properties":{"h3":"8926cb9161bffff","mii":8,"trt":0.0,"glp1":0.0,"pharmacy":0.0,"gym":0.0,"n":0},"geometry":{"type":"Polygon","coordinates":[[[-96.7881,32.79228],[-96.7867,32.79376],[-96.78754,32.79556],[-96.78979,32.79587],[-96.79119,32.79439],[-96.79034,32.79259],[-96.7881,32.79228]]]}},{"type":"Feature","properties":{"h3":"8926cb91657ffff","mii":8,"trt":0.0,"glp1":0.0,"pharmacy":0.0,"gym":0.0,"n":0},"geometry":{"type":"Polygon","coordinates":[[[-96.79174,32.79111],[-96.79034,32.79259],[-96.79119,32.79439],[-96.79343,32.79471],[-96.79483,32.79323],[-96.79399,32.79143],[-96.79174,32.79111]]]}},{"type":"Feature","properties":{"h3":"8926cb91647ffff","mii":8,"trt":0.0,"glp1":0.0,"pharmacy":0.0,"gym":0.0,"n":0},"geometry":{"type":"Polygon","coordinates":[[[-96.79229,32.78783],[-96.7909,32.78931],[-96.79174,32.79111],[-96.79399,32.79143],[-96.79539,32.78995],[-96.79454,32.78815],[-96.79229,32.78783]]]}},{"type":"Feature","properties":{"h3":"8926cb91673ffff","mii":8,"trt":0.0,"glp1":0.0,"pharmacy":0.0,"gym":0.0,"n":0},"geometry":{"type":"Polygon","coordinates":[[[-96.7892,32.78572],[-96.78781,32.7872],[-96.78865,32.789],[-96.7909,32.78931],[-96.79229,32.78783],[-96.79145,32.78603],[-96.7892,32.78572]]]}},{"type":"Feature","properties":{"h3":"8926c864837ffff","mii":8,"trt":0.0,"glp1":0.0,"pharmacy":0.0,"gym":0.0,"n":0},"geometry":{"type":"Polygon","coordinates":[[[-96.79349,32.82159],[-96.79209,32.82307],[-96.79294,32.82487],[-96.79518,32.82519],[-96.79658,32.8237],[-96.79574,32.82191],[-96.79349,32.82159]]]}},{"type":"Feature","properties":{"h3":"8926c864823ffff","mii":8,"trt":0.0,"glp1":0.0,"pharmacy":0.0,"gym":0.0,"n":0},"geometry":{"type":"Polygon","coordinates":[[[-96.79714,32.82042],[-96.79574,32.82191],[-96.79658,32.8237],[-96.79883,32.82402],[-96.80023,32.82254],[-96.79938,32.82074],[-96.79714,32.82042]]]}},{"type":"Feature","properties":{"h3":"8926c86495bffff","mii":8,"trt":0.0,"glp1":0.0,"pharmacy":0.0,"gym":0.0,"n":0},"geometry":{"type":"Polygon","coordinates":[[[-96.7946,32.81503],[-96.7932,32.81651],[-96.79405,32.81831],[-96.79629,32.81863],[-96.79769,32.81715],[-96.79685,32.81535],[-96.7946,32.81503]]]}},{"type":"Feature","properties":{"h3":"8926cb916b3ffff","mii":8,"trt":0.0,"glp1":0.0,"pharmacy":0.0,"gym":0.0,"n":0},"geometry":{"type":"Polygon","coordinates":[[[-96.77407,32.79365],[-96.77267,32.79513],[-96.77352,32.79693],[-96.77576,32.79725],[-96.77716,32.79576],[-96.77632,32.79397],[-96.77407,32.79365]]]}},{"type":"Feature","properties":{"h3":"8926c866e4bffff","mii":8,"trt":0.0,"glp1":0.0,"pharmacy":0.0,"gym":0.0,"n":0},"geometry":{"type":"Polygon","coordinates":[[[-96.80517,32.89543],[-96.80377,32.89691],[-96.80462,32.89871],[-96.80686,32.89903],[-96.80826,32.89755],[-96.80742,32.89575],[-96.80517,32.89543]]]}},{"type":"Feature","properties":{"h3":"8926c864587ffff","mii":8,"trt":0.0,"glp1":0.0,"pharmacy":0.0,"gym":0.0,"n":0},"geometry":{"type":"Polygon","coordinates":[[[-96.80882,32.89427],[-96.80742,32.89575],[-96.80826,32.89755],[-96.81051,32.89787],[-96.81191,32.89639],[-96.81106,32.89459],[-96.80882,32.89427]]]}},{"type":"Feature","properties":{"h3":"8926c8645bbffff","mii":8,"trt":0.0,"glp1":0.0,"pharmacy":0.0,"gym":0.0,"n":0},"geometry":{"type":"Polygon","coordinates":[[[-96.80937,32.89099],[-96.80797,32.89247],[-96.80882,32.89427],[-96.81106,32.89459],[-96.81247,32.89311],[-96.81162,32.89131],[-96.80937,32.89099]]]}},{"type":"Feature","properties":{"h3":"8926c8645a3ffff","mii":8,"trt":0.0,"glp1":0.0,"pharmacy":0.0,"gym":0.0,"n":0},"geometry":{"type":"Polygon","coordinates":[[[-96.80628,32.88887],[-96.80488,32.89035],[-96.80572,32.89215],[-96.80797,32.89247],[-96.80937,32.89099],[-96.80852,32.88919],[-96.80628,32.88887]]]}},{"type":"Feature","properties":{"h3":"8926c8645b7ffff","mii":8,"trt":0.0,"glp1":0.0,"pharmacy":0.0,"gym":0.0,"n":0},"geometry":{"type":"Polygon","coordinates":[[[-96.80263,32.89003],[-96.80123,32.89152],[-96.80208,32.89331],[-96.80432,32.89363],[-96.80572,32.89215],[-96.80488,32.89035],[-96.80263,32.89003]]]}},{"type":"Feature","properties":{"h3":"8926c866e4fffff","mii":8,"trt":0.0,"glp1":0.0,"pharmacy":0.0,"gym":0.0,"n":0},"geometry":{"type":"Polygon","coordinates":[[[-96.80208,32.89331],[-96.80068,32.89479],[-96.80152,32.89659],[-96.80377,32.89691],[-96.80517,32.89543],[-96.80432,32.89363],[-96.80208,32.89331]]]}},{"type":"Feature","properties":{"h3":"8926c8649c3ffff","mii":8,"trt":0.0,"glp1":0.0,"pharmacy":0.0,"gym":0.0,"n":0},"geometry":{"type":"Polygon","coordinates":[[[-96.78676,32.82063],[-96.78536,32.82211],[-96.7862,32.82391],[-96.78845,32.82423],[-96.78985,32.82275],[-96.789,32.82095],[-96.78676,32.82063]]]}},{"type":"Feature","properties":{"h3":"8926c864957ffff","mii":8,"trt":0.0,"glp1":0.0,"pharmacy":0.0,"gym":0.0,"n":0},"geometry":{"type":"Polygon","coordinates":[[[-96.78786,32.81407],[-96.78646,32.81555],[-96.78731,32.81735],[-96.78956,32.81767],[-96.79096,32.81619],[-96.79011,32.81439],[-96.78786,32.81407]]]}},{"type":"Feature","properties":{"h3":"8926c86491bffff","mii":8,"trt":0.0,"glp1":0.0,"pharmacy":0.0,"gym":0.0,"n":0},"geometry":{"type":"Polygon","coordinates":[[[-96.78422,32.81524],[-96.78282,32.81672],[-96.78366,32.81852],[-96.78591,32.81883],[-96.78731,32.81735],[-96.78646,32.81555],[-96.78422,32.81524]]]}},{"type":"Feature","properties":{"h3":"8926c8649c7ffff","mii":8,"trt":0.0,"glp1":0.0,"pharmacy":0.0,"gym":0.0,"n":0},"geometry":{"type":"Polygon","coordinates":[[[-96.78366,32.81852],[-96.78227,32.82],[-96.78311,32.8218],[-96.78536,32.82211],[-96.78676,32.82063],[-96.78591,32.81883],[-96.78366,32.81852]]]}},{"type":"Feature","properties":{"h3":"8926c86482bffff","mii":8,"trt":0.0,"glp1":0.0,"pharmacy":0.0,"gym":0.0,"n":0},"geometry":{"type":"Polygon","coordinates":[[[-96.80078,32.81926],[-96.79938,32.82074],[-96.80023,32.82254],[-96.80247,32.82286],[-96.80387,32.82138],[-96.80303,32.81958],[-96.80078,32.81926]]]}},{"type":"Feature","properties":{"h3":"8926c864867ffff","mii":8,"trt":0.0,"glp1":0.0,"pharmacy":0.0,"gym":0.0,"n":0},"geometry":{"type":"Polygon","coordinates":[[[-96.80443,32.8181],[-96.80303,32.81958],[-96.80387,32.82138],[-96.80612,32.8217],[-96.80752,32.82022],[-96.80667,32.81842],[-96.80443,32.8181]]]}},{"type":"Feature","properties":{"h3":"8926c864b9bffff","mii":8,"trt":0.0,"glp1":0.0,"pharmacy":0.0,"gym":0.0,"n":0},"geometry":{"type":"Polygon","coordinates":[[[-96.80498,32.81482],[-96.80358,32.8163],[-96.80443,32.8181],[-96.80667,32.81842],[-96.80807,32.81694],[-96.80723,32.81514],[-96.80498,32.81482]]]}},{"type":"Feature","properties":{"h3":"8926c864b83ffff","mii":8,"trt":0.0,"glp1":0.0,"pharmacy":0.0,"gym":0.0,"n":0},"geometry":{"type":"Polygon","coordinates":[[[-96.80189,32.8127],[-96.80049,32.81418],[-96.80134,32.81598],[-96.80358,32.8163],[-96.80498,32.81482],[-96.80414,32.81302],[-96.80189,32.8127]]]}},{"type":"Feature","properties":{"h3":"8926c864b97ffff","mii":8,"trt":0.0,"glp1":0.0,"pharmacy":0.0,"gym":0.0,"n":0},"geometry":{"type":"Polygon","coordinates":[[[-96.79825,32.81387],[-96.79685,32.81535],[-96.79769,32.81715],[-96.79994,32.81746],[-96.80134,32.81598],[-96.80049,32.81418],[-96.79825,32.81387]]]}},{"type":"Feature","properties":{"h3":"8926c866137ffff","mii":8,"trt":0.0,"glp1":0.0,"pharmacy":0.0,"gym":0.0,"n":0},"geometry":{"type":"Polygon","coordinates":[[[-96.77797,32.91339],[-96.77657,32.91487],[-96.77742,32.91667],[-96.77966,32.91699],[-96.78107,32.91551],[-96.78022,32.91371],[-96.77797,32.91339]]]}},{"type":"Feature","properties":{"h3":"8926c866127ffff","mii":8,"trt":0.0,"glp1":0.0,"pharmacy":0.0,"gym":0.0,"n":0},"geometry":{"type":"Polygon","coordinates":[[[-96.77853,32.91012],[-96.77713,32.9116],[-96.77797,32.91339],[-96.78022,32.91371],[-96.78162,32.91223],[-96.78077,32.91043],[-96.77853,32.91012]]]}},{"type":"Feature","properties":{"h3":"8926c874ac3ffff","mii":8,"trt":0.0,"glp1":0.0,"pharmacy":0.0,"gym":0.0,"n":0},"geometry":{"type":"Polygon","coordinates":[[[-96.80679,32.98796],[-96.80539,32.98944],[-96.80624,32.99123],[-96.80849,32.99155],[-96.80989,32.99007],[-96.80904,32.98828],[-96.80679,32.98796]]]}},{"type":"Feature","properties":{"h3":"8926c874acfffff","mii":8,"trt":0.0,"glp1":0.0,"pharmacy":0.0,"gym":0.0,"n":0},"geometry":{"type":"Polygon","coordinates":[[[-96.80735,32.98468],[-96.80594,32.98616],[-96.80679,32.98796],[-96.80904,32.98828],[-96.81044,32.9868],[-96.80959,32.985],[-96.80735,32.98468]]]}},{"type":"Feature","properties":{"h3":"8926cb9a49bffff","mii":8,"trt":0.0,"glp1":0.0,"pharmacy":0.0,"gym":0.0,"n":0},"geometry":{"type":"Polygon","coordinates":[[[-96.8305,32.80667],[-96.8291,32.80816],[-96.82994,32.80995],[-96.83219,32.81027],[-96.83359,32.80879],[-96.83274,32.80699],[-96.8305,32.80667]]]}},{"type":"Feature","properties":{"h3":"8926cbdae8bffff","mii":8,"trt":0.0,"glp1":0.0,"pharmacy":0.0,"gym":0.0,"n":0},"geometry":{"type":"Polygon","coordinates":[[[-97.32621,32.7312],[-97.32481,32.73269],[-97.32567,32.73449],[-97.32792,32.73479],[-97.32932,32.73331],[-97.32846,32.73151],[-97.32621,32.7312]]]}},{"type":"Feature","properties":{"h3":"8926cbdaec7ffff","mii":8,"trt":0.0,"glp1":0.0,"pharmacy":0.0,"gym":0.0,"n":0},"geometry":{"type":"Polygon","coordinates":[[[-97.32986,32.73002],[-97.32846,32.73151],[-97.32932,32.73331],[-97.33157,32.73361],[-97.33296,32.73212],[-97.33211,32.73033],[-97.32986,32.73002]]]}},{"type":"Feature","properties":{"h3":"8926cbdae8fffff","mii":8,"trt":0.0,"glp1":0.0,"pharmacy":0.0,"gym":0.0,"n":0},"geometry":{"type":"Polygon","coordinates":[[[-97.3231,32.72909],[-97.32171,32.73058],[-97.32256,32.73238],[-97.32481,32.73269],[-97.32621,32.7312],[-97.32535,32.7294],[-97.3231,32.72909]]]}},{"type":"Feature","properties":{"h3":"8926cbd9803ffff","mii":8,"trt":0.0,"glp1":0.0,"pharmacy":0.0,"gym":0.0,"n":0},"geometry":{"type":"Polygon","coordinates":[[[-97.41139,32.65372],[-97.41,32.65522],[-97.41085,32.65701],[-97.4131,32.65732],[-97.4145,32.65583],[-97.41364,32.65403],[-97.41139,32.65372]]]}},{"type":"Feature","properties":{"h3":"8926cbd980bffff","mii":8,"trt":0.0,"glp1":0.0,"pharmacy":0.0,"gym":0.0,"n":0},"geometry":{"type":"Polygon","coordinates":[[[-97.41504,32.65254],[-97.41364,32.65403],[-97.4145,32.65583],[-97.41675,32.65614],[-97.41814,32.65464],[-97.41729,32.65285],[-97.41504,32.65254]]]}},{"type":"Feature","properties":{"h3":"8926cbd9877ffff","mii":8,"trt":0.0,"glp1":0.0,"pharmacy":0.0,"gym":0.0,"n":0},"geometry":{"type":"Polygon","coordinates":[[[-97.41246,32.64714],[-97.41107,32.64863],[-97.41193,32.65043],[-97.41418,32.65074],[-97.41557,32.64925],[-97.41472,32.64745],[-97.41246,32.64714]]]}},{"type":"Feature","properties":{"h3":"8926cbd983bffff","mii":8,"trt":0.0,"glp1":0.0,"pharmacy":0.0,"gym":0.0,"n":0},"geometry":{"type":"Polygon","coordinates":[[[-97.40882,32.64833],[-97.40743,32.64982],[-97.40828,32.65162],[-97.41053,32.65193],[-97.41193,32.65043],[-97.41107,32.64863],[-97.40882,32.64833]]]}},{"type":"Feature","properties":{"h3":"8926cbd9807ffff","mii":8,"trt":0.0,"glp1":0.0,"pharmacy":0.0,"gym":0.0,"n":0},"geometry":{"type":"Polygon","coordinates":[[[-97.40828,32.65162],[-97.40689,32.65311],[-97.40775,32.65491],[-97.41,32.65522],[-97.41139,32.65372],[-97.41053,32.65193],[-97.40828,32.65162]]]}},{"type":"Feature","properties":{"h3":"8926cbd8593ffff","mii":8,"trt":0.0,"glp1":0.0,"pharmacy":0.0,"gym":0.0,"n":0},"geometry":{"type":"Polygon","coordinates":[[[-97.34755,32.7274],[-97.34616,32.72889],[-97.34701,32.73069],[-97.34926,32.73099],[-97.35066,32.7295],[-97.3498,32.72771],[-97.34755,32.7274]]]}},{"type":"Feature","properties":{"h3":"8926cbd8597ffff","mii":8,"trt":0.0,"glp1":0.0,"pharmacy":0.0,"gym":0.0,"n":0},"geometry":{"type":"Polygon","coordinates":[[[-97.34444,32.72529],[-97.34305,32.72678],[-97.3439,32.72858],[-97.34616,32.72889],[-97.34755,32.7274],[-97.3467,32.7256],[-97.34444,32.72529]]]}},{"type":"Feature","properties":{"h3":"8926cbdae5bffff","mii":8,"trt":0.0,"glp1":0.0,"pharmacy":0.0,"gym":0.0,"n":0},"geometry":{"type":"Polygon","coordinates":[[[-97.3408,32.72647],[-97.3394,32.72796],[-97.34026,32.72976],[-97.34251,32.73007],[-97.3439,32.72858],[-97.34305,32.72678],[-97.3408,32.72647]]]}},{"type":"Feature","properties":{"h3":"8926cbd13a3ffff","mii":8,"trt":0.0,"glp1":0.0,"pharmacy":0.0,"gym":0.0,"n":0},"geometry":{"type":"Polygon","coordinates":[[[-97.26583,32.74139],[-97.26443,32.74288],[-97.26529,32.74468],[-97.26754,32.74499],[-97.26894,32.7435],[-97.26808,32.7417],[-97.26583,32.74139]]]}},{"type":"Feature","properties":{"h3":"8926cbd13afffff","mii":8,"trt":0.0,"glp1":0.0,"pharmacy":0.0,"gym":0.0,"n":0},"geometry":{"type":"Polygon","coordinates":[[[-97.26637,32.73811],[-97.26498,32.7396],[-97.26583,32.74139],[-97.26808,32.7417],[-97.26948,32.74022],[-97.26862,32.73842],[-97.26637,32.73811]]]}},{"type":"Feature","properties":{"h3":"8926cbd1edbffff","mii":8,"trt":0.0,"glp1":0.0,"pharmacy":0.0,"gym":0.0,"n":0},"geometry":{"type":"Polygon","coordinates":[[[-97.26327,32.736],[-97.26187,32.73749],[-97.26272,32.73929],[-97.26498,32.7396],[-97.26637,32.73811],[-97.26552,32.73631],[-97.26327,32.736]]]}},{"type":"Feature","properties":{"h3":"8926cbd1ed3ffff","mii":8,"trt":0.0,"glp1":0.0,"pharmacy":0.0,"gym":0.0,"n":0},"geometry":{"type":"Polygon","coordinates":[[[-97.25962,32.73718],[-97.25822,32.73867],[-97.25908,32.74047],[-97.26133,32.74078],[-97.26272,32.73929],[-97.26187,32.73749],[-97.25962,32.73718]]]}},{"type":"Feature","properties":{"h3":"8926cbd542bffff","mii":8,"trt":0.0,"glp1":0.0,"pharmacy":0.0,"gym":0.0,"n":0},"geometry":{"type":"Polygon","coordinates":[[[-97.1146,32.6751],[-97.1132,32.67659],[-97.11405,32.67839],[-97.1163,32.6787],[-97.1177,32.67721],[-97.11684,32.67541],[-97.1146,32.6751]]]}},{"type":"Feature","properties":{"h3":"8926cbd5467ffff","mii":8,"trt":0.0,"glp1":0.0,"pharmacy":0.0,"gym":0.0,"n":0},"geometry":{"type":"Polygon","coordinates":[[[-97.11824,32.67393],[-97.11684,32.67541],[-97.1177,32.67721],[-97.11994,32.67753],[-97.12134,32.67604],[-97.12049,32.67424],[-97.11824,32.67393]]]}},{"type":"Feature","properties":{"h3":"8926cbd509bffff","mii":8,"trt":0.0,"glp1":0.0,"pharmacy":0.0,"gym":0.0,"n":0},"geometry":{"type":"Polygon","coordinates":[[[-97.11879,32.67064],[-97.11739,32.67213],[-97.11824,32.67393],[-97.12049,32.67424],[-97.12188,32.67275],[-97.12103,32.67095],[-97.11879,32.67064]]]}},{"type":"Feature","properties":{"h3":"8926cbd5083ffff","mii":8,"trt":0.0,"glp1":0.0,"pharmacy":0.0,"gym":0.0,"n":0},"geometry":{"type":"Polygon","coordinates":[[[-97.11569,32.66853],[-97.11429,32.67002],[-97.11514,32.67182],[-97.11739,32.67213],[-97.11879,32.67064],[-97.11793,32.66884],[-97.11569,32.66853]]]}},{"type":"Feature","properties":{"h3":"8926cbd5097ffff","mii":8,"trt":0.0,"glp1":0.0,"pharmacy":0.0,"gym":0.0,"n":0},"geometry":{"type":"Polygon","coordinates":[[[-97.11204,32.6697],[-97.11065,32.67119],[-97.1115,32.67299],[-97.11375,32.6733],[-97.11514,32.67182],[-97.11429,32.67002],[-97.11204,32.6697]]]}},{"type":"Feature","properties":{"h3":"8926cbd542fffff","mii":8,"trt":0.0,"glp1":0.0,"pharmacy":0.0,"gym":0.0,"n":0},"geometry":{"type":"Polygon","coordinates":[[[-97.1115,32.67299],[-97.1101,32.67448],[-97.11095,32.67628],[-97.1132,32.67659],[-97.1146,32.6751],[-97.11375,32.6733],[-97.1115,32.67299]]]}},{"type":"Feature","properties":{"h3":"8926cb13617ffff","mii":8,"trt":0.0,"glp1":0.0,"pharmacy":0.0,"gym":0.0,"n":0},"geometry":{"type":"Polygon","coordinates":[[[-96.98049,32.46638],[-96.9791,32.46787],[-96.97995,32.46967],[-96.98219,32.46998],[-96.98358,32.4685],[-96.98273,32.4667],[-96.98049,32.46638]]]}},{"type":"Feature","properties":{"h3":"8926cb13603ffff","mii":8,"trt":0.0,"glp1":0.0,"pharmacy":0.0,"gym":0.0,"n":0},"geometry":{"type":"Polygon","coordinates":[[[-96.98413,32.46521],[-96.98273,32.4667],[-96.98358,32.4685],[-96.98582,32.46881],[-96.98722,32.46732],[-96.98637,32.46552],[-96.98413,32.46521]]]}},{"type":"Feature","properties":{"h3":"8926cb1360fffff","mii":8,"trt":0.0,"glp1":0.0,"pharmacy":0.0,"gym":0.0,"n":0},"geometry":{"type":"Polygon","coordinates":[[[-96.98468,32.46192],[-96.98328,32.46341],[-96.98413,32.46521],[-96.98637,32.46552],[-96.98776,32.46403],[-96.98692,32.46223],[-96.98468,32.46192]]]}},{"type":"Feature","properties":{"h3":"8926cb1363bffff","mii":8,"trt":0.0,"glp1":0.0,"pharmacy":0.0,"gym":0.0,"n":0},"geometry":{"type":"Polygon","coordinates":[[[-96.98159,32.45981],[-96.98019,32.46129],[-96.98104,32.46309],[-96.98328,32.46341],[-96.98468,32.46192],[-96.98383,32.46012],[-96.98159,32.45981]]]}},{"type":"Feature","properties":{"h3":"8926cb13633ffff","mii":8,"trt":0.0,"glp1":0.0,"pharmacy":0.0,"gym":0.0,"n":0},"geometry":{"type":"Polygon","coordinates":[[[-96.97795,32.46098],[-96.97656,32.46247],[-96.9774,32.46427],[-96.97965,32.46458],[-96.98104,32.46309],[-96.98019,32.46129],[-96.97795,32.46098]]]}},{"type":"Feature","properties":{"h3":"8926cb136abffff","mii":8,"trt":0.0,"glp1":0.0,"pharmacy":0.0,"gym":0.0,"n":0},"geometry":{"type":"Polygon","coordinates":[[[-96.9774,32.46427],[-96.97601,32.46576],[-96.97686,32.46756],[-96.9791,32.46787],[-96.98049,32.46638],[-96.97965,32.46458],[-96.9774,32.46427]]]}},{"type":"Feature","properties":{"h3":"8926c83925bffff","mii":8,"trt":0.0,"glp1":0.0,"pharmacy":0.0,"gym":0.0,"n":0},"geometry":{"type":"Polygon","coordinates":[[[-96.74797,33.0903],[-96.74657,33.09178],[-96.74742,33.09358],[-96.74967,33.0939],[-96.75107,33.09242],[-96.75022,33.09062],[-96.74797,33.0903]]]}},{"type":"Feature","properties":{"h3":"8926c876197ffff","mii":8,"trt":0.0,"glp1":0.0,"pharmacy":0.0,"gym":0.0,"n":0},"geometry":{"type":"Polygon","coordinates":[[[-96.75162,33.08915],[-96.75022,33.09062],[-96.75107,33.09242],[-96.75332,33.09274],[-96.75472,33.09126],[-96.75388,33.08947],[-96.75162,33.08915]]]}},{"type":"Feature","properties":{"h3":"8926c876187ffff","mii":8,"trt":0.0,"glp1":0.0,"pharmacy":0.0,"gym":0.0,"n":0},"geometry":{"type":"Polygon","coordinates":[[[-96.75218,33.08587],[-96.75078,33.08735],[-96.75162,33.08915],[-96.75388,33.08947],[-96.75528,33.08799],[-96.75443,33.08619],[-96.75218,33.08587]]]}},{"type":"Feature","properties":{"h3":"8926c8761b3ffff","mii":8,"trt":0.0,"glp1":0.0,"pharmacy":0.0,"gym":0.0,"n":0},"geometry":{"type":"Polygon","coordinates":[[[-96.74908,33.08376],[-96.74768,33.08523],[-96.74853,33.08703],[-96.75078,33.08735],[-96.75218,33.08587],[-96.75133,33.08408],[-96.74908,33.08376]]]}},{"type":"Feature","properties":{"h3":"8926c83924fffff","mii":8,"trt":0.0,"glp1":0.0,"pharmacy":0.0,"gym":0.0,"n":0},"geometry":{"type":"Polygon","coordinates":[[[-96.74543,33.08491],[-96.74403,33.08639],[-96.74487,33.08819],[-96.74712,33.08851],[-96.74853,33.08703],[-96.74768,33.08523],[-96.74543,33.08491]]]}},{"type":"Feature","properties":{"h3":"8926c839243ffff","mii":8,"trt":0.0,"glp1":0.0,"pharmacy":0.0,"gym":0.0,"n":0},"geometry":{"type":"Polygon","coordinates":[[[-96.74487,33.08819],[-96.74347,33.08966],[-96.74432,33.09146],[-96.74657,33.09178],[-96.74797,33.0903],[-96.74712,33.08851],[-96.74487,33.08819]]]}},{"type":"Feature","properties":{"h3":"8926c874e9bffff","mii":8,"trt":0.0,"glp1":0.0,"pharmacy":0.0,"gym":0.0,"n":0},"geometry":{"type":"Polygon","coordinates":[[[-96.79561,33.01321],[-96.79421,33.01469],[-96.79505,33.01649],[-96.7973,33.01681],[-96.7987,33.01533],[-96.79786,33.01353],[-96.79561,33.01321]]]}},{"type":"Feature","properties":{"h3":"8926c874e8bffff","mii":8,"trt":0.0,"glp1":0.0,"pharmacy":0.0,"gym":0.0,"n":0},"geometry":{"type":"Polygon","coordinates":[[[-96.79616,33.00994],[-96.79476,33.01142],[-96.79561,33.01321],[-96.79786,33.01353],[-96.79926,33.01205],[-96.79841,33.01026],[-96.79616,33.00994]]]}},{"type":"Feature","properties":{"h3":"8926c871163ffff","mii":8,"trt":0.0,"glp1":1.2,"pharmacy":0.0,"gym":0.0,"n":2},"geometry":{"type":"Polygon","coordinates":[[[-97.02304,33.12074],[-97.02163,33.12222],[-97.02249,33.12401],[-97.02474,33.12433],[-97.02614,33.12285],[-97.02529,33.12105],[-97.02304,33.12074]]]}},{"type":"Feature","properties":{"h3":"8926cb81167ffff","mii":8,"trt":0.0,"glp1":1.2,"pharmacy":0.0,"gym":0.0,"n":2},"geometry":{"type":"Polygon","coordinates":[[[-96.77058,32.58986],[-96.76918,32.59134],[-96.77002,32.59314],[-96.77226,32.59346],[-96.77366,32.59198],[-96.77282,32.59018],[-96.77058,32.58986]]]}},{"type":"Feature","properties":{"h3":"8926cbd298bffff","mii":8,"trt":0.0,"glp1":0.0,"pharmacy":0.0,"gym":0.0,"n":0},"geometry":{"type":"Polygon","coordinates":[[[-97.10407,32.75935],[-97.10267,32.76084],[-97.10352,32.76264],[-97.10577,32.76295],[-97.10717,32.76147],[-97.10632,32.75967],[-97.10407,32.75935]]]}},{"type":"Feature","properties":{"h3":"8926cbd2913ffff","mii":8,"trt":0.0,"glp1":0.0,"pharmacy":0.0,"gym":0.0,"n":0},"geometry":{"type":"Polygon","coordinates":[[[-97.10461,32.75607],[-97.10322,32.75756],[-97.10407,32.75935],[-97.10632,32.75967],[-97.10771,32.75818],[-97.10686,32.75638],[-97.10461,32.75607]]]}},{"type":"Feature","properties":{"h3":"8926cbd2917ffff","mii":8,"trt":0.0,"glp1":0.0,"pharmacy":0.0,"gym":0.0,"n":0},"geometry":{"type":"Polygon","coordinates":[[[-97.10151,32.75396],[-97.10012,32.75544],[-97.10097,32.75724],[-97.10322,32.75756],[-97.10461,32.75607],[-97.10376,32.75427],[-97.10151,32.75396]]]}},{"type":"Feature","properties":{"h3":"8926cbd29bbffff","mii":8,"trt":0.0,"glp1":0.0,"pharmacy":0.0,"gym":0.0,"n":0},"geometry":{"type":"Polygon","coordinates":[[[-97.09787,32.75513],[-97.09647,32.75662],[-97.09732,32.75842],[-97.09957,32.75873],[-97.10097,32.75724],[-97.10012,32.75544],[-97.09787,32.75513]]]}},{"type":"Feature","properties":{"h3":"8926cbc248bffff","mii":8,"trt":0.0,"glp1":0.0,"pharmacy":0.0,"gym":0.0,"n":0},"geometry":{"type":"Polygon","coordinates":[[[-97.18824,32.68867],[-97.18684,32.69016],[-97.1877,32.69195],[-97.18994,32.69227],[-97.19134,32.69078],[-97.19049,32.68898],[-97.18824,32.68867]]]}},{"type":"Feature","properties":{"h3":"8926cbc24c7ffff","mii":8,"trt":0.0,"glp1":0.0,"pharmacy":0.0,"gym":0.0,"n":0},"geometry":{"type":"Polygon","coordinates":[[[-97.19188,32.68749],[-97.19049,32.68898],[-97.19134,32.69078],[-97.19359,32.69109],[-97.19499,32.6896],[-97.19413,32.6878],[-97.19188,32.68749]]]}},{"type":"Feature","properties":{"h3":"8926cbc241bffff","mii":8,"trt":0.0,"glp1":0.0,"pharmacy":0.0,"gym":0.0,"n":0},"geometry":{"type":"Polygon","coordinates":[[[-97.19243,32.6842],[-97.19103,32.68569],[-97.19188,32.68749],[-97.19413,32.6878],[-97.19553,32.68631],[-97.19467,32.68451],[-97.19243,32.6842]]]}},{"type":"Feature","properties":{"h3":"8926cbc2403ffff","mii":8,"trt":0.0,"glp1":0.0,"pharmacy":0.0,"gym":0.0,"n":0},"geometry":{"type":"Polygon","coordinates":[[[-97.18932,32.68209],[-97.18793,32.68358],[-97.18878,32.68538],[-97.19103,32.68569],[-97.19243,32.6842],[-97.19157,32.6824],[-97.18932,32.68209]]]}},{"type":"Feature","properties":{"h3":"8926cbc2417ffff","mii":8,"trt":0.0,"glp1":0.0,"pharmacy":0.0,"gym":0.0,"n":0},"geometry":{"type":"Polygon","coordinates":[[[-97.18568,32.68327],[-97.18428,32.68476],[-97.18514,32.68656],[-97.18739,32.68687],[-97.18878,32.68538],[-97.18793,32.68358],[-97.18568,32.68327]]]}},{"type":"Feature","properties":{"h3":"8926cbc248fffff","mii":8,"trt":0.0,"glp1":0.0,"pharmacy":0.0,"gym":0.0,"n":0},"geometry":{"type":"Polygon","coordinates":[[[-97.18514,32.68656],[-97.18374,32.68805],[-97.18459,32.68984],[-97.18684,32.69016],[-97.18824,32.68867],[-97.18739,32.68687],[-97.18514,32.68656]]]}},{"type":"Feature","properties":{"h3":"8926cabab13ffff","mii":8,"trt":0.0,"glp1":1.2,"pharmacy":0.0,"gym":0.0,"n":2},"geometry":{"type":"Polygon","coordinates":[[[-97.5878,33.05745],[-97.5864,33.05894],[-97.58727,33.06074],[-97.58953,33.06104],[-97.59093,33.05955],[-97.59006,33.05776],[-97.5878,33.05745]]]}},{"type":"Feature","properties":{"h3":"8926caa5937ffff","mii":8,"trt":0.0,"glp1":1.2,"pharmacy":0.0,"gym":0.0,"n":2},"geometry":{"type":"Polygon","coordinates":[[[-97.35393,32.79383],[-97.35254,32.79532],[-97.35339,32.79711],[-97.35565,32.79742],[-97.35704,32.79593],[-97.35619,32.79414],[-97.35393,32.79383]]]}},{"type":"Feature","properties":{"h3":"8926cbd1657ffff","mii":8,"trt":0.0,"glp1":1.2,"pharmacy":0.0,"gym":0.0,"n":2},"geometry":{"type":"Polygon","coordinates":[[[-97.30095,32.77984],[-97.29955,32.78133],[-97.30041,32.78313],[-97.30266,32.78343],[-97.30406,32.78195],[-97.3032,32.78015],[-97.30095,32.77984]]]}},{"type":"Feature","properties":{"h3":"8926cab62afffff","mii":8,"trt":0.0,"glp1":1.3,"pharmacy":0.0,"gym":0.0,"n":2},"geometry":{"type":"Polygon","coordinates":[[[-97.308,33.07303],[-97.3066,33.07452],[-97.30746,33.07631],[-97.30972,33.07662],[-97.31112,33.07514],[-97.31026,33.07334],[-97.308,33.07303]]]}},{"type":"Feature","properties":{"h3":"8926c86db2bffff","mii":7,"trt":0.0,"glp1":0.0,"pharmacy":0.0,"gym":0.0,"n":0},"geometry":{"type":"Polygon","coordinates":[[[-97.05594,32.73753],[-97.05454,32.73902],[-97.05539,32.74082],[-97.05764,32.74113],[-97.05904,32.73964],[-97.05819,32.73785],[-97.05594,32.73753]]]}},{"type":"Feature","properties":{"h3":"8926c86db67ffff","mii":7,"trt":0.0,"glp1":0.0,"pharmacy":0.0,"gym":0.0,"n":0},"geometry":{"type":"Polygon","coordinates":[[[-97.05958,32.73636],[-97.05819,32.73785],[-97.05904,32.73964],[-97.06128,32.73996],[-97.06268,32.73847],[-97.06183,32.73667],[-97.05958,32.73636]]]}},{"type":"Feature","properties":{"h3":"8926cbd759bffff","mii":7,"trt":0.0,"glp1":0.0,"pharmacy":0.0,"gym":0.0,"n":0},"geometry":{"type":"Polygon","coordinates":[[[-97.06013,32.73307],[-97.05873,32.73456],[-97.05958,32.73636],[-97.06183,32.73667],[-97.06323,32.73519],[-97.06238,32.73339],[-97.06013,32.73307]]]}},{"type":"Feature","properties":{"h3":"8926cbd7583ffff","mii":7,"trt":0.0,"glp1":0.0,"pharmacy":0.0,"gym":0.0,"n":0},"geometry":{"type":"Polygon","coordinates":[[[-97.05703,32.73096],[-97.05563,32.73245],[-97.05649,32.73425],[-97.05873,32.73456],[-97.06013,32.73307],[-97.05928,32.73128],[-97.05703,32.73096]]]}},{"type":"Feature","properties":{"h3":"8926cbd7597ffff","mii":7,"trt":0.0,"glp1":0.0,"pharmacy":0.0,"gym":0.0,"n":0},"geometry":{"type":"Polygon","coordinates":[[[-97.05339,32.73213],[-97.05199,32.73362],[-97.05284,32.73542],[-97.05509,32.73573],[-97.05649,32.73425],[-97.05563,32.73245],[-97.05339,32.73213]]]}},{"type":"Feature","properties":{"h3":"8926c86db2fffff","mii":7,"trt":0.0,"glp1":0.0,"pharmacy":0.0,"gym":0.0,"n":0},"geometry":{"type":"Polygon","coordinates":[[[-97.05284,32.73542],[-97.05144,32.7369],[-97.05229,32.7387],[-97.05454,32.73902],[-97.05594,32.73753],[-97.05509,32.73573],[-97.05284,32.73542]]]}},{"type":"Feature","properties":{"h3":"8926c86c06bffff","mii":7,"trt":0.0,"glp1":0.0,"pharmacy":0.0,"gym":0.0,"n":0},"geometry":{"type":"Polygon","coordinates":[[[-97.02932,32.81446],[-97.02792,32.81594],[-97.02877,32.81774],[-97.03102,32.81806],[-97.03242,32.81657],[-97.03157,32.81477],[-97.02932,32.81446]]]}},{"type":"Feature","properties":{"h3":"8926c86c2a7ffff","mii":7,"trt":0.0,"glp1":0.0,"pharmacy":0.0,"gym":0.0,"n":0},"geometry":{"type":"Polygon","coordinates":[[[-97.03296,32.81329],[-97.03157,32.81477],[-97.03242,32.81657],[-97.03466,32.81689],[-97.03606,32.8154],[-97.03521,32.8136],[-97.03296,32.81329]]]}},{"type":"Feature","properties":{"h3":"8926c86c3dbffff","mii":7,"trt":0.0,"glp1":0.0,"pharmacy":0.0,"gym":0.0,"n":0},"geometry":{"type":"Polygon","coordinates":[[[-97.03351,32.81001],[-97.03211,32.81149],[-97.03296,32.81329],[-97.03521,32.8136],[-97.03661,32.81212],[-97.03576,32.81032],[-97.03351,32.81001]]]}},{"type":"Feature","properties":{"h3":"8926c86c3c3ffff","mii":7,"trt":0.0,"glp1":0.0,"pharmacy":0.0,"gym":0.0,"n":0},"geometry":{"type":"Polygon","coordinates":[[[-97.03041,32.80789],[-97.02901,32.80938],[-97.02986,32.81118],[-97.03211,32.81149],[-97.03351,32.81001],[-97.03266,32.80821],[-97.03041,32.80789]]]}},{"type":"Feature","properties":{"h3":"8926c86c3d7ffff","mii":7,"trt":0.0,"glp1":0.0,"pharmacy":0.0,"gym":0.0,"n":0},"geometry":{"type":"Polygon","coordinates":[[[-97.02676,32.80906],[-97.02537,32.81055],[-97.02622,32.81235],[-97.02847,32.81266],[-97.02986,32.81118],[-97.02901,32.80938],[-97.02676,32.80906]]]}},{"type":"Feature","properties":{"h3":"8926c86c06fffff","mii":7,"trt":0.0,"glp1":0.0,"pharmacy":0.0,"gym":0.0,"n":0},"geometry":{"type":"Polygon","coordinates":[[[-97.02622,32.81235],[-97.02482,32.81383],[-97.02567,32.81563],[-97.02792,32.81594],[-97.02932,32.81446],[-97.02847,32.81266],[-97.02622,32.81235]]]}},{"type":"Feature","properties":{"h3":"8926c866823ffff","mii":7,"trt":0.0,"glp1":0.0,"pharmacy":0.0,"gym":0.0,"n":0},"geometry":{"type":"Polygon","coordinates":[[[-96.76386,32.87446],[-96.76245,32.87594],[-96.7633,32.87774],[-96.76555,32.87806],[-96.76695,32.87658],[-96.7661,32.87478],[-96.76386,32.87446]]]}},{"type":"Feature","properties":{"h3":"8926c866837ffff","mii":7,"trt":0.0,"glp1":0.0,"pharmacy":0.0,"gym":0.0,"n":0},"geometry":{"type":"Polygon","coordinates":[[[-96.76021,32.87562],[-96.75881,32.8771],[-96.75965,32.8789],[-96.7619,32.87922],[-96.7633,32.87774],[-96.76245,32.87594],[-96.76021,32.87562]]]}},{"type":"Feature","properties":{"h3":"8926c8283afffff","mii":7,"trt":0.0,"glp1":0.0,"pharmacy":0.0,"gym":0.0,"n":0},"geometry":{"type":"Polygon","coordinates":[[[-96.65754,32.91135],[-96.65614,32.91282],[-96.65699,32.91462],[-96.65923,32.91494],[-96.66063,32.91347],[-96.65979,32.91167],[-96.65754,32.91135]]]}},{"type":"Feature","properties":{"h3":"8926c828333ffff","mii":7,"trt":0.0,"glp1":0.0,"pharmacy":0.0,"gym":0.0,"n":0},"geometry":{"type":"Polygon","coordinates":[[[-96.66119,32.91019],[-96.65979,32.91167],[-96.66063,32.91347],[-96.66288,32.91379],[-96.66428,32.91231],[-96.66344,32.91051],[-96.66119,32.91019]]]}},{"type":"Feature","properties":{"h3":"8926c828323ffff","mii":7,"trt":0.0,"glp1":0.0,"pharmacy":0.0,"gym":0.0,"n":0},"geometry":{"type":"Polygon","coordinates":[[[-96.66175,32.90691],[-96.66035,32.90839],[-96.66119,32.91019],[-96.66344,32.91051],[-96.66484,32.90903],[-96.66399,32.90723],[-96.66175,32.90691]]]}},{"type":"Feature","properties":{"h3":"8926c828327ffff","mii":7,"trt":0.0,"glp1":0.0,"pharmacy":0.0,"gym":0.0,"n":0},"geometry":{"type":"Polygon","coordinates":[[[-96.65866,32.90479],[-96.65726,32.90627],[-96.6581,32.90807],[-96.66035,32.90839],[-96.66175,32.90691],[-96.66091,32.90511],[-96.65866,32.90479]]]}},{"type":"Feature","properties":{"h3":"8926c828ecbffff","mii":7,"trt":0.0,"glp1":0.0,"pharmacy":0.0,"gym":0.0,"n":0},"geometry":{"type":"Polygon","coordinates":[[[-96.65501,32.90595],[-96.65361,32.90743],[-96.65446,32.90923],[-96.6567,32.90955],[-96.6581,32.90807],[-96.65726,32.90627],[-96.65501,32.90595]]]}},{"type":"Feature","properties":{"h3":"8926c828edbffff","mii":7,"trt":0.0,"glp1":0.0,"pharmacy":0.0,"gym":0.0,"n":0},"geometry":{"type":"Polygon","coordinates":[[[-96.65446,32.90923],[-96.65305,32.9107],[-96.6539,32.9125],[-96.65614,32.91282],[-96.65754,32.91135],[-96.6567,32.90955],[-96.65446,32.90923]]]}},{"type":"Feature","properties":{"h3":"8926c86ae27ffff","mii":7,"trt":0.0,"glp1":0.0,"pharmacy":0.0,"gym":0.0,"n":0},"geometry":{"type":"Polygon","coordinates":[[[-97.1131,32.93361],[-97.1117,32.9351],[-97.11255,32.9369],[-97.1148,32.93721],[-97.1162,32.93572],[-97.11535,32.93393],[-97.1131,32.93361]]]}},{"type":"Feature","properties":{"h3":"8926c86a85bffff","mii":7,"trt":0.0,"glp1":0.0,"pharmacy":0.0,"gym":0.0,"n":0},"geometry":{"type":"Polygon","coordinates":[[[-97.11364,32.93033],[-97.11224,32.93182],[-97.1131,32.93361],[-97.11535,32.93393],[-97.11675,32.93244],[-97.11589,32.93064],[-97.11364,32.93033]]]}},{"type":"Feature","properties":{"h3":"8926c86a843ffff","mii":7,"trt":0.0,"glp1":0.0,"pharmacy":0.0,"gym":0.0,"n":0},"geometry":{"type":"Polygon","coordinates":[[[-97.11054,32.92822],[-97.10914,32.9297],[-97.10999,32.9315],[-97.11224,32.93182],[-97.11364,32.93033],[-97.11279,32.92853],[-97.11054,32.92822]]]}},{"type":"Feature","properties":{"h3":"8926c82b447ffff","mii":7,"trt":0.0,"glp1":0.0,"pharmacy":0.0,"gym":0.0,"n":0},"geometry":{"type":"Polygon","coordinates":[[[-96.70624,33.01057],[-96.70484,33.01205],[-96.70568,33.01385],[-96.70793,33.01417],[-96.70934,33.01269],[-96.70849,33.01089],[-96.70624,33.01057]]]}},{"type":"Feature","properties":{"h3":"8926c82b44fffff","mii":7,"trt":0.0,"glp1":0.0,"pharmacy":0.0,"gym":0.0,"n":0},"geometry":{"type":"Polygon","coordinates":[[[-96.70989,33.00941],[-96.70849,33.01089],[-96.70934,33.01269],[-96.71158,33.01301],[-96.71299,33.01153],[-96.71214,33.00973],[-96.70989,33.00941]]]}},{"type":"Feature","properties":{"h3":"8926c82b6b7ffff","mii":7,"trt":0.0,"glp1":0.0,"pharmacy":0.0,"gym":0.0,"n":0},"geometry":{"type":"Polygon","coordinates":[[[-96.71045,33.00614],[-96.70905,33.00762],[-96.70989,33.00941],[-96.71214,33.00973],[-96.71354,33.00826],[-96.7127,33.00646],[-96.71045,33.00614]]]}},{"type":"Feature","properties":{"h3":"8926c82b46bffff","mii":7,"trt":0.0,"glp1":0.0,"pharmacy":0.0,"gym":0.0,"n":0},"geometry":{"type":"Polygon","coordinates":[[[-96.70736,33.00402],[-96.70595,33.0055],[-96.7068,33.0073],[-96.70905,33.00762],[-96.71045,33.00614],[-96.7096,33.00434],[-96.70736,33.00402]]]}},{"type":"Feature","properties":{"h3":"8926c82b463ffff","mii":7,"trt":0.0,"glp1":0.0,"pharmacy":0.0,"gym":0.0,"n":0},"geometry":{"type":"Polygon","coordinates":[[[-96.70371,33.00518],[-96.7023,33.00665],[-96.70315,33.00845],[-96.7054,33.00877],[-96.7068,33.0073],[-96.70595,33.0055],[-96.70371,33.00518]]]}},{"type":"Feature","properties":{"h3":"8926c82b473ffff","mii":7,"trt":0.0,"glp1":0.0,"pharmacy":0.0,"gym":0.0,"n":0},"geometry":{"type":"Polygon","coordinates":[[[-96.70315,33.00845],[-96.70175,33.00993],[-96.70259,33.01173],[-96.70484,33.01205],[-96.70624,33.01057],[-96.7054,33.00877],[-96.70315,33.00845]]]}},{"type":"Feature","properties":{"h3":"8926c86583bffff","mii":7,"trt":0.0,"glp1":0.0,"pharmacy":0.0,"gym":0.0,"n":0},"geometry":{"type":"Polygon","coordinates":[[[-96.87292,32.82106],[-96.87152,32.82254],[-96.87237,32.82434],[-96.87461,32.82466],[-96.87601,32.82318],[-96.87516,32.82138],[-96.87292,32.82106]]]}},{"type":"Feature","properties":{"h3":"8926c865877ffff","mii":7,"trt":0.0,"glp1":0.0,"pharmacy":0.0,"gym":0.0,"n":0},"geometry":{"type":"Polygon","coordinates":[[[-96.87656,32.8199],[-96.87516,32.82138],[-96.87601,32.82318],[-96.87826,32.82349],[-96.87966,32.82201],[-96.87881,32.82021],[-96.87656,32.8199]]]}},{"type":"Feature","properties":{"h3":"8926c865867ffff","mii":7,"trt":0.0,"glp1":0.0,"pharmacy":0.0,"gym":0.0,"n":0},"geometry":{"type":"Polygon","coordinates":[[[-96.87712,32.81661],[-96.87572,32.8181],[-96.87656,32.8199],[-96.87881,32.82021],[-96.88021,32.81873],[-96.87936,32.81693],[-96.87712,32.81661]]]}},{"type":"Feature","properties":{"h3":"8926c865823ffff","mii":7,"trt":0.0,"glp1":0.0,"pharmacy":0.0,"gym":0.0,"n":0},"geometry":{"type":"Polygon","coordinates":[[[-96.86982,32.81894],[-96.86842,32.82043],[-96.86927,32.82223],[-96.87152,32.82254],[-96.87292,32.82106],[-96.87207,32.81926],[-96.86982,32.81894]]]}},{"type":"Feature","properties":{"h3":"8926c86c66fffff","mii":7,"trt":0.0,"glp1":0.0,"pharmacy":0.0,"gym":0.0,"n":0},"geometry":{"type":"Polygon","coordinates":[[[-97.04792,32.82713],[-97.04652,32.82862],[-97.04737,32.83042],[-97.04962,32.83073],[-97.05102,32.82925],[-97.05017,32.82745],[-97.04792,32.82713]]]}},{"type":"Feature","properties":{"h3":"8926c86c2d3ffff","mii":7,"trt":0.0,"glp1":0.0,"pharmacy":0.0,"gym":0.0,"n":0},"geometry":{"type":"Polygon","coordinates":[[[-97.05156,32.82596],[-97.05017,32.82745],[-97.05102,32.82925],[-97.05327,32.82956],[-97.05466,32.82808],[-97.05381,32.82628],[-97.05156,32.82596]]]}},{"type":"Feature","properties":{"h3":"8926c86c2c3ffff","mii":7,"trt":0.0,"glp1":0.0,"pharmacy":0.0,"gym":0.0,"n":0},"geometry":{"type":"Polygon","coordinates":[[[-97.05211,32.82268],[-97.05071,32.82417],[-97.05156,32.82596],[-97.05381,32.82628],[-97.05521,32.82479],[-97.05436,32.82299],[-97.05211,32.82268]]]}},{"type":"Feature","properties":{"h3":"8926c86c2c7ffff","mii":7,"trt":0.0,"glp1":0.0,"pharmacy":0.0,"gym":0.0,"n":0},"geometry":{"type":"Polygon","coordinates":[[[-97.04901,32.82057],[-97.04761,32.82205],[-97.04846,32.82385],[-97.05071,32.82417],[-97.05211,32.82268],[-97.05126,32.82088],[-97.04901,32.82057]]]}},{"type":"Feature","properties":{"h3":"8926c86c28bffff","mii":7,"trt":0.0,"glp1":0.0,"pharmacy":0.0,"gym":0.0,"n":0},"geometry":{"type":"Polygon","coordinates":[[[-97.04536,32.82174],[-97.04396,32.82322],[-97.04482,32.82502],[-97.04707,32.82534],[-97.04846,32.82385],[-97.04761,32.82205],[-97.04536,32.82174]]]}},{"type":"Feature","properties":{"h3":"8926c86c29bffff","mii":7,"trt":0.0,"glp1":0.0,"pharmacy":0.0,"gym":0.0,"n":0},"geometry":{"type":"Polygon","coordinates":[[[-97.04482,32.82502],[-97.04342,32.82651],[-97.04427,32.82831],[-97.04652,32.82862],[-97.04792,32.82713],[-97.04707,32.82534],[-97.04482,32.82502]]]}},{"type":"Feature","properties":{"h3":"8926cbda30bffff","mii":7,"trt":0.0,"glp1":0.0,"pharmacy":0.0,"gym":0.0,"n":0},"geometry":{"type":"Polygon","coordinates":[[[-97.35269,32.73819],[-97.35129,32.73968],[-97.35215,32.74148],[-97.3544,32.74178],[-97.3558,32.74029],[-97.35494,32.7385],[-97.35269,32.73819]]]}},{"type":"Feature","properties":{"h3":"8926cbda347ffff","mii":7,"trt":0.0,"glp1":0.0,"pharmacy":0.0,"gym":0.0,"n":0},"geometry":{"type":"Polygon","coordinates":[[[-97.35634,32.73701],[-97.35494,32.7385],[-97.3558,32.74029],[-97.35805,32.7406],[-97.35945,32.73911],[-97.35859,32.73731],[-97.35634,32.73701]]]}},{"type":"Feature","properties":{"h3":"8926cbda37bffff","mii":7,"trt":0.0,"glp1":0.0,"pharmacy":0.0,"gym":0.0,"n":0},"geometry":{"type":"Polygon","coordinates":[[[-97.35688,32.73372],[-97.35548,32.73521],[-97.35634,32.73701],[-97.35859,32.73731],[-97.35999,32.73582],[-97.35913,32.73403],[-97.35688,32.73372]]]}},{"type":"Feature","properties":{"h3":"8926cbda363ffff","mii":7,"trt":0.0,"glp1":0.0,"pharmacy":0.0,"gym":0.0,"n":0},"geometry":{"type":"Polygon","coordinates":[[[-97.35377,32.73161],[-97.35237,32.7331],[-97.35323,32.7349],[-97.35548,32.73521],[-97.35688,32.73372],[-97.35602,32.73192],[-97.35377,32.73161]]]}},{"type":"Feature","properties":{"h3":"8926cbd8823ffff","mii":7,"trt":0.0,"glp1":0.0,"pharmacy":0.0,"gym":0.0,"n":0},"geometry":{"type":"Polygon","coordinates":[[[-97.33294,32.64805],[-97.33154,32.64954],[-97.3324,32.65134],[-97.33465,32.65165],[-97.33604,32.65016],[-97.33519,32.64836],[-97.33294,32.64805]]]}},{"type":"Feature","properties":{"h3":"8926cbd882bffff","mii":7,"trt":0.0,"glp1":0.0,"pharmacy":0.0,"gym":0.0,"n":0},"geometry":{"type":"Polygon","coordinates":[[[-97.33658,32.64687],[-97.33519,32.64836],[-97.33604,32.65016],[-97.33829,32.65046],[-97.33969,32.64897],[-97.33883,32.64717],[-97.33658,32.64687]]]}},{"type":"Feature","properties":{"h3":"8926cbd8b93ffff","mii":7,"trt":0.0,"glp1":0.0,"pharmacy":0.0,"gym":0.0,"n":0},"geometry":{"type":"Polygon","coordinates":[[[-97.33712,32.64358],[-97.33573,32.64507],[-97.33658,32.64687],[-97.33883,32.64717],[-97.34023,32.64568],[-97.33937,32.64388],[-97.33712,32.64358]]]}},{"type":"Feature","properties":{"h3":"8926cbd8b97ffff","mii":7,"trt":0.0,"glp1":0.0,"pharmacy":0.0,"gym":0.0,"n":0},"geometry":{"type":"Polygon","coordinates":[[[-97.33402,32.64147],[-97.33262,32.64296],[-97.33348,32.64476],[-97.33573,32.64507],[-97.33712,32.64358],[-97.33627,32.64178],[-97.33402,32.64147]]]}},{"type":"Feature","properties":{"h3":"8926cbd895bffff","mii":7,"trt":0.0,"glp1":0.0,"pharmacy":0.0,"gym":0.0,"n":0},"geometry":{"type":"Polygon","coordinates":[[[-97.33037,32.64265],[-97.32898,32.64414],[-97.32983,32.64594],[-97.33208,32.64625],[-97.33348,32.64476],[-97.33262,32.64296],[-97.33037,32.64265]]]}},{"type":"Feature","properties":{"h3":"8926cbd8827ffff","mii":7,"trt":0.0,"glp1":0.0,"pharmacy":0.0,"gym":0.0,"n":0},"geometry":{"type":"Polygon","coordinates":[[[-97.32983,32.64594],[-97.32844,32.64743],[-97.32929,32.64923],[-97.33154,32.64954],[-97.33294,32.64805],[-97.33208,32.64625],[-97.32983,32.64594]]]}},{"type":"Feature","properties":{"h3":"8926cbc742bffff","mii":7,"trt":0.0,"glp1":0.0,"pharmacy":0.0,"gym":0.0,"n":0},"geometry":{"type":"Polygon","coordinates":[[[-97.10817,32.56828],[-97.10677,32.56977],[-97.10762,32.57157],[-97.10987,32.57188],[-97.11126,32.57039],[-97.11041,32.56859],[-97.10817,32.56828]]]}},{"type":"Feature","properties":{"h3":"8926cbc7467ffff","mii":7,"trt":0.0,"glp1":0.0,"pharmacy":0.0,"gym":0.0,"n":0},"geometry":{"type":"Polygon","coordinates":[[[-97.11181,32.5671],[-97.11041,32.56859],[-97.11126,32.57039],[-97.11351,32.5707],[-97.1149,32.56921],[-97.11405,32.56741],[-97.11181,32.5671]]]}},{"type":"Feature","properties":{"h3":"8926cbc709bffff","mii":7,"trt":0.0,"glp1":0.0,"pharmacy":0.0,"gym":0.0,"n":0},"geometry":{"type":"Polygon","coordinates":[[[-97.11235,32.56381],[-97.11096,32.5653],[-97.11181,32.5671],[-97.11405,32.56741],[-97.11545,32.56592],[-97.1146,32.56412],[-97.11235,32.56381]]]}},{"type":"Feature","properties":{"h3":"8926cbc7083ffff","mii":7,"trt":0.0,"glp1":0.0,"pharmacy":0.0,"gym":0.0,"n":0},"geometry":{"type":"Polygon","coordinates":[[[-97.10926,32.5617],[-97.10786,32.56319],[-97.10871,32.56499],[-97.11096,32.5653],[-97.11235,32.56381],[-97.1115,32.56201],[-97.10926,32.5617]]]}},{"type":"Feature","properties":{"h3":"8926cbc7097ffff","mii":7,"trt":0.0,"glp1":0.0,"pharmacy":0.0,"gym":0.0,"n":0},"geometry":{"type":"Polygon","coordinates":[[[-97.10562,32.56288],[-97.10422,32.56437],[-97.10507,32.56617],[-97.10732,32.56648],[-97.10871,32.56499],[-97.10786,32.56319],[-97.10562,32.56288]]]}},{"type":"Feature","properties":{"h3":"8926cbc742fffff","mii":7,"trt":0.0,"glp1":0.0,"pharmacy":0.0,"gym":0.0,"n":0},"geometry":{"type":"Polygon","coordinates":[[[-97.10507,32.56617],[-97.10368,32.56765],[-97.10453,32.56945],[-97.10677,32.56977],[-97.10817,32.56828],[-97.10732,32.56648],[-97.10507,32.56617]]]}},{"type":"Feature","properties":{"h3":"8926c86f223ffff","mii":7,"trt":0.0,"glp1":0.0,"pharmacy":0.0,"gym":0.0,"n":0},"geometry":{"type":"Polygon","coordinates":[[[-97.08039,32.86021],[-97.07899,32.8617],[-97.07984,32.8635],[-97.0821,32.86381],[-97.08349,32.86233],[-97.08264,32.86053],[-97.08039,32.86021]]]}},{"type":"Feature","properties":{"h3":"8926c86f22bffff","mii":7,"trt":0.0,"glp1":0.0,"pharmacy":0.0,"gym":0.0,"n":0},"geometry":{"type":"Polygon","coordinates":[[[-97.08404,32.85904],[-97.08264,32.86053],[-97.08349,32.86233],[-97.08574,32.86264],[-97.08714,32.86115],[-97.08629,32.85936],[-97.08404,32.85904]]]}},{"type":"Feature","properties":{"h3":"8926c86d493ffff","mii":7,"trt":0.0,"glp1":0.0,"pharmacy":0.0,"gym":0.0,"n":0},"geometry":{"type":"Polygon","coordinates":[[[-97.08459,32.85576],[-97.08319,32.85725],[-97.08404,32.85904],[-97.08629,32.85936],[-97.08769,32.85787],[-97.08684,32.85607],[-97.08459,32.85576]]]}},{"type":"Feature","properties":{"h3":"8926c86d497ffff","mii":7,"trt":0.0,"glp1":0.0,"pharmacy":0.0,"gym":0.0,"n":0},"geometry":{"type":"Polygon","coordinates":[[[-97.08148,32.85365],[-97.08009,32.85513],[-97.08094,32.85693],[-97.08319,32.85725],[-97.08459,32.85576],[-97.08374,32.85396],[-97.08148,32.85365]]]}},{"type":"Feature","properties":{"h3":"8926c86f35bffff","mii":7,"trt":0.0,"glp1":0.0,"pharmacy":0.0,"gym":0.0,"n":0},"geometry":{"type":"Polygon","coordinates":[[[-97.07784,32.85482],[-97.07644,32.8563],[-97.07729,32.8581],[-97.07954,32.85842],[-97.08094,32.85693],[-97.08009,32.85513],[-97.07784,32.85482]]]}},{"type":"Feature","properties":{"h3":"8926c86f227ffff","mii":7,"trt":0.0,"glp1":0.0,"pharmacy":0.0,"gym":0.0,"n":0},"geometry":{"type":"Polygon","coordinates":[[[-97.07729,32.8581],[-97.07589,32.85959],[-97.07674,32.86139],[-97.07899,32.8617],[-97.08039,32.86021],[-97.07954,32.85842],[-97.07729,32.8581]]]}},{"type":"Feature","properties":{"h3":"8926c86eb57ffff","mii":7,"trt":0.0,"glp1":0.0,"pharmacy":0.0,"gym":0.0,"n":0},"geometry":{"type":"Polygon","coordinates":[[[-96.95877,32.80291],[-96.95737,32.80439],[-96.95822,32.80619],[-96.96047,32.8065],[-96.96187,32.80502],[-96.96102,32.80322],[-96.95877,32.80291]]]}},{"type":"Feature","properties":{"h3":"8926c86eb43ffff","mii":7,"trt":0.0,"glp1":0.0,"pharmacy":0.0,"gym":0.0,"n":0},"geometry":{"type":"Polygon","coordinates":[[[-96.96242,32.80174],[-96.96102,32.80322],[-96.96187,32.80502],[-96.96412,32.80533],[-96.96551,32.80385],[-96.96466,32.80205],[-96.96242,32.80174]]]}},{"type":"Feature","properties":{"h3":"8926c86eb4fffff","mii":7,"trt":0.0,"glp1":0.0,"pharmacy":0.0,"gym":0.0,"n":0},"geometry":{"type":"Polygon","coordinates":[[[-96.96297,32.79845],[-96.96157,32.79994],[-96.96242,32.80174],[-96.96466,32.80205],[-96.96606,32.80057],[-96.96521,32.79877],[-96.96297,32.79845]]]}},{"type":"Feature","properties":{"h3":"8926c86eb7bffff","mii":7,"trt":0.0,"glp1":0.0,"pharmacy":0.0,"gym":0.0,"n":0},"geometry":{"type":"Polygon","coordinates":[[[-96.95987,32.79634],[-96.95847,32.79782],[-96.95932,32.79962],[-96.96157,32.79994],[-96.96297,32.79845],[-96.96212,32.79666],[-96.95987,32.79634]]]}},{"type":"Feature","properties":{"h3":"8926c86eb73ffff","mii":7,"trt":0.0,"glp1":0.0,"pharmacy":0.0,"gym":0.0,"n":0},"geometry":{"type":"Polygon","coordinates":[[[-96.95622,32.79751],[-96.95483,32.79899],[-96.95567,32.80079],[-96.95792,32.80111],[-96.95932,32.79962],[-96.95847,32.79782],[-96.95622,32.79751]]]}},{"type":"Feature","properties":{"h3":"8926c86eb0bffff","mii":7,"trt":0.0,"glp1":0.0,"pharmacy":0.0,"gym":0.0,"n":0},"geometry":{"type":"Polygon","coordinates":[[[-96.95567,32.80079],[-96.95428,32.80227],[-96.95512,32.80407],[-96.95737,32.80439],[-96.95877,32.80291],[-96.95792,32.80111],[-96.95567,32.80079]]]}},{"type":"Feature","properties":{"h3":"8926cb970b7ffff","mii":7,"trt":0.0,"glp1":1.1,"pharmacy":0.0,"gym":0.0,"n":2},"geometry":{"type":"Polygon","coordinates":[[[-96.56493,32.72686],[-96.56353,32.72834],[-96.56437,32.73014],[-96.56661,32.73046],[-96.56801,32.72898],[-96.56717,32.72718],[-96.56493,32.72686]]]}},{"type":"Feature","properties":{"h3":"8926cb8f60fffff","mii":7,"trt":0.0,"glp1":0.0,"pharmacy":0.0,"gym":0.0,"n":0},"geometry":{"type":"Polygon","coordinates":[[[-96.80653,32.5193],[-96.80514,32.52078],[-96.80598,32.52258],[-96.80822,32.5229],[-96.80962,32.52141],[-96.80877,32.51961],[-96.80653,32.5193]]]}},{"type":"Feature","properties":{"h3":"8926cb8f673ffff","mii":7,"trt":0.0,"glp1":0.0,"pharmacy":0.0,"gym":0.0,"n":0},"geometry":{"type":"Polygon","coordinates":[[[-96.81017,32.51813],[-96.80877,32.51961],[-96.80962,32.52141],[-96.81186,32.52173],[-96.81325,32.52025],[-96.81241,32.51844],[-96.81017,32.51813]]]}},{"type":"Feature","properties":{"h3":"8926cb8f663ffff","mii":7,"trt":0.0,"glp1":0.0,"pharmacy":0.0,"gym":0.0,"n":0},"geometry":{"type":"Polygon","coordinates":[[[-96.81072,32.51484],[-96.80933,32.51633],[-96.81017,32.51813],[-96.81241,32.51844],[-96.8138,32.51696],[-96.81296,32.51516],[-96.81072,32.51484]]]}},{"type":"Feature","properties":{"h3":"8926cb8f667ffff","mii":7,"trt":0.0,"glp1":0.0,"pharmacy":0.0,"gym":0.0,"n":0},"geometry":{"type":"Polygon","coordinates":[[[-96.80764,32.51273],[-96.80624,32.51421],[-96.80709,32.51601],[-96.80933,32.51633],[-96.81072,32.51484],[-96.80988,32.51304],[-96.80764,32.51273]]]}},{"type":"Feature","properties":{"h3":"8926cb8f62bffff","mii":7,"trt":0.0,"glp1":0.0,"pharmacy":0.0,"gym":0.0,"n":0},"geometry":{"type":"Polygon","coordinates":[[[-96.804,32.51389],[-96.80261,32.51538],[-96.80345,32.51718],[-96.80569,32.51749],[-96.80709,32.51601],[-96.80624,32.51421],[-96.804,32.51389]]]}},{"type":"Feature","properties":{"h3":"8926cb8f63bffff","mii":7,"trt":0.0,"glp1":0.0,"pharmacy":0.0,"gym":0.0,"n":0},"geometry":{"type":"Polygon","coordinates":[[[-96.80345,32.51718],[-96.80205,32.51866],[-96.8029,32.52046],[-96.80514,32.52078],[-96.80653,32.5193],[-96.80569,32.51749],[-96.80345,32.51718]]]}},{"type":"Feature","properties":{"h3":"8926cb97253ffff","mii":7,"trt":0.0,"glp1":1.1,"pharmacy":0.0,"gym":0.0,"n":2},"geometry":{"type":"Polygon","coordinates":[[[-96.61421,32.72049],[-96.61281,32.72197],[-96.61365,32.72377],[-96.61589,32.72409],[-96.61729,32.72261],[-96.61645,32.72081],[-96.61421,32.72049]]]}},{"type":"Feature","properties":{"h3":"8926c95ac3bffff","mii":7,"trt":0.0,"glp1":1.1,"pharmacy":0.0,"gym":0.0,"n":2},"geometry":{"type":"Polygon","coordinates":[[[-96.28257,32.74809],[-96.28117,32.74957],[-96.282,32.75137],[-96.28424,32.7517],[-96.28564,32.75022],[-96.2848,32.74842],[-96.28257,32.74809]]]}},{"type":"Feature","properties":{"h3":"8926c864dafffff","mii":7,"trt":0.0,"glp1":0.0,"pharmacy":0.0,"gym":0.0,"n":0},"geometry":{"type":"Polygon","coordinates":[[[-96.76742,32.833],[-96.76602,32.83448],[-96.76687,32.83628],[-96.76911,32.8366],[-96.77051,32.83512],[-96.76967,32.83332],[-96.76742,32.833]]]}},{"type":"Feature","properties":{"h3":"8926c864d33ffff","mii":7,"trt":0.0,"glp1":0.0,"pharmacy":0.0,"gym":0.0,"n":0},"geometry":{"type":"Polygon","coordinates":[[[-96.77107,32.83184],[-96.76967,32.83332],[-96.77051,32.83512],[-96.77276,32.83544],[-96.77416,32.83396],[-96.77331,32.83216],[-96.77107,32.83184]]]}},{"type":"Feature","properties":{"h3":"8926c864d23ffff","mii":7,"trt":0.0,"glp1":0.0,"pharmacy":0.0,"gym":0.0,"n":0},"geometry":{"type":"Polygon","coordinates":[[[-96.77162,32.82856],[-96.77022,32.83004],[-96.77107,32.83184],[-96.77331,32.83216],[-96.77471,32.83068],[-96.77387,32.82888],[-96.77162,32.82856]]]}},{"type":"Feature","properties":{"h3":"8926c864d27ffff","mii":7,"trt":0.0,"glp1":0.0,"pharmacy":0.0,"gym":0.0,"n":0},"geometry":{"type":"Polygon","coordinates":[[[-96.76853,32.82644],[-96.76713,32.82792],[-96.76798,32.82972],[-96.77022,32.83004],[-96.77162,32.82856],[-96.77078,32.82676],[-96.76853,32.82644]]]}},{"type":"Feature","properties":{"h3":"8926cb932cbffff","mii":7,"trt":0.0,"glp1":0.0,"pharmacy":0.0,"gym":0.0,"n":0},"geometry":{"type":"Polygon","coordinates":[[[-96.76489,32.8276],[-96.76349,32.82908],[-96.76433,32.83088],[-96.76658,32.8312],[-96.76798,32.82972],[-96.76713,32.82792],[-96.76489,32.8276]]]}},{"type":"Feature","properties":{"h3":"8926cb932dbffff","mii":7,"trt":0.0,"glp1":0.0,"pharmacy":0.0,"gym":0.0,"n":0},"geometry":{"type":"Polygon","coordinates":[[[-96.76433,32.83088],[-96.76293,32.83236],[-96.76378,32.83416],[-96.76602,32.83448],[-96.76742,32.833],[-96.76658,32.8312],[-96.76433,32.83088]]]}},{"type":"Feature","properties":{"h3":"8926c864d63ffff","mii":7,"trt":0.0,"glp1":0.0,"pharmacy":0.0,"gym":0.0,"n":0},"geometry":{"type":"Polygon","coordinates":[[[-96.782,32.82835],[-96.7806,32.82983],[-96.78145,32.83163],[-96.78369,32.83195],[-96.78509,32.83047],[-96.78425,32.82867],[-96.782,32.82835]]]}},{"type":"Feature","properties":{"h3":"8926c864d6bffff","mii":7,"trt":0.0,"glp1":0.0,"pharmacy":0.0,"gym":0.0,"n":0},"geometry":{"type":"Polygon","coordinates":[[[-96.78565,32.82719],[-96.78425,32.82867],[-96.78509,32.83047],[-96.78734,32.83079],[-96.78874,32.82931],[-96.78789,32.82751],[-96.78565,32.82719]]]}},{"type":"Feature","properties":{"h3":"8926c8649d3ffff","mii":7,"trt":0.0,"glp1":0.0,"pharmacy":0.0,"gym":0.0,"n":0},"geometry":{"type":"Polygon","coordinates":[[[-96.7862,32.82391],[-96.7848,32.82539],[-96.78565,32.82719],[-96.78789,32.82751],[-96.78929,32.82603],[-96.78845,32.82423],[-96.7862,32.82391]]]}},{"type":"Feature","properties":{"h3":"8926c8649d7ffff","mii":7,"trt":0.0,"glp1":0.0,"pharmacy":0.0,"gym":0.0,"n":0},"geometry":{"type":"Polygon","coordinates":[[[-96.78311,32.8218],[-96.78171,32.82328],[-96.78256,32.82507],[-96.7848,32.82539],[-96.7862,32.82391],[-96.78536,32.82211],[-96.78311,32.8218]]]}},{"type":"Feature","properties":{"h3":"8926c86499bffff","mii":7,"trt":0.0,"glp1":0.0,"pharmacy":0.0,"gym":0.0,"n":0},"geometry":{"type":"Polygon","coordinates":[[[-96.77947,32.82296],[-96.77807,32.82444],[-96.77891,32.82624],[-96.78116,32.82656],[-96.78256,32.82507],[-96.78171,32.82328],[-96.77947,32.82296]]]}},{"type":"Feature","properties":{"h3":"8926c864d67ffff","mii":7,"trt":0.0,"glp1":0.0,"pharmacy":0.0,"gym":0.0,"n":0},"geometry":{"type":"Polygon","coordinates":[[[-96.77891,32.82624],[-96.77751,32.82772],[-96.77836,32.82952],[-96.7806,32.82983],[-96.782,32.82835],[-96.78116,32.82656],[-96.77891,32.82624]]]}},{"type":"Feature","properties":{"h3":"8926cb91383ffff","mii":7,"trt":0.0,"glp1":0.0,"pharmacy":0.0,"gym":0.0,"n":0},"geometry":{"type":"Polygon","coordinates":[[[-96.76251,32.7601],[-96.76111,32.76158],[-96.76195,32.76338],[-96.7642,32.7637],[-96.7656,32.76222],[-96.76475,32.76042],[-96.76251,32.7601]]]}},{"type":"Feature","properties":{"h3":"8926cb9138bffff","mii":7,"trt":0.0,"glp1":0.0,"pharmacy":0.0,"gym":0.0,"n":0},"geometry":{"type":"Polygon","coordinates":[[[-96.76615,32.75894],[-96.76475,32.76042],[-96.7656,32.76222],[-96.76784,32.76253],[-96.76924,32.76105],[-96.7684,32.75925],[-96.76615,32.75894]]]}},{"type":"Feature","properties":{"h3":"8926cb91313ffff","mii":7,"trt":0.0,"glp1":0.0,"pharmacy":0.0,"gym":0.0,"n":0},"geometry":{"type":"Polygon","coordinates":[[[-96.76671,32.75565],[-96.76531,32.75714],[-96.76615,32.75894],[-96.7684,32.75925],[-96.76979,32.75777],[-96.76895,32.75597],[-96.76671,32.75565]]]}},{"type":"Feature","properties":{"h3":"8926cb91317ffff","mii":7,"trt":0.0,"glp1":0.0,"pharmacy":0.0,"gym":0.0,"n":0},"geometry":{"type":"Polygon","coordinates":[[[-96.76362,32.75354],[-96.76222,32.75502],[-96.76306,32.75682],[-96.76531,32.75714],[-96.76671,32.75565],[-96.76586,32.75386],[-96.76362,32.75354]]]}},{"type":"Feature","properties":{"h3":"8926cb913bbffff","mii":7,"trt":0.0,"glp1":0.0,"pharmacy":0.0,"gym":0.0,"n":0},"geometry":{"type":"Polygon","coordinates":[[[-96.75997,32.7547],[-96.75858,32.75618],[-96.75942,32.75798],[-96.76166,32.7583],[-96.76306,32.75682],[-96.76222,32.75502],[-96.75997,32.7547]]]}},{"type":"Feature","properties":{"h3":"8926cb91387ffff","mii":7,"trt":0.0,"glp1":0.0,"pharmacy":0.0,"gym":0.0,"n":0},"geometry":{"type":"Polygon","coordinates":[[[-96.75942,32.75798],[-96.75802,32.75946],[-96.75887,32.76126],[-96.76111,32.76158],[-96.76251,32.7601],[-96.76166,32.7583],[-96.75942,32.75798]]]}},{"type":"Feature","properties":{"h3":"8926cb910d3ffff","mii":7,"trt":0.0,"glp1":1.1,"pharmacy":0.0,"gym":0.0,"n":2},"geometry":{"type":"Polygon","coordinates":[[[-96.76845,32.78613],[-96.76705,32.78761],[-96.76789,32.78941],[-96.77014,32.78973],[-96.77154,32.78825],[-96.77069,32.78645],[-96.76845,32.78613]]]}},{"type":"Feature","properties":{"h3":"8926cb9b5b7ffff","mii":7,"trt":0.0,"glp1":1.1,"pharmacy":0.0,"gym":0.0,"n":2},"geometry":{"type":"Polygon","coordinates":[[[-96.86915,32.7819],[-96.86776,32.78339],[-96.8686,32.78518],[-96.87085,32.7855],[-96.87225,32.78402],[-96.8714,32.78222],[-96.86915,32.7819]]]}},{"type":"Feature","properties":{"h3":"8926cb9118bffff","mii":7,"trt":0.0,"glp1":1.1,"pharmacy":0.0,"gym":0.0,"n":2},"geometry":{"type":"Polygon","coordinates":[[[-96.74065,32.76707],[-96.73925,32.76855],[-96.7401,32.77035],[-96.74234,32.77067],[-96.74374,32.76919],[-96.74289,32.76739],[-96.74065,32.76707]]]}},{"type":"Feature","properties":{"h3":"8926cb9a43bffff","mii":7,"trt":0.0,"glp1":1.1,"pharmacy":0.0,"gym":0.0,"n":2},"geometry":{"type":"Polygon","coordinates":[[[-96.82962,32.79144],[-96.82822,32.79292],[-96.82906,32.79472],[-96.83131,32.79503],[-96.83271,32.79355],[-96.83186,32.79175],[-96.82962,32.79144]]]}},{"type":"Feature","properties":{"h3":"8926c806333ffff","mii":7,"trt":0.0,"glp1":0.0,"pharmacy":0.0,"gym":0.0,"n":0},"geometry":{"type":"Polygon","coordinates":[[[-96.57292,33.28477],[-96.57152,33.28624],[-96.57236,33.28804],[-96.57461,33.28836],[-96.57602,33.28689],[-96.57518,33.2851],[-96.57292,33.28477]]]}},{"type":"Feature","properties":{"h3":"8926c80633bffff","mii":7,"trt":0.0,"glp1":0.0,"pharmacy":0.0,"gym":0.0,"n":0},"geometry":{"type":"Polygon","coordinates":[[[-96.57658,33.28362],[-96.57518,33.2851],[-96.57602,33.28689],[-96.57827,33.28722],[-96.57968,33.28574],[-96.57883,33.28395],[-96.57658,33.28362]]]}},{"type":"Feature","properties":{"h3":"8926c80632bffff","mii":7,"trt":0.0,"glp1":0.0,"pharmacy":0.0,"gym":0.0,"n":0},"geometry":{"type":"Polygon","coordinates":[[[-96.57714,33.28036],[-96.57574,33.28183],[-96.57658,33.28362],[-96.57883,33.28395],[-96.58024,33.28248],[-96.5794,33.28068],[-96.57714,33.28036]]]}},{"type":"Feature","properties":{"h3":"8926c80632fffff","mii":7,"trt":0.0,"glp1":0.0,"pharmacy":0.0,"gym":0.0,"n":0},"geometry":{"type":"Polygon","coordinates":[[[-96.57405,33.27823],[-96.57264,33.27971],[-96.57349,33.2815],[-96.57574,33.28183],[-96.57714,33.28036],[-96.5763,33.27856],[-96.57405,33.27823]]]}},{"type":"Feature","properties":{"h3":"8926c806327ffff","mii":7,"trt":0.0,"glp1":0.0,"pharmacy":0.0,"gym":0.0,"n":0},"geometry":{"type":"Polygon","coordinates":[[[-96.57039,33.27938],[-96.56898,33.28086],[-96.56983,33.28265],[-96.57208,33.28298],[-96.57349,33.2815],[-96.57264,33.27971],[-96.57039,33.27938]]]}},{"type":"Feature","properties":{"h3":"8926c806337ffff","mii":7,"trt":0.0,"glp1":0.0,"pharmacy":0.0,"gym":0.0,"n":0},"geometry":{"type":"Polygon","coordinates":[[[-96.56983,33.28265],[-96.56842,33.28412],[-96.56927,33.28592],[-96.57152,33.28624],[-96.57292,33.28477],[-96.57208,33.28298],[-96.56983,33.28265]]]}},{"type":"Feature","properties":{"h3":"8926cbd5c0fffff","mii":7,"trt":0.0,"glp1":0.0,"pharmacy":0.0,"gym":0.0,"n":0},"geometry":{"type":"Polygon","coordinates":[[[-97.0776,32.62793],[-97.07621,32.62942],[-97.07706,32.63122],[-97.0793,32.63153],[-97.0807,32.63004],[-97.07985,32.62824],[-97.0776,32.62793]]]}},{"type":"Feature","properties":{"h3":"8926cbd5c73ffff","mii":7,"trt":0.0,"glp1":0.0,"pharmacy":0.0,"gym":0.0,"n":0},"geometry":{"type":"Polygon","coordinates":[[[-97.08124,32.62676],[-97.07985,32.62824],[-97.0807,32.63004],[-97.08295,32.63035],[-97.08434,32.62887],[-97.08349,32.62707],[-97.08124,32.62676]]]}},{"type":"Feature","properties":{"h3":"8926cbd5c63ffff","mii":7,"trt":0.0,"glp1":0.0,"pharmacy":0.0,"gym":0.0,"n":0},"geometry":{"type":"Polygon","coordinates":[[[-97.08179,32.62347],[-97.08039,32.62496],[-97.08124,32.62676],[-97.08349,32.62707],[-97.08489,32.62558],[-97.08404,32.62378],[-97.08179,32.62347]]]}},{"type":"Feature","properties":{"h3":"8926cbd5c67ffff","mii":7,"trt":0.0,"glp1":0.0,"pharmacy":0.0,"gym":0.0,"n":0},"geometry":{"type":"Polygon","coordinates":[[[-97.07869,32.62136],[-97.0773,32.62284],[-97.07815,32.62464],[-97.08039,32.62496],[-97.08179,32.62347],[-97.08094,32.62167],[-97.07869,32.62136]]]}},{"type":"Feature","properties":{"h3":"8926cbd5c2bffff","mii":7,"trt":0.0,"glp1":0.0,"pharmacy":0.0,"gym":0.0,"n":0},"geometry":{"type":"Polygon","coordinates":[[[-97.07505,32.62253],[-97.07366,32.62402],[-97.07451,32.62582],[-97.07675,32.62613],[-97.07815,32.62464],[-97.0773,32.62284],[-97.07505,32.62253]]]}},{"type":"Feature","properties":{"h3":"8926cbd5c3bffff","mii":7,"trt":0.0,"glp1":0.0,"pharmacy":0.0,"gym":0.0,"n":0},"geometry":{"type":"Polygon","coordinates":[[[-97.07451,32.62582],[-97.07311,32.62731],[-97.07396,32.62911],[-97.07621,32.62942],[-97.0776,32.62793],[-97.07675,32.62613],[-97.07451,32.62582]]]}},{"type":"Feature","properties":{"h3":"8926cb52457ffff","mii":7,"trt":0.0,"glp1":1.1,"pharmacy":0.0,"gym":0.0,"n":2},"geometry":{"type":"Polygon","coordinates":[[[-97.40096,32.46384],[-97.39956,32.46534],[-97.40042,32.46714],[-97.40267,32.46744],[-97.40406,32.46595],[-97.4032,32.46415],[-97.40096,32.46384]]]}},{"type":"Feature","properties":{"h3":"8926cbc2c03ffff","mii":7,"trt":0.0,"glp1":0.0,"pharmacy":0.0,"gym":0.0,"n":0},"geometry":{"type":"Polygon","coordinates":[[[-97.14973,32.62954],[-97.14833,32.63102],[-97.14918,32.63282],[-97.15143,32.63314],[-97.15283,32.63165],[-97.15197,32.62985],[-97.14973,32.62954]]]}},{"type":"Feature","properties":{"h3":"8926cbc2c0bffff","mii":7,"trt":0.0,"glp1":0.0,"pharmacy":0.0,"gym":0.0,"n":0},"geometry":{"type":"Polygon","coordinates":[[[-97.15337,32.62836],[-97.15197,32.62985],[-97.15283,32.63165],[-97.15507,32.63196],[-97.15647,32.63047],[-97.15562,32.62867],[-97.15337,32.62836]]]}},{"type":"Feature","properties":{"h3":"8926cbc2c73ffff","mii":7,"trt":0.0,"glp1":0.0,"pharmacy":0.0,"gym":0.0,"n":0},"geometry":{"type":"Polygon","coordinates":[[[-97.15391,32.62507],[-97.15252,32.62656],[-97.15337,32.62836],[-97.15562,32.62867],[-97.15701,32.62718],[-97.15616,32.62538],[-97.15391,32.62507]]]}},{"type":"Feature","properties":{"h3":"8926cbc2c77ffff","mii":7,"trt":0.0,"glp1":0.0,"pharmacy":0.0,"gym":0.0,"n":0},"geometry":{"type":"Polygon","coordinates":[[[-97.15081,32.62296],[-97.14942,32.62445],[-97.15027,32.62625],[-97.15252,32.62656],[-97.15391,32.62507],[-97.15306,32.62327],[-97.15081,32.62296]]]}},{"type":"Feature","properties":{"h3":"8926cbc2c3bffff","mii":7,"trt":0.0,"glp1":0.0,"pharmacy":0.0,"gym":0.0,"n":0},"geometry":{"type":"Polygon","coordinates":[[[-97.14717,32.62414],[-97.14578,32.62563],[-97.14663,32.62743],[-97.14888,32.62774],[-97.15027,32.62625],[-97.14942,32.62445],[-97.14717,32.62414]]]}},{"type":"Feature","properties":{"h3":"8926cbc2c07ffff","mii":7,"trt":0.0,"glp1":0.0,"pharmacy":0.0,"gym":0.0,"n":0},"geometry":{"type":"Polygon","coordinates":[[[-97.14663,32.62743],[-97.14523,32.62891],[-97.14608,32.63071],[-97.14833,32.63102],[-97.14973,32.62954],[-97.14888,32.62774],[-97.14663,32.62743]]]}},{"type":"Feature","properties":{"h3":"8926cbc34d3ffff","mii":7,"trt":0.0,"glp1":1.1,"pharmacy":0.0,"gym":0.0,"n":2},"geometry":{"type":"Polygon","coordinates":[[[-97.26719,32.69115],[-97.2658,32.69264],[-97.26665,32.69444],[-97.2689,32.69475],[-97.2703,32.69326],[-97.26944,32.69146],[-97.26719,32.69115]]]}},{"type":"Feature","properties":{"h3":"8926cbdaac3ffff","mii":7,"trt":0.0,"glp1":0.0,"pharmacy":0.0,"gym":0.0,"n":0},"geometry":{"type":"Polygon","coordinates":[[[-97.33674,32.7091],[-97.33534,32.71059],[-97.3362,32.71239],[-97.33845,32.7127],[-97.33985,32.71121],[-97.33899,32.70941],[-97.33674,32.7091]]]}},{"type":"Feature","properties":{"h3":"8926cbdaacbffff","mii":7,"trt":0.0,"glp1":0.0,"pharmacy":0.0,"gym":0.0,"n":0},"geometry":{"type":"Polygon","coordinates":[[[-97.34038,32.70792],[-97.33899,32.70941],[-97.33985,32.71121],[-97.3421,32.71152],[-97.34349,32.71003],[-97.34264,32.70823],[-97.34038,32.70792]]]}},{"type":"Feature","properties":{"h3":"8926cbdaa53ffff","mii":7,"trt":0.0,"glp1":0.0,"pharmacy":0.0,"gym":0.0,"n":0},"geometry":{"type":"Polygon","coordinates":[[[-97.34092,32.70463],[-97.33953,32.70612],[-97.34038,32.70792],[-97.34264,32.70823],[-97.34403,32.70674],[-97.34317,32.70494],[-97.34092,32.70463]]]}},{"type":"Feature","properties":{"h3":"8926cbdaa57ffff","mii":7,"trt":0.0,"glp1":0.0,"pharmacy":0.0,"gym":0.0,"n":0},"geometry":{"type":"Polygon","coordinates":[[[-97.33782,32.70253],[-97.33642,32.70402],[-97.33728,32.70582],[-97.33953,32.70612],[-97.34092,32.70463],[-97.34007,32.70284],[-97.33782,32.70253]]]}},{"type":"Feature","properties":{"h3":"8926cbdaa1bffff","mii":7,"trt":0.0,"glp1":0.0,"pharmacy":0.0,"gym":0.0,"n":0},"geometry":{"type":"Polygon","coordinates":[[[-97.33417,32.70371],[-97.33277,32.7052],[-97.33363,32.707],[-97.33588,32.70731],[-97.33728,32.70582],[-97.33642,32.70402],[-97.33417,32.70371]]]}},{"type":"Feature","properties":{"h3":"8926cbdaac7ffff","mii":7,"trt":0.0,"glp1":0.0,"pharmacy":0.0,"gym":0.0,"n":0},"geometry":{"type":"Polygon","coordinates":[[[-97.33363,32.707],[-97.33224,32.70849],[-97.33309,32.71029],[-97.33534,32.71059],[-97.33674,32.7091],[-97.33588,32.70731],[-97.33363,32.707]]]}},{"type":"Feature","properties":{"h3":"8926cbd3273ffff","mii":7,"trt":0.0,"glp1":1.1,"pharmacy":0.0,"gym":0.0,"n":2},"geometry":{"type":"Polygon","coordinates":[[[-97.26905,32.8057],[-97.26766,32.80719],[-97.26851,32.80899],[-97.27077,32.8093],[-97.27216,32.80781],[-97.27131,32.80601],[-97.26905,32.8057]]]}},{"type":"Feature","properties":{"h3":"8926caacc47ffff","mii":7,"trt":0.0,"glp1":1.1,"pharmacy":0.0,"gym":0.0,"n":2},"geometry":{"type":"Polygon","coordinates":[[[-97.49455,32.77938],[-97.49315,32.78087],[-97.49401,32.78267],[-97.49627,32.78297],[-97.49766,32.78148],[-97.4968,32.77968],[-97.49455,32.77938]]]}},{"type":"Feature","properties":{"h3":"8926c84414bffff","mii":7,"trt":0.0,"glp1":1.1,"pharmacy":0.0,"gym":0.0,"n":2},"geometry":{"type":"Polygon","coordinates":[[[-97.11179,33.23206],[-97.11039,33.23354],[-97.11124,33.23534],[-97.1135,33.23565],[-97.11491,33.23417],[-97.11405,33.23237],[-97.11179,33.23206]]]}},{"type":"Feature","properties":{"h3":"8926c875db7ffff","mii":6,"trt":0.0,"glp1":0.0,"pharmacy":0.0,"gym":0.0,"n":0},"geometry":{"type":"Polygon","coordinates":[[[-96.80878,32.99663],[-96.80738,32.99811],[-96.80822,32.9999],[-96.81047,33.00022],[-96.81188,32.99874],[-96.81103,32.99695],[-96.80878,32.99663]]]}},{"type":"Feature","properties":{"h3":"8926c875da3ffff","mii":6,"trt":0.0,"glp1":0.0,"pharmacy":0.0,"gym":0.0,"n":0},"geometry":{"type":"Polygon","coordinates":[[[-96.81243,32.99547],[-96.81103,32.99695],[-96.81188,32.99874],[-96.81413,32.99906],[-96.81553,32.99758],[-96.81468,32.99579],[-96.81243,32.99547]]]}},{"type":"Feature","properties":{"h3":"8926c875dafffff","mii":6,"trt":0.0,"glp1":0.0,"pharmacy":0.0,"gym":0.0,"n":0},"geometry":{"type":"Polygon","coordinates":[[[-96.81298,32.99219],[-96.81158,32.99367],[-96.81243,32.99547],[-96.81468,32.99579],[-96.81608,32.99431],[-96.81523,32.99251],[-96.81298,32.99219]]]}},{"type":"Feature","properties":{"h3":"8926c874adbffff","mii":6,"trt":0.0,"glp1":0.0,"pharmacy":0.0,"gym":0.0,"n":0},"geometry":{"type":"Polygon","coordinates":[[[-96.80989,32.99007],[-96.80849,32.99155],[-96.80933,32.99335],[-96.81158,32.99367],[-96.81298,32.99219],[-96.81214,32.99039],[-96.80989,32.99007]]]}},{"type":"Feature","properties":{"h3":"8926c874ad3ffff","mii":6,"trt":0.0,"glp1":0.0,"pharmacy":0.0,"gym":0.0,"n":0},"geometry":{"type":"Polygon","coordinates":[[[-96.80624,32.99123],[-96.80484,32.99271],[-96.80568,32.99451],[-96.80793,32.99483],[-96.80933,32.99335],[-96.80849,32.99155],[-96.80624,32.99123]]]}},{"type":"Feature","properties":{"h3":"8926c874e6bffff","mii":6,"trt":0.0,"glp1":0.0,"pharmacy":0.0,"gym":0.0,"n":0},"geometry":{"type":"Polygon","coordinates":[[[-96.80568,32.99451],[-96.80428,32.99599],[-96.80513,32.99779],[-96.80738,32.99811],[-96.80878,32.99663],[-96.80793,32.99483],[-96.80568,32.99451]]]}},{"type":"Feature","properties":{"h3":"8926c8298d7ffff","mii":6,"trt":0.0,"glp1":0.0,"pharmacy":0.0,"gym":0.0,"n":0},"geometry":{"type":"Polygon","coordinates":[[[-96.69877,32.89206],[-96.69737,32.89354],[-96.69822,32.89534],[-96.70046,32.89566],[-96.70186,32.89418],[-96.70102,32.89238],[-96.69877,32.89206]]]}},{"type":"Feature","properties":{"h3":"8926c8298c3ffff","mii":6,"trt":0.0,"glp1":0.0,"pharmacy":0.0,"gym":0.0,"n":0},"geometry":{"type":"Polygon","coordinates":[[[-96.70242,32.8909],[-96.70102,32.89238],[-96.70186,32.89418],[-96.70411,32.8945],[-96.70551,32.89302],[-96.70466,32.89122],[-96.70242,32.8909]]]}},{"type":"Feature","properties":{"h3":"8926c8298cfffff","mii":6,"trt":0.0,"glp1":0.0,"pharmacy":0.0,"gym":0.0,"n":0},"geometry":{"type":"Polygon","coordinates":[[[-96.70298,32.88762],[-96.70157,32.8891],[-96.70242,32.8909],[-96.70466,32.89122],[-96.70607,32.88974],[-96.70522,32.88794],[-96.70298,32.88762]]]}},{"type":"Feature","properties":{"h3":"8926c82981bffff","mii":6,"trt":0.0,"glp1":0.0,"pharmacy":0.0,"gym":0.0,"n":0},"geometry":{"type":"Polygon","coordinates":[[[-96.69989,32.88551],[-96.69848,32.88698],[-96.69933,32.88878],[-96.70157,32.8891],[-96.70298,32.88762],[-96.70213,32.88583],[-96.69989,32.88551]]]}},{"type":"Feature","properties":{"h3":"8926c829813ffff","mii":6,"trt":0.0,"glp1":0.0,"pharmacy":0.0,"gym":0.0,"n":0},"geometry":{"type":"Polygon","coordinates":[[[-96.69624,32.88666],[-96.69484,32.88814],[-96.69568,32.88994],[-96.69793,32.89026],[-96.69933,32.88878],[-96.69848,32.88698],[-96.69624,32.88666]]]}},{"type":"Feature","properties":{"h3":"8926c82988bffff","mii":6,"trt":0.0,"glp1":0.0,"pharmacy":0.0,"gym":0.0,"n":0},"geometry":{"type":"Polygon","coordinates":[[[-96.69568,32.88994],[-96.69428,32.89142],[-96.69513,32.89322],[-96.69737,32.89354],[-96.69877,32.89206],[-96.69793,32.89026],[-96.69568,32.88994]]]}},{"type":"Feature","properties":{"h3":"8926c865d67ffff","mii":6,"trt":0.0,"glp1":0.0,"pharmacy":0.0,"gym":0.0,"n":0},"geometry":{"type":"Polygon","coordinates":[[[-96.85159,32.82477],[-96.8502,32.82625],[-96.85104,32.82805],[-96.85329,32.82837],[-96.85469,32.82688],[-96.85384,32.82509],[-96.85159,32.82477]]]}},{"type":"Feature","properties":{"h3":"8926c865d6fffff","mii":6,"trt":0.0,"glp1":0.0,"pharmacy":0.0,"gym":0.0,"n":0},"geometry":{"type":"Polygon","coordinates":[[[-96.85524,32.8236],[-96.85384,32.82509],[-96.85469,32.82688],[-96.85693,32.8272],[-96.85833,32.82572],[-96.85749,32.82392],[-96.85524,32.8236]]]}},{"type":"Feature","properties":{"h3":"8926c8659d7ffff","mii":6,"trt":0.0,"glp1":0.0,"pharmacy":0.0,"gym":0.0,"n":0},"geometry":{"type":"Polygon","coordinates":[[[-96.85579,32.82032],[-96.85439,32.82181],[-96.85524,32.8236],[-96.85749,32.82392],[-96.85889,32.82244],[-96.85804,32.82064],[-96.85579,32.82032]]]}},{"type":"Feature","properties":{"h3":"8926c865993ffff","mii":6,"trt":0.0,"glp1":0.0,"pharmacy":0.0,"gym":0.0,"n":0},"geometry":{"type":"Polygon","coordinates":[[[-96.8485,32.82265],[-96.8471,32.82413],[-96.84795,32.82593],[-96.8502,32.82625],[-96.85159,32.82477],[-96.85075,32.82297],[-96.8485,32.82265]]]}},{"type":"Feature","properties":{"h3":"8926c82a5d3ffff","mii":6,"trt":0.0,"glp1":0.0,"pharmacy":0.0,"gym":0.0,"n":0},"geometry":{"type":"Polygon","coordinates":[[[-96.60963,33.01017],[-96.60822,33.01165],[-96.60907,33.01345],[-96.61131,33.01377],[-96.61272,33.01229],[-96.61187,33.01049],[-96.60963,33.01017]]]}},{"type":"Feature","properties":{"h3":"8926c82a5dbffff","mii":6,"trt":0.0,"glp1":0.0,"pharmacy":0.0,"gym":0.0,"n":0},"geometry":{"type":"Polygon","coordinates":[[[-96.61328,33.00902],[-96.61187,33.01049],[-96.61272,33.01229],[-96.61496,33.01261],[-96.61637,33.01114],[-96.61552,33.00934],[-96.61328,33.00902]]]}},{"type":"Feature","properties":{"h3":"8926c82a5cbffff","mii":6,"trt":0.0,"glp1":0.0,"pharmacy":0.0,"gym":0.0,"n":0},"geometry":{"type":"Polygon","coordinates":[[[-96.61383,33.00574],[-96.61243,33.00722],[-96.61328,33.00902],[-96.61552,33.00934],[-96.61692,33.00786],[-96.61608,33.00607],[-96.61383,33.00574]]]}},{"type":"Feature","properties":{"h3":"8926c82a5cfffff","mii":6,"trt":0.0,"glp1":0.0,"pharmacy":0.0,"gym":0.0,"n":0},"geometry":{"type":"Polygon","coordinates":[[[-96.61074,33.00362],[-96.60934,33.0051],[-96.61019,33.0069],[-96.61243,33.00722],[-96.61383,33.00574],[-96.61299,33.00395],[-96.61074,33.00362]]]}},{"type":"Feature","properties":{"h3":"8926c82a5c7ffff","mii":6,"trt":0.0,"glp1":0.0,"pharmacy":0.0,"gym":0.0,"n":0},"geometry":{"type":"Polygon","coordinates":[[[-96.6071,33.00478],[-96.60569,33.00625],[-96.60654,33.00805],[-96.60878,33.00837],[-96.61019,33.0069],[-96.60934,33.0051],[-96.6071,33.00478]]]}},{"type":"Feature","properties":{"h3":"8926c82a5d7ffff","mii":6,"trt":0.0,"glp1":0.0,"pharmacy":0.0,"gym":0.0,"n":0},"geometry":{"type":"Polygon","coordinates":[[[-96.60654,33.00805],[-96.60513,33.00953],[-96.60598,33.01133],[-96.60822,33.01165],[-96.60963,33.01017],[-96.60878,33.00837],[-96.60654,33.00805]]]}},{"type":"Feature","properties":{"h3":"8926c864933ffff","mii":6,"trt":0.0,"glp1":0.0,"pharmacy":0.0,"gym":0.0,"n":0},"geometry":{"type":"Polygon","coordinates":[[[-96.77495,32.80888],[-96.77355,32.81036],[-96.77439,32.81216],[-96.77664,32.81248],[-96.77804,32.811],[-96.77719,32.8092],[-96.77495,32.80888]]]}},{"type":"Feature","properties":{"h3":"8926c864923ffff","mii":6,"trt":0.0,"glp1":0.0,"pharmacy":0.0,"gym":0.0,"n":0},"geometry":{"type":"Polygon","coordinates":[[[-96.7755,32.8056],[-96.7741,32.80708],[-96.77495,32.80888],[-96.77719,32.8092],[-96.77859,32.80772],[-96.77775,32.80592],[-96.7755,32.8056]]]}},{"type":"Feature","properties":{"h3":"8926c864927ffff","mii":6,"trt":0.0,"glp1":0.0,"pharmacy":0.0,"gym":0.0,"n":0},"geometry":{"type":"Polygon","coordinates":[[[-96.77241,32.80349],[-96.77101,32.80497],[-96.77186,32.80677],[-96.7741,32.80708],[-96.7755,32.8056],[-96.77466,32.8038],[-96.77241,32.80349]]]}},{"type":"Feature","properties":{"h3":"8926cb914cbffff","mii":6,"trt":0.0,"glp1":0.0,"pharmacy":0.0,"gym":0.0,"n":0},"geometry":{"type":"Polygon","coordinates":[[[-96.76877,32.80465],[-96.76737,32.80613],[-96.76821,32.80793],[-96.77046,32.80825],[-96.77186,32.80677],[-96.77101,32.80497],[-96.76877,32.80465]]]}},{"type":"Feature","properties":{"h3":"8926cb914dbffff","mii":6,"trt":0.0,"glp1":0.0,"pharmacy":0.0,"gym":0.0,"n":0},"geometry":{"type":"Polygon","coordinates":[[[-96.76821,32.80793],[-96.76681,32.80941],[-96.76766,32.81121],[-96.7699,32.81153],[-96.7713,32.81005],[-96.77046,32.80825],[-96.76821,32.80793]]]}},{"type":"Feature","properties":{"h3":"8926c86601bffff","mii":6,"trt":0.0,"glp1":0.0,"pharmacy":0.0,"gym":0.0,"n":0},"geometry":{"type":"Polygon","coordinates":[[[-96.81201,32.93668],[-96.81061,32.93816],[-96.81145,32.93996],[-96.8137,32.94028],[-96.8151,32.9388],[-96.81426,32.937],[-96.81201,32.93668]]]}},{"type":"Feature","properties":{"h3":"8926c866057ffff","mii":6,"trt":0.0,"glp1":0.0,"pharmacy":0.0,"gym":0.0,"n":0},"geometry":{"type":"Polygon","coordinates":[[[-96.81566,32.93552],[-96.81426,32.937],[-96.8151,32.9388],[-96.81735,32.93911],[-96.81875,32.93763],[-96.81791,32.93584],[-96.81566,32.93552]]]}},{"type":"Feature","properties":{"h3":"8926c866047ffff","mii":6,"trt":0.0,"glp1":0.0,"pharmacy":0.0,"gym":0.0,"n":0},"geometry":{"type":"Polygon","coordinates":[[[-96.81621,32.93224],[-96.81481,32.93372],[-96.81566,32.93552],[-96.81791,32.93584],[-96.81931,32.93436],[-96.81846,32.93256],[-96.81621,32.93224]]]}},{"type":"Feature","properties":{"h3":"8926c866073ffff","mii":6,"trt":0.0,"glp1":0.0,"pharmacy":0.0,"gym":0.0,"n":0},"geometry":{"type":"Polygon","coordinates":[[[-96.81312,32.93012],[-96.81171,32.9316],[-96.81256,32.9334],[-96.81481,32.93372],[-96.81621,32.93224],[-96.81536,32.93044],[-96.81312,32.93012]]]}},{"type":"Feature","properties":{"h3":"8926c86600fffff","mii":6,"trt":0.0,"glp1":0.0,"pharmacy":0.0,"gym":0.0,"n":0},"geometry":{"type":"Polygon","coordinates":[[[-96.80947,32.93128],[-96.80807,32.93276],[-96.80891,32.93456],[-96.81116,32.93488],[-96.81256,32.9334],[-96.81171,32.9316],[-96.80947,32.93128]]]}},{"type":"Feature","properties":{"h3":"8926c866003ffff","mii":6,"trt":0.0,"glp1":0.0,"pharmacy":0.0,"gym":0.0,"n":0},"geometry":{"type":"Polygon","coordinates":[[[-96.80891,32.93456],[-96.80751,32.93604],[-96.80836,32.93784],[-96.81061,32.93816],[-96.81201,32.93668],[-96.81116,32.93488],[-96.80891,32.93456]]]}},{"type":"Feature","properties":{"h3":"8926caa4cb7ffff","mii":6,"trt":0.0,"glp1":0.0,"pharmacy":0.0,"gym":0.0,"n":0},"geometry":{"type":"Polygon","coordinates":[[[-97.29433,32.8411],[-97.29293,32.84259],[-97.29378,32.84439],[-97.29604,32.8447],[-97.29744,32.84321],[-97.29658,32.84141],[-97.29433,32.8411]]]}},{"type":"Feature","properties":{"h3":"8926caa4ca3ffff","mii":6,"trt":0.0,"glp1":0.0,"pharmacy":0.0,"gym":0.0,"n":0},"geometry":{"type":"Polygon","coordinates":[[[-97.29798,32.83992],[-97.29658,32.84141],[-97.29744,32.84321],[-97.29969,32.84352],[-97.30109,32.84203],[-97.30023,32.84023],[-97.29798,32.83992]]]}},{"type":"Feature","properties":{"h3":"8926caa4cafffff","mii":6,"trt":0.0,"glp1":0.0,"pharmacy":0.0,"gym":0.0,"n":0},"geometry":{"type":"Polygon","coordinates":[[[-97.29852,32.83664],[-97.29712,32.83813],[-97.29798,32.83992],[-97.30023,32.84023],[-97.30163,32.83875],[-97.30077,32.83695],[-97.29852,32.83664]]]}},{"type":"Feature","properties":{"h3":"8926caa4ddbffff","mii":6,"trt":0.0,"glp1":0.0,"pharmacy":0.0,"gym":0.0,"n":0},"geometry":{"type":"Polygon","coordinates":[[[-97.29541,32.83453],[-97.29401,32.83602],[-97.29487,32.83782],[-97.29712,32.83813],[-97.29852,32.83664],[-97.29766,32.83484],[-97.29541,32.83453]]]}},{"type":"Feature","properties":{"h3":"8926caa4dd3ffff","mii":6,"trt":0.0,"glp1":0.0,"pharmacy":0.0,"gym":0.0,"n":0},"geometry":{"type":"Polygon","coordinates":[[[-97.29176,32.83571],[-97.29036,32.8372],[-97.29122,32.83899],[-97.29347,32.8393],[-97.29487,32.83782],[-97.29401,32.83602],[-97.29176,32.83571]]]}},{"type":"Feature","properties":{"h3":"8926caa6b6bffff","mii":6,"trt":0.0,"glp1":0.0,"pharmacy":0.0,"gym":0.0,"n":0},"geometry":{"type":"Polygon","coordinates":[[[-97.29122,32.83899],[-97.28982,32.84048],[-97.29068,32.84228],[-97.29293,32.84259],[-97.29433,32.8411],[-97.29347,32.8393],[-97.29122,32.83899]]]}},{"type":"Feature","properties":{"h3":"8926cbd02bbffff","mii":6,"trt":0.0,"glp1":0.0,"pharmacy":0.0,"gym":0.0,"n":0},"geometry":{"type":"Polygon","coordinates":[[[-97.21788,32.76],[-97.21648,32.76148],[-97.21733,32.76328],[-97.21959,32.76359],[-97.22098,32.76211],[-97.22013,32.76031],[-97.21788,32.76]]]}},{"type":"Feature","properties":{"h3":"8926cbd0217ffff","mii":6,"trt":0.0,"glp1":0.0,"pharmacy":0.0,"gym":0.0,"n":0},"geometry":{"type":"Polygon","coordinates":[[[-97.22152,32.75882],[-97.22013,32.76031],[-97.22098,32.76211],[-97.22323,32.76242],[-97.22463,32.76093],[-97.22377,32.75913],[-97.22152,32.75882]]]}},{"type":"Feature","properties":{"h3":"8926cbd0207ffff","mii":6,"trt":0.0,"glp1":0.0,"pharmacy":0.0,"gym":0.0,"n":0},"geometry":{"type":"Polygon","coordinates":[[[-97.22207,32.75553],[-97.22067,32.75702],[-97.22152,32.75882],[-97.22377,32.75913],[-97.22517,32.75764],[-97.22432,32.75584],[-97.22207,32.75553]]]}},{"type":"Feature","properties":{"h3":"8926cbd0233ffff","mii":6,"trt":0.0,"glp1":0.0,"pharmacy":0.0,"gym":0.0,"n":0},"geometry":{"type":"Polygon","coordinates":[[[-97.21896,32.75342],[-97.21757,32.75491],[-97.21842,32.75671],[-97.22067,32.75702],[-97.22207,32.75553],[-97.22121,32.75373],[-97.21896,32.75342]]]}},{"type":"Feature","properties":{"h3":"8926cbd02afffff","mii":6,"trt":0.0,"glp1":0.0,"pharmacy":0.0,"gym":0.0,"n":0},"geometry":{"type":"Polygon","coordinates":[[[-97.21532,32.7546],[-97.21392,32.75609],[-97.21477,32.75789],[-97.21702,32.7582],[-97.21842,32.75671],[-97.21757,32.75491],[-97.21532,32.7546]]]}},{"type":"Feature","properties":{"h3":"8926cbd02a3ffff","mii":6,"trt":0.0,"glp1":0.0,"pharmacy":0.0,"gym":0.0,"n":0},"geometry":{"type":"Polygon","coordinates":[[[-97.21477,32.75789],[-97.21338,32.75937],[-97.21423,32.76117],[-97.21648,32.76148],[-97.21788,32.76],[-97.21702,32.7582],[-97.21477,32.75789]]]}},{"type":"Feature","properties":{"h3":"8926cbdab6bffff","mii":6,"trt":0.0,"glp1":0.0,"pharmacy":0.0,"gym":0.0,"n":0},"geometry":{"type":"Polygon","coordinates":[[[-97.31769,32.67791],[-97.31629,32.6794],[-97.31715,32.6812],[-97.3194,32.68151],[-97.32079,32.68002],[-97.31994,32.67822],[-97.31769,32.67791]]]}},{"type":"Feature","properties":{"h3":"8926cbd8ca7ffff","mii":6,"trt":0.0,"glp1":0.0,"pharmacy":0.0,"gym":0.0,"n":0},"geometry":{"type":"Polygon","coordinates":[[[-97.32133,32.67673],[-97.31994,32.67822],[-97.32079,32.68002],[-97.32305,32.68033],[-97.32444,32.67884],[-97.32358,32.67704],[-97.32133,32.67673]]]}},{"type":"Feature","properties":{"h3":"8926cbd8ddbffff","mii":6,"trt":0.0,"glp1":0.0,"pharmacy":0.0,"gym":0.0,"n":0},"geometry":{"type":"Polygon","coordinates":[[[-97.32187,32.67344],[-97.32048,32.67493],[-97.32133,32.67673],[-97.32358,32.67704],[-97.32498,32.67555],[-97.32412,32.67375],[-97.32187,32.67344]]]}},{"type":"Feature","properties":{"h3":"8926cbd8dc3ffff","mii":6,"trt":0.0,"glp1":0.0,"pharmacy":0.0,"gym":0.0,"n":0},"geometry":{"type":"Polygon","coordinates":[[[-97.31877,32.67133],[-97.31737,32.67282],[-97.31823,32.67462],[-97.32048,32.67493],[-97.32187,32.67344],[-97.32102,32.67164],[-97.31877,32.67133]]]}},{"type":"Feature","properties":{"h3":"8926cbd8dd7ffff","mii":6,"trt":0.0,"glp1":0.0,"pharmacy":0.0,"gym":0.0,"n":0},"geometry":{"type":"Polygon","coordinates":[[[-97.31512,32.67251],[-97.31373,32.674],[-97.31458,32.6758],[-97.31683,32.67611],[-97.31823,32.67462],[-97.31737,32.67282],[-97.31512,32.67251]]]}},{"type":"Feature","properties":{"h3":"8926cbdab6fffff","mii":6,"trt":0.0,"glp1":0.0,"pharmacy":0.0,"gym":0.0,"n":0},"geometry":{"type":"Polygon","coordinates":[[[-97.31458,32.6758],[-97.31319,32.67729],[-97.31404,32.67909],[-97.31629,32.6794],[-97.31769,32.67791],[-97.31683,32.67611],[-97.31458,32.6758]]]}},{"type":"Feature","properties":{"h3":"8926cbc145bffff","mii":6,"trt":0.0,"glp1":0.0,"pharmacy":0.0,"gym":0.0,"n":0},"geometry":{"type":"Polygon","coordinates":[[[-97.30864,32.6279],[-97.30724,32.62939],[-97.3081,32.63119],[-97.31035,32.6315],[-97.31174,32.63001],[-97.31089,32.62821],[-97.30864,32.6279]]]}},{"type":"Feature","properties":{"h3":"8926cbc1697ffff","mii":6,"trt":0.0,"glp1":0.0,"pharmacy":0.0,"gym":0.0,"n":0},"geometry":{"type":"Polygon","coordinates":[[[-97.31228,32.62672],[-97.31089,32.62821],[-97.31174,32.63001],[-97.31399,32.63032],[-97.31539,32.62882],[-97.31453,32.62703],[-97.31228,32.62672]]]}},{"type":"Feature","properties":{"h3":"8926cbc1687ffff","mii":6,"trt":0.0,"glp1":0.0,"pharmacy":0.0,"gym":0.0,"n":0},"geometry":{"type":"Polygon","coordinates":[[[-97.31282,32.62343],[-97.31143,32.62492],[-97.31228,32.62672],[-97.31453,32.62703],[-97.31593,32.62553],[-97.31507,32.62374],[-97.31282,32.62343]]]}},{"type":"Feature","properties":{"h3":"8926cbc16b3ffff","mii":6,"trt":0.0,"glp1":0.0,"pharmacy":0.0,"gym":0.0,"n":0},"geometry":{"type":"Polygon","coordinates":[[[-97.30972,32.62132],[-97.30832,32.62281],[-97.30918,32.62461],[-97.31143,32.62492],[-97.31282,32.62343],[-97.31197,32.62163],[-97.30972,32.62132]]]}},{"type":"Feature","properties":{"h3":"8926cbc144fffff","mii":6,"trt":0.0,"glp1":0.0,"pharmacy":0.0,"gym":0.0,"n":0},"geometry":{"type":"Polygon","coordinates":[[[-97.30607,32.6225],[-97.30468,32.62399],[-97.30553,32.62579],[-97.30778,32.6261],[-97.30918,32.62461],[-97.30832,32.62281],[-97.30607,32.6225]]]}},{"type":"Feature","properties":{"h3":"8926cbc1443ffff","mii":6,"trt":0.0,"glp1":0.0,"pharmacy":0.0,"gym":0.0,"n":0},"geometry":{"type":"Polygon","coordinates":[[[-97.30553,32.62579],[-97.30414,32.62728],[-97.30499,32.62908],[-97.30724,32.62939],[-97.30864,32.6279],[-97.30778,32.6261],[-97.30553,32.62579]]]}},{"type":"Feature","properties":{"h3":"8926cbd0e03ffff","mii":6,"trt":0.0,"glp1":0.0,"pharmacy":0.0,"gym":0.0,"n":0},"geometry":{"type":"Polygon","coordinates":[[[-97.18172,32.72811],[-97.18032,32.7296],[-97.18118,32.7314],[-97.18343,32.73171],[-97.18482,32.73022],[-97.18397,32.72842],[-97.18172,32.72811]]]}},{"type":"Feature","properties":{"h3":"8926cbd0e0bffff","mii":6,"trt":0.0,"glp1":0.0,"pharmacy":0.0,"gym":0.0,"n":0},"geometry":{"type":"Polygon","coordinates":[[[-97.18537,32.72693],[-97.18397,32.72842],[-97.18482,32.73022],[-97.18707,32.73053],[-97.18847,32.72904],[-97.18762,32.72724],[-97.18537,32.72693]]]}},{"type":"Feature","properties":{"h3":"8926cbd0e73ffff","mii":6,"trt":0.0,"glp1":0.0,"pharmacy":0.0,"gym":0.0,"n":0},"geometry":{"type":"Polygon","coordinates":[[[-97.18591,32.72365],[-97.18451,32.72513],[-97.18537,32.72693],[-97.18762,32.72724],[-97.18901,32.72576],[-97.18816,32.72396],[-97.18591,32.72365]]]}},{"type":"Feature","properties":{"h3":"8926cbd0e77ffff","mii":6,"trt":0.0,"glp1":0.0,"pharmacy":0.0,"gym":0.0,"n":0},"geometry":{"type":"Polygon","coordinates":[[[-97.18281,32.72154],[-97.18141,32.72302],[-97.18226,32.72482],[-97.18451,32.72513],[-97.18591,32.72365],[-97.18506,32.72185],[-97.18281,32.72154]]]}},{"type":"Feature","properties":{"h3":"8926cbd0e3bffff","mii":6,"trt":0.0,"glp1":0.0,"pharmacy":0.0,"gym":0.0,"n":0},"geometry":{"type":"Polygon","coordinates":[[[-97.17916,32.72271],[-97.17777,32.7242],[-97.17862,32.726],[-97.18087,32.72631],[-97.18226,32.72482],[-97.18141,32.72302],[-97.17916,32.72271]]]}},{"type":"Feature","properties":{"h3":"8926cbd0e07ffff","mii":6,"trt":0.0,"glp1":0.0,"pharmacy":0.0,"gym":0.0,"n":0},"geometry":{"type":"Polygon","coordinates":[[[-97.17862,32.726],[-97.17722,32.72749],[-97.17808,32.72929],[-97.18032,32.7296],[-97.18172,32.72811],[-97.18087,32.72631],[-97.17862,32.726]]]}},{"type":"Feature","properties":{"h3":"8926c86db6bffff","mii":6,"trt":0.0,"glp1":0.0,"pharmacy":0.0,"gym":0.0,"n":0},"geometry":{"type":"Polygon","coordinates":[[[-97.06633,32.7373],[-97.06493,32.73878],[-97.06578,32.74058],[-97.06803,32.7409],[-97.06943,32.73941],[-97.06857,32.73761],[-97.06633,32.7373]]]}},{"type":"Feature","properties":{"h3":"8926cbd74a7ffff","mii":6,"trt":0.0,"glp1":0.0,"pharmacy":0.0,"gym":0.0,"n":0},"geometry":{"type":"Polygon","coordinates":[[[-97.06997,32.73613],[-97.06857,32.73761],[-97.06943,32.73941],[-97.07167,32.73972],[-97.07307,32.73824],[-97.07222,32.73644],[-97.06997,32.73613]]]}},{"type":"Feature","properties":{"h3":"8926cbd75dbffff","mii":6,"trt":0.0,"glp1":0.0,"pharmacy":0.0,"gym":0.0,"n":0},"geometry":{"type":"Polygon","coordinates":[[[-97.07052,32.73284],[-97.06912,32.73433],[-97.06997,32.73613],[-97.07222,32.73644],[-97.07362,32.73495],[-97.07277,32.73315],[-97.07052,32.73284]]]}},{"type":"Feature","properties":{"h3":"8926cbd75c3ffff","mii":6,"trt":0.0,"glp1":0.0,"pharmacy":0.0,"gym":0.0,"n":0},"geometry":{"type":"Polygon","coordinates":[[[-97.06742,32.73073],[-97.06602,32.73222],[-97.06687,32.73401],[-97.06912,32.73433],[-97.07052,32.73284],[-97.06967,32.73104],[-97.06742,32.73073]]]}},{"type":"Feature","properties":{"h3":"8926cbd75d7ffff","mii":6,"trt":0.0,"glp1":0.0,"pharmacy":0.0,"gym":0.0,"n":0},"geometry":{"type":"Polygon","coordinates":[[[-97.06377,32.7319],[-97.06238,32.73339],[-97.06323,32.73519],[-97.06548,32.7355],[-97.06687,32.73401],[-97.06602,32.73222],[-97.06377,32.7319]]]}},{"type":"Feature","properties":{"h3":"8926c86db6fffff","mii":6,"trt":0.0,"glp1":0.0,"pharmacy":0.0,"gym":0.0,"n":0},"geometry":{"type":"Polygon","coordinates":[[[-97.06323,32.73519],[-97.06183,32.73667],[-97.06268,32.73847],[-97.06493,32.73878],[-97.06633,32.7373],[-97.06548,32.7355],[-97.06323,32.73519]]]}},{"type":"Feature","properties":{"h3":"8926c86da2fffff","mii":6,"trt":0.0,"glp1":0.0,"pharmacy":0.0,"gym":0.0,"n":0},"geometry":{"type":"Polygon","coordinates":[[[-97.07453,32.7502],[-97.07313,32.75169],[-97.07398,32.75349],[-97.07623,32.7538],[-97.07763,32.75232],[-97.07678,32.75052],[-97.07453,32.7502]]]}},{"type":"Feature","properties":{"h3":"8926cbd7493ffff","mii":6,"trt":0.0,"glp1":0.0,"pharmacy":0.0,"gym":0.0,"n":0},"geometry":{"type":"Polygon","coordinates":[[[-97.07818,32.74903],[-97.07678,32.75052],[-97.07763,32.75232],[-97.07988,32.75263],[-97.08128,32.75114],[-97.08043,32.74934],[-97.07818,32.74903]]]}},{"type":"Feature","properties":{"h3":"8926cbd7483ffff","mii":6,"trt":0.0,"glp1":0.0,"pharmacy":0.0,"gym":0.0,"n":0},"geometry":{"type":"Polygon","coordinates":[[[-97.07872,32.74575],[-97.07733,32.74723],[-97.07818,32.74903],[-97.08043,32.74934],[-97.08182,32.74786],[-97.08097,32.74606],[-97.07872,32.74575]]]}},{"type":"Feature","properties":{"h3":"8926cbd7487ffff","mii":6,"trt":0.0,"glp1":0.0,"pharmacy":0.0,"gym":0.0,"n":0},"geometry":{"type":"Polygon","coordinates":[[[-97.07562,32.74364],[-97.07423,32.74512],[-97.07508,32.74692],[-97.07733,32.74723],[-97.07872,32.74575],[-97.07787,32.74395],[-97.07562,32.74364]]]}},{"type":"Feature","properties":{"h3":"8926c86db4bffff","mii":6,"trt":0.0,"glp1":0.0,"pharmacy":0.0,"gym":0.0,"n":0},"geometry":{"type":"Polygon","coordinates":[[[-97.07198,32.74481],[-97.07058,32.74629],[-97.07143,32.74809],[-97.07368,32.74841],[-97.07508,32.74692],[-97.07423,32.74512],[-97.07198,32.74481]]]}},{"type":"Feature","properties":{"h3":"8926c86db5bffff","mii":6,"trt":0.0,"glp1":0.0,"pharmacy":0.0,"gym":0.0,"n":0},"geometry":{"type":"Polygon","coordinates":[[[-97.07143,32.74809],[-97.07003,32.74958],[-97.07089,32.75138],[-97.07313,32.75169],[-97.07453,32.7502],[-97.07368,32.74841],[-97.07143,32.74809]]]}},{"type":"Feature","properties":{"h3":"8926c864e13ffff","mii":6,"trt":0.0,"glp1":0.0,"pharmacy":0.0,"gym":0.0,"n":0},"geometry":{"type":"Polygon","coordinates":[[[-96.82386,32.84604],[-96.82246,32.84752],[-96.82331,32.84931],[-96.82555,32.84963],[-96.82695,32.84815],[-96.82611,32.84635],[-96.82386,32.84604]]]}},{"type":"Feature","properties":{"h3":"8926c864e1bffff","mii":6,"trt":0.0,"glp1":0.0,"pharmacy":0.0,"gym":0.0,"n":0},"geometry":{"type":"Polygon","coordinates":[[[-96.82751,32.84487],[-96.82611,32.84635],[-96.82695,32.84815],[-96.8292,32.84847],[-96.8306,32.84699],[-96.82975,32.84519],[-96.82751,32.84487]]]}},{"type":"Feature","properties":{"h3":"8926c864e0bffff","mii":6,"trt":0.0,"glp1":0.0,"pharmacy":0.0,"gym":0.0,"n":0},"geometry":{"type":"Polygon","coordinates":[[[-96.82806,32.84159],[-96.82666,32.84307],[-96.82751,32.84487],[-96.82975,32.84519],[-96.83115,32.84371],[-96.83031,32.84191],[-96.82806,32.84159]]]}},{"type":"Feature","properties":{"h3":"8926c864e0fffff","mii":6,"trt":0.0,"glp1":0.0,"pharmacy":0.0,"gym":0.0,"n":0},"geometry":{"type":"Polygon","coordinates":[[[-96.82497,32.83948],[-96.82357,32.84096],[-96.82441,32.84276],[-96.82666,32.84307],[-96.82806,32.84159],[-96.82721,32.83979],[-96.82497,32.83948]]]}},{"type":"Feature","properties":{"h3":"8926c864e07ffff","mii":6,"trt":0.0,"glp1":0.0,"pharmacy":0.0,"gym":0.0,"n":0},"geometry":{"type":"Polygon","coordinates":[[[-96.82132,32.84064],[-96.81992,32.84212],[-96.82077,32.84392],[-96.82301,32.84424],[-96.82441,32.84276],[-96.82357,32.84096],[-96.82132,32.84064]]]}},{"type":"Feature","properties":{"h3":"8926c864e17ffff","mii":6,"trt":0.0,"glp1":0.0,"pharmacy":0.0,"gym":0.0,"n":0},"geometry":{"type":"Polygon","coordinates":[[[-96.82077,32.84392],[-96.81937,32.8454],[-96.82021,32.8472],[-96.82246,32.84752],[-96.82386,32.84604],[-96.82301,32.84424],[-96.82077,32.84392]]]}},{"type":"Feature","properties":{"h3":"8926c8274abffff","mii":6,"trt":0.0,"glp1":0.0,"pharmacy":0.0,"gym":0.0,"n":0},"geometry":{"type":"Polygon","coordinates":[[[-96.36222,32.96437],[-96.36081,32.96584],[-96.36165,32.96764],[-96.36389,32.96797],[-96.3653,32.9665],[-96.36446,32.9647],[-96.36222,32.96437]]]}},{"type":"Feature","properties":{"h3":"8926c827407ffff","mii":6,"trt":0.0,"glp1":0.0,"pharmacy":0.0,"gym":0.0,"n":0},"geometry":{"type":"Polygon","coordinates":[[[-96.36586,32.96323],[-96.36446,32.9647],[-96.3653,32.9665],[-96.36754,32.96682],[-96.36894,32.96535],[-96.3681,32.96355],[-96.36586,32.96323]]]}},{"type":"Feature","properties":{"h3":"8926c82743bffff","mii":6,"trt":0.0,"glp1":0.0,"pharmacy":0.0,"gym":0.0,"n":0},"geometry":{"type":"Polygon","coordinates":[[[-96.36643,32.95995],[-96.36502,32.96143],[-96.36586,32.96323],[-96.3681,32.96355],[-96.36951,32.96208],[-96.36867,32.96028],[-96.36643,32.95995]]]}},{"type":"Feature","properties":{"h3":"8926c827423ffff","mii":6,"trt":0.0,"glp1":0.0,"pharmacy":0.0,"gym":0.0,"n":0},"geometry":{"type":"Polygon","coordinates":[[[-96.36335,32.95783],[-96.36194,32.9593],[-96.36278,32.9611],[-96.36502,32.96143],[-96.36643,32.95995],[-96.36559,32.95816],[-96.36335,32.95783]]]}},{"type":"Feature","properties":{"h3":"8926c827437ffff","mii":6,"trt":0.0,"glp1":0.0,"pharmacy":0.0,"gym":0.0,"n":0},"geometry":{"type":"Polygon","coordinates":[[[-96.3597,32.95898],[-96.3583,32.96045],[-96.35914,32.96225],[-96.36138,32.96257],[-96.36278,32.9611],[-96.36194,32.9593],[-96.3597,32.95898]]]}},{"type":"Feature","properties":{"h3":"8926c8274afffff","mii":6,"trt":0.0,"glp1":0.0,"pharmacy":0.0,"gym":0.0,"n":0},"geometry":{"type":"Polygon","coordinates":[[[-96.35914,32.96225],[-96.35773,32.96372],[-96.35857,32.96552],[-96.36081,32.96584],[-96.36222,32.96437],[-96.36138,32.96257],[-96.35914,32.96225]]]}},{"type":"Feature","properties":{"h3":"8926cb9ab93ffff","mii":6,"trt":0.0,"glp1":0.0,"pharmacy":0.0,"gym":0.0,"n":0},"geometry":{"type":"Polygon","coordinates":[[[-96.7952,32.7093],[-96.79381,32.71078],[-96.79465,32.71258],[-96.79689,32.7129],[-96.79829,32.71142],[-96.79745,32.70962],[-96.7952,32.7093]]]}},{"type":"Feature","properties":{"h3":"8926cb9ab9bffff","mii":6,"trt":0.0,"glp1":0.0,"pharmacy":0.0,"gym":0.0,"n":0},"geometry":{"type":"Polygon","coordinates":[[[-96.79885,32.70814],[-96.79745,32.70962],[-96.79829,32.71142],[-96.80054,32.71174],[-96.80193,32.71025],[-96.80109,32.70845],[-96.79885,32.70814]]]}},{"type":"Feature","properties":{"h3":"8926cb9ab8bffff","mii":6,"trt":0.0,"glp1":0.0,"pharmacy":0.0,"gym":0.0,"n":0},"geometry":{"type":"Polygon","coordinates":[[[-96.7994,32.70485],[-96.798,32.70634],[-96.79885,32.70814],[-96.80109,32.70845],[-96.80249,32.70697],[-96.80164,32.70517],[-96.7994,32.70485]]]}},{"type":"Feature","properties":{"h3":"8926cb9ab8fffff","mii":6,"trt":0.0,"glp1":0.0,"pharmacy":0.0,"gym":0.0,"n":0},"geometry":{"type":"Polygon","coordinates":[[[-96.79631,32.70274],[-96.79491,32.70422],[-96.79576,32.70602],[-96.798,32.70634],[-96.7994,32.70485],[-96.79855,32.70305],[-96.79631,32.70274]]]}},{"type":"Feature","properties":{"h3":"8926cb9ab87ffff","mii":6,"trt":0.0,"glp1":0.0,"pharmacy":0.0,"gym":0.0,"n":0},"geometry":{"type":"Polygon","coordinates":[[[-96.79267,32.7039],[-96.79127,32.70538],[-96.79212,32.70718],[-96.79436,32.7075],[-96.79576,32.70602],[-96.79491,32.70422],[-96.79267,32.7039]]]}},{"type":"Feature","properties":{"h3":"8926cb9ab97ffff","mii":6,"trt":0.0,"glp1":0.0,"pharmacy":0.0,"gym":0.0,"n":0},"geometry":{"type":"Polygon","coordinates":[[[-96.79212,32.70718],[-96.79072,32.70867],[-96.79156,32.71046],[-96.79381,32.71078],[-96.7952,32.7093],[-96.79436,32.7075],[-96.79212,32.70718]]]}},{"type":"Feature","properties":{"h3":"8926c875dc3ffff","mii":6,"trt":0.0,"glp1":0.0,"pharmacy":0.0,"gym":0.0,"n":0},"geometry":{"type":"Polygon","coordinates":[[[-96.82847,33.00277],[-96.82707,33.00425],[-96.82792,33.00605],[-96.83017,33.00637],[-96.83157,33.00489],[-96.83072,33.00309],[-96.82847,33.00277]]]}},{"type":"Feature","properties":{"h3":"8926c875dcbffff","mii":6,"trt":0.0,"glp1":0.0,"pharmacy":0.0,"gym":0.0,"n":0},"geometry":{"type":"Polygon","coordinates":[[[-96.83212,33.00161],[-96.83072,33.00309],[-96.83157,33.00489],[-96.83382,33.00521],[-96.83522,33.00373],[-96.83437,33.00193],[-96.83212,33.00161]]]}},{"type":"Feature","properties":{"h3":"8926c875d53ffff","mii":6,"trt":0.0,"glp1":0.0,"pharmacy":0.0,"gym":0.0,"n":0},"geometry":{"type":"Polygon","coordinates":[[[-96.83268,32.99833],[-96.83127,32.99981],[-96.83212,33.00161],[-96.83437,33.00193],[-96.83577,33.00045],[-96.83492,32.99865],[-96.83268,32.99833]]]}},{"type":"Feature","properties":{"h3":"8926c875d57ffff","mii":6,"trt":0.0,"glp1":0.0,"pharmacy":0.0,"gym":0.0,"n":0},"geometry":{"type":"Polygon","coordinates":[[[-96.82958,32.99622],[-96.82818,32.9977],[-96.82902,32.99949],[-96.83127,32.99981],[-96.83268,32.99833],[-96.83183,32.99654],[-96.82958,32.99622]]]}},{"type":"Feature","properties":{"h3":"8926c875d1bffff","mii":6,"trt":0.0,"glp1":0.0,"pharmacy":0.0,"gym":0.0,"n":0},"geometry":{"type":"Polygon","coordinates":[[[-96.82593,32.99738],[-96.82452,32.99886],[-96.82537,33.00066],[-96.82762,33.00097],[-96.82902,32.99949],[-96.82818,32.9977],[-96.82593,32.99738]]]}},{"type":"Feature","properties":{"h3":"8926c875dc7ffff","mii":6,"trt":0.0,"glp1":0.0,"pharmacy":0.0,"gym":0.0,"n":0},"geometry":{"type":"Polygon","coordinates":[[[-96.82537,33.00066],[-96.82397,33.00213],[-96.82482,33.00393],[-96.82707,33.00425],[-96.82847,33.00277],[-96.82762,33.00097],[-96.82537,33.00066]]]}},{"type":"Feature","properties":{"h3":"8926cb9a5abffff","mii":6,"trt":0.0,"glp1":0.0,"pharmacy":0.0,"gym":0.0,"n":0},"geometry":{"type":"Polygon","coordinates":[[[-96.80378,32.78106],[-96.80238,32.78254],[-96.80323,32.78434],[-96.80547,32.78466],[-96.80687,32.78318],[-96.80603,32.78138],[-96.80378,32.78106]]]}},{"type":"Feature","properties":{"h3":"8926cb9a507ffff","mii":6,"trt":0.0,"glp1":0.0,"pharmacy":0.0,"gym":0.0,"n":0},"geometry":{"type":"Polygon","coordinates":[[[-96.80742,32.7799],[-96.80603,32.78138],[-96.80687,32.78318],[-96.80912,32.7835],[-96.81052,32.78202],[-96.80967,32.78022],[-96.80742,32.7799]]]}},{"type":"Feature","properties":{"h3":"8926cb9a53bffff","mii":6,"trt":0.0,"glp1":0.0,"pharmacy":0.0,"gym":0.0,"n":0},"geometry":{"type":"Polygon","coordinates":[[[-96.80798,32.77662],[-96.80658,32.7781],[-96.80742,32.7799],[-96.80967,32.78022],[-96.81107,32.77874],[-96.81022,32.77694],[-96.80798,32.77662]]]}},{"type":"Feature","properties":{"h3":"8926cb9a523ffff","mii":6,"trt":0.0,"glp1":0.0,"pharmacy":0.0,"gym":0.0,"n":0},"geometry":{"type":"Polygon","coordinates":[[[-96.80489,32.7745],[-96.80349,32.77598],[-96.80433,32.77778],[-96.80658,32.7781],[-96.80798,32.77662],[-96.80713,32.77482],[-96.80489,32.7745]]]}},{"type":"Feature","properties":{"h3":"8926cb9a537ffff","mii":6,"trt":0.0,"glp1":0.0,"pharmacy":0.0,"gym":0.0,"n":0},"geometry":{"type":"Polygon","coordinates":[[[-96.80124,32.77567],[-96.79984,32.77715],[-96.80069,32.77895],[-96.80293,32.77926],[-96.80433,32.77778],[-96.80349,32.77598],[-96.80124,32.77567]]]}},{"type":"Feature","properties":{"h3":"8926cbd163bffff","mii":6,"trt":0.0,"glp1":0.0,"pharmacy":0.0,"gym":0.0,"n":0},"geometry":{"type":"Polygon","coordinates":[[[-97.29163,32.77352],[-97.29023,32.775],[-97.29109,32.7768],[-97.29334,32.77711],[-97.29473,32.77562],[-97.29388,32.77383],[-97.29163,32.77352]]]}},{"type":"Feature","properties":{"h3":"8926cbd1677ffff","mii":6,"trt":0.0,"glp1":0.0,"pharmacy":0.0,"gym":0.0,"n":0},"geometry":{"type":"Polygon","coordinates":[[[-97.29527,32.77234],[-97.29388,32.77383],[-97.29473,32.77562],[-97.29699,32.77593],[-97.29838,32.77444],[-97.29753,32.77265],[-97.29527,32.77234]]]}},{"type":"Feature","properties":{"h3":"8926cbd1667ffff","mii":6,"trt":0.0,"glp1":0.0,"pharmacy":0.0,"gym":0.0,"n":0},"geometry":{"type":"Polygon","coordinates":[[[-97.29581,32.76905],[-97.29442,32.77054],[-97.29527,32.77234],[-97.29753,32.77265],[-97.29892,32.77116],[-97.29807,32.76936],[-97.29581,32.76905]]]}},{"type":"Feature","properties":{"h3":"8926cbd1293ffff","mii":6,"trt":0.0,"glp1":0.0,"pharmacy":0.0,"gym":0.0,"n":0},"geometry":{"type":"Polygon","coordinates":[[[-97.29271,32.76694],[-97.29131,32.76843],[-97.29217,32.77023],[-97.29442,32.77054],[-97.29581,32.76905],[-97.29496,32.76725],[-97.29271,32.76694]]]}},{"type":"Feature","properties":{"h3":"8926cbd162fffff","mii":6,"trt":0.0,"glp1":0.0,"pharmacy":0.0,"gym":0.0,"n":0},"geometry":{"type":"Polygon","coordinates":[[[-97.28906,32.76812],[-97.28766,32.76961],[-97.28852,32.77141],[-97.29077,32.77172],[-97.29217,32.77023],[-97.29131,32.76843],[-97.28906,32.76812]]]}},{"type":"Feature","properties":{"h3":"8926cbd1623ffff","mii":6,"trt":0.0,"glp1":0.0,"pharmacy":0.0,"gym":0.0,"n":0},"geometry":{"type":"Polygon","coordinates":[[[-97.28852,32.77141],[-97.28712,32.7729],[-97.28798,32.77469],[-97.29023,32.775],[-97.29163,32.77352],[-97.29077,32.77172],[-97.28852,32.77141]]]}},{"type":"Feature","properties":{"h3":"8926caa5b67ffff","mii":6,"trt":0.0,"glp1":0.0,"pharmacy":0.0,"gym":0.0,"n":0},"geometry":{"type":"Polygon","coordinates":[[[-97.39043,32.78201],[-97.38903,32.7835],[-97.38989,32.7853],[-97.39214,32.78561],[-97.39354,32.78412],[-97.39268,32.78232],[-97.39043,32.78201]]]}},{"type":"Feature","properties":{"h3":"8926caa5b6fffff","mii":6,"trt":0.0,"glp1":0.0,"pharmacy":0.0,"gym":0.0,"n":0},"geometry":{"type":"Polygon","coordinates":[[[-97.39408,32.78083],[-97.39268,32.78232],[-97.39354,32.78412],[-97.39579,32.78442],[-97.39719,32.78293],[-97.39633,32.78114],[-97.39408,32.78083]]]}},{"type":"Feature","properties":{"h3":"8926cbdb5d7ffff","mii":6,"trt":0.0,"glp1":0.0,"pharmacy":0.0,"gym":0.0,"n":0},"geometry":{"type":"Polygon","coordinates":[[[-97.39461,32.77754],[-97.39322,32.77903],[-97.39408,32.78083],[-97.39633,32.78114],[-97.39773,32.77965],[-97.39687,32.77785],[-97.39461,32.77754]]]}},{"type":"Feature","properties":{"h3":"8926cbdb58bffff","mii":6,"trt":0.0,"glp1":0.0,"pharmacy":0.0,"gym":0.0,"n":0},"geometry":{"type":"Polygon","coordinates":[[[-97.3915,32.77543],[-97.39011,32.77692],[-97.39096,32.77872],[-97.39322,32.77903],[-97.39461,32.77754],[-97.39376,32.77574],[-97.3915,32.77543]]]}},{"type":"Feature","properties":{"h3":"8926cbdb583ffff","mii":6,"trt":0.0,"glp1":0.0,"pharmacy":0.0,"gym":0.0,"n":0},"geometry":{"type":"Polygon","coordinates":[[[-97.38785,32.77662],[-97.38646,32.77811],[-97.38732,32.7799],[-97.38957,32.78021],[-97.39096,32.77872],[-97.39011,32.77692],[-97.38785,32.77662]]]}},{"type":"Feature","properties":{"h3":"8926cbdb593ffff","mii":6,"trt":0.0,"glp1":0.0,"pharmacy":0.0,"gym":0.0,"n":0},"geometry":{"type":"Polygon","coordinates":[[[-97.38732,32.7799],[-97.38592,32.78139],[-97.38678,32.78319],[-97.38903,32.7835],[-97.39043,32.78201],[-97.38957,32.78021],[-97.38732,32.7799]]]}},{"type":"Feature","properties":{"h3":"8926caa6997ffff","mii":6,"trt":0.0,"glp1":0.0,"pharmacy":0.0,"gym":0.0,"n":0},"geometry":{"type":"Polygon","coordinates":[[[-97.24889,32.86509],[-97.2475,32.86658],[-97.24835,32.86837],[-97.25061,32.86868],[-97.252,32.8672],[-97.25115,32.8654],[-97.24889,32.86509]]]}},{"type":"Feature","properties":{"h3":"8926caa6983ffff","mii":6,"trt":0.0,"glp1":0.0,"pharmacy":0.0,"gym":0.0,"n":0},"geometry":{"type":"Polygon","coordinates":[[[-97.25255,32.86391],[-97.25115,32.8654],[-97.252,32.8672],[-97.25426,32.86751],[-97.25565,32.86602],[-97.2548,32.86422],[-97.25255,32.86391]]]}},{"type":"Feature","properties":{"h3":"8926caa698fffff","mii":6,"trt":0.0,"glp1":0.0,"pharmacy":0.0,"gym":0.0,"n":0},"geometry":{"type":"Polygon","coordinates":[[[-97.25309,32.86063],[-97.25169,32.86211],[-97.25255,32.86391],[-97.2548,32.86422],[-97.2562,32.86273],[-97.25534,32.86094],[-97.25309,32.86063]]]}},{"type":"Feature","properties":{"h3":"8926caa69bbffff","mii":6,"trt":0.0,"glp1":0.0,"pharmacy":0.0,"gym":0.0,"n":0},"geometry":{"type":"Polygon","coordinates":[[[-97.24998,32.85852],[-97.24858,32.86001],[-97.24944,32.8618],[-97.25169,32.86211],[-97.25309,32.86063],[-97.25223,32.85883],[-97.24998,32.85852]]]}},{"type":"Feature","properties":{"h3":"8926caa69b3ffff","mii":6,"trt":0.0,"glp1":0.0,"pharmacy":0.0,"gym":0.0,"n":0},"geometry":{"type":"Polygon","coordinates":[[[-97.24633,32.85969],[-97.24493,32.86118],[-97.24579,32.86298],[-97.24804,32.86329],[-97.24944,32.8618],[-97.24858,32.86001],[-97.24633,32.85969]]]}},{"type":"Feature","properties":{"h3":"8926c869a4bffff","mii":6,"trt":0.0,"glp1":0.0,"pharmacy":0.0,"gym":0.0,"n":0},"geometry":{"type":"Polygon","coordinates":[[[-97.24579,32.86298],[-97.24439,32.86447],[-97.24524,32.86626],[-97.2475,32.86658],[-97.24889,32.86509],[-97.24804,32.86329],[-97.24579,32.86298]]]}},{"type":"Feature","properties":{"h3":"8926c869c6fffff","mii":6,"trt":0.0,"glp1":0.0,"pharmacy":0.0,"gym":0.0,"n":0},"geometry":{"type":"Polygon","coordinates":[[[-97.20765,32.88459],[-97.20625,32.88608],[-97.20711,32.88787],[-97.20936,32.88819],[-97.21076,32.8867],[-97.2099,32.8849],[-97.20765,32.88459]]]}},{"type":"Feature","properties":{"h3":"8926c8698d3ffff","mii":6,"trt":0.0,"glp1":0.0,"pharmacy":0.0,"gym":0.0,"n":0},"geometry":{"type":"Polygon","coordinates":[[[-97.2113,32.88342],[-97.2099,32.8849],[-97.21076,32.8867],[-97.21301,32.88701],[-97.21441,32.88552],[-97.21355,32.88373],[-97.2113,32.88342]]]}},{"type":"Feature","properties":{"h3":"8926c8698c3ffff","mii":6,"trt":0.0,"glp1":0.0,"pharmacy":0.0,"gym":0.0,"n":0},"geometry":{"type":"Polygon","coordinates":[[[-97.21184,32.88013],[-97.21045,32.88162],[-97.2113,32.88342],[-97.21355,32.88373],[-97.21495,32.88224],[-97.2141,32.88044],[-97.21184,32.88013]]]}},{"type":"Feature","properties":{"h3":"8926c8698c7ffff","mii":6,"trt":0.0,"glp1":0.0,"pharmacy":0.0,"gym":0.0,"n":0},"geometry":{"type":"Polygon","coordinates":[[[-97.20874,32.87802],[-97.20734,32.87951],[-97.20819,32.88131],[-97.21045,32.88162],[-97.21184,32.88013],[-97.21099,32.87833],[-97.20874,32.87802]]]}},{"type":"Feature","properties":{"h3":"8926c86988bffff","mii":6,"trt":0.0,"glp1":0.0,"pharmacy":0.0,"gym":0.0,"n":0},"geometry":{"type":"Polygon","coordinates":[[[-97.20508,32.8792],[-97.20369,32.88068],[-97.20454,32.88248],[-97.20679,32.88279],[-97.20819,32.88131],[-97.20734,32.87951],[-97.20508,32.8792]]]}},{"type":"Feature","properties":{"h3":"8926c86989bffff","mii":6,"trt":0.0,"glp1":0.0,"pharmacy":0.0,"gym":0.0,"n":0},"geometry":{"type":"Polygon","coordinates":[[[-97.20454,32.88248],[-97.20314,32.88397],[-97.204,32.88576],[-97.20625,32.88608],[-97.20765,32.88459],[-97.20679,32.88279],[-97.20454,32.88248]]]}},{"type":"Feature","properties":{"h3":"8926cbd0237ffff","mii":6,"trt":0.0,"glp1":0.0,"pharmacy":0.0,"gym":0.0,"n":0},"geometry":{"type":"Polygon","coordinates":[[[-97.21586,32.75131],[-97.21446,32.7528],[-97.21532,32.7546],[-97.21757,32.75491],[-97.21896,32.75342],[-97.21811,32.75162],[-97.21586,32.75131]]]}},{"type":"Feature","properties":{"h3":"8926cbd0223ffff","mii":6,"trt":0.0,"glp1":0.0,"pharmacy":0.0,"gym":0.0,"n":0},"geometry":{"type":"Polygon","coordinates":[[[-97.2195,32.75014],[-97.21811,32.75162],[-97.21896,32.75342],[-97.22121,32.75373],[-97.22261,32.75225],[-97.22176,32.75045],[-97.2195,32.75014]]]}},{"type":"Feature","properties":{"h3":"8926cbd022fffff","mii":6,"trt":0.0,"glp1":0.0,"pharmacy":0.0,"gym":0.0,"n":0},"geometry":{"type":"Polygon","coordinates":[[[-97.22005,32.74685],[-97.21865,32.74834],[-97.2195,32.75014],[-97.22176,32.75045],[-97.22315,32.74896],[-97.2223,32.74716],[-97.22005,32.74685]]]}},{"type":"Feature","properties":{"h3":"8926cbd035bffff","mii":6,"trt":0.0,"glp1":0.0,"pharmacy":0.0,"gym":0.0,"n":0},"geometry":{"type":"Polygon","coordinates":[[[-97.21694,32.74474],[-97.21555,32.74623],[-97.2164,32.74803],[-97.21865,32.74834],[-97.22005,32.74685],[-97.21919,32.74505],[-97.21694,32.74474]]]}},{"type":"Feature","properties":{"h3":"8926cbd0353ffff","mii":6,"trt":0.0,"glp1":0.0,"pharmacy":0.0,"gym":0.0,"n":0},"geometry":{"type":"Polygon","coordinates":[[[-97.2133,32.74592],[-97.2119,32.74741],[-97.21275,32.74921],[-97.215,32.74952],[-97.2164,32.74803],[-97.21555,32.74623],[-97.2133,32.74592]]]}},{"type":"Feature","properties":{"h3":"8926cbd03cbffff","mii":6,"trt":0.0,"glp1":0.0,"pharmacy":0.0,"gym":0.0,"n":0},"geometry":{"type":"Polygon","coordinates":[[[-97.21275,32.74921],[-97.21136,32.75069],[-97.21221,32.75249],[-97.21446,32.7528],[-97.21586,32.75131],[-97.215,32.74952],[-97.21275,32.74921]]]}},{"type":"Feature","properties":{"h3":"8926caa6187ffff","mii":5,"trt":0.0,"glp1":0.75,"pharmacy":0.0,"gym":0.0,"n":1},"geometry":{"type":"Polygon","coordinates":[[[-97.28918,32.91431],[-97.28778,32.91579],[-97.28864,32.91759],[-97.2909,32.9179],[-97.29229,32.91641],[-97.29144,32.91462],[-97.28918,32.91431]]]}},{"type":"Feature","properties":{"h3":"8926caa41b3ffff","mii":5,"trt":0.0,"glp1":0.7,"pharmacy":0.0,"gym":0.0,"n":1},"geometry":{"type":"Polygon","coordinates":[[[-97.31921,32.85796],[-97.31781,32.85945],[-97.31867,32.86125],[-97.32092,32.86156],[-97.32232,32.86007],[-97.32146,32.85827],[-97.31921,32.85796]]]}},{"type":"Feature","properties":{"h3":"8926caa5013ffff","mii":5,"trt":0.0,"glp1":0.75,"pharmacy":0.0,"gym":0.0,"n":1},"geometry":{"type":"Polygon","coordinates":[[[-97.42433,32.87066],[-97.42293,32.87215],[-97.42379,32.87395],[-97.42604,32.87426],[-97.42744,32.87277],[-97.42658,32.87097],[-97.42433,32.87066]]]}},{"type":"Feature","properties":{"h3":"8926cbdb333ffff","mii":5,"trt":0.0,"glp1":0.75,"pharmacy":0.0,"gym":0.0,"n":1},"geometry":{"type":"Polygon","coordinates":[[[-97.41566,32.73334],[-97.41426,32.73483],[-97.41512,32.73663],[-97.41738,32.73694],[-97.41877,32.73545],[-97.41791,32.73365],[-97.41566,32.73334]]]}},{"type":"Feature","properties":{"h3":"8926cbd7277ffff","mii":5,"trt":0.0,"glp1":0.75,"pharmacy":0.0,"gym":0.0,"n":1},"geometry":{"type":"Polygon","coordinates":[[[-97.11388,32.70022],[-97.11249,32.7017],[-97.11334,32.7035],[-97.11559,32.70382],[-97.11698,32.70233],[-97.11613,32.70053],[-97.11388,32.70022]]]}},{"type":"Feature","properties":{"h3":"8926c871173ffff","mii":5,"trt":0.0,"glp1":0.0,"pharmacy":0.0,"gym":0.0,"n":0},"geometry":{"type":"Polygon","coordinates":[[[-97.02249,33.12401],[-97.02109,33.1255],[-97.02194,33.12729],[-97.02419,33.12761],[-97.0256,33.12613],[-97.02474,33.12433],[-97.02249,33.12401]]]}},{"type":"Feature","properties":{"h3":"8926c87117bffff","mii":5,"trt":0.0,"glp1":0.0,"pharmacy":0.0,"gym":0.0,"n":0},"geometry":{"type":"Polygon","coordinates":[[[-97.02614,33.12285],[-97.02474,33.12433],[-97.0256,33.12613],[-97.02785,33.12644],[-97.02925,33.12496],[-97.0284,33.12317],[-97.02614,33.12285]]]}},{"type":"Feature","properties":{"h3":"8926c87116bffff","mii":5,"trt":0.0,"glp1":0.0,"pharmacy":0.0,"gym":0.0,"n":0},"geometry":{"type":"Polygon","coordinates":[[[-97.02669,33.11957],[-97.02529,33.12105],[-97.02614,33.12285],[-97.0284,33.12317],[-97.0298,33.12168],[-97.02895,33.11989],[-97.02669,33.11957]]]}},{"type":"Feature","properties":{"h3":"8926c87116fffff","mii":5,"trt":0.0,"glp1":0.0,"pharmacy":0.0,"gym":0.0,"n":0},"geometry":{"type":"Polygon","coordinates":[[[-97.02359,33.11746],[-97.02218,33.11894],[-97.02304,33.12074],[-97.02529,33.12105],[-97.02669,33.11957],[-97.02584,33.11778],[-97.02359,33.11746]]]}},{"type":"Feature","properties":{"h3":"8926c871167ffff","mii":5,"trt":0.0,"glp1":0.0,"pharmacy":0.0,"gym":0.0,"n":0},"geometry":{"type":"Polygon","coordinates":[[[-97.01993,33.11863],[-97.01853,33.12011],[-97.01938,33.1219],[-97.02163,33.12222],[-97.02304,33.12074],[-97.02218,33.11894],[-97.01993,33.11863]]]}},{"type":"Feature","properties":{"h3":"8926c871177ffff","mii":5,"trt":0.0,"glp1":0.0,"pharmacy":0.0,"gym":0.0,"n":0},"geometry":{"type":"Polygon","coordinates":[[[-97.01938,33.1219],[-97.01798,33.12338],[-97.01883,33.12518],[-97.02109,33.1255],[-97.02249,33.12401],[-97.02163,33.12222],[-97.01938,33.1219]]]}},{"type":"Feature","properties":{"h3":"8926cb81177ffff","mii":5,"trt":0.0,"glp1":0.0,"pharmacy":0.0,"gym":0.0,"n":0},"geometry":{"type":"Polygon","coordinates":[[[-96.77002,32.59314],[-96.76863,32.59463],[-96.76947,32.59643],[-96.77171,32.59675],[-96.77311,32.59526],[-96.77226,32.59346],[-96.77002,32.59314]]]}},{"type":"Feature","properties":{"h3":"8926cb81163ffff","mii":5,"trt":0.0,"glp1":0.0,"pharmacy":0.0,"gym":0.0,"n":0},"geometry":{"type":"Polygon","coordinates":[[[-96.77366,32.59198],[-96.77226,32.59346],[-96.77311,32.59526],[-96.77535,32.59558],[-96.77674,32.5941],[-96.7759,32.5923],[-96.77366,32.59198]]]}},{"type":"Feature","properties":{"h3":"8926cb8116fffff","mii":5,"trt":0.0,"glp1":0.0,"pharmacy":0.0,"gym":0.0,"n":0},"geometry":{"type":"Polygon","coordinates":[[[-96.77421,32.5887],[-96.77282,32.59018],[-96.77366,32.59198],[-96.7759,32.5923],[-96.7773,32.59081],[-96.77645,32.58901],[-96.77421,32.5887]]]}},{"type":"Feature","properties":{"h3":"8926cb81e9bffff","mii":5,"trt":0.0,"glp1":0.0,"pharmacy":0.0,"gym":0.0,"n":0},"geometry":{"type":"Polygon","coordinates":[[[-96.77113,32.58658],[-96.76973,32.58806],[-96.77058,32.58986],[-96.77282,32.59018],[-96.77421,32.5887],[-96.77337,32.5869],[-96.77113,32.58658]]]}},{"type":"Feature","properties":{"h3":"8926cb81e93ffff","mii":5,"trt":0.0,"glp1":0.0,"pharmacy":0.0,"gym":0.0,"n":0},"geometry":{"type":"Polygon","coordinates":[[[-96.76749,32.58774],[-96.76609,32.58923],[-96.76694,32.59103],[-96.76918,32.59134],[-96.77058,32.58986],[-96.76973,32.58806],[-96.76749,32.58774]]]}},{"type":"Feature","properties":{"h3":"8926cb8112bffff","mii":5,"trt":0.0,"glp1":0.0,"pharmacy":0.0,"gym":0.0,"n":0},"geometry":{"type":"Polygon","coordinates":[[[-96.76694,32.59103],[-96.76554,32.59251],[-96.76638,32.59431],[-96.76863,32.59463],[-96.77002,32.59314],[-96.76918,32.59134],[-96.76694,32.59103]]]}},{"type":"Feature","properties":{"h3":"8926cb83293ffff","mii":5,"trt":0.0,"glp1":0.65,"pharmacy":0.0,"gym":0.0,"n":1},"geometry":{"type":"Polygon","coordinates":[[[-96.77747,32.67151],[-96.77607,32.67299],[-96.77691,32.67479],[-96.77915,32.6751],[-96.78055,32.67362],[-96.77971,32.67182],[-96.77747,32.67151]]]}},{"type":"Feature","properties":{"h3":"8926cabab8bffff","mii":5,"trt":0.0,"glp1":0.0,"pharmacy":0.0,"gym":0.0,"n":0},"geometry":{"type":"Polygon","coordinates":[[[-97.58727,33.06074],[-97.58587,33.06223],[-97.58673,33.06402],[-97.58899,33.06433],[-97.59039,33.06284],[-97.58953,33.06104],[-97.58727,33.06074]]]}},{"type":"Feature","properties":{"h3":"8926cababc7ffff","mii":5,"trt":0.0,"glp1":0.0,"pharmacy":0.0,"gym":0.0,"n":0},"geometry":{"type":"Polygon","coordinates":[[[-97.59093,33.05955],[-97.58953,33.06104],[-97.59039,33.06284],[-97.59265,33.06315],[-97.59405,33.06166],[-97.59319,33.05986],[-97.59093,33.05955]]]}},{"type":"Feature","properties":{"h3":"8926cabab1bffff","mii":5,"trt":0.0,"glp1":0.0,"pharmacy":0.0,"gym":0.0,"n":0},"geometry":{"type":"Polygon","coordinates":[[[-97.59146,33.05627],[-97.59006,33.05776],[-97.59093,33.05955],[-97.59319,33.05986],[-97.59459,33.05837],[-97.59372,33.05657],[-97.59146,33.05627]]]}},{"type":"Feature","properties":{"h3":"8926cabab03ffff","mii":5,"trt":0.0,"glp1":0.0,"pharmacy":0.0,"gym":0.0,"n":0},"geometry":{"type":"Polygon","coordinates":[[[-97.58833,33.05417],[-97.58694,33.05566],[-97.5878,33.05745],[-97.59006,33.05776],[-97.59146,33.05627],[-97.5906,33.05447],[-97.58833,33.05417]]]}},{"type":"Feature","properties":{"h3":"8926cabab17ffff","mii":5,"trt":0.0,"glp1":0.0,"pharmacy":0.0,"gym":0.0,"n":0},"geometry":{"type":"Polygon","coordinates":[[[-97.58467,33.05535],[-97.58328,33.05684],[-97.58414,33.05864],[-97.5864,33.05894],[-97.5878,33.05745],[-97.58694,33.05566],[-97.58467,33.05535]]]}},{"type":"Feature","properties":{"h3":"8926cabab8fffff","mii":5,"trt":0.0,"glp1":0.0,"pharmacy":0.0,"gym":0.0,"n":0},"geometry":{"type":"Polygon","coordinates":[[[-97.58414,33.05864],[-97.58274,33.06013],[-97.58361,33.06192],[-97.58587,33.06223],[-97.58727,33.06074],[-97.5864,33.05894],[-97.58414,33.05864]]]}},{"type":"Feature","properties":{"h3":"8926cbdadb3ffff","mii":5,"trt":0.0,"glp1":0.65,"pharmacy":0.0,"gym":0.0,"n":1},"geometry":{"type":"Polygon","coordinates":[[[-97.26908,32.72167],[-97.26768,32.72316],[-97.26854,32.72496],[-97.27079,32.72527],[-97.27218,32.72378],[-97.27133,32.72198],[-97.26908,32.72167]]]}},{"type":"Feature","properties":{"h3":"8926caa59afffff","mii":5,"trt":0.0,"glp1":0.0,"pharmacy":0.0,"gym":0.0,"n":0},"geometry":{"type":"Polygon","coordinates":[[[-97.35339,32.79711],[-97.352,32.7986],[-97.35286,32.8004],[-97.35511,32.80071],[-97.3565,32.79922],[-97.35565,32.79742],[-97.35339,32.79711]]]}},{"type":"Feature","properties":{"h3":"8926caa5933ffff","mii":5,"trt":0.0,"glp1":0.0,"pharmacy":0.0,"gym":0.0,"n":0},"geometry":{"type":"Polygon","coordinates":[[[-97.35704,32.79593],[-97.35565,32.79742],[-97.3565,32.79922],[-97.35876,32.79953],[-97.36015,32.79804],[-97.3593,32.79624],[-97.35704,32.79593]]]}},{"type":"Feature","properties":{"h3":"8926caa5923ffff","mii":5,"trt":0.0,"glp1":0.0,"pharmacy":0.0,"gym":0.0,"n":0},"geometry":{"type":"Polygon","coordinates":[[[-97.35758,32.79265],[-97.35619,32.79414],[-97.35704,32.79593],[-97.3593,32.79624],[-97.36069,32.79475],[-97.35984,32.79295],[-97.35758,32.79265]]]}},{"type":"Feature","properties":{"h3":"8926caa5927ffff","mii":5,"trt":0.0,"glp1":0.0,"pharmacy":0.0,"gym":0.0,"n":0},"geometry":{"type":"Polygon","coordinates":[[[-97.35447,32.79054],[-97.35308,32.79203],[-97.35393,32.79383],[-97.35619,32.79414],[-97.35758,32.79265],[-97.35673,32.79085],[-97.35447,32.79054]]]}},{"type":"Feature","properties":{"h3":"8926cbda4cbffff","mii":5,"trt":0.0,"glp1":0.0,"pharmacy":0.0,"gym":0.0,"n":0},"geometry":{"type":"Polygon","coordinates":[[[-97.35082,32.79172],[-97.34943,32.79321],[-97.35028,32.79501],[-97.35254,32.79532],[-97.35393,32.79383],[-97.35308,32.79203],[-97.35082,32.79172]]]}},{"type":"Feature","properties":{"h3":"8926cbda4dbffff","mii":5,"trt":0.0,"glp1":0.0,"pharmacy":0.0,"gym":0.0,"n":0},"geometry":{"type":"Polygon","coordinates":[[[-97.35028,32.79501],[-97.34889,32.7965],[-97.34975,32.7983],[-97.352,32.7986],[-97.35339,32.79711],[-97.35254,32.79532],[-97.35028,32.79501]]]}},{"type":"Feature","properties":{"h3":"8926cbd16cfffff","mii":5,"trt":0.0,"glp1":0.0,"pharmacy":0.0,"gym":0.0,"n":0},"geometry":{"type":"Polygon","coordinates":[[[-97.30041,32.78313],[-97.29901,32.78461],[-97.29987,32.78641],[-97.30212,32.78672],[-97.30352,32.78523],[-97.30266,32.78343],[-97.30041,32.78313]]]}},{"type":"Feature","properties":{"h3":"8926cbd1653ffff","mii":5,"trt":0.0,"glp1":0.0,"pharmacy":0.0,"gym":0.0,"n":0},"geometry":{"type":"Polygon","coordinates":[[[-97.30406,32.78195],[-97.30266,32.78343],[-97.30352,32.78523],[-97.30577,32.78554],[-97.30717,32.78405],[-97.30631,32.78226],[-97.30406,32.78195]]]}},{"type":"Feature","properties":{"h3":"8926cbd1643ffff","mii":5,"trt":0.0,"glp1":0.0,"pharmacy":0.0,"gym":0.0,"n":0},"geometry":{"type":"Polygon","coordinates":[[[-97.3046,32.77866],[-97.3032,32.78015],[-97.30406,32.78195],[-97.30631,32.78226],[-97.30771,32.78077],[-97.30685,32.77897],[-97.3046,32.77866]]]}},{"type":"Feature","properties":{"h3":"8926cbd1647ffff","mii":5,"trt":0.0,"glp1":0.0,"pharmacy":0.0,"gym":0.0,"n":0},"geometry":{"type":"Polygon","coordinates":[[[-97.30149,32.77655],[-97.30009,32.77804],[-97.30095,32.77984],[-97.3032,32.78015],[-97.3046,32.77866],[-97.30374,32.77686],[-97.30149,32.77655]]]}},{"type":"Feature","properties":{"h3":"8926cbd160bffff","mii":5,"trt":0.0,"glp1":0.0,"pharmacy":0.0,"gym":0.0,"n":0},"geometry":{"type":"Polygon","coordinates":[[[-97.29784,32.77773],[-97.29644,32.77922],[-97.2973,32.78102],[-97.29955,32.78133],[-97.30095,32.77984],[-97.30009,32.77804],[-97.29784,32.77773]]]}},{"type":"Feature","properties":{"h3":"8926cbd161bffff","mii":5,"trt":0.0,"glp1":0.0,"pharmacy":0.0,"gym":0.0,"n":0},"geometry":{"type":"Polygon","coordinates":[[[-97.2973,32.78102],[-97.2959,32.78251],[-97.29676,32.7843],[-97.29901,32.78461],[-97.30041,32.78313],[-97.29955,32.78133],[-97.2973,32.78102]]]}},{"type":"Feature","properties":{"h3":"8926cab62a3ffff","mii":5,"trt":0.0,"glp1":0.0,"pharmacy":0.0,"gym":0.0,"n":0},"geometry":{"type":"Polygon","coordinates":[[[-97.30746,33.07631],[-97.30606,33.0778],[-97.30692,33.07959],[-97.30918,33.0799],[-97.31058,33.07842],[-97.30972,33.07662],[-97.30746,33.07631]]]}},{"type":"Feature","properties":{"h3":"8926cab62abffff","mii":5,"trt":0.0,"glp1":0.0,"pharmacy":0.0,"gym":0.0,"n":0},"geometry":{"type":"Polygon","coordinates":[[[-97.31112,33.07514],[-97.30972,33.07662],[-97.31058,33.07842],[-97.31283,33.07873],[-97.31423,33.07724],[-97.31337,33.07545],[-97.31112,33.07514]]]}},{"type":"Feature","properties":{"h3":"8926cab6233ffff","mii":5,"trt":0.0,"glp1":0.0,"pharmacy":0.0,"gym":0.0,"n":0},"geometry":{"type":"Polygon","coordinates":[[[-97.31166,33.07185],[-97.31026,33.07334],[-97.31112,33.07514],[-97.31337,33.07545],[-97.31477,33.07396],[-97.31392,33.07217],[-97.31166,33.07185]]]}},{"type":"Feature","properties":{"h3":"8926cab6237ffff","mii":5,"trt":0.0,"glp1":0.0,"pharmacy":0.0,"gym":0.0,"n":0},"geometry":{"type":"Polygon","coordinates":[[[-97.30854,33.06975],[-97.30714,33.07123],[-97.308,33.07303],[-97.31026,33.07334],[-97.31166,33.07185],[-97.3108,33.07006],[-97.30854,33.06975]]]}},{"type":"Feature","properties":{"h3":"8926cab63dbffff","mii":5,"trt":0.0,"glp1":0.0,"pharmacy":0.0,"gym":0.0,"n":0},"geometry":{"type":"Polygon","coordinates":[[[-97.30488,33.07092],[-97.30348,33.07241],[-97.30434,33.07421],[-97.3066,33.07452],[-97.308,33.07303],[-97.30714,33.07123],[-97.30488,33.07092]]]}},{"type":"Feature","properties":{"h3":"8926cab62a7ffff","mii":5,"trt":0.0,"glp1":0.0,"pharmacy":0.0,"gym":0.0,"n":0},"geometry":{"type":"Polygon","coordinates":[[[-97.30434,33.07421],[-97.30294,33.07569],[-97.3038,33.07749],[-97.30606,33.0778],[-97.30746,33.07631],[-97.3066,33.07452],[-97.30434,33.07421]]]}},{"type":"Feature","properties":{"h3":"8926c866d8fffff","mii":5,"trt":0.0,"glp1":0.0,"pharmacy":0.0,"gym":0.0,"n":0},"geometry":{"type":"Polygon","coordinates":[[[-96.73975,32.89454],[-96.73835,32.89602],[-96.7392,32.89782],[-96.74144,32.89813],[-96.74284,32.89666],[-96.742,32.89486],[-96.73975,32.89454]]]}},{"type":"Feature","properties":{"h3":"8926c866d13ffff","mii":5,"trt":0.0,"glp1":0.0,"pharmacy":0.0,"gym":0.0,"n":0},"geometry":{"type":"Polygon","coordinates":[[[-96.7434,32.89338],[-96.742,32.89486],[-96.74284,32.89666],[-96.74509,32.89698],[-96.74649,32.8955],[-96.74565,32.8937],[-96.7434,32.89338]]]}},{"type":"Feature","properties":{"h3":"8926c866d03ffff","mii":5,"trt":0.0,"glp1":0.0,"pharmacy":0.0,"gym":0.0,"n":0},"geometry":{"type":"Polygon","coordinates":[[[-96.74396,32.8901],[-96.74255,32.89158],[-96.7434,32.89338],[-96.74565,32.8937],[-96.74705,32.89222],[-96.7462,32.89042],[-96.74396,32.8901]]]}},{"type":"Feature","properties":{"h3":"8926c866d07ffff","mii":5,"trt":0.0,"glp1":0.0,"pharmacy":0.0,"gym":0.0,"n":0},"geometry":{"type":"Polygon","coordinates":[[[-96.74086,32.88798],[-96.73946,32.88946],[-96.74031,32.89126],[-96.74255,32.89158],[-96.74396,32.8901],[-96.74311,32.8883],[-96.74086,32.88798]]]}},{"type":"Feature","properties":{"h3":"8926c866dabffff","mii":5,"trt":0.0,"glp1":0.0,"pharmacy":0.0,"gym":0.0,"n":0},"geometry":{"type":"Polygon","coordinates":[[[-96.73722,32.88914],[-96.73582,32.89062],[-96.73666,32.89242],[-96.73891,32.89274],[-96.74031,32.89126],[-96.73946,32.88946],[-96.73722,32.88914]]]}},{"type":"Feature","properties":{"h3":"8926c866dbbffff","mii":5,"trt":0.0,"glp1":0.0,"pharmacy":0.0,"gym":0.0,"n":0},"geometry":{"type":"Polygon","coordinates":[[[-96.73666,32.89242],[-96.73526,32.8939],[-96.73611,32.8957],[-96.73835,32.89602],[-96.73975,32.89454],[-96.73891,32.89274],[-96.73666,32.89242]]]}},{"type":"Feature","properties":{"h3":"8926c86e187ffff","mii":5,"trt":0.0,"glp1":0.0,"pharmacy":0.0,"gym":0.0,"n":0},"geometry":{"type":"Polygon","coordinates":[[[-96.95817,32.86832],[-96.95677,32.8698],[-96.95762,32.8716],[-96.95987,32.87191],[-96.96127,32.87043],[-96.96042,32.86863],[-96.95817,32.86832]]]}},{"type":"Feature","properties":{"h3":"8926c86e18fffff","mii":5,"trt":0.0,"glp1":0.0,"pharmacy":0.0,"gym":0.0,"n":0},"geometry":{"type":"Polygon","coordinates":[[[-96.96182,32.86715],[-96.96042,32.86863],[-96.96127,32.87043],[-96.96352,32.87075],[-96.96492,32.86926],[-96.96407,32.86746],[-96.96182,32.86715]]]}},{"type":"Feature","properties":{"h3":"8926c86e117ffff","mii":5,"trt":0.0,"glp1":0.0,"pharmacy":0.0,"gym":0.0,"n":0},"geometry":{"type":"Polygon","coordinates":[[[-96.96237,32.86387],[-96.96097,32.86535],[-96.96182,32.86715],[-96.96407,32.86746],[-96.96547,32.86598],[-96.96462,32.86418],[-96.96237,32.86387]]]}},{"type":"Feature","properties":{"h3":"8926c86e1abffff","mii":5,"trt":0.0,"glp1":0.0,"pharmacy":0.0,"gym":0.0,"n":0},"geometry":{"type":"Polygon","coordinates":[[[-96.95927,32.86175],[-96.95787,32.86324],[-96.95872,32.86504],[-96.96097,32.86535],[-96.96237,32.86387],[-96.96152,32.86207],[-96.95927,32.86175]]]}},{"type":"Feature","properties":{"h3":"8926c86e1a3ffff","mii":5,"trt":0.0,"glp1":0.0,"pharmacy":0.0,"gym":0.0,"n":0},"geometry":{"type":"Polygon","coordinates":[[[-96.95562,32.86292],[-96.95422,32.8644],[-96.95507,32.8662],[-96.95732,32.86652],[-96.95872,32.86504],[-96.95787,32.86324],[-96.95562,32.86292]]]}},{"type":"Feature","properties":{"h3":"8926c86e1b3ffff","mii":5,"trt":0.0,"glp1":0.0,"pharmacy":0.0,"gym":0.0,"n":0},"geometry":{"type":"Polygon","coordinates":[[[-96.95507,32.8662],[-96.95367,32.86769],[-96.95452,32.86948],[-96.95677,32.8698],[-96.95817,32.86832],[-96.95732,32.86652],[-96.95507,32.8662]]]}},{"type":"Feature","properties":{"h3":"8926c8649b3ffff","mii":5,"trt":0.0,"glp1":0.0,"pharmacy":0.0,"gym":0.0,"n":0},"geometry":{"type":"Polygon","coordinates":[[[-96.77019,32.8166],[-96.76879,32.81809],[-96.76964,32.81988],[-96.77188,32.8202],[-96.77328,32.81872],[-96.77244,32.81692],[-96.77019,32.8166]]]}},{"type":"Feature","properties":{"h3":"8926c8649bbffff","mii":5,"trt":0.0,"glp1":0.0,"pharmacy":0.0,"gym":0.0,"n":0},"geometry":{"type":"Polygon","coordinates":[[[-96.77384,32.81544],[-96.77244,32.81692],[-96.77328,32.81872],[-96.77553,32.81904],[-96.77693,32.81756],[-96.77608,32.81576],[-96.77384,32.81544]]]}},{"type":"Feature","properties":{"h3":"8926c8649abffff","mii":5,"trt":0.0,"glp1":0.0,"pharmacy":0.0,"gym":0.0,"n":0},"geometry":{"type":"Polygon","coordinates":[[[-96.77439,32.81216],[-96.77299,32.81364],[-96.77384,32.81544],[-96.77608,32.81576],[-96.77748,32.81428],[-96.77664,32.81248],[-96.77439,32.81216]]]}},{"type":"Feature","properties":{"h3":"8926c8649a7ffff","mii":5,"trt":0.0,"glp1":0.0,"pharmacy":0.0,"gym":0.0,"n":0},"geometry":{"type":"Polygon","coordinates":[[[-96.76766,32.81121],[-96.76626,32.81269],[-96.7671,32.81449],[-96.76935,32.81481],[-96.77075,32.81333],[-96.7699,32.81153],[-96.76766,32.81121]]]}},{"type":"Feature","properties":{"h3":"8926c8649b7ffff","mii":5,"trt":0.0,"glp1":0.0,"pharmacy":0.0,"gym":0.0,"n":0},"geometry":{"type":"Polygon","coordinates":[[[-96.7671,32.81449],[-96.7657,32.81597],[-96.76655,32.81777],[-96.76879,32.81809],[-96.77019,32.8166],[-96.76935,32.81481],[-96.7671,32.81449]]]}},{"type":"Feature","properties":{"h3":"8926c875b2bffff","mii":5,"trt":0.0,"glp1":0.0,"pharmacy":0.0,"gym":0.0,"n":0},"geometry":{"type":"Polygon","coordinates":[[[-96.85027,32.95552],[-96.84887,32.957],[-96.84971,32.9588],[-96.85196,32.95911],[-96.85336,32.95763],[-96.85252,32.95584],[-96.85027,32.95552]]]}},{"type":"Feature","properties":{"h3":"8926c875b67ffff","mii":5,"trt":0.0,"glp1":0.0,"pharmacy":0.0,"gym":0.0,"n":0},"geometry":{"type":"Polygon","coordinates":[[[-96.85392,32.95435],[-96.85252,32.95584],[-96.85336,32.95763],[-96.85561,32.95795],[-96.85702,32.95647],[-96.85617,32.95467],[-96.85392,32.95435]]]}},{"type":"Feature","properties":{"h3":"8926c86759bffff","mii":5,"trt":0.0,"glp1":0.0,"pharmacy":0.0,"gym":0.0,"n":0},"geometry":{"type":"Polygon","coordinates":[[[-96.85447,32.95108],[-96.85307,32.95256],[-96.85392,32.95435],[-96.85617,32.95467],[-96.85757,32.95319],[-96.85672,32.95139],[-96.85447,32.95108]]]}},{"type":"Feature","properties":{"h3":"8926c805983ffff","mii":5,"trt":0.0,"glp1":0.0,"pharmacy":0.0,"gym":0.0,"n":0},"geometry":{"type":"Polygon","coordinates":[[[-96.61565,33.19711],[-96.61424,33.19858],[-96.61509,33.20038],[-96.61734,33.2007],[-96.61874,33.19923],[-96.6179,33.19743],[-96.61565,33.19711]]]}},{"type":"Feature","properties":{"h3":"8926c80598bffff","mii":5,"trt":0.0,"glp1":0.0,"pharmacy":0.0,"gym":0.0,"n":0},"geometry":{"type":"Polygon","coordinates":[[[-96.6193,33.19596],[-96.6179,33.19743],[-96.61874,33.19923],[-96.62099,33.19955],[-96.6224,33.19807],[-96.62155,33.19628],[-96.6193,33.19596]]]}},{"type":"Feature","properties":{"h3":"8926c805913ffff","mii":5,"trt":0.0,"glp1":0.0,"pharmacy":0.0,"gym":0.0,"n":0},"geometry":{"type":"Polygon","coordinates":[[[-96.61986,33.19268],[-96.61846,33.19416],[-96.6193,33.19596],[-96.62155,33.19628],[-96.62296,33.1948],[-96.62211,33.19301],[-96.61986,33.19268]]]}},{"type":"Feature","properties":{"h3":"8926c805917ffff","mii":5,"trt":0.0,"glp1":0.0,"pharmacy":0.0,"gym":0.0,"n":0},"geometry":{"type":"Polygon","coordinates":[[[-96.61677,33.19056],[-96.61536,33.19204],[-96.61621,33.19384],[-96.61846,33.19416],[-96.61986,33.19268],[-96.61902,33.19089],[-96.61677,33.19056]]]}},{"type":"Feature","properties":{"h3":"8926c8059bbffff","mii":5,"trt":0.0,"glp1":0.0,"pharmacy":0.0,"gym":0.0,"n":0},"geometry":{"type":"Polygon","coordinates":[[[-96.61311,33.19172],[-96.61171,33.19319],[-96.61255,33.19499],[-96.6148,33.19531],[-96.61621,33.19384],[-96.61536,33.19204],[-96.61311,33.19172]]]}},{"type":"Feature","properties":{"h3":"8926cb9754fffff","mii":4,"trt":0.0,"glp1":0.0,"pharmacy":0.0,"gym":0.0,"n":0},"geometry":{"type":"Polygon","coordinates":[[[-96.56437,32.73014],[-96.56297,32.73161],[-96.56381,32.73341],[-96.56605,32.73374],[-96.56745,32.73226],[-96.56661,32.73046],[-96.56437,32.73014]]]}},{"type":"Feature","properties":{"h3":"8926cb970b3ffff","mii":4,"trt":0.0,"glp1":0.0,"pharmacy":0.0,"gym":0.0,"n":0},"geometry":{"type":"Polygon","coordinates":[[[-96.56801,32.72898],[-96.56661,32.73046],[-96.56745,32.73226],[-96.56969,32.73258],[-96.57109,32.7311],[-96.57025,32.7293],[-96.56801,32.72898]]]}},{"type":"Feature","properties":{"h3":"8926cb970a3ffff","mii":4,"trt":0.0,"glp1":0.0,"pharmacy":0.0,"gym":0.0,"n":0},"geometry":{"type":"Polygon","coordinates":[[[-96.56857,32.7257],[-96.56717,32.72718],[-96.56801,32.72898],[-96.57025,32.7293],[-96.57165,32.72782],[-96.57081,32.72602],[-96.56857,32.7257]]]}},{"type":"Feature","properties":{"h3":"8926cb970a7ffff","mii":4,"trt":0.0,"glp1":0.0,"pharmacy":0.0,"gym":0.0,"n":0},"geometry":{"type":"Polygon","coordinates":[[[-96.56549,32.72358],[-96.56409,32.72506],[-96.56493,32.72686],[-96.56717,32.72718],[-96.56857,32.7257],[-96.56773,32.7239],[-96.56549,32.72358]]]}},{"type":"Feature","properties":{"h3":"8926cb9756bffff","mii":4,"trt":0.0,"glp1":0.0,"pharmacy":0.0,"gym":0.0,"n":0},"geometry":{"type":"Polygon","coordinates":[[[-96.56185,32.72474],[-96.56045,32.72621],[-96.56129,32.72801],[-96.56353,32.72834],[-96.56493,32.72686],[-96.56409,32.72506],[-96.56185,32.72474]]]}},{"type":"Feature","properties":{"h3":"8926cb9757bffff","mii":4,"trt":0.0,"glp1":0.0,"pharmacy":0.0,"gym":0.0,"n":0},"geometry":{"type":"Polygon","coordinates":[[[-96.56129,32.72801],[-96.55989,32.72949],[-96.56073,32.73129],[-96.56297,32.73161],[-96.56437,32.73014],[-96.56353,32.72834],[-96.56129,32.72801]]]}},{"type":"Feature","properties":{"h3":"8926cb9435bffff","mii":4,"trt":0.0,"glp1":0.55,"pharmacy":0.0,"gym":0.0,"n":1},"geometry":{"type":"Polygon","coordinates":[[[-96.55708,32.65183],[-96.55568,32.65331],[-96.55652,32.65511],[-96.55875,32.65543],[-96.56015,32.65395],[-96.55931,32.65215],[-96.55708,32.65183]]]}},{"type":"Feature","properties":{"h3":"8926cb972cbffff","mii":4,"trt":0.0,"glp1":0.0,"pharmacy":0.0,"gym":0.0,"n":0},"geometry":{"type":"Polygon","coordinates":[[[-96.61365,32.72377],[-96.61225,32.72525],[-96.6131,32.72705],[-96.61534,32.72737],[-96.61674,32.72589],[-96.61589,32.72409],[-96.61365,32.72377]]]}},{"type":"Feature","properties":{"h3":"8926cb90d27ffff","mii":4,"trt":0.0,"glp1":0.0,"pharmacy":0.0,"gym":0.0,"n":0},"geometry":{"type":"Polygon","coordinates":[[[-96.61729,32.72261],[-96.61589,32.72409],[-96.61674,32.72589],[-96.61898,32.72621],[-96.62038,32.72473],[-96.61953,32.72293],[-96.61729,32.72261]]]}},{"type":"Feature","properties":{"h3":"8926cb9725bffff","mii":4,"trt":0.0,"glp1":0.0,"pharmacy":0.0,"gym":0.0,"n":0},"geometry":{"type":"Polygon","coordinates":[[[-96.61785,32.71933],[-96.61645,32.72081],[-96.61729,32.72261],[-96.61953,32.72293],[-96.62093,32.72145],[-96.62009,32.71965],[-96.61785,32.71933]]]}},{"type":"Feature","properties":{"h3":"8926cb97243ffff","mii":4,"trt":0.0,"glp1":0.0,"pharmacy":0.0,"gym":0.0,"n":0},"geometry":{"type":"Polygon","coordinates":[[[-96.61477,32.71721],[-96.61337,32.71869],[-96.61421,32.72049],[-96.61645,32.72081],[-96.61785,32.71933],[-96.61701,32.71753],[-96.61477,32.71721]]]}},{"type":"Feature","properties":{"h3":"8926cb97257ffff","mii":4,"trt":0.0,"glp1":0.0,"pharmacy":0.0,"gym":0.0,"n":0},"geometry":{"type":"Polygon","coordinates":[[[-96.61113,32.71837],[-96.60973,32.71985],[-96.61057,32.72165],[-96.61281,32.72197],[-96.61421,32.72049],[-96.61337,32.71869],[-96.61113,32.71837]]]}},{"type":"Feature","properties":{"h3":"8926cb972cfffff","mii":4,"trt":0.0,"glp1":0.0,"pharmacy":0.0,"gym":0.0,"n":0},"geometry":{"type":"Polygon","coordinates":[[[-96.61057,32.72165],[-96.60917,32.72312],[-96.61001,32.72492],[-96.61225,32.72525],[-96.61365,32.72377],[-96.61281,32.72197],[-96.61057,32.72165]]]}},{"type":"Feature","properties":{"h3":"8926c95ac07ffff","mii":4,"trt":0.0,"glp1":0.0,"pharmacy":0.0,"gym":0.0,"n":0},"geometry":{"type":"Polygon","coordinates":[[[-96.282,32.75137],[-96.2806,32.75284],[-96.28143,32.75464],[-96.28367,32.75497],[-96.28507,32.7535],[-96.28424,32.7517],[-96.282,32.75137]]]}},{"type":"Feature","properties":{"h3":"8926c95ac0fffff","mii":4,"trt":0.0,"glp1":0.0,"pharmacy":0.0,"gym":0.0,"n":0},"geometry":{"type":"Polygon","coordinates":[[[-96.28564,32.75022],[-96.28424,32.7517],[-96.28507,32.7535],[-96.28731,32.75382],[-96.28871,32.75235],[-96.28787,32.75055],[-96.28564,32.75022]]]}},{"type":"Feature","properties":{"h3":"8926c95ac77ffff","mii":4,"trt":0.0,"glp1":0.0,"pharmacy":0.0,"gym":0.0,"n":0},"geometry":{"type":"Polygon","coordinates":[[[-96.2862,32.74695],[-96.2848,32.74842],[-96.28564,32.75022],[-96.28787,32.75055],[-96.28928,32.74907],[-96.28844,32.74727],[-96.2862,32.74695]]]}},{"type":"Feature","properties":{"h3":"8926c95ac2bffff","mii":4,"trt":0.0,"glp1":0.0,"pharmacy":0.0,"gym":0.0,"n":0},"geometry":{"type":"Polygon","coordinates":[[[-96.28313,32.74482],[-96.28173,32.74629],[-96.28257,32.74809],[-96.2848,32.74842],[-96.2862,32.74695],[-96.28537,32.74515],[-96.28313,32.74482]]]}},{"type":"Feature","properties":{"h3":"8926c95ac23ffff","mii":4,"trt":0.0,"glp1":0.0,"pharmacy":0.0,"gym":0.0,"n":0},"geometry":{"type":"Polygon","coordinates":[[[-96.2795,32.74597],[-96.27809,32.74744],[-96.27893,32.74924],[-96.28117,32.74957],[-96.28257,32.74809],[-96.28173,32.74629],[-96.2795,32.74597]]]}},{"type":"Feature","properties":{"h3":"8926c95ac33ffff","mii":4,"trt":0.0,"glp1":0.0,"pharmacy":0.0,"gym":0.0,"n":0},"geometry":{"type":"Polygon","coordinates":[[[-96.27893,32.74924],[-96.27753,32.75072],[-96.27836,32.75252],[-96.2806,32.75284],[-96.282,32.75137],[-96.28117,32.74957],[-96.27893,32.74924]]]}},{"type":"Feature","properties":{"h3":"8926c836c6bffff","mii":4,"trt":0.0,"glp1":0.55,"pharmacy":0.0,"gym":0.0,"n":1},"geometry":{"type":"Polygon","coordinates":[[[-96.23782,33.06522],[-96.23642,33.06669],[-96.23725,33.06848],[-96.23949,33.06881],[-96.2409,33.06734],[-96.24006,33.06555],[-96.23782,33.06522]]]}},{"type":"Feature","properties":{"h3":"8926cb910dbffff","mii":4,"trt":0.0,"glp1":0.0,"pharmacy":0.0,"gym":0.0,"n":0},"geometry":{"type":"Polygon","coordinates":[[[-96.77209,32.78497],[-96.77069,32.78645],[-96.77154,32.78825],[-96.77378,32.78857],[-96.77518,32.78709],[-96.77434,32.78529],[-96.77209,32.78497]]]}},{"type":"Feature","properties":{"h3":"8926cb910c3ffff","mii":4,"trt":0.0,"glp1":0.0,"pharmacy":0.0,"gym":0.0,"n":0},"geometry":{"type":"Polygon","coordinates":[[[-96.769,32.78285],[-96.7676,32.78433],[-96.76845,32.78613],[-96.77069,32.78645],[-96.77209,32.78497],[-96.77125,32.78317],[-96.769,32.78285]]]}},{"type":"Feature","properties":{"h3":"8926cb910d7ffff","mii":4,"trt":0.0,"glp1":0.0,"pharmacy":0.0,"gym":0.0,"n":0},"geometry":{"type":"Polygon","coordinates":[[[-96.76536,32.78401],[-96.76396,32.78549],[-96.76481,32.78729],[-96.76705,32.78761],[-96.76845,32.78613],[-96.7676,32.78433],[-96.76536,32.78401]]]}},{"type":"Feature","properties":{"h3":"8926cb9146fffff","mii":4,"trt":0.0,"glp1":0.0,"pharmacy":0.0,"gym":0.0,"n":0},"geometry":{"type":"Polygon","coordinates":[[[-96.76481,32.78729],[-96.76341,32.78877],[-96.76425,32.79057],[-96.7665,32.79089],[-96.76789,32.78941],[-96.76705,32.78761],[-96.76481,32.78729]]]}},{"type":"Feature","properties":{"h3":"8926cb9015bffff","mii":4,"trt":0.0,"glp1":0.55,"pharmacy":0.0,"gym":0.0,"n":1},"geometry":{"type":"Polygon","coordinates":[[[-96.68262,32.76385],[-96.68122,32.76533],[-96.68206,32.76713],[-96.6843,32.76745],[-96.6857,32.76597],[-96.68486,32.76417],[-96.68262,32.76385]]]}},{"type":"Feature","properties":{"h3":"8926cb9a64fffff","mii":4,"trt":0.0,"glp1":0.0,"pharmacy":0.0,"gym":0.0,"n":0},"geometry":{"type":"Polygon","coordinates":[[[-96.8686,32.78518],[-96.8672,32.78667],[-96.86805,32.78847],[-96.8703,32.78878],[-96.8717,32.7873],[-96.87085,32.7855],[-96.8686,32.78518]]]}},{"type":"Feature","properties":{"h3":"8926cb9b5b3ffff","mii":4,"trt":0.0,"glp1":0.0,"pharmacy":0.0,"gym":0.0,"n":0},"geometry":{"type":"Polygon","coordinates":[[[-96.87225,32.78402],[-96.87085,32.7855],[-96.8717,32.7873],[-96.87394,32.78762],[-96.87534,32.78613],[-96.87449,32.78434],[-96.87225,32.78402]]]}},{"type":"Feature","properties":{"h3":"8926cb9b5a3ffff","mii":4,"trt":0.0,"glp1":0.0,"pharmacy":0.0,"gym":0.0,"n":0},"geometry":{"type":"Polygon","coordinates":[[[-96.8728,32.78074],[-96.8714,32.78222],[-96.87225,32.78402],[-96.87449,32.78434],[-96.87589,32.78285],[-96.87505,32.78105],[-96.8728,32.78074]]]}},{"type":"Feature","properties":{"h3":"8926cb9b5a7ffff","mii":4,"trt":0.0,"glp1":0.0,"pharmacy":0.0,"gym":0.0,"n":0},"geometry":{"type":"Polygon","coordinates":[[[-96.86971,32.77862],[-96.86831,32.7801],[-96.86915,32.7819],[-96.8714,32.78222],[-96.8728,32.78074],[-96.87195,32.77894],[-96.86971,32.77862]]]}},{"type":"Feature","properties":{"h3":"8926cb9a66bffff","mii":4,"trt":0.0,"glp1":0.0,"pharmacy":0.0,"gym":0.0,"n":0},"geometry":{"type":"Polygon","coordinates":[[[-96.86606,32.77979],[-96.86466,32.78127],[-96.86551,32.78307],[-96.86776,32.78339],[-96.86915,32.7819],[-96.86831,32.7801],[-96.86606,32.77979]]]}},{"type":"Feature","properties":{"h3":"8926cb9a67bffff","mii":4,"trt":0.0,"glp1":0.0,"pharmacy":0.0,"gym":0.0,"n":0},"geometry":{"type":"Polygon","coordinates":[[[-96.86551,32.78307],[-96.86411,32.78455],[-96.86496,32.78635],[-96.8672,32.78667],[-96.8686,32.78518],[-96.86776,32.78339],[-96.86551,32.78307]]]}},{"type":"Feature","properties":{"h3":"8926c829ab7ffff","mii":4,"trt":0.0,"glp1":0.55,"pharmacy":0.0,"gym":0.0,"n":1},"geometry":{"type":"Polygon","coordinates":[[[-96.70829,32.87663],[-96.70689,32.87811],[-96.70773,32.87991],[-96.70998,32.88023],[-96.71138,32.87875],[-96.71054,32.87695],[-96.70829,32.87663]]]}},{"type":"Feature","properties":{"h3":"8926cb9119bffff","mii":4,"trt":0.0,"glp1":0.0,"pharmacy":0.0,"gym":0.0,"n":0},"geometry":{"type":"Polygon","coordinates":[[[-96.7401,32.77035],[-96.7387,32.77183],[-96.73954,32.77363],[-96.74178,32.77395],[-96.74318,32.77247],[-96.74234,32.77067],[-96.7401,32.77035]]]}},{"type":"Feature","properties":{"h3":"8926cb911d7ffff","mii":4,"trt":0.0,"glp1":0.0,"pharmacy":0.0,"gym":0.0,"n":0},"geometry":{"type":"Polygon","coordinates":[[[-96.74374,32.76919],[-96.74234,32.77067],[-96.74318,32.77247],[-96.74543,32.77279],[-96.74683,32.77131],[-96.74598,32.76951],[-96.74374,32.76919]]]}},{"type":"Feature","properties":{"h3":"8926cb911c7ffff","mii":4,"trt":0.0,"glp1":0.0,"pharmacy":0.0,"gym":0.0,"n":0},"geometry":{"type":"Polygon","coordinates":[[[-96.74429,32.76591],[-96.74289,32.76739],[-96.74374,32.76919],[-96.74598,32.76951],[-96.74738,32.76803],[-96.74654,32.76623],[-96.74429,32.76591]]]}},{"type":"Feature","properties":{"h3":"8926cb91113ffff","mii":4,"trt":0.0,"glp1":0.0,"pharmacy":0.0,"gym":0.0,"n":0},"geometry":{"type":"Polygon","coordinates":[[[-96.74121,32.76379],[-96.73981,32.76527],[-96.74065,32.76707],[-96.74289,32.76739],[-96.74429,32.76591],[-96.74345,32.76411],[-96.74121,32.76379]]]}},{"type":"Feature","properties":{"h3":"8926cb9118fffff","mii":4,"trt":0.0,"glp1":0.0,"pharmacy":0.0,"gym":0.0,"n":0},"geometry":{"type":"Polygon","coordinates":[[[-96.73756,32.76495],[-96.73616,32.76643],[-96.73701,32.76823],[-96.73925,32.76855],[-96.74065,32.76707],[-96.73981,32.76527],[-96.73756,32.76495]]]}},{"type":"Feature","properties":{"h3":"8926cb91183ffff","mii":4,"trt":0.0,"glp1":0.0,"pharmacy":0.0,"gym":0.0,"n":0},"geometry":{"type":"Polygon","coordinates":[[[-96.73701,32.76823],[-96.73561,32.76971],[-96.73645,32.77151],[-96.7387,32.77183],[-96.7401,32.77035],[-96.73925,32.76855],[-96.73701,32.76823]]]}},{"type":"Feature","properties":{"h3":"8926cb9a40fffff","mii":4,"trt":0.0,"glp1":0.0,"pharmacy":0.0,"gym":0.0,"n":0},"geometry":{"type":"Polygon","coordinates":[[[-96.83271,32.79355],[-96.83131,32.79503],[-96.83216,32.79683],[-96.8344,32.79715],[-96.8358,32.79567],[-96.83495,32.79387],[-96.83271,32.79355]]]}},{"type":"Feature","properties":{"h3":"8926cb9a477ffff","mii":4,"trt":0.0,"glp1":0.0,"pharmacy":0.0,"gym":0.0,"n":0},"geometry":{"type":"Polygon","coordinates":[[[-96.83326,32.79027],[-96.83186,32.79175],[-96.83271,32.79355],[-96.83495,32.79387],[-96.83635,32.79239],[-96.83551,32.79059],[-96.83326,32.79027]]]}},{"type":"Feature","properties":{"h3":"8926cb9a42bffff","mii":4,"trt":0.0,"glp1":0.0,"pharmacy":0.0,"gym":0.0,"n":0},"geometry":{"type":"Polygon","coordinates":[[[-96.83017,32.78816],[-96.82877,32.78964],[-96.82962,32.79144],[-96.83186,32.79175],[-96.83326,32.79027],[-96.83241,32.78847],[-96.83017,32.78816]]]}},{"type":"Feature","properties":{"h3":"8926cb9a423ffff","mii":4,"trt":0.0,"glp1":0.0,"pharmacy":0.0,"gym":0.0,"n":0},"geometry":{"type":"Polygon","coordinates":[[[-96.82652,32.78932],[-96.82513,32.7908],[-96.82597,32.7926],[-96.82822,32.79292],[-96.82962,32.79144],[-96.82877,32.78964],[-96.82652,32.78932]]]}},{"type":"Feature","properties":{"h3":"8926caa0497ffff","mii":4,"trt":0.0,"glp1":0.55,"pharmacy":0.0,"gym":0.0,"n":1},"geometry":{"type":"Polygon","coordinates":[[[-97.4925,33.00424],[-97.4911,33.00573],[-97.49196,33.00753],[-97.49422,33.00783],[-97.49562,33.00634],[-97.49476,33.00455],[-97.4925,33.00424]]]}},{"type":"Feature","properties":{"h3":"8926c86de63ffff","mii":4,"trt":0.0,"glp1":0.55,"pharmacy":0.0,"gym":0.0,"n":1},"geometry":{"type":"Polygon","coordinates":[[[-97.08055,32.77625],[-97.07916,32.77773],[-97.08001,32.77953],[-97.08226,32.77984],[-97.08365,32.77836],[-97.0828,32.77656],[-97.08055,32.77625]]]}},{"type":"Feature","properties":{"h3":"8926cb524cfffff","mii":4,"trt":0.0,"glp1":0.0,"pharmacy":0.0,"gym":0.0,"n":0},"geometry":{"type":"Polygon","coordinates":[[[-97.40042,32.46714],[-97.39903,32.46863],[-97.39988,32.47043],[-97.40213,32.47074],[-97.40352,32.46924],[-97.40267,32.46744],[-97.40042,32.46714]]]}},{"type":"Feature","properties":{"h3":"8926cb52453ffff","mii":4,"trt":0.0,"glp1":0.0,"pharmacy":0.0,"gym":0.0,"n":0},"geometry":{"type":"Polygon","coordinates":[[[-97.40406,32.46595],[-97.40267,32.46744],[-97.40352,32.46924],[-97.40577,32.46955],[-97.40716,32.46806],[-97.40631,32.46626],[-97.40406,32.46595]]]}},{"type":"Feature","properties":{"h3":"8926cb52443ffff","mii":4,"trt":0.0,"glp1":0.0,"pharmacy":0.0,"gym":0.0,"n":0},"geometry":{"type":"Polygon","coordinates":[[[-97.40459,32.46266],[-97.4032,32.46415],[-97.40406,32.46595],[-97.40631,32.46626],[-97.4077,32.46476],[-97.40684,32.46296],[-97.40459,32.46266]]]}},{"type":"Feature","properties":{"h3":"8926cb52447ffff","mii":4,"trt":0.0,"glp1":0.0,"pharmacy":0.0,"gym":0.0,"n":0},"geometry":{"type":"Polygon","coordinates":[[[-97.40149,32.46055],[-97.4001,32.46204],[-97.40096,32.46384],[-97.4032,32.46415],[-97.40459,32.46266],[-97.40374,32.46086],[-97.40149,32.46055]]]}},{"type":"Feature","properties":{"h3":"8926cb5240bffff","mii":4,"trt":0.0,"glp1":0.0,"pharmacy":0.0,"gym":0.0,"n":0},"geometry":{"type":"Polygon","coordinates":[[[-97.39785,32.46174],[-97.39646,32.46323],[-97.39732,32.46503],[-97.39956,32.46534],[-97.40096,32.46384],[-97.4001,32.46204],[-97.39785,32.46174]]]}},{"type":"Feature","properties":{"h3":"8926cb5241bffff","mii":4,"trt":0.0,"glp1":0.0,"pharmacy":0.0,"gym":0.0,"n":0},"geometry":{"type":"Polygon","coordinates":[[[-97.39732,32.46503],[-97.39592,32.46653],[-97.39678,32.46833],[-97.39903,32.46863],[-97.40042,32.46714],[-97.39956,32.46534],[-97.39732,32.46503]]]}},{"type":"Feature","properties":{"h3":"8926cab5977ffff","mii":4,"trt":0.0,"glp1":0.55,"pharmacy":0.0,"gym":0.0,"n":1},"geometry":{"type":"Polygon","coordinates":[[[-97.3379,32.95459],[-97.33651,32.95607],[-97.33736,32.95787],[-97.33962,32.95818],[-97.34102,32.95669],[-97.34016,32.9549],[-97.3379,32.95459]]]}},{"type":"Feature","properties":{"h3":"8926caa245bffff","mii":4,"trt":0.0,"glp1":0.55,"pharmacy":0.0,"gym":0.0,"n":1},"geometry":{"type":"Polygon","coordinates":[[[-97.48133,33.05141],[-97.47993,33.0529],[-97.48079,33.0547],[-97.48305,33.05501],[-97.48445,33.05352],[-97.48359,33.05172],[-97.48133,33.05141]]]}},{"type":"Feature","properties":{"h3":"8926cbc158bffff","mii":4,"trt":0.0,"glp1":0.55,"pharmacy":0.0,"gym":0.0,"n":1},"geometry":{"type":"Polygon","coordinates":[[[-97.27234,32.61787],[-97.27095,32.61936],[-97.2718,32.62116],[-97.27405,32.62147],[-97.27544,32.61998],[-97.27459,32.61818],[-97.27234,32.61787]]]}},{"type":"Feature","properties":{"h3":"8926cbd1a6bffff","mii":4,"trt":0.0,"glp1":0.0,"pharmacy":0.0,"gym":0.0,"n":0},"geometry":{"type":"Polygon","coordinates":[[[-97.26665,32.69444],[-97.26526,32.69593],[-97.26611,32.69773],[-97.26836,32.69804],[-97.26976,32.69655],[-97.2689,32.69475],[-97.26665,32.69444]]]}},{"type":"Feature","properties":{"h3":"8926cbda9a7ffff","mii":4,"trt":0.0,"glp1":0.0,"pharmacy":0.0,"gym":0.0,"n":0},"geometry":{"type":"Polygon","coordinates":[[[-97.2703,32.69326],[-97.2689,32.69475],[-97.26976,32.69655],[-97.27201,32.69686],[-97.2734,32.69537],[-97.27255,32.69357],[-97.2703,32.69326]]]}},{"type":"Feature","properties":{"h3":"8926cbc34dbffff","mii":4,"trt":0.0,"glp1":0.0,"pharmacy":0.0,"gym":0.0,"n":0},"geometry":{"type":"Polygon","coordinates":[[[-97.27084,32.68997],[-97.26944,32.69146],[-97.2703,32.69326],[-97.27255,32.69357],[-97.27394,32.69208],[-97.27309,32.69028],[-97.27084,32.68997]]]}},{"type":"Feature","properties":{"h3":"8926cbc34c3ffff","mii":4,"trt":0.0,"glp1":0.0,"pharmacy":0.0,"gym":0.0,"n":0},"geometry":{"type":"Polygon","coordinates":[[[-97.26774,32.68786],[-97.26634,32.68935],[-97.26719,32.69115],[-97.26944,32.69146],[-97.27084,32.68997],[-97.26999,32.68817],[-97.26774,32.68786]]]}},{"type":"Feature","properties":{"h3":"8926cbc34d7ffff","mii":4,"trt":0.0,"glp1":0.0,"pharmacy":0.0,"gym":0.0,"n":0},"geometry":{"type":"Polygon","coordinates":[[[-97.26409,32.68904],[-97.26269,32.69053],[-97.26355,32.69233],[-97.2658,32.69264],[-97.26719,32.69115],[-97.26634,32.68935],[-97.26409,32.68904]]]}},{"type":"Feature","properties":{"h3":"8926cbd1a6fffff","mii":4,"trt":0.0,"glp1":0.0,"pharmacy":0.0,"gym":0.0,"n":0},"geometry":{"type":"Polygon","coordinates":[[[-97.26355,32.69233],[-97.26215,32.69382],[-97.26301,32.69562],[-97.26526,32.69593],[-97.26665,32.69444],[-97.2658,32.69264],[-97.26355,32.69233]]]}},{"type":"Feature","properties":{"h3":"8926caa726bffff","mii":4,"trt":0.0,"glp1":0.55,"pharmacy":0.0,"gym":0.0,"n":1},"geometry":{"type":"Polygon","coordinates":[[[-97.42572,32.90445],[-97.42432,32.90594],[-97.42518,32.90774],[-97.42744,32.90805],[-97.42883,32.90656],[-97.42797,32.90476],[-97.42572,32.90445]]]}},{"type":"Feature","properties":{"h3":"8926cbd049bffff","mii":4,"trt":0.0,"glp1":0.55,"pharmacy":0.0,"gym":0.0,"n":1},"geometry":{"type":"Polygon","coordinates":[[[-97.19421,32.79874],[-97.19281,32.80022],[-97.19367,32.80202],[-97.19592,32.80233],[-97.19731,32.80085],[-97.19646,32.79905],[-97.19421,32.79874]]]}},{"type":"Feature","properties":{"h3":"8926cbd320bffff","mii":4,"trt":0.0,"glp1":0.0,"pharmacy":0.0,"gym":0.0,"n":0},"geometry":{"type":"Polygon","coordinates":[[[-97.26851,32.80899],[-97.26712,32.81048],[-97.26797,32.81227],[-97.27022,32.81258],[-97.27162,32.8111],[-97.27077,32.8093],[-97.26851,32.80899]]]}},{"type":"Feature","properties":{"h3":"8926cbd3247ffff","mii":4,"trt":0.0,"glp1":0.0,"pharmacy":0.0,"gym":0.0,"n":0},"geometry":{"type":"Polygon","coordinates":[[[-97.27216,32.80781],[-97.27077,32.8093],[-97.27162,32.8111],[-97.27387,32.81141],[-97.27527,32.80992],[-97.27441,32.80812],[-97.27216,32.80781]]]}},{"type":"Feature","properties":{"h3":"8926cbd327bffff","mii":4,"trt":0.0,"glp1":0.0,"pharmacy":0.0,"gym":0.0,"n":0},"geometry":{"type":"Polygon","coordinates":[[[-97.2727,32.80452],[-97.27131,32.80601],[-97.27216,32.80781],[-97.27441,32.80812],[-97.27581,32.80663],[-97.27496,32.80483],[-97.2727,32.80452]]]}},{"type":"Feature","properties":{"h3":"8926cbd3263ffff","mii":4,"trt":0.0,"glp1":0.0,"pharmacy":0.0,"gym":0.0,"n":0},"geometry":{"type":"Polygon","coordinates":[[[-97.2696,32.80242],[-97.2682,32.8039],[-97.26905,32.8057],[-97.27131,32.80601],[-97.2727,32.80452],[-97.27185,32.80273],[-97.2696,32.80242]]]}},{"type":"Feature","properties":{"h3":"8926cbd3277ffff","mii":4,"trt":0.0,"glp1":0.0,"pharmacy":0.0,"gym":0.0,"n":0},"geometry":{"type":"Polygon","coordinates":[[[-97.26595,32.80359],[-97.26455,32.80508],[-97.26541,32.80688],[-97.26766,32.80719],[-97.26905,32.8057],[-97.2682,32.8039],[-97.26595,32.80359]]]}},{"type":"Feature","properties":{"h3":"8926cbd320fffff","mii":4,"trt":0.0,"glp1":0.0,"pharmacy":0.0,"gym":0.0,"n":0},"geometry":{"type":"Polygon","coordinates":[[[-97.26541,32.80688],[-97.26401,32.80837],[-97.26486,32.81017],[-97.26712,32.81048],[-97.26851,32.80899],[-97.26766,32.80719],[-97.26541,32.80688]]]}},{"type":"Feature","properties":{"h3":"8926caacc57ffff","mii":4,"trt":0.0,"glp1":0.0,"pharmacy":0.0,"gym":0.0,"n":0},"geometry":{"type":"Polygon","coordinates":[[[-97.49401,32.78267],[-97.49262,32.78416],[-97.49348,32.78596],[-97.49573,32.78626],[-97.49713,32.78477],[-97.49627,32.78297],[-97.49401,32.78267]]]}},{"type":"Feature","properties":{"h3":"8926caacc43ffff","mii":4,"trt":0.0,"glp1":0.0,"pharmacy":0.0,"gym":0.0,"n":0},"geometry":{"type":"Polygon","coordinates":[[[-97.49766,32.78148],[-97.49627,32.78297],[-97.49713,32.78477],[-97.49938,32.78508],[-97.50078,32.78359],[-97.49992,32.78179],[-97.49766,32.78148]]]}},{"type":"Feature","properties":{"h3":"8926caacc4fffff","mii":4,"trt":0.0,"glp1":0.0,"pharmacy":0.0,"gym":0.0,"n":0},"geometry":{"type":"Polygon","coordinates":[[[-97.4982,32.77819],[-97.4968,32.77968],[-97.49766,32.78148],[-97.49992,32.78179],[-97.50131,32.7803],[-97.50045,32.7785],[-97.4982,32.77819]]]}},{"type":"Feature","properties":{"h3":"8926caacc7bffff","mii":4,"trt":0.0,"glp1":0.0,"pharmacy":0.0,"gym":0.0,"n":0},"geometry":{"type":"Polygon","coordinates":[[[-97.49508,32.77609],[-97.49369,32.77758],[-97.49455,32.77938],[-97.4968,32.77968],[-97.4982,32.77819],[-97.49734,32.77639],[-97.49508,32.77609]]]}},{"type":"Feature","properties":{"h3":"8926caacc73ffff","mii":4,"trt":0.0,"glp1":0.0,"pharmacy":0.0,"gym":0.0,"n":0},"geometry":{"type":"Polygon","coordinates":[[[-97.49143,32.77727],[-97.49004,32.77877],[-97.4909,32.78056],[-97.49315,32.78087],[-97.49455,32.77938],[-97.49369,32.77758],[-97.49143,32.77727]]]}},{"type":"Feature","properties":{"h3":"8926caacc0bffff","mii":4,"trt":0.0,"glp1":0.0,"pharmacy":0.0,"gym":0.0,"n":0},"geometry":{"type":"Polygon","coordinates":[[[-97.4909,32.78056],[-97.4895,32.78206],[-97.49036,32.78385],[-97.49262,32.78416],[-97.49401,32.78267],[-97.49315,32.78087],[-97.4909,32.78056]]]}},{"type":"Feature","properties":{"h3":"8926c844dc3ffff","mii":4,"trt":0.0,"glp1":0.55,"pharmacy":0.0,"gym":0.0,"n":1},"geometry":{"type":"Polygon","coordinates":[[[-97.0598,33.2114],[-97.05839,33.21288],[-97.05925,33.21467],[-97.0615,33.21499],[-97.06291,33.21351],[-97.06205,33.21171],[-97.0598,33.2114]]]}},{"type":"Feature","properties":{"h3":"8926c84415bffff","mii":4,"trt":0.0,"glp1":0.0,"pharmacy":0.0,"gym":0.0,"n":0},"geometry":{"type":"Polygon","coordinates":[[[-97.11124,33.23534],[-97.10984,33.23682],[-97.1107,33.23861],[-97.11295,33.23893],[-97.11436,33.23745],[-97.1135,33.23565],[-97.11124,33.23534]]]}},{"type":"Feature","properties":{"h3":"8926c844397ffff","mii":4,"trt":0.0,"glp1":0.0,"pharmacy":0.0,"gym":0.0,"n":0},"geometry":{"type":"Polygon","coordinates":[[[-97.11491,33.23417],[-97.1135,33.23565],[-97.11436,33.23745],[-97.11662,33.23776],[-97.11802,33.23628],[-97.11716,33.23448],[-97.11491,33.23417]]]}},{"type":"Feature","properties":{"h3":"8926c844387ffff","mii":4,"trt":0.0,"glp1":0.0,"pharmacy":0.0,"gym":0.0,"n":0},"geometry":{"type":"Polygon","coordinates":[[[-97.11545,33.23089],[-97.11405,33.23237],[-97.11491,33.23417],[-97.11716,33.23448],[-97.11857,33.233],[-97.11771,33.23121],[-97.11545,33.23089]]]}},{"type":"Feature","properties":{"h3":"8926c8443b3ffff","mii":4,"trt":0.0,"glp1":0.0,"pharmacy":0.0,"gym":0.0,"n":0},"geometry":{"type":"Polygon","coordinates":[[[-97.11234,33.22878],[-97.11094,33.23026],[-97.11179,33.23206],[-97.11405,33.23237],[-97.11545,33.23089],[-97.1146,33.2291],[-97.11234,33.22878]]]}},{"type":"Feature","properties":{"h3":"8926c84414fffff","mii":4,"trt":0.0,"glp1":0.0,"pharmacy":0.0,"gym":0.0,"n":0},"geometry":{"type":"Polygon","coordinates":[[[-97.10868,33.22995],[-97.10727,33.23143],[-97.10813,33.23323],[-97.11039,33.23354],[-97.11179,33.23206],[-97.11094,33.23026],[-97.10868,33.22995]]]}},{"type":"Feature","properties":{"h3":"8926c844143ffff","mii":4,"trt":0.0,"glp1":0.0,"pharmacy":0.0,"gym":0.0,"n":0},"geometry":{"type":"Polygon","coordinates":[[[-97.10813,33.23323],[-97.10673,33.23471],[-97.10758,33.2365],[-97.10984,33.23682],[-97.11124,33.23534],[-97.11039,33.23354],[-97.10813,33.23323]]]}},{"type":"Feature","properties":{"h3":"8926c84517bffff","mii":4,"trt":0.0,"glp1":0.55,"pharmacy":0.0,"gym":0.0,"n":1},"geometry":{"type":"Polygon","coordinates":[[[-97.17863,33.22626],[-97.17723,33.22774],[-97.17808,33.22954],[-97.18034,33.22985],[-97.18175,33.22837],[-97.18089,33.22657],[-97.17863,33.22626]]]}},{"type":"Feature","properties":{"h3":"8926cbd019bffff","mii":4,"trt":0.0,"glp1":0.55,"pharmacy":0.0,"gym":0.0,"n":1},"geometry":{"type":"Polygon","coordinates":[[[-97.17629,32.76097],[-97.17489,32.76246],[-97.17574,32.76426],[-97.17799,32.76457],[-97.17939,32.76308],[-97.17854,32.76128],[-97.17629,32.76097]]]}},{"type":"Feature","properties":{"h3":"8926caa6197ffff","mii":3,"trt":0.0,"glp1":0.0,"pharmacy":0.0,"gym":0.0,"n":0},"geometry":{"type":"Polygon","coordinates":[[[-97.28864,32.91759],[-97.28724,32.91908],[-97.2881,32.92088],[-97.29035,32.92119],[-97.29175,32.9197],[-97.2909,32.9179],[-97.28864,32.91759]]]}},{"type":"Feature","properties":{"h3":"8926caa6183ffff","mii":3,"trt":0.0,"glp1":0.0,"pharmacy":0.0,"gym":0.0,"n":0},"geometry":{"type":"Polygon","coordinates":[[[-97.29229,32.91641],[-97.2909,32.9179],[-97.29175,32.9197],[-97.29401,32.92001],[-97.29541,32.91852],[-97.29455,32.91672],[-97.29229,32.91641]]]}},{"type":"Feature","properties":{"h3":"8926caa618fffff","mii":3,"trt":0.0,"glp1":0.0,"pharmacy":0.0,"gym":0.0,"n":0},"geometry":{"type":"Polygon","coordinates":[[[-97.29283,32.91313],[-97.29144,32.91462],[-97.29229,32.91641],[-97.29455,32.91672],[-97.29595,32.91524],[-97.29509,32.91344],[-97.29283,32.91313]]]}},{"type":"Feature","properties":{"h3":"8926caa61bbffff","mii":3,"trt":0.0,"glp1":0.0,"pharmacy":0.0,"gym":0.0,"n":0},"geometry":{"type":"Polygon","coordinates":[[[-97.28972,32.91102],[-97.28833,32.91251],[-97.28918,32.91431],[-97.29144,32.91462],[-97.29283,32.91313],[-97.29198,32.91133],[-97.28972,32.91102]]]}},{"type":"Feature","properties":{"h3":"8926caa61b3ffff","mii":3,"trt":0.0,"glp1":0.0,"pharmacy":0.0,"gym":0.0,"n":0},"geometry":{"type":"Polygon","coordinates":[[[-97.28607,32.9122],[-97.28467,32.91369],[-97.28553,32.91548],[-97.28778,32.91579],[-97.28918,32.91431],[-97.28833,32.91251],[-97.28607,32.9122]]]}},{"type":"Feature","properties":{"h3":"8926c86924bffff","mii":3,"trt":0.0,"glp1":0.0,"pharmacy":0.0,"gym":0.0,"n":0},"geometry":{"type":"Polygon","coordinates":[[[-97.28553,32.91548],[-97.28413,32.91697],[-97.28499,32.91877],[-97.28724,32.91908],[-97.28864,32.91759],[-97.28778,32.91579],[-97.28553,32.91548]]]}},{"type":"Feature","properties":{"h3":"8926caa6a4bffff","mii":3,"trt":0.0,"glp1":0.0,"pharmacy":0.0,"gym":0.0,"n":0},"geometry":{"type":"Polygon","coordinates":[[[-97.31867,32.86125],[-97.31727,32.86273],[-97.31813,32.86453],[-97.32038,32.86484],[-97.32178,32.86335],[-97.32092,32.86156],[-97.31867,32.86125]]]}},{"type":"Feature","properties":{"h3":"8926caa4187ffff","mii":3,"trt":0.0,"glp1":0.0,"pharmacy":0.0,"gym":0.0,"n":0},"geometry":{"type":"Polygon","coordinates":[[[-97.32232,32.86007],[-97.32092,32.86156],[-97.32178,32.86335],[-97.32403,32.86366],[-97.32543,32.86217],[-97.32457,32.86038],[-97.32232,32.86007]]]}},{"type":"Feature","properties":{"h3":"8926caa41bbffff","mii":3,"trt":0.0,"glp1":0.0,"pharmacy":0.0,"gym":0.0,"n":0},"geometry":{"type":"Polygon","coordinates":[[[-97.32286,32.85678],[-97.32146,32.85827],[-97.32232,32.86007],[-97.32457,32.86038],[-97.32597,32.85889],[-97.32511,32.85709],[-97.32286,32.85678]]]}},{"type":"Feature","properties":{"h3":"8926caa41a3ffff","mii":3,"trt":0.0,"glp1":0.0,"pharmacy":0.0,"gym":0.0,"n":0},"geometry":{"type":"Polygon","coordinates":[[[-97.31975,32.85467],[-97.31835,32.85616],[-97.31921,32.85796],[-97.32146,32.85827],[-97.32286,32.85678],[-97.322,32.85498],[-97.31975,32.85467]]]}},{"type":"Feature","properties":{"h3":"8926caa41b7ffff","mii":3,"trt":0.0,"glp1":0.0,"pharmacy":0.0,"gym":0.0,"n":0},"geometry":{"type":"Polygon","coordinates":[[[-97.3161,32.85585],[-97.3147,32.85734],[-97.31556,32.85914],[-97.31781,32.85945],[-97.31921,32.85796],[-97.31835,32.85616],[-97.3161,32.85585]]]}},{"type":"Feature","properties":{"h3":"8926caa6a4fffff","mii":3,"trt":0.0,"glp1":0.0,"pharmacy":0.0,"gym":0.0,"n":0},"geometry":{"type":"Polygon","coordinates":[[[-97.31556,32.85914],[-97.31416,32.86063],[-97.31502,32.86243],[-97.31727,32.86273],[-97.31867,32.86125],[-97.31781,32.85945],[-97.31556,32.85914]]]}},{"type":"Feature","properties":{"h3":"8926caa508bffff","mii":3,"trt":0.0,"glp1":0.0,"pharmacy":0.0,"gym":0.0,"n":0},"geometry":{"type":"Polygon","coordinates":[[[-97.42379,32.87395],[-97.42239,32.87544],[-97.42325,32.87724],[-97.42551,32.87754],[-97.4269,32.87605],[-97.42604,32.87426],[-97.42379,32.87395]]]}},{"type":"Feature","properties":{"h3":"8926caa50c7ffff","mii":3,"trt":0.0,"glp1":0.0,"pharmacy":0.0,"gym":0.0,"n":0},"geometry":{"type":"Polygon","coordinates":[[[-97.42744,32.87277],[-97.42604,32.87426],[-97.4269,32.87605],[-97.42916,32.87636],[-97.43056,32.87487],[-97.4297,32.87308],[-97.42744,32.87277]]]}},{"type":"Feature","properties":{"h3":"8926caa501bffff","mii":3,"trt":0.0,"glp1":0.0,"pharmacy":0.0,"gym":0.0,"n":0},"geometry":{"type":"Polygon","coordinates":[[[-97.42798,32.86948],[-97.42658,32.87097],[-97.42744,32.87277],[-97.4297,32.87308],[-97.43109,32.87159],[-97.43023,32.86979],[-97.42798,32.86948]]]}},{"type":"Feature","properties":{"h3":"8926caa5003ffff","mii":3,"trt":0.0,"glp1":0.0,"pharmacy":0.0,"gym":0.0,"n":0},"geometry":{"type":"Polygon","coordinates":[[[-97.42486,32.86738],[-97.42347,32.86887],[-97.42433,32.87066],[-97.42658,32.87097],[-97.42798,32.86948],[-97.42712,32.86768],[-97.42486,32.86738]]]}},{"type":"Feature","properties":{"h3":"8926caa5017ffff","mii":3,"trt":0.0,"glp1":0.0,"pharmacy":0.0,"gym":0.0,"n":0},"geometry":{"type":"Polygon","coordinates":[[[-97.42121,32.86856],[-97.41981,32.87005],[-97.42067,32.87184],[-97.42293,32.87215],[-97.42433,32.87066],[-97.42347,32.86887],[-97.42121,32.86856]]]}},{"type":"Feature","properties":{"h3":"8926caa508fffff","mii":3,"trt":0.0,"glp1":0.0,"pharmacy":0.0,"gym":0.0,"n":0},"geometry":{"type":"Polygon","coordinates":[[[-97.42067,32.87184],[-97.41928,32.87333],[-97.42014,32.87513],[-97.42239,32.87544],[-97.42379,32.87395],[-97.42293,32.87215],[-97.42067,32.87184]]]}},{"type":"Feature","properties":{"h3":"8926cbdb3abffff","mii":3,"trt":0.0,"glp1":0.0,"pharmacy":0.0,"gym":0.0,"n":0},"geometry":{"type":"Polygon","coordinates":[[[-97.41512,32.73663],[-97.41373,32.73812],[-97.41458,32.73992],[-97.41684,32.74023],[-97.41823,32.73874],[-97.41738,32.73694],[-97.41512,32.73663]]]}},{"type":"Feature","properties":{"h3":"8926cbdb307ffff","mii":3,"trt":0.0,"glp1":0.0,"pharmacy":0.0,"gym":0.0,"n":0},"geometry":{"type":"Polygon","coordinates":[[[-97.41877,32.73545],[-97.41738,32.73694],[-97.41823,32.73874],[-97.42049,32.73904],[-97.42188,32.73755],[-97.42102,32.73575],[-97.41877,32.73545]]]}},{"type":"Feature","properties":{"h3":"8926cbdb33bffff","mii":3,"trt":0.0,"glp1":0.0,"pharmacy":0.0,"gym":0.0,"n":0},"geometry":{"type":"Polygon","coordinates":[[[-97.41931,32.73216],[-97.41791,32.73365],[-97.41877,32.73545],[-97.42102,32.73575],[-97.42242,32.73426],[-97.42156,32.73246],[-97.41931,32.73216]]]}},{"type":"Feature","properties":{"h3":"8926cbdb323ffff","mii":3,"trt":0.0,"glp1":0.0,"pharmacy":0.0,"gym":0.0,"n":0},"geometry":{"type":"Polygon","coordinates":[[[-97.4162,32.73005],[-97.4148,32.73154],[-97.41566,32.73334],[-97.41791,32.73365],[-97.41931,32.73216],[-97.41845,32.73036],[-97.4162,32.73005]]]}},{"type":"Feature","properties":{"h3":"8926cbdb337ffff","mii":3,"trt":0.0,"glp1":0.0,"pharmacy":0.0,"gym":0.0,"n":0},"geometry":{"type":"Polygon","coordinates":[[[-97.41255,32.73124],[-97.41115,32.73273],[-97.41201,32.73453],[-97.41426,32.73483],[-97.41566,32.73334],[-97.4148,32.73154],[-97.41255,32.73124]]]}},{"type":"Feature","properties":{"h3":"8926cbdb3afffff","mii":3,"trt":0.0,"glp1":0.0,"pharmacy":0.0,"gym":0.0,"n":0},"geometry":{"type":"Polygon","coordinates":[[[-97.41201,32.73453],[-97.41062,32.73602],[-97.41147,32.73781],[-97.41373,32.73812],[-97.41512,32.73663],[-97.41426,32.73483],[-97.41201,32.73453]]]}},{"type":"Feature","properties":{"h3":"8926cbdae07ffff","mii":3,"trt":0.0,"glp1":0.0,"pharmacy":0.0,"gym":0.0,"n":0},"geometry":{"type":"Polygon","coordinates":[[[-97.32418,32.72251],[-97.32278,32.724],[-97.32364,32.7258],[-97.32589,32.72611],[-97.32729,32.72462],[-97.32643,32.72282],[-97.32418,32.72251]]]}},{"type":"Feature","properties":{"h3":"8926cbd720fffff","mii":3,"trt":0.0,"glp1":0.0,"pharmacy":0.0,"gym":0.0,"n":0},"geometry":{"type":"Polygon","coordinates":[[[-97.11334,32.7035],[-97.11194,32.70499],[-97.11279,32.70679],[-97.11504,32.7071],[-97.11644,32.70561],[-97.11559,32.70382],[-97.11334,32.7035]]]}},{"type":"Feature","properties":{"h3":"8926cbd7273ffff","mii":3,"trt":0.0,"glp1":0.0,"pharmacy":0.0,"gym":0.0,"n":0},"geometry":{"type":"Polygon","coordinates":[[[-97.11698,32.70233],[-97.11559,32.70382],[-97.11644,32.70561],[-97.11868,32.70593],[-97.12008,32.70444],[-97.11923,32.70264],[-97.11698,32.70233]]]}},{"type":"Feature","properties":{"h3":"8926cbd7263ffff","mii":3,"trt":0.0,"glp1":0.0,"pharmacy":0.0,"gym":0.0,"n":0},"geometry":{"type":"Polygon","coordinates":[[[-97.11753,32.69904],[-97.11613,32.70053],[-97.11698,32.70233],[-97.11923,32.70264],[-97.12063,32.70115],[-97.11977,32.69935],[-97.11753,32.69904]]]}},{"type":"Feature","properties":{"h3":"8926cbd7267ffff","mii":3,"trt":0.0,"glp1":0.0,"pharmacy":0.0,"gym":0.0,"n":0},"geometry":{"type":"Polygon","coordinates":[[[-97.11443,32.69693],[-97.11303,32.69842],[-97.11388,32.70022],[-97.11613,32.70053],[-97.11753,32.69904],[-97.11667,32.69724],[-97.11443,32.69693]]]}},{"type":"Feature","properties":{"h3":"8926cbd722bffff","mii":3,"trt":0.0,"glp1":0.0,"pharmacy":0.0,"gym":0.0,"n":0},"geometry":{"type":"Polygon","coordinates":[[[-97.11078,32.69811],[-97.10939,32.69959],[-97.11024,32.70139],[-97.11249,32.7017],[-97.11388,32.70022],[-97.11303,32.69842],[-97.11078,32.69811]]]}},{"type":"Feature","properties":{"h3":"8926cbd723bffff","mii":3,"trt":0.0,"glp1":0.0,"pharmacy":0.0,"gym":0.0,"n":0},"geometry":{"type":"Polygon","coordinates":[[[-97.11024,32.70139],[-97.10884,32.70288],[-97.10969,32.70468],[-97.11194,32.70499],[-97.11334,32.7035],[-97.11249,32.7017],[-97.11024,32.70139]]]}},{"type":"Feature","properties":{"h3":"8926cb8362bffff","mii":3,"trt":0.0,"glp1":0.0,"pharmacy":0.0,"gym":0.0,"n":0},"geometry":{"type":"Polygon","coordinates":[[[-96.77691,32.67479],[-96.77551,32.67627],[-96.77636,32.67807],[-96.7786,32.67839],[-96.78,32.6769],[-96.77915,32.6751],[-96.77691,32.67479]]]}},{"type":"Feature","properties":{"h3":"8926cb83667ffff","mii":3,"trt":0.0,"glp1":0.0,"pharmacy":0.0,"gym":0.0,"n":0},"geometry":{"type":"Polygon","coordinates":[[[-96.78055,32.67362],[-96.77915,32.6751],[-96.78,32.6769],[-96.78224,32.67722],[-96.78364,32.67574],[-96.78279,32.67394],[-96.78055,32.67362]]]}},{"type":"Feature","properties":{"h3":"8926cb8329bffff","mii":3,"trt":0.0,"glp1":0.0,"pharmacy":0.0,"gym":0.0,"n":0},"geometry":{"type":"Polygon","coordinates":[[[-96.78111,32.67034],[-96.77971,32.67182],[-96.78055,32.67362],[-96.78279,32.67394],[-96.78419,32.67246],[-96.78335,32.67066],[-96.78111,32.67034]]]}},{"type":"Feature","properties":{"h3":"8926cb83283ffff","mii":3,"trt":0.0,"glp1":0.0,"pharmacy":0.0,"gym":0.0,"n":0},"geometry":{"type":"Polygon","coordinates":[[[-96.77802,32.66822],[-96.77662,32.66971],[-96.77747,32.67151],[-96.77971,32.67182],[-96.78111,32.67034],[-96.78026,32.66854],[-96.77802,32.66822]]]}},{"type":"Feature","properties":{"h3":"8926cb83297ffff","mii":3,"trt":0.0,"glp1":0.0,"pharmacy":0.0,"gym":0.0,"n":0},"geometry":{"type":"Polygon","coordinates":[[[-96.77438,32.66939],[-96.77298,32.67087],[-96.77383,32.67267],[-96.77607,32.67299],[-96.77747,32.67151],[-96.77662,32.66971],[-96.77438,32.66939]]]}},{"type":"Feature","properties":{"h3":"8926cb8362fffff","mii":3,"trt":0.0,"glp1":0.0,"pharmacy":0.0,"gym":0.0,"n":0},"geometry":{"type":"Polygon","coordinates":[[[-96.77383,32.67267],[-96.77243,32.67415],[-96.77327,32.67595],[-96.77551,32.67627],[-96.77691,32.67479],[-96.77607,32.67299],[-96.77383,32.67267]]]}},{"type":"Feature","properties":{"h3":"8926cbd1e4bffff","mii":3,"trt":0.0,"glp1":0.0,"pharmacy":0.0,"gym":0.0,"n":0},"geometry":{"type":"Polygon","coordinates":[[[-97.26854,32.72496],[-97.26714,32.72645],[-97.26799,32.72825],[-97.27025,32.72855],[-97.27164,32.72707],[-97.27079,32.72527],[-97.26854,32.72496]]]}},{"type":"Feature","properties":{"h3":"8926cbdad87ffff","mii":3,"trt":0.0,"glp1":0.0,"pharmacy":0.0,"gym":0.0,"n":0},"geometry":{"type":"Polygon","coordinates":[[[-97.27218,32.72378],[-97.27079,32.72527],[-97.27164,32.72707],[-97.27389,32.72738],[-97.27529,32.72589],[-97.27443,32.72409],[-97.27218,32.72378]]]}},{"type":"Feature","properties":{"h3":"8926cbdadbbffff","mii":3,"trt":0.0,"glp1":0.0,"pharmacy":0.0,"gym":0.0,"n":0},"geometry":{"type":"Polygon","coordinates":[[[-97.27272,32.72049],[-97.27133,32.72198],[-97.27218,32.72378],[-97.27443,32.72409],[-97.27583,32.7226],[-97.27497,32.7208],[-97.27272,32.72049]]]}},{"type":"Feature","properties":{"h3":"8926cbdada3ffff","mii":3,"trt":0.0,"glp1":0.0,"pharmacy":0.0,"gym":0.0,"n":0},"geometry":{"type":"Polygon","coordinates":[[[-97.26962,32.71838],[-97.26822,32.71987],[-97.26908,32.72167],[-97.27133,32.72198],[-97.27272,32.72049],[-97.27187,32.71869],[-97.26962,32.71838]]]}},{"type":"Feature","properties":{"h3":"8926cbdadb7ffff","mii":3,"trt":0.0,"glp1":0.0,"pharmacy":0.0,"gym":0.0,"n":0},"geometry":{"type":"Polygon","coordinates":[[[-97.26597,32.71956],[-97.26458,32.72105],[-97.26543,32.72285],[-97.26768,32.72316],[-97.26908,32.72167],[-97.26822,32.71987],[-97.26597,32.71956]]]}},{"type":"Feature","properties":{"h3":"8926cbd1e4fffff","mii":3,"trt":0.0,"glp1":0.0,"pharmacy":0.0,"gym":0.0,"n":0},"geometry":{"type":"Polygon","coordinates":[[[-97.26543,32.72285],[-97.26403,32.72434],[-97.26489,32.72614],[-97.26714,32.72645],[-97.26854,32.72496],[-97.26768,32.72316],[-97.26543,32.72285]]]}},{"type":"Feature","properties":{"h3":"8926cb94227ffff","mii":2,"trt":0.0,"glp1":0.0,"pharmacy":0.0,"gym":0.0,"n":0},"geometry":{"type":"Polygon","coordinates":[[[-96.55652,32.65511],[-96.55512,32.65659],[-96.55596,32.65839],[-96.5582,32.65871],[-96.55959,32.65723],[-96.55875,32.65543],[-96.55652,32.65511]]]}},{"type":"Feature","properties":{"h3":"8926cb9422fffff","mii":2,"trt":0.0,"glp1":0.0,"pharmacy":0.0,"gym":0.0,"n":0},"geometry":{"type":"Polygon","coordinates":[[[-96.56015,32.65395],[-96.55875,32.65543],[-96.55959,32.65723],[-96.56183,32.65755],[-96.56323,32.65607],[-96.56239,32.65427],[-96.56015,32.65395]]]}},{"type":"Feature","properties":{"h3":"8926cb95c97ffff","mii":2,"trt":0.0,"glp1":0.0,"pharmacy":0.0,"gym":0.0,"n":0},"geometry":{"type":"Polygon","coordinates":[[[-96.56071,32.65067],[-96.55931,32.65215],[-96.56015,32.65395],[-96.56239,32.65427],[-96.56379,32.65279],[-96.56295,32.65099],[-96.56071,32.65067]]]}},{"type":"Feature","properties":{"h3":"8926cb9434bffff","mii":2,"trt":0.0,"glp1":0.0,"pharmacy":0.0,"gym":0.0,"n":0},"geometry":{"type":"Polygon","coordinates":[[[-96.55763,32.64855],[-96.55624,32.65003],[-96.55708,32.65183],[-96.55931,32.65215],[-96.56071,32.65067],[-96.55987,32.64887],[-96.55763,32.64855]]]}},{"type":"Feature","properties":{"h3":"8926cb94343ffff","mii":2,"trt":0.0,"glp1":0.0,"pharmacy":0.0,"gym":0.0,"n":0},"geometry":{"type":"Polygon","coordinates":[[[-96.554,32.64971],[-96.5526,32.65119],[-96.55344,32.65299],[-96.55568,32.65331],[-96.55708,32.65183],[-96.55624,32.65003],[-96.554,32.64971]]]}},{"type":"Feature","properties":{"h3":"8926cb94353ffff","mii":2,"trt":0.0,"glp1":0.0,"pharmacy":0.0,"gym":0.0,"n":0},"geometry":{"type":"Polygon","coordinates":[[[-96.55344,32.65299],[-96.55204,32.65447],[-96.55288,32.65627],[-96.55512,32.65659],[-96.55652,32.65511],[-96.55568,32.65331],[-96.55344,32.65299]]]}},{"type":"Feature","properties":{"h3":"8926c836c7bffff","mii":2,"trt":0.0,"glp1":0.0,"pharmacy":0.0,"gym":0.0,"n":0},"geometry":{"type":"Polygon","coordinates":[[[-96.23725,33.06848],[-96.23585,33.06995],[-96.23668,33.07175],[-96.23892,33.07208],[-96.24033,33.07061],[-96.23949,33.06881],[-96.23725,33.06848]]]}},{"type":"Feature","properties":{"h3":"8926c836eb7ffff","mii":2,"trt":0.0,"glp1":0.0,"pharmacy":0.0,"gym":0.0,"n":0},"geometry":{"type":"Polygon","coordinates":[[[-96.2409,33.06734],[-96.23949,33.06881],[-96.24033,33.07061],[-96.24257,33.07094],[-96.24398,33.06947],[-96.24314,33.06767],[-96.2409,33.06734]]]}},{"type":"Feature","properties":{"h3":"8926c836ea7ffff","mii":2,"trt":0.0,"glp1":0.0,"pharmacy":0.0,"gym":0.0,"n":0},"geometry":{"type":"Polygon","coordinates":[[[-96.24147,33.06408],[-96.24006,33.06555],[-96.2409,33.06734],[-96.24314,33.06767],[-96.24455,33.0662],[-96.24371,33.0644],[-96.24147,33.06408]]]}},{"type":"Feature","properties":{"h3":"8926c8368d3ffff","mii":2,"trt":0.0,"glp1":0.0,"pharmacy":0.0,"gym":0.0,"n":0},"geometry":{"type":"Polygon","coordinates":[[[-96.23839,33.06195],[-96.23699,33.06342],[-96.23782,33.06522],[-96.24006,33.06555],[-96.24147,33.06408],[-96.24063,33.06228],[-96.23839,33.06195]]]}},{"type":"Feature","properties":{"h3":"8926c836c6fffff","mii":2,"trt":0.0,"glp1":0.0,"pharmacy":0.0,"gym":0.0,"n":0},"geometry":{"type":"Polygon","coordinates":[[[-96.23474,33.06309],[-96.23334,33.06456],[-96.23417,33.06636],[-96.23642,33.06669],[-96.23782,33.06522],[-96.23699,33.06342],[-96.23474,33.06309]]]}},{"type":"Feature","properties":{"h3":"8926c836c63ffff","mii":2,"trt":0.0,"glp1":0.0,"pharmacy":0.0,"gym":0.0,"n":0},"geometry":{"type":"Polygon","coordinates":[[[-96.23417,33.06636],[-96.23277,33.06783],[-96.2336,33.06963],[-96.23585,33.06995],[-96.23725,33.06848],[-96.23642,33.06669],[-96.23417,33.06636]]]}},{"type":"Feature","properties":{"h3":"8926cb90027ffff","mii":2,"trt":0.0,"glp1":0.0,"pharmacy":0.0,"gym":0.0,"n":0},"geometry":{"type":"Polygon","coordinates":[[[-96.68206,32.76713],[-96.68066,32.76861],[-96.6815,32.77041],[-96.68375,32.77073],[-96.68515,32.76925],[-96.6843,32.76745],[-96.68206,32.76713]]]}},{"type":"Feature","properties":{"h3":"8926cb9002fffff","mii":2,"trt":0.0,"glp1":0.0,"pharmacy":0.0,"gym":0.0,"n":0},"geometry":{"type":"Polygon","coordinates":[[[-96.6857,32.76597],[-96.6843,32.76745],[-96.68515,32.76925],[-96.68739,32.76957],[-96.68879,32.76809],[-96.68795,32.76629],[-96.6857,32.76597]]]}},{"type":"Feature","properties":{"h3":"8926cb90397ffff","mii":2,"trt":0.0,"glp1":0.0,"pharmacy":0.0,"gym":0.0,"n":0},"geometry":{"type":"Polygon","coordinates":[[[-96.68626,32.76269],[-96.68486,32.76417],[-96.6857,32.76597],[-96.68795,32.76629],[-96.68934,32.76481],[-96.6885,32.76301],[-96.68626,32.76269]]]}},{"type":"Feature","properties":{"h3":"8926cb9014bffff","mii":2,"trt":0.0,"glp1":0.0,"pharmacy":0.0,"gym":0.0,"n":0},"geometry":{"type":"Polygon","coordinates":[[[-96.68317,32.76057],[-96.68177,32.76205],[-96.68262,32.76385],[-96.68486,32.76417],[-96.68626,32.76269],[-96.68542,32.76089],[-96.68317,32.76057]]]}},{"type":"Feature","properties":{"h3":"8926cb90143ffff","mii":2,"trt":0.0,"glp1":0.0,"pharmacy":0.0,"gym":0.0,"n":0},"geometry":{"type":"Polygon","coordinates":[[[-96.67953,32.76173],[-96.67813,32.76321],[-96.67897,32.76501],[-96.68122,32.76533],[-96.68262,32.76385],[-96.68177,32.76205],[-96.67953,32.76173]]]}},{"type":"Feature","properties":{"h3":"8926cb90153ffff","mii":2,"trt":0.0,"glp1":0.0,"pharmacy":0.0,"gym":0.0,"n":0},"geometry":{"type":"Polygon","coordinates":[[[-96.67897,32.76501],[-96.67757,32.76649],[-96.67842,32.76829],[-96.68066,32.76861],[-96.68206,32.76713],[-96.68122,32.76533],[-96.67897,32.76501]]]}},{"type":"Feature","properties":{"h3":"8926c82984fffff","mii":2,"trt":0.0,"glp1":0.0,"pharmacy":0.0,"gym":0.0,"n":0},"geometry":{"type":"Polygon","coordinates":[[[-96.70773,32.87991],[-96.70633,32.88139],[-96.70718,32.88319],[-96.70942,32.88351],[-96.71082,32.88203],[-96.70998,32.88023],[-96.70773,32.87991]]]}},{"type":"Feature","properties":{"h3":"8926c829ab3ffff","mii":2,"trt":0.0,"glp1":0.0,"pharmacy":0.0,"gym":0.0,"n":0},"geometry":{"type":"Polygon","coordinates":[[[-96.71138,32.87875],[-96.70998,32.88023],[-96.71082,32.88203],[-96.71307,32.88235],[-96.71447,32.88087],[-96.71363,32.87907],[-96.71138,32.87875]]]}},{"type":"Feature","properties":{"h3":"8926c829aa3ffff","mii":2,"trt":0.0,"glp1":0.0,"pharmacy":0.0,"gym":0.0,"n":0},"geometry":{"type":"Polygon","coordinates":[[[-96.71194,32.87547],[-96.71054,32.87695],[-96.71138,32.87875],[-96.71363,32.87907],[-96.71503,32.87759],[-96.71418,32.87579],[-96.71194,32.87547]]]}},{"type":"Feature","properties":{"h3":"8926c829aa7ffff","mii":2,"trt":0.0,"glp1":0.0,"pharmacy":0.0,"gym":0.0,"n":0},"geometry":{"type":"Polygon","coordinates":[[[-96.70885,32.87335],[-96.70745,32.87483],[-96.70829,32.87663],[-96.71054,32.87695],[-96.71194,32.87547],[-96.71109,32.87367],[-96.70885,32.87335]]]}},{"type":"Feature","properties":{"h3":"8926c82986bffff","mii":2,"trt":0.0,"glp1":0.0,"pharmacy":0.0,"gym":0.0,"n":0},"geometry":{"type":"Polygon","coordinates":[[[-96.7052,32.87451],[-96.7038,32.87599],[-96.70464,32.87779],[-96.70689,32.87811],[-96.70829,32.87663],[-96.70745,32.87483],[-96.7052,32.87451]]]}},{"type":"Feature","properties":{"h3":"8926c82987bffff","mii":2,"trt":0.0,"glp1":0.0,"pharmacy":0.0,"gym":0.0,"n":0},"geometry":{"type":"Polygon","coordinates":[[[-96.70464,32.87779],[-96.70324,32.87927],[-96.70409,32.88107],[-96.70633,32.88139],[-96.70773,32.87991],[-96.70689,32.87811],[-96.70464,32.87779]]]}},{"type":"Feature","properties":{"h3":"8926caa222fffff","mii":2,"trt":0.0,"glp1":0.0,"pharmacy":0.0,"gym":0.0,"n":0},"geometry":{"type":"Polygon","coordinates":[[[-97.49196,33.00753],[-97.49056,33.00902],[-97.49143,33.01081],[-97.49369,33.01112],[-97.49508,33.00963],[-97.49422,33.00783],[-97.49196,33.00753]]]}},{"type":"Feature","properties":{"h3":"8926caa0493ffff","mii":2,"trt":0.0,"glp1":0.0,"pharmacy":0.0,"gym":0.0,"n":0},"geometry":{"type":"Polygon","coordinates":[[[-97.49562,33.00634],[-97.49422,33.00783],[-97.49508,33.00963],[-97.49734,33.00994],[-97.49874,33.00845],[-97.49788,33.00665],[-97.49562,33.00634]]]}},{"type":"Feature","properties":{"h3":"8926caa0483ffff","mii":2,"trt":0.0,"glp1":0.0,"pharmacy":0.0,"gym":0.0,"n":0},"geometry":{"type":"Polygon","coordinates":[[[-97.49616,33.00306],[-97.49476,33.00455],[-97.49562,33.00634],[-97.49788,33.00665],[-97.49928,33.00516],[-97.49842,33.00337],[-97.49616,33.00306]]]}},{"type":"Feature","properties":{"h3":"8926caa0487ffff","mii":2,"trt":0.0,"glp1":0.0,"pharmacy":0.0,"gym":0.0,"n":0},"geometry":{"type":"Polygon","coordinates":[[[-97.49304,33.00096],[-97.49164,33.00244],[-97.4925,33.00424],[-97.49476,33.00455],[-97.49616,33.00306],[-97.49529,33.00126],[-97.49304,33.00096]]]}},{"type":"Feature","properties":{"h3":"8926caa234bffff","mii":2,"trt":0.0,"glp1":0.0,"pharmacy":0.0,"gym":0.0,"n":0},"geometry":{"type":"Polygon","coordinates":[[[-97.48938,33.00214],[-97.48798,33.00363],[-97.48884,33.00542],[-97.4911,33.00573],[-97.4925,33.00424],[-97.49164,33.00244],[-97.48938,33.00214]]]}},{"type":"Feature","properties":{"h3":"8926caa235bffff","mii":2,"trt":0.0,"glp1":0.0,"pharmacy":0.0,"gym":0.0,"n":0},"geometry":{"type":"Polygon","coordinates":[[[-97.48884,33.00542],[-97.48744,33.00691],[-97.48831,33.00871],[-97.49056,33.00902],[-97.49196,33.00753],[-97.4911,33.00573],[-97.48884,33.00542]]]}},{"type":"Feature","properties":{"h3":"8926c86de73ffff","mii":2,"trt":0.0,"glp1":0.0,"pharmacy":0.0,"gym":0.0,"n":0},"geometry":{"type":"Polygon","coordinates":[[[-97.08001,32.77953],[-97.07861,32.78102],[-97.07946,32.78282],[-97.08171,32.78313],[-97.08311,32.78164],[-97.08226,32.77984],[-97.08001,32.77953]]]}},{"type":"Feature","properties":{"h3":"8926c86de7bffff","mii":2,"trt":0.0,"glp1":0.0,"pharmacy":0.0,"gym":0.0,"n":0},"geometry":{"type":"Polygon","coordinates":[[[-97.08365,32.77836],[-97.08226,32.77984],[-97.08311,32.78164],[-97.08536,32.78196],[-97.08675,32.78047],[-97.0859,32.77867],[-97.08365,32.77836]]]}},{"type":"Feature","properties":{"h3":"8926c86de6bffff","mii":2,"trt":0.0,"glp1":0.0,"pharmacy":0.0,"gym":0.0,"n":0},"geometry":{"type":"Polygon","coordinates":[[[-97.0842,32.77507],[-97.0828,32.77656],[-97.08365,32.77836],[-97.0859,32.77867],[-97.0873,32.77719],[-97.08645,32.77539],[-97.0842,32.77507]]]}},{"type":"Feature","properties":{"h3":"8926c86de6fffff","mii":2,"trt":0.0,"glp1":0.0,"pharmacy":0.0,"gym":0.0,"n":0},"geometry":{"type":"Polygon","coordinates":[[[-97.0811,32.77296],[-97.0797,32.77445],[-97.08055,32.77625],[-97.0828,32.77656],[-97.0842,32.77507],[-97.08335,32.77328],[-97.0811,32.77296]]]}},{"type":"Feature","properties":{"h3":"8926c86de67ffff","mii":2,"trt":0.0,"glp1":0.0,"pharmacy":0.0,"gym":0.0,"n":0},"geometry":{"type":"Polygon","coordinates":[[[-97.07745,32.77413],[-97.07606,32.77562],[-97.07691,32.77742],[-97.07916,32.77773],[-97.08055,32.77625],[-97.0797,32.77445],[-97.07745,32.77413]]]}},{"type":"Feature","properties":{"h3":"8926c86de77ffff","mii":2,"trt":0.0,"glp1":0.0,"pharmacy":0.0,"gym":0.0,"n":0},"geometry":{"type":"Polygon","coordinates":[[[-97.07691,32.77742],[-97.07551,32.7789],[-97.07636,32.7807],[-97.07861,32.78102],[-97.08001,32.77953],[-97.07916,32.77773],[-97.07691,32.77742]]]}},{"type":"Feature","properties":{"h3":"8926cab590fffff","mii":2,"trt":0.0,"glp1":0.0,"pharmacy":0.0,"gym":0.0,"n":0},"geometry":{"type":"Polygon","coordinates":[[[-97.33736,32.95787],[-97.33596,32.95936],[-97.33682,32.96116],[-97.33908,32.96147],[-97.34048,32.95998],[-97.33962,32.95818],[-97.33736,32.95787]]]}},{"type":"Feature","properties":{"h3":"8926cab5973ffff","mii":2,"trt":0.0,"glp1":0.0,"pharmacy":0.0,"gym":0.0,"n":0},"geometry":{"type":"Polygon","coordinates":[[[-97.34102,32.95669],[-97.33962,32.95818],[-97.34048,32.95998],[-97.34273,32.96029],[-97.34413,32.9588],[-97.34327,32.957],[-97.34102,32.95669]]]}},{"type":"Feature","properties":{"h3":"8926cab5963ffff","mii":2,"trt":0.0,"glp1":0.0,"pharmacy":0.0,"gym":0.0,"n":0},"geometry":{"type":"Polygon","coordinates":[[[-97.34156,32.95341],[-97.34016,32.9549],[-97.34102,32.95669],[-97.34327,32.957],[-97.34467,32.95552],[-97.34381,32.95372],[-97.34156,32.95341]]]}},{"type":"Feature","properties":{"h3":"8926cab5967ffff","mii":2,"trt":0.0,"glp1":0.0,"pharmacy":0.0,"gym":0.0,"n":0},"geometry":{"type":"Polygon","coordinates":[[[-97.33844,32.9513],[-97.33705,32.95279],[-97.3379,32.95459],[-97.34016,32.9549],[-97.34156,32.95341],[-97.3407,32.95161],[-97.33844,32.9513]]]}},{"type":"Feature","properties":{"h3":"8926cab592bffff","mii":2,"trt":0.0,"glp1":0.0,"pharmacy":0.0,"gym":0.0,"n":0},"geometry":{"type":"Polygon","coordinates":[[[-97.33479,32.95248],[-97.33339,32.95397],[-97.33425,32.95577],[-97.33651,32.95607],[-97.3379,32.95459],[-97.33705,32.95279],[-97.33479,32.95248]]]}},{"type":"Feature","properties":{"h3":"8926cab593bffff","mii":2,"trt":0.0,"glp1":0.0,"pharmacy":0.0,"gym":0.0,"n":0},"geometry":{"type":"Polygon","coordinates":[[[-97.33425,32.95577],[-97.33285,32.95725],[-97.33371,32.95905],[-97.33596,32.95936],[-97.33736,32.95787],[-97.33651,32.95607],[-97.33425,32.95577]]]}},{"type":"Feature","properties":{"h3":"8926cab1927ffff","mii":2,"trt":0.0,"glp1":0.0,"pharmacy":0.0,"gym":0.0,"n":0},"geometry":{"type":"Polygon","coordinates":[[[-97.48079,33.0547],[-97.47939,33.05619],[-97.48025,33.05798],[-97.48251,33.05829],[-97.48391,33.0568],[-97.48305,33.05501],[-97.48079,33.0547]]]}},{"type":"Feature","properties":{"h3":"8926cab192fffff","mii":2,"trt":0.0,"glp1":0.0,"pharmacy":0.0,"gym":0.0,"n":0},"geometry":{"type":"Polygon","coordinates":[[[-97.48445,33.05352],[-97.48305,33.05501],[-97.48391,33.0568],[-97.48617,33.05711],[-97.48757,33.05562],[-97.48671,33.05382],[-97.48445,33.05352]]]}},{"type":"Feature","properties":{"h3":"8926caa2697ffff","mii":2,"trt":0.0,"glp1":0.0,"pharmacy":0.0,"gym":0.0,"n":0},"geometry":{"type":"Polygon","coordinates":[[[-97.48499,33.05023],[-97.48359,33.05172],[-97.48445,33.05352],[-97.48671,33.05382],[-97.48811,33.05234],[-97.48725,33.05054],[-97.48499,33.05023]]]}},{"type":"Feature","properties":{"h3":"8926caa244bffff","mii":2,"trt":0.0,"glp1":0.0,"pharmacy":0.0,"gym":0.0,"n":0},"geometry":{"type":"Polygon","coordinates":[[[-97.48186,33.04813],[-97.48047,33.04962],[-97.48133,33.05141],[-97.48359,33.05172],[-97.48499,33.05023],[-97.48412,33.04844],[-97.48186,33.04813]]]}},{"type":"Feature","properties":{"h3":"8926caa2443ffff","mii":2,"trt":0.0,"glp1":0.0,"pharmacy":0.0,"gym":0.0,"n":0},"geometry":{"type":"Polygon","coordinates":[[[-97.4782,33.04931],[-97.47681,33.0508],[-97.47767,33.05259],[-97.47993,33.0529],[-97.48133,33.05141],[-97.48047,33.04962],[-97.4782,33.04931]]]}},{"type":"Feature","properties":{"h3":"8926caa2453ffff","mii":2,"trt":0.0,"glp1":0.0,"pharmacy":0.0,"gym":0.0,"n":0},"geometry":{"type":"Polygon","coordinates":[[[-97.47767,33.05259],[-97.47627,33.05408],[-97.47713,33.05588],[-97.47939,33.05619],[-97.48079,33.0547],[-97.47993,33.0529],[-97.47767,33.05259]]]}},{"type":"Feature","properties":{"h3":"8926cbc159bffff","mii":2,"trt":0.0,"glp1":0.0,"pharmacy":0.0,"gym":0.0,"n":0},"geometry":{"type":"Polygon","coordinates":[[[-97.2718,32.62116],[-97.27041,32.62265],[-97.27126,32.62445],[-97.27351,32.62476],[-97.2749,32.62327],[-97.27405,32.62147],[-97.2718,32.62116]]]}},{"type":"Feature","properties":{"h3":"8926cbc15d7ffff","mii":2,"trt":0.0,"glp1":0.0,"pharmacy":0.0,"gym":0.0,"n":0},"geometry":{"type":"Polygon","coordinates":[[[-97.27544,32.61998],[-97.27405,32.62147],[-97.2749,32.62327],[-97.27715,32.62358],[-97.27855,32.62209],[-97.27769,32.62029],[-97.27544,32.61998]]]}},{"type":"Feature","properties":{"h3":"8926cbc15c7ffff","mii":2,"trt":0.0,"glp1":0.0,"pharmacy":0.0,"gym":0.0,"n":0},"geometry":{"type":"Polygon","coordinates":[[[-97.27598,32.61669],[-97.27459,32.61818],[-97.27544,32.61998],[-97.27769,32.62029],[-97.27909,32.6188],[-97.27823,32.617],[-97.27598,32.61669]]]}},{"type":"Feature","properties":{"h3":"8926cbc1513ffff","mii":2,"trt":0.0,"glp1":0.0,"pharmacy":0.0,"gym":0.0,"n":0},"geometry":{"type":"Polygon","coordinates":[[[-97.27288,32.61458],[-97.27149,32.61607],[-97.27234,32.61787],[-97.27459,32.61818],[-97.27598,32.61669],[-97.27513,32.61489],[-97.27288,32.61458]]]}},{"type":"Feature","properties":{"h3":"8926cbc158fffff","mii":2,"trt":0.0,"glp1":0.0,"pharmacy":0.0,"gym":0.0,"n":0},"geometry":{"type":"Polygon","coordinates":[[[-97.26924,32.61576],[-97.26784,32.61725],[-97.2687,32.61905],[-97.27095,32.61936],[-97.27234,32.61787],[-97.27149,32.61607],[-97.26924,32.61576]]]}},{"type":"Feature","properties":{"h3":"8926cbc1583ffff","mii":2,"trt":0.0,"glp1":0.0,"pharmacy":0.0,"gym":0.0,"n":0},"geometry":{"type":"Polygon","coordinates":[[[-97.2687,32.61905],[-97.2673,32.62054],[-97.26816,32.62234],[-97.27041,32.62265],[-97.2718,32.62116],[-97.27095,32.61936],[-97.2687,32.61905]]]}},{"type":"Feature","properties":{"h3":"8926caa727bffff","mii":2,"trt":0.0,"glp1":0.0,"pharmacy":0.0,"gym":0.0,"n":0},"geometry":{"type":"Polygon","coordinates":[[[-97.42518,32.90774],[-97.42378,32.90923],[-97.42464,32.91103],[-97.4269,32.91133],[-97.4283,32.90984],[-97.42744,32.90805],[-97.42518,32.90774]]]}},{"type":"Feature","properties":{"h3":"8926caa09b7ffff","mii":2,"trt":0.0,"glp1":0.0,"pharmacy":0.0,"gym":0.0,"n":0},"geometry":{"type":"Polygon","coordinates":[[[-97.42883,32.90656],[-97.42744,32.90805],[-97.4283,32.90984],[-97.43055,32.91015],[-97.43195,32.90866],[-97.43109,32.90687],[-97.42883,32.90656]]]}},{"type":"Feature","properties":{"h3":"8926caa09a7ffff","mii":2,"trt":0.0,"glp1":0.0,"pharmacy":0.0,"gym":0.0,"n":0},"geometry":{"type":"Polygon","coordinates":[[[-97.42937,32.90327],[-97.42797,32.90476],[-97.42883,32.90656],[-97.43109,32.90687],[-97.43249,32.90538],[-97.43163,32.90358],[-97.42937,32.90327]]]}},{"type":"Feature","properties":{"h3":"8926caa54d3ffff","mii":2,"trt":0.0,"glp1":0.0,"pharmacy":0.0,"gym":0.0,"n":0},"geometry":{"type":"Polygon","coordinates":[[[-97.42626,32.90117],[-97.42486,32.90266],[-97.42572,32.90445],[-97.42797,32.90476],[-97.42937,32.90327],[-97.42851,32.90147],[-97.42626,32.90117]]]}},{"type":"Feature","properties":{"h3":"8926caa726fffff","mii":2,"trt":0.0,"glp1":0.0,"pharmacy":0.0,"gym":0.0,"n":0},"geometry":{"type":"Polygon","coordinates":[[[-97.4226,32.90235],[-97.4212,32.90384],[-97.42206,32.90563],[-97.42432,32.90594],[-97.42572,32.90445],[-97.42486,32.90266],[-97.4226,32.90235]]]}},{"type":"Feature","properties":{"h3":"8926caa7263ffff","mii":2,"trt":0.0,"glp1":0.0,"pharmacy":0.0,"gym":0.0,"n":0},"geometry":{"type":"Polygon","coordinates":[[[-97.42206,32.90563],[-97.42067,32.90712],[-97.42153,32.90892],[-97.42378,32.90923],[-97.42518,32.90774],[-97.42432,32.90594],[-97.42206,32.90563]]]}},{"type":"Feature","properties":{"h3":"8926cbd2267ffff","mii":2,"trt":0.0,"glp1":0.0,"pharmacy":0.0,"gym":0.0,"n":0},"geometry":{"type":"Polygon","coordinates":[[[-97.19367,32.80202],[-97.19227,32.80351],[-97.19312,32.80531],[-97.19537,32.80562],[-97.19677,32.80413],[-97.19592,32.80233],[-97.19367,32.80202]]]}},{"type":"Feature","properties":{"h3":"8926cbd226fffff","mii":2,"trt":0.0,"glp1":0.0,"pharmacy":0.0,"gym":0.0,"n":0},"geometry":{"type":"Polygon","coordinates":[[[-97.19731,32.80085],[-97.19592,32.80233],[-97.19677,32.80413],[-97.19902,32.80444],[-97.20042,32.80296],[-97.19957,32.80116],[-97.19731,32.80085]]]}},{"type":"Feature","properties":{"h3":"8926cbd04d7ffff","mii":2,"trt":0.0,"glp1":0.0,"pharmacy":0.0,"gym":0.0,"n":0},"geometry":{"type":"Polygon","coordinates":[[[-97.19786,32.79756],[-97.19646,32.79905],[-97.19731,32.80085],[-97.19957,32.80116],[-97.20096,32.79967],[-97.20011,32.79787],[-97.19786,32.79756]]]}},{"type":"Feature","properties":{"h3":"8926cbd048bffff","mii":2,"trt":0.0,"glp1":0.0,"pharmacy":0.0,"gym":0.0,"n":0},"geometry":{"type":"Polygon","coordinates":[[[-97.19475,32.79545],[-97.19336,32.79694],[-97.19421,32.79874],[-97.19646,32.79905],[-97.19786,32.79756],[-97.197,32.79576],[-97.19475,32.79545]]]}},{"type":"Feature","properties":{"h3":"8926cbd0483ffff","mii":2,"trt":0.0,"glp1":0.0,"pharmacy":0.0,"gym":0.0,"n":0},"geometry":{"type":"Polygon","coordinates":[[[-97.19111,32.79663],[-97.18971,32.79811],[-97.19056,32.79991],[-97.19281,32.80022],[-97.19421,32.79874],[-97.19336,32.79694],[-97.19111,32.79663]]]}},{"type":"Feature","properties":{"h3":"8926cbd0493ffff","mii":2,"trt":0.0,"glp1":0.0,"pharmacy":0.0,"gym":0.0,"n":0},"geometry":{"type":"Polygon","coordinates":[[[-97.19056,32.79991],[-97.18916,32.8014],[-97.19002,32.8032],[-97.19227,32.80351],[-97.19367,32.80202],[-97.19281,32.80022],[-97.19056,32.79991]]]}},{"type":"Feature","properties":{"h3":"8926c844dd3ffff","mii":2,"trt":0.0,"glp1":0.0,"pharmacy":0.0,"gym":0.0,"n":0},"geometry":{"type":"Polygon","coordinates":[[[-97.05925,33.21467],[-97.05784,33.21615],[-97.0587,33.21795],[-97.06096,33.21826],[-97.06236,33.21678],[-97.0615,33.21499],[-97.05925,33.21467]]]}},{"type":"Feature","properties":{"h3":"8926c844ddbffff","mii":2,"trt":0.0,"glp1":0.0,"pharmacy":0.0,"gym":0.0,"n":0},"geometry":{"type":"Polygon","coordinates":[[[-97.06291,33.21351],[-97.0615,33.21499],[-97.06236,33.21678],[-97.06462,33.2171],[-97.06602,33.21562],[-97.06517,33.21382],[-97.06291,33.21351]]]}},{"type":"Feature","properties":{"h3":"8926c844dcbffff","mii":2,"trt":0.0,"glp1":0.0,"pharmacy":0.0,"gym":0.0,"n":0},"geometry":{"type":"Polygon","coordinates":[[[-97.06346,33.21023],[-97.06205,33.21171],[-97.06291,33.21351],[-97.06517,33.21382],[-97.06657,33.21234],[-97.06571,33.21055],[-97.06346,33.21023]]]}},{"type":"Feature","properties":{"h3":"8926c844dcfffff","mii":2,"trt":0.0,"glp1":0.0,"pharmacy":0.0,"gym":0.0,"n":0},"geometry":{"type":"Polygon","coordinates":[[[-97.06035,33.20812],[-97.05894,33.2096],[-97.0598,33.2114],[-97.06205,33.21171],[-97.06346,33.21023],[-97.0626,33.20843],[-97.06035,33.20812]]]}},{"type":"Feature","properties":{"h3":"8926c844dc7ffff","mii":2,"trt":0.0,"glp1":0.0,"pharmacy":0.0,"gym":0.0,"n":0},"geometry":{"type":"Polygon","coordinates":[[[-97.05669,33.20928],[-97.05528,33.21076],[-97.05614,33.21256],[-97.05839,33.21288],[-97.0598,33.2114],[-97.05894,33.2096],[-97.05669,33.20928]]]}},{"type":"Feature","properties":{"h3":"8926c844dd7ffff","mii":2,"trt":0.0,"glp1":0.0,"pharmacy":0.0,"gym":0.0,"n":0},"geometry":{"type":"Polygon","coordinates":[[[-97.05614,33.21256],[-97.05473,33.21404],[-97.05559,33.21584],[-97.05784,33.21615],[-97.05925,33.21467],[-97.05839,33.21288],[-97.05614,33.21256]]]}},{"type":"Feature","properties":{"h3":"8926c845147ffff","mii":2,"trt":0.0,"glp1":0.0,"pharmacy":0.0,"gym":0.0,"n":0},"geometry":{"type":"Polygon","coordinates":[[[-97.17808,33.22954],[-97.17668,33.23102],[-97.17754,33.23282],[-97.1798,33.23313],[-97.1812,33.23165],[-97.18034,33.22985],[-97.17808,33.22954]]]}},{"type":"Feature","properties":{"h3":"8926c84514fffff","mii":2,"trt":0.0,"glp1":0.0,"pharmacy":0.0,"gym":0.0,"n":0},"geometry":{"type":"Polygon","coordinates":[[[-97.18175,33.22837],[-97.18034,33.22985],[-97.1812,33.23165],[-97.18346,33.23196],[-97.18486,33.23048],[-97.184,33.22868],[-97.18175,33.22837]]]}},{"type":"Feature","properties":{"h3":"8926c8453b7ffff","mii":2,"trt":0.0,"glp1":0.0,"pharmacy":0.0,"gym":0.0,"n":0},"geometry":{"type":"Polygon","coordinates":[[[-97.18229,33.22509],[-97.18089,33.22657],[-97.18175,33.22837],[-97.184,33.22868],[-97.18541,33.2272],[-97.18455,33.22541],[-97.18229,33.22509]]]}},{"type":"Feature","properties":{"h3":"8926c84516bffff","mii":2,"trt":0.0,"glp1":0.0,"pharmacy":0.0,"gym":0.0,"n":0},"geometry":{"type":"Polygon","coordinates":[[[-97.17917,33.22298],[-97.17777,33.22447],[-97.17863,33.22626],[-97.18089,33.22657],[-97.18229,33.22509],[-97.18143,33.2233],[-97.17917,33.22298]]]}},{"type":"Feature","properties":{"h3":"8926c845163ffff","mii":2,"trt":0.0,"glp1":0.0,"pharmacy":0.0,"gym":0.0,"n":0},"geometry":{"type":"Polygon","coordinates":[[[-97.17551,33.22415],[-97.17411,33.22563],[-97.17497,33.22743],[-97.17723,33.22774],[-97.17863,33.22626],[-97.17777,33.22447],[-97.17551,33.22415]]]}},{"type":"Feature","properties":{"h3":"8926c845173ffff","mii":2,"trt":0.0,"glp1":0.0,"pharmacy":0.0,"gym":0.0,"n":0},"geometry":{"type":"Polygon","coordinates":[[[-97.17497,33.22743],[-97.17356,33.22891],[-97.17442,33.23071],[-97.17668,33.23102],[-97.17808,33.22954],[-97.17723,33.22774],[-97.17497,33.22743]]]}},{"type":"Feature","properties":{"h3":"8926cbd0567ffff","mii":2,"trt":0.0,"glp1":0.0,"pharmacy":0.0,"gym":0.0,"n":0},"geometry":{"type":"Polygon","coordinates":[[[-97.17574,32.76426],[-97.17435,32.76574],[-97.1752,32.76754],[-97.17745,32.76785],[-97.17885,32.76637],[-97.17799,32.76457],[-97.17574,32.76426]]]}},{"type":"Feature","properties":{"h3":"8926cbd056fffff","mii":2,"trt":0.0,"glp1":0.0,"pharmacy":0.0,"gym":0.0,"n":0},"geometry":{"type":"Polygon","coordinates":[[[-97.17939,32.76308],[-97.17799,32.76457],[-97.17885,32.76637],[-97.1811,32.76668],[-97.18249,32.76519],[-97.18164,32.76339],[-97.17939,32.76308]]]}},{"type":"Feature","properties":{"h3":"8926cbd01d7ffff","mii":2,"trt":0.0,"glp1":0.0,"pharmacy":0.0,"gym":0.0,"n":0},"geometry":{"type":"Polygon","coordinates":[[[-97.17993,32.75979],[-97.17854,32.76128],[-97.17939,32.76308],[-97.18164,32.76339],[-97.18304,32.7619],[-97.18218,32.76011],[-97.17993,32.75979]]]}},{"type":"Feature","properties":{"h3":"8926cbd018bffff","mii":2,"trt":0.0,"glp1":0.0,"pharmacy":0.0,"gym":0.0,"n":0},"geometry":{"type":"Polygon","coordinates":[[[-97.17683,32.75768],[-97.17543,32.75917],[-97.17629,32.76097],[-97.17854,32.76128],[-97.17993,32.75979],[-97.17908,32.758],[-97.17683,32.75768]]]}},{"type":"Feature","properties":{"h3":"8926cbd0183ffff","mii":2,"trt":0.0,"glp1":0.0,"pharmacy":0.0,"gym":0.0,"n":0},"geometry":{"type":"Polygon","coordinates":[[[-97.17318,32.75886],[-97.17179,32.76035],[-97.17264,32.76215],[-97.17489,32.76246],[-97.17629,32.76097],[-97.17543,32.75917],[-97.17318,32.75886]]]}},{"type":"Feature","properties":{"h3":"8926cbd0193ffff","mii":2,"trt":0.0,"glp1":0.0,"pharmacy":0.0,"gym":0.0,"n":0},"geometry":{"type":"Polygon","coordinates":[[[-97.17264,32.76215],[-97.17124,32.76363],[-97.1721,32.76543],[-97.17435,32.76574],[-97.17574,32.76426],[-97.17489,32.76246],[-97.17264,32.76215]]]}}],"res":9,"p95":{"trt":1.6500000000000001,"glp1":12.375000000000009,"pharmacy":0.95,"gym":0.65}}